generation,path_length_rings,euclid_distance,effective_rings,global_x,global_y,heading_running,heading_windowed,local_clock,elapsed_s,hop_ms,patch_ms
60,37,144.1657,33.7240,87.6786,117.4702,54.0645,NaN,1.6216,0.108,107.97,67.71
79,49,186.1245,43.5392,123.0714,143.0179,49.8546,35.8230,1.5833,0.178,70.42,69.42
102,61,233.4127,54.6011,150.6786,181.5560,50.7735,45.4895,1.9167,0.247,68.92,67.77
121,73,275.8153,64.5201,186.0714,207.1038,48.4336,42.3328,1.5833,0.316,68.56,67.57
144,85,322.5907,75.4621,212.3214,246.2605,49.5597,45.9376,1.9167,0.385,68.83,67.66
163,97,365.5924,85.5212,249.0714,271.1897,47.7102,43.6051,1.5833,0.454,69.57,68.58
186,109,412.2799,96.4426,275.3214,310.3464,48.6733,45.7880,1.9167,0.523,68.66,67.51
205,121,456.3998,106.7634,311.9286,336.7602,47.4117,44.3593,1.5833,0.592,69.31,68.32
228,133,502.0326,117.4381,338.3214,374.4323,48.1036,45.7132,1.9167,0.660,67.90,66.76
245,145,541.3496,126.6353,374.9286,394.1653,46.6142,43.9278,1.4167,0.726,66.22,65.31
264,157,583.1689,136.4179,396.8929,430.8476,47.5215,45.3831,1.5833,0.793,66.42,65.44
284,169,626.6087,146.5795,428.1071,461.1585,47.2882,45.2730,1.6667,0.859,66.41,65.41
306,181,672.9865,157.4285,459.8929,494.9335,47.2503,45.4012,1.8333,0.927,67.69,66.59
326,193,716.4365,167.5925,491.1071,525.2444,47.0626,45.3069,1.6667,0.996,69.34,68.34
348,205,761.9454,178.2382,522.6786,558.0297,47.0039,45.3638,1.8333,1.068,71.32,70.24
368,217,806.2730,188.6075,554.1071,589.3303,46.8873,45.3317,1.6667,1.142,74.17,73.15
390,229,851.7839,199.2537,585.6786,622.1155,46.8442,45.3797,1.8333,1.219,76.94,75.83
410,241,896.1155,209.6240,617.1071,653.4162,46.7471,45.3505,1.6667,1.298,78.96,77.90
432,253,940.2471,219.9474,647.3214,685.5828,46.7493,45.4303,1.8333,1.378,79.92,78.76
452,265,985.7593,230.5939,678.8929,718.3681,46.7184,45.4654,1.6667,1.456,78.84,77.78
474,277,1030.0938,240.9649,710.3214,749.6687,46.6394,45.9310,1.8333,1.533,76.68,75.55
494,289,1075.6069,251.6115,741.8929,782.4540,46.6157,45.4654,1.6667,1.607,74.21,73.16
516,301,1119.9438,261.9830,773.3214,813.7546,46.5471,45.9310,1.8333,1.683,75.77,74.67
536,313,1165.4574,272.6298,804.8929,846.5398,46.5289,45.3702,1.6667,1.756,72.57,71.55
558,325,1209.7962,283.0017,836.3214,877.8405,46.4686,45.9310,1.8333,1.831,75.01,73.93
578,337,1255.3103,293.6486,867.8929,910.6257,46.4545,45.3702,1.6667,1.907,76.75,75.66
600,349,1299.6505,304.0209,899.3214,941.9263,46.4009,45.8538,1.8333,1.982,74.70,73.55
620,361,1345.1650,314.6679,930.8929,974.7116,46.3900,45.3702,1.6667,2.057,74.99,73.92
640,373,1388.6426,324.8384,962.1071,1005.0225,46.3201,46.1323,1.6667,2.132,74.54,73.48
662,385,1435.0211,335.6875,993.8929,1038.7975,46.3336,45.5207,1.8333,2.207,75.43,74.27
682,397,1478.5003,345.8584,1025.1071,1069.1084,46.2697,45.5207,1.6667,2.284,76.90,75.84
704,409,1524.8785,356.7074,1056.8929,1102.8834,46.2839,45.5207,1.8333,2.365,81.48,80.30
724,421,1568.3590,366.8786,1088.1071,1133.1942,46.2250,45.5207,1.6667,2.445,79.70,78.59
746,433,1613.8740,377.5257,1119.6786,1165.9795,46.2209,45.5207,1.8333,2.525,80.04,78.85
766,445,1658.2185,387.8990,1151.1071,1197.2801,46.1851,45.5207,1.6667,2.605,79.68,78.55
788,457,1703.7336,398.5461,1182.6786,1230.0654,46.1823,45.5207,1.8333,2.685,80.41,79.28
808,469,1748.0788,408.9196,1214.1071,1261.3660,46.1493,45.5207,1.6667,2.766,80.87,79.79
830,481,1792.2077,419.2425,1244.3214,1293.5327,46.1652,45.5207,1.8333,2.846,79.75,78.61
850,493,1837.7228,429.8896,1275.8929,1326.3179,46.1631,45.5207,1.6667,2.925,79.53,78.45
872,505,1882.0683,440.2631,1307.3214,1357.6185,46.1329,45.5207,1.8333,3.005,79.63,78.49
892,517,1927.5834,450.9102,1338.8929,1390.4038,46.1317,45.5207,1.6667,3.084,79.25,78.19
914,529,1971.9295,461.2839,1370.3214,1421.7044,46.1036,45.5207,1.8333,3.164,79.99,78.83
934,541,2017.4446,471.9310,1401.8929,1454.4897,46.1031,45.5207,1.6667,3.244,79.67,78.57
956,553,2061.7911,482.3048,1433.3214,1485.7903,46.0768,45.5207,1.8333,3.324,79.92,78.76
976,565,2107.3062,492.9519,1464.8929,1518.5755,46.0769,45.5207,1.6667,3.403,79.20,78.14
996,577,2150.7919,503.1243,1496.1071,1548.8864,46.0381,45.4843,1.6667,3.483,79.49,78.42
1018,589,2197.1683,513.9729,1527.8929,1582.6614,46.0529,45.5207,1.8333,3.562,79.66,78.51
1038,601,2240.6545,524.1454,1559.1071,1612.9723,46.0161,45.5207,1.6667,3.642,79.68,78.60
1060,613,2287.0307,534.9940,1590.8929,1646.7473,46.0308,45.5207,1.8333,3.721,79.34,78.20
1080,625,2330.5175,545.1666,1622.1071,1677.0582,45.9958,45.5207,1.6667,3.801,79.54,78.45
1102,637,2376.0325,555.8138,1653.6786,1709.8434,45.9974,45.4843,1.8333,3.880,79.52,78.38
1122,649,2420.3806,566.1879,1685.1071,1741.1441,45.9770,45.5207,1.6667,3.960,79.59,78.53
1144,661,2465.8957,576.8350,1716.6786,1773.9293,45.9789,45.5207,1.8333,4.039,79.37,78.22
1164,673,2510.2441,587.2092,1748.1071,1805.2300,45.9596,45.5207,1.6667,4.119,79.70,78.60
1186,685,2554.3711,597.5316,1778.3214,1837.3966,45.9740,45.5567,1.8333,4.199,79.93,78.77
1206,697,2599.8861,608.1788,1809.8929,1870.1819,45.9758,45.6197,1.6667,4.279,80.21,79.12
1228,709,2644.2345,618.5530,1841.3214,1901.4825,45.9575,45.5207,1.8333,4.359,80.34,79.15
1248,721,2689.7496,629.2001,1872.8929,1934.2677,45.9596,45.5207,1.6667,4.440,80.51,79.40
1270,733,2734.0982,639.5743,1904.3214,1965.5684,45.9421,45.5207,1.8333,4.520,79.74,78.60
1290,745,2779.6132,650.2214,1935.8929,1998.3536,45.9444,45.5207,1.6667,4.599,79.29,78.22
1312,757,2823.9621,660.5957,1967.3214,2029.6543,45.9277,45.5207,1.8333,4.679,79.69,78.55
1332,769,2869.4770,671.2428,1998.8929,2062.4395,45.9301,45.5207,1.6667,4.758,79.09,77.96
1354,781,2913.8261,681.6172,2030.3214,2093.7401,45.9142,45.5207,1.8333,4.837,79.22,78.04
1374,793,2959.3410,692.2643,2061.8929,2126.5254,45.9168,45.5207,1.6667,4.917,79.72,78.62
1394,805,3002.8304,702.4376,2093.1071,2156.8363,45.8913,45.5207,1.6667,4.996,79.73,78.64
1416,817,3049.2052,713.2858,2124.8929,2190.6113,45.9042,45.5207,1.8333,5.076,79.27,78.12
1436,829,3092.6948,723.4591,2156.1071,2220.9221,45.8796,45.5207,1.6667,5.155,79.34,78.25
1458,841,3138.2097,734.1062,2187.6786,2253.7074,45.8825,45.4843,1.8333,5.235,79.92,78.77
1478,853,3182.5594,744.4807,2219.1071,2285.0080,45.8686,45.5207,1.6667,5.315,80.15,79.04
1500,865,3228.0742,755.1277,2250.6786,2317.7933,45.8716,45.5207,1.8333,5.395,79.82,78.66
1520,877,3272.4240,765.5023,2282.1071,2349.0939,45.8582,45.5207,1.6667,5.475,79.87,78.75
1542,889,3316.5498,775.8244,2312.3214,2381.2606,45.8706,45.5567,1.8333,5.555,80.09,78.92
1562,901,3362.2888,786.5239,2345.1071,2413.1798,45.8483,45.5207,1.6667,5.634,79.47,78.38
1584,913,3406.4145,796.8460,2375.3214,2445.3464,45.8606,45.5207,1.8333,5.713,78.40,77.26
1604,925,3451.9293,807.4931,2406.8929,2478.1317,45.8635,45.5207,1.6667,5.792,79.37,78.31
1626,937,3496.2792,817.8676,2438.3214,2509.4323,45.8510,45.5207,1.8333,5.870,77.85,76.71
1646,949,3541.7940,828.5147,2469.8929,2542.2176,45.8540,45.5207,1.6667,5.947,76.62,75.58
1668,961,3586.1440,838.8893,2501.3214,2573.5182,45.8420,45.5207,1.8333,6.025,77.94,76.80
1688,973,3631.6588,849.5363,2532.8929,2606.3035,45.8450,45.5207,1.6667,6.103,78.41,77.36
1710,985,3676.0089,859.9109,2564.3214,2637.6041,45.8334,45.5207,1.8333,6.182,78.61,77.49
1730,997,3721.5236,870.5580,2595.8929,2670.3893,45.8364,45.5207,1.6667,6.260,78.68,77.59
1750,1009,3765.0148,880.7316,2627.1071,2700.7002,45.8170,45.4843,1.6667,6.339,78.52,77.45
1772,1021,3811.3886,891.5796,2658.8929,2734.4752,45.8282,45.5207,1.8333,6.417,78.13,77.00
1792,1033,3854.8799,901.7534,2690.1071,2764.7861,45.8094,45.5207,1.6667,6.495,77.86,76.81
1814,1045,3901.2536,912.6013,2721.8929,2798.5611,45.8204,45.5207,1.8333,6.573,77.89,76.77
1834,1057,3944.7451,922.7751,2753.1071,2828.8720,45.8021,45.5207,1.6667,6.651,78.69,77.62
1856,1069,3990.2597,933.4221,2784.6786,2861.6572,45.8053,45.5207,1.8333,6.731,79.32,78.18
1876,1081,4034.6104,943.7968,2816.1071,2892.9579,45.7951,45.5207,1.6667,6.810,79.73,78.65
1898,1093,4080.1249,954.4438,2847.6786,2925.7431,45.7983,45.5207,1.8333,6.890,79.42,78.29
1918,1105,4124.4757,964.8186,2879.1071,2957.0437,45.7885,45.5207,1.6667,6.970,80.54,79.48
1940,1117,4168.6006,975.1405,2909.3214,2989.2104,45.7991,45.5207,1.8333,7.051,81.03,79.79
1960,1129,4214.1151,985.7875,2940.8929,3021.9956,45.8021,45.6197,1.6667,7.133,81.88,80.77
1982,1141,4258.4658,996.1623,2972.3214,3053.2963,45.7926,45.5207,1.8333,7.214,80.39,79.18
2002,1153,4303.9804,1006.8093,3003.8929,3086.0815,45.7956,45.5207,1.6667,7.294,79.97,78.87
2024,1165,4348.3312,1017.1840,3035.3214,3117.3822,45.7863,45.5207,1.8333,7.373,79.64,78.52
2044,1177,4393.8457,1027.8310,3066.8929,3150.1674,45.7893,45.5207,1.6667,7.453,79.77,78.68
2066,1189,4438.1966,1038.2058,3098.3214,3181.4680,45.7803,45.5207,1.8333,7.533,79.80,78.64
2086,1201,4483.7111,1048.8528,3129.8929,3214.2533,45.7833,45.5207,1.6667,7.613,80.60,79.50
2108,1213,4528.0620,1059.2276,3161.3214,3245.5539,45.7745,45.5207,1.8333,7.693,79.84,78.70
2128,1225,4573.5765,1069.8746,3192.8929,3278.3392,45.7776,45.5207,1.6667,7.774,80.29,79.19
2148,1237,4617.0688,1080.0485,3224.1071,3308.6501,45.7623,45.5207,1.6667,7.854,79.96,78.85
2170,1249,4663.4419,1090.8964,3255.8929,3342.4250,45.7720,45.5207,1.8333,7.934,80.63,79.48
2190,1261,4706.9344,1101.0703,3287.1071,3372.7359,45.7571,45.5207,1.6667,8.014,80.23,79.11
2212,1273,4752.4488,1111.7173,3318.6786,3405.5212,45.7602,45.4843,1.8333,8.094,79.64,78.51
2232,1285,4796.8000,1122.0922,3350.1071,3436.8218,45.7521,45.5207,1.6667,8.174,79.89,78.81
2254,1297,4842.3144,1132.7391,3381.6786,3469.6071,45.7552,45.5207,1.8333,8.255,80.73,79.57
2274,1309,4886.6657,1143.1140,3413.1071,3500.9077,45.7473,45.5207,1.6667,8.337,82.18,81.08
2296,1321,4930.7900,1153.4358,3443.3214,3533.0744,45.7566,45.5567,1.8333,8.417,80.03,78.85
2316,1333,4976.5313,1164.1358,3476.1071,3564.9936,45.7426,45.5207,1.6667,8.496,79.13,78.05
2338,1345,5020.6556,1174.4576,3506.3214,3597.1602,45.7518,45.5207,1.8333,8.576,79.54,78.39
2358,1357,5066.1700,1185.1046,3537.8929,3629.9455,45.7548,45.5207,1.6667,8.654,78.04,76.95
2380,1369,5110.5212,1195.4794,3569.3214,3661.2461,45.7472,45.5207,1.8333,8.731,77.20,76.09
2400,1381,5156.0356,1206.1264,3600.8929,3694.0314,45.7502,45.5207,1.6667,8.807,76.41,75.38
2422,1393,5200.3869,1216.5013,3632.3214,3725.3320,45.7428,45.5207,1.8333,8.884,76.52,75.40
2442,1405,5245.9012,1227.1482,3663.8929,3758.1172,45.7457,45.5207,1.6667,8.961,76.90,75.84
2464,1417,5290.2526,1237.5231,3695.3214,3789.4179,45.7385,45.5207,1.8333,9.038,77.69,76.56
2484,1429,5335.7669,1248.1701,3726.8929,3822.2031,45.7414,45.5207,1.6667,9.117,78.25,77.19
2504,1441,5379.2600,1258.3442,3758.1071,3852.5140,45.7286,45.4843,1.6667,9.196,79.02,77.95
2526,1453,5425.6326,1269.1919,3789.8929,3886.2890,45.7372,45.5207,1.8333,9.274,78.61,77.46
2546,1465,5469.1258,1279.3661,3821.1071,3916.5999,45.7247,45.5207,1.6667,9.352,77.98,76.92
2568,1477,5515.4984,1290.2138,3852.8929,3950.3749,45.7332,45.5207,1.8333,9.430,77.78,76.66
2588,1489,5558.9917,1300.3880,3884.1071,3980.6858,45.7209,45.5207,1.6667,9.508,78.30,77.25
2610,1501,5604.5059,1311.0349,3915.6786,4013.4710,45.7238,45.5207,1.8333,9.587,78.44,77.30
2630,1513,5648.8575,1321.4098,3947.1071,4044.7716,45.7172,45.5207,1.6667,9.665,78.01,76.91
2652,1525,5694.3717,1332.0568,3978.6786,4077.5569,45.7201,45.5207,1.8333,9.742,77.65,76.52
2672,1537,5738.7234,1342.4317,4010.1071,4108.8575,45.7136,45.5207,1.6667,9.819,76.68,75.62
2694,1549,5782.8472,1352.7534,4040.3214,4141.0242,45.7219,45.5207,1.8333,9.896,76.68,75.56
2714,1561,5828.3614,1363.4003,4071.8929,4173.8094,45.7247,45.6197,1.6667,9.973,77.16,76.08
2736,1573,5872.7130,1373.7753,4103.3214,4205.1101,45.7183,45.5207,1.8333,10.050,77.01,75.88
2756,1585,5918.2273,1384.4222,4134.8929,4237.8953,45.7211,45.5207,1.6667,10.127,76.92,75.85
2778,1597,5962.5789,1394.7972,4166.3214,4269.1959,45.7149,45.5207,1.8333,10.204,77.15,76.03
2798,1609,6008.0931,1405.4441,4197.8929,4301.9812,45.7176,45.5207,1.6667,10.282,77.94,76.89
2820,1621,6052.4448,1415.8190,4229.3214,4333.2818,45.7115,45.5207,1.8333,10.360,78.34,77.22
2840,1633,6097.9590,1426.4660,4260.8929,4366.0671,45.7143,45.5207,1.6667,10.439,78.57,77.50
2862,1645,6142.3107,1436.8409,4292.3214,4397.3677,45.7083,45.5207,1.8333,10.518,79.59,78.45
2882,1657,6187.8249,1447.4879,4323.8929,4430.1530,45.7110,45.5207,1.6667,10.598,79.46,78.39
2902,1669,6231.3186,1457.6621,4355.1071,4460.4638,45.7002,45.5207,1.6667,10.679,80.72,79.64
2924,1681,6277.6908,1468.5097,4386.8929,4494.2388,45.7078,45.5207,1.8333,10.758,79.92,78.78
2944,1693,6321.1845,1478.6840,4418.1071,4524.5497,45.6972,45.5207,1.6667,10.839,81.04,79.94
2966,1705,6366.6987,1489.3309,4449.6786,4557.3350,45.6999,45.4843,1.8333,10.921,81.18,80.06
2986,1717,6411.0505,1499.7059,4481.1071,4588.6356,45.6943,45.5207,1.6667,11.002,81.47,80.40
3008,1729,6456.5646,1510.3528,4512.6786,4621.4208,45.6970,45.5207,1.8333,11.082,80.15,78.95
3028,1741,6500.9165,1520.7279,4544.1071,4652.7215,45.6914,45.5207,1.6667,11.162,80.08,79.02
3050,1753,6545.0400,1531.0495,4574.3214,4684.8881,45.6989,45.5567,1.8333,11.243,80.30,79.16
3070,1765,6590.7825,1541.7498,4607.1071,4716.8074,45.6887,45.5207,1.6667,11.323,80.62,79.54
3092,1777,6634.9060,1552.0714,4637.3214,4748.9740,45.6960,45.5207,1.8333,11.403,79.53,78.37
3112,1789,6680.4201,1562.7183,4668.8929,4781.7593,45.6986,45.5207,1.6667,11.483,80.31,79.18
3134,1801,6724.7720,1573.0933,4700.3214,4813.0599,45.6933,45.5207,1.8333,11.563,79.94,78.79
3154,1813,6770.2861,1583.7402,4731.8929,4845.8451,45.6959,45.5207,1.6667,11.642,79.40,78.34
3176,1825,6814.6380,1594.1152,4763.3214,4877.1458,45.6906,45.5207,1.8333,11.722,79.56,78.44
3196,1837,6860.1521,1604.7621,4794.8929,4909.9310,45.6932,45.5207,1.6667,11.801,79.20,78.12
3218,1849,6904.5040,1615.1371,4826.3214,4941.2317,45.6880,45.5207,1.8333,11.880,79.24,78.10
3238,1861,6950.0181,1625.7840,4857.8929,4974.0169,45.6905,45.5207,1.6667,11.961,80.13,79.06
3258,1873,6993.5122,1635.9584,4889.1071,5004.3278,45.6810,45.4843,1.6667,12.040,79.76,78.67
3280,1885,7039.8841,1646.8059,4920.8929,5038.1028,45.6880,45.5207,1.8333,12.120,79.57,78.44
3300,1897,7083.3783,1656.9803,4952.1071,5068.4137,45.6786,45.5207,1.6667,12.200,80.39,79.27
3322,1909,7129.7501,1667.8279,4983.8929,5102.1887,45.6855,45.5207,1.8333,12.280,79.95,78.79
3342,1921,7173.2443,1678.0023,5015.1071,5132.4996,45.6762,45.5207,1.6667,12.360,79.56,78.49
3364,1933,7218.7584,1688.6491,5046.6786,5165.2848,45.6787,45.5207,1.8333,12.439,79.49,78.36
3384,1945,7263.1104,1699.0242,5078.1071,5196.5854,45.6739,45.5207,1.6667,12.519,79.55,78.49
3406,1957,7308.6244,1709.6711,5109.6786,5229.3707,45.6764,45.5207,1.8333,12.599,80.00,78.84
3426,1969,7352.9766,1720.0461,5141.1071,5260.6713,45.6716,45.5207,1.6667,12.679,79.79,78.69
3448,1981,7397.0997,1730.3677,5171.3214,5292.8380,45.6783,45.5207,1.8333,12.758,79.80,78.66
3468,1993,7442.6138,1741.0145,5202.8929,5325.6232,45.6808,45.6197,1.6667,12.838,79.56,78.48
3490,2005,7486.9658,1751.3896,5234.3214,5356.9239,45.6761,45.5207,1.8333,12.918,79.72,78.57
3510,2017,7532.4798,1762.0365,5265.8929,5389.7091,45.6785,45.5207,1.6667,12.997,79.44,78.37
3532,2029,7576.8319,1772.4115,5297.3214,5421.0097,45.6738,45.5207,1.8333,13.076,79.23,78.08
3552,2041,7622.3459,1783.0584,5328.8929,5453.7950,45.6763,45.5207,1.6667,13.154,78.07,77.02
3574,2053,7666.6980,1793.4335,5360.3214,5485.0956,45.6717,45.5207,1.8333,13.232,77.89,76.74
3594,2065,7712.2120,1804.0803,5391.8929,5517.8809,45.6741,45.5207,1.6667,13.310,77.42,76.32
3616,2077,7756.5642,1814.4554,5423.3214,5549.1815,45.6696,45.5207,1.8333,13.386,76.42,75.30
3636,2089,7802.0781,1825.1023,5454.8929,5581.9667,45.6720,45.5207,1.6667,13.462,76.21,75.16
3656,2101,7845.5726,1835.2767,5486.1071,5612.2776,45.6636,45.5207,1.6667,13.540,77.12,76.08
3678,2113,7891.9442,1846.1242,5517.8929,5646.0526,45.6699,45.5207,1.8333,13.617,77.75,76.65
3698,2125,7935.4388,1856.2987,5549.1071,5676.3635,45.6616,45.5207,1.6667,13.696,78.41,77.36
3720,2137,7980.9527,1866.9455,5580.6786,5709.1488,45.6640,45.4843,1.8333,13.774,78.55,77.43
3740,2149,8025.3049,1877.3207,5612.1071,5740.4494,45.6597,45.5207,1.6667,13.853,78.91,77.84
3762,2161,8070.8188,1887.9675,5643.6786,5773.2346,45.6621,45.5207,1.8333,13.931,78.21,77.05
3782,2173,8115.1711,1898.3426,5675.1071,5804.5353,45.6578,45.5207,1.6667,14.009,78.11,77.05
3804,2185,8159.2941,1908.6641,5705.3214,5836.7019,45.6639,45.5567,1.8333,14.089,79.16,78.02
3824,2197,8205.0373,1919.3646,5738.1071,5868.6211,45.6560,45.5207,1.6667,14.168,79.16,78.07
3846,2209,8249.1602,1929.6860,5768.3214,5900.7878,45.6620,45.5207,1.8333,14.248,79.96,78.81
3866,2221,8294.6742,1940.3329,5799.8929,5933.5731,45.6643,45.5207,1.6667,14.328,79.93,78.78
3888,2233,8339.0264,1950.7080,5831.3214,5964.8737,45.6602,45.5207,1.8333,14.408,80.17,79.03
3908,2245,8384.5403,1961.3548,5862.8929,5997.6589,45.6625,45.5207,1.6667,14.487,79.32,78.26
3930,2257,8428.8926,1971.7300,5894.3214,6028.9596,45.6584,45.5207,1.8333,14.567,79.62,78.48
3950,2269,8474.4065,1982.3768,5925.8929,6061.7448,45.6606,45.5207,1.6667,14.646,79.30,78.22
3972,2281,8518.7587,1992.7519,5957.3214,6093.0454,45.6566,45.5207,1.8333,14.725,79.39,78.28
3992,2293,8564.2726,2003.3988,5988.8929,6125.8307,45.6588,45.5207,1.6667,14.805,79.81,78.72
4012,2305,8607.7674,2013.5733,6020.1071,6156.1416,45.6513,45.4843,1.6667,14.886,80.84,79.81
4034,2317,8654.1388,2024.4207,6051.8929,6189.9166,45.6571,45.5207,1.8333,14.967,81.13,79.97
4054,2329,8697.6336,2034.5952,6083.1071,6220.2275,45.6496,45.5207,1.6667,15.048,80.41,79.35
4076,2341,8744.0050,2045.4427,6114.8929,6254.0025,45.6554,45.5207,1.8333,15.127,79.49,78.33
4096,2353,8787.4998,2055.6172,6146.1071,6284.3133,45.6479,45.5207,1.6667,15.208,80.89,79.82
4118,2365,8833.0136,2066.2640,6177.6786,6317.0986,45.6502,45.5207,1.8333,15.288,80.21,79.00
4138,2377,8877.3660,2076.6392,6209.1071,6348.3992,45.6463,45.5207,1.6667,15.370,81.83,80.69
4160,2389,8922.8799,2087.2860,6240.6786,6381.1845,45.6486,45.5207,1.8333,15.451,80.69,79.53
4180,2401,8967.2323,2097.6611,6272.1071,6412.4851,45.6448,45.5207,1.6667,15.531,79.79,78.72
4202,2413,9011.3550,2107.9826,6302.3214,6444.6518,45.6504,45.5207,1.8333,15.610,79.79,78.66
4222,2425,9056.8689,2118.6294,6333.8929,6477.4370,45.6526,45.6197,1.6667,15.690,79.61,78.56
4244,2437,9101.2213,2129.0045,6365.3214,6508.7376,45.6488,45.5207,1.8333,15.770,80.06,78.93
4264,2449,9146.7351,2139.6514,6396.8929,6541.5229,45.6509,45.5207,1.6667,15.849,79.50,78.42
4286,2461,9191.0875,2150.0265,6428.3214,6572.8235,45.6472,45.5207,1.8333,15.930,80.12,78.96
4306,2473,9236.6013,2160.6733,6459.8929,6605.6088,45.6494,45.5207,1.6667,16.009,79.69,78.60
4328,2485,9280.9537,2171.0485,6491.3214,6636.9094,45.6457,45.5207,1.8333,16.089,79.66,78.52
4348,2497,9326.4675,2181.6953,6522.8929,6669.6946,45.6478,45.5207,1.6667,16.168,79.42,78.34
4370,2509,9370.8199,2192.0705,6554.3214,6700.9953,45.6442,45.5207,1.8333,16.248,79.61,78.46
4390,2521,9416.3338,2202.7173,6585.8929,6733.7805,45.6463,45.5207,1.6667,16.329,80.52,79.42
4410,2533,9459.8287,2212.8918,6617.1071,6764.0914,45.6395,45.5207,1.6667,16.409,80.30,79.21
4432,2545,9506.2000,2223.7393,6648.8929,6797.8664,45.6448,45.5207,1.8333,16.488,79.24,78.09
4452,2557,9549.6950,2233.9138,6680.1071,6828.1773,45.6381,45.5207,1.6667,16.567,79.20,78.13
4474,2569,9595.2088,2244.5606,6711.6786,6860.9625,45.6402,45.4843,1.8333,16.647,79.72,78.55
4494,2581,9639.5613,2254.9358,6743.1071,6892.2632,45.6367,45.5207,1.6667,16.728,80.91,79.83
4516,2593,9685.0750,2265.5826,6774.6786,6925.0484,45.6388,45.5207,1.8333,16.809,80.71,79.55
4536,2605,9729.4275,2275.9578,6806.1071,6956.3491,45.6353,45.5207,1.6667,16.889,80.46,79.37
4558,2617,9773.5502,2286.2792,6836.3214,6988.5157,45.6406,45.5567,1.8333,16.969,79.92,78.78
4578,2629,9819.2938,2296.9798,6869.1071,7020.4349,45.6340,45.5207,1.6667,17.049,80.16,79.08
4600,2641,9863.4164,2307.3012,6899.3214,7052.6016,45.6392,45.5207,1.8333,17.130,80.80,79.63
4620,2653,9908.9302,2317.9480,6930.8929,7085.3868,45.6412,45.5207,1.6667,17.210,79.86,78.73
4642,2665,9953.2827,2328.3231,6962.3214,7116.6875,45.6378,45.5207,1.8333,17.290,80.69,79.54
4662,2677,9998.7965,2338.9700,6993.8929,7149.4727,45.6398,45.5207,1.6667,17.370,79.70,78.61
4684,2689,10043.1490,2349.3451,7025.3214,7180.7734,45.6365,45.5207,1.8333,17.450,80.17,79.02
4704,2701,10088.6627,2359.9919,7056.8929,7213.5586,45.6385,45.5207,1.6667,17.530,79.25,78.19
4726,2713,10133.0152,2370.3671,7088.3214,7244.8592,45.6352,45.5207,1.8333,17.609,79.07,77.94
4746,2725,10178.5290,2381.0139,7119.8929,7277.6445,45.6372,45.5207,1.6667,17.688,79.13,78.05
4766,2737,10222.0241,2391.1885,7151.1071,7307.9554,45.6309,45.4843,1.6667,17.767,79.05,77.98
4788,2749,10268.3953,2402.0359,7182.8929,7341.7304,45.6359,45.5207,1.8333,17.846,79.56,78.43
4808,2761,10311.8904,2412.2105,7214.1071,7372.0412,45.6297,45.5207,1.6667,17.925,78.14,77.06
4830,2773,10358.2615,2423.0579,7245.8929,7405.8162,45.6346,45.5207,1.8333,18.001,76.88,75.75
4850,2785,10401.7567,2433.2325,7277.1071,7436.1271,45.6285,45.5207,1.6667,18.078,76.50,75.46
4872,2797,10447.2705,2443.8793,7308.6786,7468.9124,45.6304,45.5207,1.8333,18.155,76.61,75.50
4892,2809,10491.6230,2454.2545,7340.1071,7500.2130,45.6273,45.5207,1.6667,18.233,78.09,77.02
4914,2821,10537.1368,2464.9013,7371.6786,7532.9983,45.6292,45.5207,1.8333,18.312,79.31,78.16
4934,2833,10581.4893,2475.2765,7403.1071,7564.2989,45.6261,45.5207,1.6667,18.391,78.87,77.82
4956,2845,10625.6118,2485.5978,7433.3214,7596.4655,45.6309,45.5207,1.8333,18.470,78.94,77.81
4976,2857,10671.1256,2496.2446,7464.8929,7629.2508,45.6329,45.6197,1.6667,18.548,78.58,77.47
4998,2869,10715.4781,2506.6198,7496.3214,7660.5514,45.6298,45.5207,1.8333,18.627,78.58,77.45
5018,2881,10760.9919,2517.2666,7527.8929,7693.3367,45.6317,45.5207,1.6667,18.705,78.58,77.52
5040,2893,10805.3444,2527.6418,7559.3214,7724.6373,45.6286,45.5207,1.8333,18.785,79.68,78.54
5060,2905,10850.8581,2538.2886,7590.8929,7757.4226,45.6305,45.5207,1.6667,18.865,79.54,78.47
5082,2917,10895.2107,2548.6638,7622.3214,7788.7232,45.6274,45.5207,1.8333,18.945,80.05,78.91
5102,2929,10940.7244,2559.3106,7653.8929,7821.5084,45.6293,45.5207,1.6667,19.024,79.25,78.18
5124,2941,10985.0770,2569.6858,7685.3214,7852.8091,45.6263,45.5207,1.8333,19.104,79.60,78.48
5144,2953,11030.5907,2580.3326,7716.8929,7885.5943,45.6282,45.5207,1.6667,19.183,79.12,78.06
5164,2965,11074.0861,2590.5072,7748.1071,7915.9052,45.6224,45.5207,1.6667,19.263,80.33,79.21
5186,2977,11120.4571,2601.3546,7779.8929,7949.6802,45.6271,45.5207,1.8333,19.344,80.67,79.49
5206,2989,11163.9524,2611.5292,7811.1071,7979.9911,45.6213,45.5207,1.6667,19.425,81.09,79.98
5228,3001,11209.4661,2622.1760,7842.6786,8012.7763,45.6232,45.4843,1.8333,19.505,79.85,78.66
5248,3013,11253.8187,2632.5512,7874.1071,8044.0770,45.6203,45.5207,1.6667,19.584,79.71,78.64
5270,3025,11299.3324,2643.1980,7905.6786,8076.8622,45.6221,45.5207,1.8333,19.664,79.20,78.06
5290,3037,11343.6850,2653.5732,7937.1071,8108.1628,45.6193,45.5207,1.6667,19.743,79.35,78.28
5312,3049,11387.8074,2663.8945,7967.3214,8140.3295,45.6238,45.5567,1.8333,19.822,79.56,78.43
5332,3061,11433.5514,2674.5952,8000.1071,8172.2487,45.6182,45.5207,1.6667,19.902,79.74,78.66
5354,3073,11477.6737,2684.9165,8030.3214,8204.4154,45.6228,45.5207,1.8333,19.982,79.38,78.24
5374,3085,11523.1874,2695.5633,8061.8929,8237.2006,45.6246,45.5207,1.6667,20.061,79.57,78.38
5396,3097,11567.5401,2705.9385,8093.3214,8268.5013,45.6217,45.5207,1.8333,20.142,80.74,79.57
5416,3109,11613.0537,2716.5853,8124.8929,8301.2865,45.6235,45.5207,1.6667,20.222,79.63,78.58
5438,3121,11657.4064,2726.9605,8156.3214,8332.5871,45.6207,45.5207,1.8333,20.302,80.54,79.40
5458,3133,11702.9201,2737.6073,8187.8929,8365.3724,45.6225,45.5207,1.6667,20.382,80.16,79.07
5480,3145,11747.2727,2747.9825,8219.3214,8396.6730,45.6197,45.5207,1.8333,20.462,79.29,78.15
5500,3157,11792.7864,2758.6293,8250.8929,8429.4583,45.6215,45.5207,1.6667,20.541,79.40,78.29
5520,3169,11836.2818,2768.8040,8282.1071,8459.7692,45.6161,45.4843,1.6667,20.620,79.10,77.98
5542,3181,11882.6527,2779.6513,8313.8929,8493.5441,45.6205,45.5207,1.8333,20.698,78.17,77.03
5562,3193,11926.1482,2789.8260,8345.1071,8523.8550,45.6151,45.5207,1.6667,20.775,77.14,76.08
5584,3205,11972.5191,2800.6733,8376.8929,8557.6300,45.6195,45.5207,1.8333,20.852,76.41,75.30
5604,3217,12016.0145,2810.8480,8408.1071,8587.9409,45.6142,45.5207,1.6667,20.928,76.43,75.39
5626,3229,12061.5282,2821.4948,8439.6786,8620.7262,45.6160,45.5207,1.8333,21.005,76.94,75.83
5646,3241,12105.8809,2831.8700,8471.1071,8652.0268,45.6133,45.5207,1.6667,21.083,77.62,76.58
5668,3253,12151.3945,2842.5168,8502.6786,8684.8120,45.6150,45.5207,1.8333,21.161,78.58,77.45
5688,3265,12195.7473,2852.8920,8534.1071,8716.1127,45.6124,45.5207,1.6667,21.241,79.90,78.79
5710,3277,12239.8695,2863.2133,8564.3214,8748.2793,45.6166,45.5207,1.8333,21.320,79.05,77.88
5730,3289,12285.3832,2873.8601,8595.8929,8781.0646,45.6183,45.6197,1.6667,21.398,78.23,77.16
5752,3301,12329.7359,2884.2353,8627.3214,8812.3652,45.6157,45.5207,1.8333,21.477,78.22,77.09
5772,3313,12375.2495,2894.8821,8658.8929,8845.1505,45.6174,45.5207,1.6667,21.555,77.87,76.81
5794,3325,12419.6022,2905.2573,8690.3214,8876.4511,45.6148,45.5207,1.8333,21.633,78.55,77.43
5814,3337,12465.1158,2915.9041,8721.8929,8909.2363,45.6165,45.5207,1.6667,21.711,77.89,76.84
5836,3349,12509.4686,2926.2793,8753.3214,8940.5370,45.6139,45.5207,1.8333,21.790,78.53,77.41
5856,3361,12554.9822,2936.9261,8784.8929,8973.3222,45.6156,45.5207,1.6667,21.867,77.01,75.93
5878,3373,12599.3349,2947.3013,8816.3214,9004.6229,45.6130,45.5207,1.8333,21.943,76.15,75.04
5898,3385,12644.8485,2957.9481,8847.8929,9037.4081,45.6147,45.5207,1.6667,22.019,75.96,74.92
5918,3397,12688.3441,2968.1228,8879.1071,9067.7190,45.6097,45.5207,1.6667,22.095,76.13,75.11
5940,3409,12734.7149,2978.9701,8910.8929,9101.4940,45.6138,45.5207,1.8333,22.171,76.13,75.03
5960,3421,12778.2105,2989.1448,8942.1071,9131.8049,45.6088,45.5207,1.6667,22.248,76.90,75.82
5982,3433,12823.7241,2999.7916,8973.6786,9164.5901,45.6105,45.4843,1.8333,22.326,77.95,76.80
6002,3445,12868.0769,3010.1668,9005.1071,9195.8908,45.6080,45.5207,1.6667,22.404,78.31,77.24
6024,3457,12913.5904,3020.8136,9036.6786,9228.6760,45.6097,45.5207,1.8333,22.483,78.77,77.64
6044,3469,12957.9432,3031.1888,9068.1071,9259.9766,45.6072,45.5207,1.6667,22.562,79.17,78.10
6066,3481,13002.0654,3041.5101,9098.3214,9292.1433,45.6112,45.5567,1.8333,22.642,79.73,78.60
6086,3493,13047.8096,3052.2108,9131.1071,9324.0625,45.6064,45.5207,1.6667,22.721,79.34,78.26
6108,3505,13091.9318,3062.5321,9161.3214,9356.2292,45.6104,45.5207,1.8333,22.801,79.49,78.34
6128,3517,13137.4454,3073.1789,9192.8929,9389.0144,45.6120,45.5207,1.6667,22.880,79.28,78.23
6150,3529,13181.7981,3083.5541,9224.3214,9420.3150,45.6096,45.5207,1.8333,22.959,79.42,78.29
6170,3541,13227.3117,3094.2009,9255.8929,9453.1003,45.6112,45.5207,1.6667,23.039,79.29,78.23
6192,3553,13271.6645,3104.5761,9287.3214,9484.4009,45.6087,45.5207,1.8333,23.119,80.06,78.90
6212,3565,13317.1781,3115.2229,9318.8929,9517.1862,45.6104,45.5207,1.6667,23.198,78.97,77.89
6234,3577,13361.5309,3125.5981,9350.3214,9548.4868,45.6079,45.5207,1.8333,23.278,80.01,78.88
6254,3589,13407.0445,3136.2449,9381.8929,9581.2721,45.6095,45.5207,1.6667,23.357,79.18,78.10
6274,3601,13450.5401,3146.4196,9413.1071,9611.5829,45.6049,45.4843,1.6667,23.437,80.63,79.56
6296,3613,13496.9108,3157.2669,9444.8929,9645.3579,45.6087,45.5207,1.8333,23.517,79.77,78.64
6316,3625,13540.4065,3167.4416,9476.1071,9675.6688,45.6041,45.5207,1.6667,23.596,79.25,78.17
6338,3637,13586.7772,3178.2889,9507.8929,9709.4438,45.6080,45.5207,1.8333,23.676,79.12,78.01
6358,3649,13630.2729,3188.4636,9539.1071,9739.7547,45.6033,45.5207,1.6667,23.755,79.40,78.33
6380,3661,13675.7865,3199.1104,9570.6786,9772.5400,45.6049,45.5207,1.8333,23.835,80.14,79.00
6400,3673,13720.1393,3209.4856,9602.1071,9803.8406,45.6026,45.5207,1.6667,23.916,80.59,79.50
6422,3685,13765.6529,3220.1324,9633.6786,9836.6258,45.6042,45.5207,1.8333,23.996,79.89,78.74
6442,3697,13810.0057,3230.5076,9665.1071,9867.9265,45.6019,45.5207,1.6667,24.075,79.66,78.56
6464,3709,13854.1278,3240.8289,9695.3214,9900.0931,45.6056,45.5207,1.8333,24.155,79.48,78.35
6484,3721,13899.6414,3251.4757,9726.8929,9932.8784,45.6072,45.6197,1.6667,24.235,80.52,79.39
6506,3733,13943.9942,3261.8509,9758.3214,9964.1790,45.6049,45.5207,1.8333,24.316,81.08,79.90
6526,3745,13989.5077,3272.4977,9789.8929,9996.9642,45.6064,45.5207,1.6667,24.396,79.40,78.32
6548,3757,14033.8606,3282.8729,9821.3214,10028.2649,45.6042,45.5207,1.8333,24.476,80.35,79.20
6568,3769,14079.3741,3293.5197,9852.8929,10061.0501,45.6057,45.5207,1.6667,24.556,79.58,78.52
6590,3781,14123.7269,3303.8949,9884.3214,10092.3508,45.6034,45.5207,1.8333,24.637,81.15,80.01
6610,3793,14169.2405,3314.5417,9915.8929,10125.1360,45.6050,45.5207,1.6667,24.716,79.08,78.01
6630,3805,14212.7362,3324.7164,9947.1071,10155.4469,45.6005,45.4843,1.6667,24.795,79.29,78.22
6652,3817,14259.1069,3335.5637,9978.8929,10189.2219,45.6042,45.5207,1.8333,24.874,79.17,78.02
6672,3829,14302.6026,3345.7385,10010.1071,10219.5328,45.5998,45.5207,1.6667,24.954,79.58,78.52
6694,3841,14348.9733,3356.5857,10041.8929,10253.3078,45.6035,45.5207,1.8333,25.034,80.07,78.93
6714,3853,14392.4690,3366.7605,10073.1071,10283.6187,45.5991,45.5207,1.6667,25.116,81.81,80.73
6736,3865,14437.9826,3377.4072,10104.6786,10316.4039,45.6007,45.4843,1.8333,25.201,85.45,84.24
6756,3877,14482.3355,3387.7825,10136.1071,10347.7045,45.5985,45.5207,1.6667,25.291,89.96,88.83
6778,3889,14527.8490,3398.4292,10167.6786,10380.4898,45.6000,45.5207,1.8333,25.386,94.71,93.51
6798,3901,14572.2019,3408.8045,10199.1071,10411.7904,45.5978,45.5207,1.6667,25.484,97.73,96.57
6820,3913,14616.3239,3419.1257,10229.3214,10443.9571,45.6014,45.5567,1.8333,25.584,100.65,99.31
6840,3925,14661.8374,3429.7725,10260.8929,10476.7423,45.6029,45.6197,1.6667,25.684,99.25,98.10
6862,3937,14706.1903,3440.1478,10292.3214,10508.0430,45.6007,45.5207,1.8333,25.778,94.35,93.14
6882,3949,14751.7038,3450.7945,10323.8929,10540.8282,45.6022,45.5207,1.6667,25.867,89.14,88.01
6904,3961,14796.0567,3461.1698,10355.3214,10572.1288,45.6000,45.5207,1.8333,25.953,86.31,85.12
6924,3973,14841.5702,3471.8165,10386.8929,10604.9141,45.6015,45.5207,1.6667,26.040,86.94,85.81
6946,3985,14885.9231,3482.1918,10418.3214,10636.2147,45.5994,45.5207,1.8333,26.129,89.10,87.88
6966,3997,14931.4366,3492.8385,10449.8929,10669.0000,45.6008,45.5207,1.6667,26.220,91.04,89.92
6988,4009,14975.7895,3503.2138,10481.3214,10700.3006,45.5987,45.5207,1.8333,26.311,90.49,89.30
7008,4021,15021.3030,3513.8605,10512.8929,10733.0858,45.6002,45.5207,1.6667,26.399,87.81,86.70
7028,4033,15064.7988,3524.0353,10544.1071,10763.3967,45.5960,45.5207,1.6667,26.488,89.22,88.10
7050,4045,15111.1694,3534.8826,10575.8929,10797.1717,45.5995,45.5207,1.8333,26.578,90.11,88.92
7070,4057,15154.6653,3545.0573,10607.1071,10827.4826,45.5954,45.5207,1.6667,26.673,94.60,93.47
7092,4069,15201.0358,3555.9046,10638.8929,10861.2576,45.5989,45.5207,1.8333,26.771,97.93,96.72
7112,4081,15244.5317,3566.0793,10670.1071,10891.5685,45.5948,45.5207,1.6667,26.869,98.84,97.69
7134,4093,15290.0452,3576.7261,10701.6786,10924.3537,45.5962,45.5207,1.8333,26.969,99.78,98.56
7154,4105,15334.3981,3587.1014,10733.1071,10955.6544,45.5941,45.5207,1.6667,27.068,98.89,97.76
7176,4117,15379.9116,3597.7481,10764.6786,10988.4396,45.5956,45.5207,1.8333,27.168,99.46,98.24
7196,4129,15424.2645,3608.1234,10796.1071,11019.7403,45.5935,45.5207,1.6667,27.267,99.51,98.36
7218,4141,15468.3865,3618.4446,10826.3214,11051.9069,45.5970,45.5207,1.8333,27.366,98.67,97.49
7238,4153,15513.9000,3629.0914,10857.8929,11084.6922,45.5984,45.5207,1.6667,27.466,99.74,98.58
7260,4165,15558.2529,3639.4666,10889.3214,11115.9928,45.5963,45.5207,1.8333,27.564,98.96,97.77
7280,4177,15603.7664,3650.1134,10920.8929,11148.7780,45.5977,45.5207,1.6667,27.664,99.28,98.13
7302,4189,15648.1193,3660.4886,10952.3214,11180.0787,45.5957,45.5207,1.8333,27.763,99.22,98.00
7322,4201,15693.6328,3671.1354,10983.8929,11212.8639,45.5971,45.5207,1.6667,27.861,98.43,97.29
7344,4213,15737.9857,3681.5107,11015.3214,11244.1645,45.5951,45.5207,1.8333,27.960,98.36,97.17
7364,4225,15783.4992,3692.1574,11046.8929,11276.9498,45.5965,45.5207,1.6667,28.058,98.60,97.44
7384,4237,15826.9951,3702.3322,11078.1071,11307.2607,45.5926,45.4843,1.6667,28.158,99.51,98.35
7406,4249,15873.3656,3713.1794,11109.8929,11341.0357,45.5959,45.5207,1.8333,28.257,99.60,98.36
7426,4261,15916.8615,3723.3542,11141.1071,11371.3466,45.5920,45.5207,1.6667,28.356,98.18,97.03
7448,4273,15963.2320,3734.2014,11172.8929,11405.1216,45.5953,45.5207,1.8333,28.454,98.33,97.08
7468,4285,16006.7279,3744.3762,11204.1071,11435.4324,45.5914,45.5207,1.6667,28.553,99.19,98.01
7490,4297,16052.2414,3755.0230,11235.6786,11468.2177,45.5928,45.4843,1.8333,28.653,99.35,98.15
7510,4309,16096.5944,3765.3982,11267.1071,11499.5183,45.5908,45.5207,1.6667,28.752,99.06,97.90
7532,4321,16142.1079,3776.0450,11298.6786,11532.3036,45.5922,45.5207,1.8333,28.850,98.78,97.51
7552,4333,16186.4608,3786.4203,11330.1071,11563.6042,45.5903,45.5207,1.6667,28.950,99.57,98.43
7574,4345,16230.5827,3796.7415,11360.3214,11595.7709,45.5935,45.5567,1.8333,29.049,99.18,97.96
7594,4357,16276.0962,3807.3882,11391.8929,11628.5561,45.5949,45.6197,1.6667,29.149,100.13,98.96
7616,4369,16320.4491,3817.7635,11423.3214,11659.8567,45.5930,45.5207,1.8333,29.251,102.00,100.76
7636,4381,16365.9626,3828.4102,11454.8929,11692.6420,45.5943,45.5207,1.6667,29.353,101.64,100.43
7658,4393,16410.3155,3838.7855,11486.3214,11723.9426,45.5924,45.5207,1.8333,29.455,102.52,101.25
7678,4405,16455.8290,3849.4323,11517.8929,11756.7279,45.5938,45.5207,1.6667,29.557,101.80,100.62
7700,4417,16500.1820,3859.8075,11549.3214,11788.0285,45.5918,45.5207,1.8333,29.659,101.78,100.53
7720,4429,16545.6954,3870.4543,11580.8929,11820.8137,45.5932,45.5207,1.6667,29.760,101.20,100.01
7742,4441,16590.0484,3880.8295,11612.3214,11852.1144,45.5913,45.5207,1.8333,29.862,101.63,100.37
7762,4453,16635.5619,3891.4763,11643.8929,11884.8996,45.5926,45.5207,1.6667,29.963,101.01,99.82
7782,4465,16679.0578,3901.6511,11675.1071,11915.2105,45.5889,45.5207,1.6667,30.065,101.87,100.69
7804,4477,16725.4283,3912.4983,11706.8929,11948.9855,45.5921,45.5207,1.8333,30.166,101.45,100.21
7824,4489,16768.9243,3922.6731,11738.1071,11979.2964,45.5884,45.5207,1.6667,30.268,101.73,100.55
7846,4501,16815.2947,3933.5203,11769.8929,12013.0714,45.5915,45.5207,1.8333,30.369,101.36,100.09
7866,4513,16858.7907,3943.6951,11801.1071,12043.3823,45.5878,45.5207,1.6667,30.471,101.64,100.44
7888,4525,16904.3042,3954.3419,11832.6786,12076.1675,45.5892,45.5207,1.8333,30.573,101.67,100.43
7908,4537,16948.6571,3964.7172,11864.1071,12107.4682,45.5873,45.5207,1.6667,30.674,101.63,100.39
7930,4549,16992.7790,3975.0384,11894.3214,12139.6348,45.5904,45.5567,1.8333,30.776,102.25,100.98
7950,4561,17038.5236,3985.7392,11927.1071,12171.5540,45.5868,45.5207,1.6667,30.878,101.87,100.68
7972,4573,17082.6454,3996.0604,11957.3214,12203.7207,45.5899,45.5207,1.8333,30.980,102.10,100.85
7992,4585,17128.1589,4006.7071,11988.8929,12236.5059,45.5912,45.5207,1.6667,31.082,101.75,100.57
8014,4597,17172.5119,4017.0824,12020.3214,12267.8066,45.5894,45.5207,1.8333,31.184,102.13,100.87
8034,4609,17218.0253,4027.7291,12051.8929,12300.5918,45.5907,45.5207,1.6667,31.286,101.75,100.53
8056,4621,17262.3783,4038.1044,12083.3214,12331.8925,45.5889,45.5207,1.8333,31.387,101.39,100.14
8076,4633,17307.8917,4048.7512,12114.8929,12364.6777,45.5902,45.5207,1.6667,31.489,101.36,100.18
8098,4645,17352.2447,4059.1264,12146.3214,12395.9783,45.5884,45.5207,1.8333,31.590,101.54,100.28
8118,4657,17397.7582,4069.7732,12177.8929,12428.7636,45.5896,45.5207,1.6667,31.692,101.38,100.20
8138,4669,17441.2542,4079.9480,12209.1071,12459.0745,45.5861,45.4843,1.6667,31.793,101.43,100.27
8160,4681,17487.6246,4090.7952,12240.8929,12492.8495,45.5891,45.5207,1.8333,31.895,101.89,100.65
8180,4693,17531.1206,4100.9700,12272.1071,12523.1604,45.5856,45.5207,1.6667,31.997,101.72,100.53
8202,4705,17577.4910,4111.8172,12303.8929,12556.9353,45.5886,45.5207,1.8333,32.098,101.49,100.23
8222,4717,17620.9871,4121.9920,12335.1071,12587.2462,45.5851,45.5207,1.6667,32.200,101.96,100.78
8244,4729,17666.5005,4132.6388,12366.6786,12620.0315,45.5864,45.4843,1.8333,32.302,101.58,100.32
8264,4741,17710.8535,4143.0141,12398.1071,12651.3321,45.5846,45.5207,1.6667,32.404,102.27,101.06
8286,4753,17756.3670,4153.6608,12429.6786,12684.1174,45.5859,45.5207,1.8333,32.506,101.96,100.68
8306,4765,17800.7200,4164.0361,12461.1071,12715.4180,45.5841,45.5207,1.6667,32.608,101.60,100.41
8328,4777,17844.8418,4174.3573,12491.3214,12747.5846,45.5871,45.5207,1.8333,32.710,102.06,100.81
8348,4789,17890.3552,4185.0040,12522.8929,12780.3699,45.5884,45.6197,1.6667,32.812,102.04,100.85
8370,4801,17934.7082,4195.3793,12554.3214,12811.6705,45.5866,45.5207,1.8333,32.914,101.84,100.58
8390,4813,17980.2217,4206.0260,12585.8929,12844.4558,45.5879,45.5207,1.6667,33.015,101.47,100.27
8412,4825,18024.5746,4216.4013,12617.3214,12875.7564,45.5861,45.5207,1.8333,33.117,102.18,100.91
8432,4837,18070.0881,4227.0481,12648.8929,12908.5417,45.5874,45.5207,1.6667,33.219,101.72,100.51
8454,4849,18114.4411,4237.4233,12680.3214,12939.8423,45.5857,45.5207,1.8333,33.321,101.82,100.57
8474,4861,18159.9545,4248.0701,12711.8929,12972.6275,45.5869,45.5207,1.6667,33.422,101.20,100.03
8496,4873,18204.3075,4258.4454,12743.3214,13003.9282,45.5852,45.5207,1.8333,33.523,101.41,100.17
8516,4885,18249.8210,4269.0921,12774.8929,13036.7134,45.5864,45.5207,1.6667,33.625,101.40,100.21
8536,4897,18293.3171,4279.2669,12806.1071,13067.0243,45.5830,45.5207,1.6667,33.726,101.41,100.26
8558,4909,18339.6874,4290.1141,12837.8929,13100.7993,45.5859,45.5207,1.8333,33.828,101.87,100.66
8578,4921,18383.1835,4300.2889,12869.1071,13131.1102,45.5826,45.5207,1.6667,33.930,101.68,100.50
8600,4933,18428.6969,4310.9357,12900.6786,13163.8954,45.5838,45.4843,1.8333,34.031,101.49,100.25
8620,4945,18473.0499,4321.3110,12932.1071,13195.1961,45.5821,45.5207,1.6667,34.133,102.00,100.80
8642,4957,18518.5634,4331.9577,12963.6786,13227.9813,45.5833,45.5207,1.8333,34.235,102.25,100.98
8662,4969,18562.9164,4342.3330,12995.1071,13259.2819,45.5817,45.5207,1.6667,34.337,101.20,100.02
8684,4981,18607.0382,4352.6542,13025.3214,13291.4486,45.5845,45.5567,1.8333,34.437,100.44,99.18
8704,4993,18652.7829,4363.3550,13058.1071,13323.3678,45.5812,45.5207,1.6667,34.535,98.29,97.10
8726,5005,18696.9046,4373.6762,13088.3214,13355.5345,45.5841,45.5207,1.8333,34.630,94.35,93.11
8746,5017,18742.4180,4384.3229,13119.8929,13388.3197,45.5853,45.5207,1.6667,34.719,89.58,88.44
8768,5029,18786.7710,4394.6982,13151.3214,13419.6204,45.5836,45.5207,1.8333,34.804,84.38,83.20
8788,5041,18832.2845,4405.3450,13182.8929,13452.4056,45.5848,45.5207,1.6667,34.886,82.10,81.00
8810,5053,18876.6375,4415.7202,13214.3214,13483.7062,45.5832,45.5207,1.8333,34.969,83.50,82.33
8830,5065,18922.1509,4426.3670,13245.8929,13516.4915,45.5844,45.5207,1.6667,35.056,87.14,86.04
8852,5077,18966.5039,4436.7423,13277.3214,13547.7921,45.5827,45.5207,1.8333,35.148,91.93,90.73
8872,5089,19012.0174,4447.3890,13308.8929,13580.5774,45.5839,45.5207,1.6667,35.244,96.00,94.85
8892,5101,19055.5135,4457.5638,13340.1071,13610.8883,45.5807,45.4843,1.6667,35.341,96.71,95.56
8914,5113,19101.8838,4468.4110,13371.8929,13644.6632,45.5835,45.5207,1.8333,35.436,94.87,93.64
8934,5125,19145.3799,4478.5859,13403.1071,13674.9741,45.5802,45.5207,1.6667,35.529,92.84,91.68
8956,5137,19191.7503,4489.4330,13434.8929,13708.7491,45.5830,45.5207,1.8333,35.621,91.91,90.70
8976,5149,19235.2464,4499.6079,13466.1071,13739.0600,45.5798,45.5207,1.6667,35.715,94.60,93.45
8998,5161,19280.7598,4510.2546,13497.6786,13771.8453,45.5810,45.5207,1.8333,35.810,94.48,93.21
9018,5173,19325.1129,4520.6299,13529.1071,13803.1459,45.5794,45.5207,1.6667,35.903,92.93,91.78
9040,5185,19370.6263,4531.2766,13560.6786,13835.9311,45.5806,45.5207,1.8333,35.991,88.57,87.37
9060,5197,19414.9793,4541.6519,13592.1071,13867.2318,45.5790,45.5207,1.6667,36.075,84.21,83.09
9082,5209,19459.1010,4551.9731,13622.3214,13899.3984,45.5817,45.5207,1.8333,36.159,83.12,81.92
9102,5221,19504.6144,4562.6198,13653.8929,13932.1837,45.5829,45.6197,1.6667,36.242,83.09,81.98
9124,5233,19548.9675,4572.9951,13685.3214,13963.4843,45.5813,45.5207,1.8333,36.324,82.06,80.87
9144,5245,19594.4809,4583.6419,13716.8929,13996.2696,45.5825,45.5207,1.6667,36.406,81.93,80.81
9166,5257,19638.8339,4594.0172,13748.3214,14027.5702,45.5809,45.5207,1.8333,36.488,82.21,81.03
9186,5269,19684.3473,4604.6639,13779.8929,14060.3554,45.5821,45.5207,1.6667,36.570,82.16,80.98
9208,5281,19728.7004,4615.0392,13811.3214,14091.6561,45.5805,45.5207,1.8333,36.652,81.90,80.71
9228,5293,19774.2138,4625.6859,13842.8929,14124.4413,45.5816,45.5207,1.6667,36.734,82.19,81.06
9250,5305,19818.5668,4636.0612,13874.3214,14155.7420,45.5801,45.5207,1.8333,36.816,82.08,80.89
9270,5317,19864.0802,4646.7079,13905.8929,14188.5272,45.5812,45.5207,1.6667,36.898,81.74,80.66
9290,5329,19907.5764,4656.8828,13937.1071,14218.8381,45.5781,45.5207,1.6667,36.980,82.49,81.36
9312,5341,19953.9467,4667.7300,13968.8929,14252.6131,45.5808,45.5207,1.8333,37.063,82.53,81.34
9332,5353,19997.4429,4677.9048,14000.1071,14282.9240,45.5777,45.5207,1.6667,37.146,83.15,81.97
9354,5365,20042.9563,4688.5515,14031.6786,14315.7092,45.5788,45.4843,1.8333,37.228,82.28,81.11
9374,5377,20087.3093,4698.9268,14063.1071,14347.0099,45.5773,45.5207,1.6667,37.310,81.79,80.72
9396,5389,20132.8227,4709.5736,14094.6786,14379.7951,45.5785,45.5207,1.8333,37.392,81.59,80.47
9416,5401,20177.1758,4719.9489,14126.1071,14411.0957,45.5769,45.5207,1.6667,37.473,81.35,80.26
9438,5413,20221.2975,4730.2700,14156.3214,14443.2624,45.5796,45.5567,1.8333,37.555,82.12,80.95
9458,5425,20267.0423,4740.9709,14189.1071,14475.1816,45.5765,45.5207,1.6667,37.637,81.79,80.67
9480,5437,20311.1639,4751.2921,14219.3214,14507.3483,45.5792,45.5207,1.8333,37.720,82.68,81.49
9500,5449,20356.6773,4761.9388,14250.8929,14540.1335,45.5803,45.5207,1.6667,37.802,82.01,80.89
9522,5461,20401.0304,4772.3141,14282.3214,14571.4341,45.5788,45.5207,1.8333,37.884,82.03,80.87
9542,5473,20446.5438,4782.9608,14313.8929,14604.2194,45.5799,45.5207,1.6667,37.965,81.39,80.29
9564,5485,20490.8969,4793.3361,14345.3214,14635.5200,45.5784,45.5207,1.8333,38.047,81.91,80.68
9584,5497,20536.4102,4803.9828,14376.8929,14668.3053,45.5795,45.5207,1.6667,38.129,81.52,80.36
9606,5509,20580.7633,4814.3581,14408.3214,14699.6059,45.5780,45.5207,1.8333,38.210,81.52,80.27
9626,5521,20626.2767,4825.0049,14439.8929,14732.3912,45.5791,45.5207,1.6667,38.292,81.87,80.75
9646,5533,20669.7729,4835.1797,14471.1071,14762.7020,45.5761,45.4843,1.6667,38.373,81.48,80.40
9668,5545,20716.1432,4846.0269,14502.8929,14796.4770,45.5787,45.5207,1.8333,38.455,81.91,80.72
9688,5557,20759.6394,4856.2017,14534.1071,14826.7879,45.5757,45.5207,1.6667,38.537,81.82,80.73
9710,5569,20806.0096,4867.0489,14565.8929,14860.5629,45.5783,45.5207,1.8333,38.619,81.86,80.68
9730,5581,20849.5059,4877.2238,14597.1071,14890.8738,45.5754,45.5207,1.6667,38.701,81.99,80.84
9752,5593,20895.0192,4887.8705,14628.6786,14923.6591,45.5765,45.5207,1.8333,38.783,82.51,81.30
9772,5605,20939.3723,4898.2458,14660.1071,14954.9597,45.5750,45.5207,1.6667,38.865,82.00,80.89
9794,5617,20984.8857,4908.8925,14691.6786,14987.7449,45.5761,45.5207,1.8333,38.947,81.80,80.62
9814,5629,21029.2388,4919.2678,14723.1071,15019.0456,45.5746,45.5207,1.6667,39.029,81.84,80.76
9836,5641,21073.3604,4929.5890,14753.3214,15051.2122,45.5772,45.5207,1.8333,39.111,81.75,80.54
9856,5653,21118.8738,4940.2357,14784.8929,15083.9975,45.5783,45.6197,1.6667,39.194,82.67,81.54
9878,5665,21163.2269,4950.6110,14816.3214,15115.2981,45.5768,45.5207,1.8333,39.276,82.71,81.52
9898,5677,21208.7403,4961.2577,14847.8929,15148.0834,45.5779,45.5207,1.6667,39.360,84.08,82.96
9920,5689,21253.0934,4971.6330,14879.3214,15179.3840,45.5765,45.5207,1.8333,39.446,85.78,84.55
9940,5701,21298.6067,4982.2798,14910.8929,15212.1692,45.5775,45.5207,1.6667,39.536,90.28,89.12
9962,5713,21342.9598,4992.6551,14942.3214,15243.4699,45.5761,45.5207,1.8333,39.630,94.09,92.85
9982,5725,21388.4732,5003.3018,14973.8929,15276.2551,45.5772,45.5207,1.6667,39.728,97.60,96.44
10004,5737,21432.8263,5013.6771,15005.3214,15307.5557,45.5757,45.5207,1.8333,39.830,101.54,100.28
10024,5749,21478.3397,5024.3238,15036.8929,15340.3410,45.5768,45.5207,1.6667,39.930,100.81,99.63
10044,5761,21521.8359,5034.4987,15068.1071,15370.6519,45.5739,45.5207,1.6667,40.028,97.78,96.62
10066,5773,21568.2061,5045.3458,15099.8929,15404.4269,45.5764,45.5207,1.8333,40.121,92.81,91.56
10086,5785,21611.7024,5055.5207,15131.1071,15434.7378,45.5736,45.5207,1.6667,40.211,89.73,88.57
10108,5797,21657.2157,5066.1674,15162.6786,15467.5230,45.5746,45.4843,1.8333,40.300,89.42,88.19
10128,5809,21701.5689,5076.5427,15194.1071,15498.8236,45.5732,45.5207,1.6667,40.390,89.52,88.38
10150,5821,21747.0822,5087.1895,15225.6786,15531.6089,45.5743,45.5207,1.8333,40.481,91.64,90.42
10170,5833,21791.4353,5097.5648,15257.1071,15562.9095,45.5729,45.5207,1.6667,40.574,93.00,91.88
10192,5845,21835.5569,5107.8859,15287.3214,15595.0762,45.5753,45.5567,1.8333,40.663,88.71,87.50
10212,5857,21881.3018,5118.5868,15320.1071,15626.9954,45.5725,45.5207,1.6667,40.748,85.37,84.25
10234,5869,21925.4234,5128.9079,15350.3214,15659.1621,45.5750,45.5207,1.8333,40.833,84.14,82.98
10254,5881,21970.9368,5139.5547,15381.8929,15691.9473,45.5760,45.5207,1.6667,40.915,82.03,80.88
10276,5893,22015.2899,5149.9300,15413.3214,15723.2479,45.5746,45.5207,1.8333,40.997,82.31,81.13
10296,5905,22060.8032,5160.5767,15444.8929,15756.0332,45.5757,45.5207,1.6667,41.079,81.78,80.63
10318,5917,22105.1563,5170.9520,15476.3214,15787.3338,45.5743,45.5207,1.8333,41.161,81.94,80.75
10338,5929,22150.6697,5181.5987,15507.8929,15820.1191,45.5753,45.5207,1.6667,41.242,81.83,80.71
10360,5941,22195.0228,5191.9740,15539.3214,15851.4197,45.5740,45.5207,1.8333,41.324,81.66,80.47
10380,5953,22240.5362,5202.6207,15570.8929,15884.2049,45.5750,45.5207,1.6667,41.406,82.08,80.96
10400,5965,22284.0325,5212.7956,15602.1071,15914.5158,45.5722,45.4843,1.6667,41.488,82.04,80.91
10422,5977,22330.4026,5223.6428,15633.8929,15948.2908,45.5747,45.5207,1.8333,41.570,81.98,80.81
10442,5989,22373.8989,5233.8176,15665.1071,15978.6017,45.5719,45.5207,1.6667,41.652,81.69,80.57
10464,6001,22420.2691,5244.6648,15696.8929,16012.3767,45.5743,45.5207,1.8333,41.734,81.65,80.47
10484,6013,22463.7654,5254.8397,15728.1071,16042.6876,45.5716,45.5207,1.6667,41.815,81.79,80.65
10506,6025,22509.2788,5265.4864,15759.6786,16075.4728,45.5726,45.5207,1.8333,41.897,82.13,80.97
10526,6037,22553.6319,5275.8617,15791.1071,16106.7735,45.5712,45.5207,1.6667,41.979,81.63,80.49
10548,6049,22599.1452,5286.5084,15822.6786,16139.5587,45.5723,45.5207,1.8333,42.062,82.59,81.40
10568,6061,22643.4984,5296.8837,15854.1071,16170.8594,45.5709,45.5207,1.6667,42.143,81.77,80.65
10590,6073,22687.6199,5307.2049,15884.3214,16203.0260,45.5733,45.5207,1.8333,42.225,82.03,80.85
10610,6085,22733.1333,5317.8516,15915.8929,16235.8113,45.5743,45.6197,1.6667,42.308,82.49,81.37
10632,6097,22777.4864,5328.2269,15947.3214,16267.1119,45.5730,45.5207,1.8333,42.390,82.45,81.25
10652,6109,22822.9998,5338.8736,15978.8929,16299.8971,45.5740,45.5207,1.6667,42.474,83.82,82.70
10674,6121,22867.3529,5349.2489,16010.3214,16331.1978,45.5726,45.5207,1.8333,42.561,86.34,85.14
10694,6133,22912.8662,5359.8957,16041.8929,16363.9830,45.5736,45.5207,1.6667,42.650,89.39,88.29
10716,6145,22957.2194,5370.2710,16073.3214,16395.2836,45.5723,45.5207,1.8333,42.744,93.87,92.68
10736,6157,23002.7327,5380.9177,16104.8929,16428.0689,45.5733,45.5207,1.6667,42.842,97.96,96.80
10758,6169,23047.0858,5391.2930,16136.3214,16459.3695,45.5720,45.5207,1.8333,42.943,101.10,99.83
10778,6181,23092.5992,5401.9397,16167.8929,16492.1548,45.5730,45.5207,1.6667,43.044,101.11,99.92
10798,6193,23136.0955,5412.1146,16199.1071,16522.4657,45.5703,45.5207,1.6667,43.142,98.27,97.08
10820,6205,23182.4657,5422.9617,16230.8929,16556.2407,45.5727,45.5207,1.8333,43.235,93.19,91.98
10840,6217,23225.9620,5433.1366,16262.1071,16586.5515,45.5700,45.5207,1.6667,43.324,89.01,87.83
10862,6229,23271.4753,5443.7833,16293.6786,16619.3368,45.5710,45.4843,1.8333,43.414,89.08,87.87
10882,6241,23315.8285,5454.1587,16325.1071,16650.6374,45.5697,45.5207,1.6667,43.503,89.01,87.85
10904,6253,23361.3418,5464.8054,16356.6786,16683.4227,45.5707,45.5207,1.8333,43.595,92.25,91.03
10924,6265,23405.6950,5475.1807,16388.1071,16714.7233,45.5694,45.5207,1.6667,43.688,93.27,92.10
10946,6277,23449.8165,5485.5018,16418.3214,16746.8900,45.5717,45.5567,1.8333,43.779,91.28,90.05
10966,6289,23495.5614,5496.2027,16451.1071,16778.8092,45.5691,45.5207,1.6667,43.870,90.98,89.83
10988,6301,23539.6830,5506.5239,16481.3214,16810.9758,45.5714,45.5207,1.8333,43.962,91.85,90.63
11008,6313,23585.1963,5517.1706,16512.8929,16843.7611,45.5724,45.5207,1.6667,44.057,95.02,93.87
11030,6325,23629.5495,5527.5459,16544.3214,16875.0617,45.5711,45.5207,1.8333,44.157,100.01,98.79
11050,6337,23675.0628,5538.1926,16575.8929,16907.8470,45.5721,45.5207,1.6667,44.258,101.04,99.90
11072,6349,23719.4159,5548.5679,16607.3214,16939.1476,45.5708,45.5207,1.8333,44.360,101.94,100.72
11092,6361,23764.9293,5559.2146,16638.8929,16971.9329,45.5717,45.5207,1.6667,44.462,101.37,100.20
11114,6373,23809.2824,5569.5899,16670.3214,17003.2335,45.5705,45.5207,1.8333,44.562,100.60,99.30
11134,6385,23854.7957,5580.2367,16701.8929,17036.0187,45.5714,45.5207,1.6667,44.661,98.67,97.46
11154,6397,23898.2921,5590.4115,16733.1071,17066.3296,45.5689,45.4843,1.6667,44.756,95.60,94.42
11176,6409,23944.6622,5601.2587,16764.8929,17100.1046,45.5711,45.5207,1.8333,44.848,91.37,90.12
11196,6421,23988.1586,5611.4336,16796.1071,17130.4155,45.5686,45.5207,1.6667,44.935,86.77,85.66
11218,6433,24034.5287,5622.2807,16827.8929,17164.1905,45.5708,45.5207,1.8333,45.017,82.13,80.91
11238,6445,24078.0251,5632.4556,16859.1071,17194.5014,45.5683,45.5207,1.6667,45.098,81.69,80.61
11260,6457,24123.5384,5643.1023,16890.6786,17227.2866,45.5692,45.5207,1.8333,45.182,83.29,82.13
11280,6469,24167.8915,5653.4776,16922.1071,17258.5873,45.5680,45.5207,1.6667,45.264,82.68,81.55
11302,6481,24213.4049,5664.1243,16953.6786,17291.3725,45.5689,45.5207,1.8333,45.345,80.84,79.68
11322,6493,24257.7580,5674.4997,16985.1071,17322.6731,45.5677,45.5207,1.6667,45.426,80.35,79.25
11344,6505,24301.8796,5684.8208,17015.3214,17354.8398,45.5699,45.5207,1.8333,45.507,81.18,80.02
11364,6517,24347.3929,5695.4675,17046.8929,17387.6250,45.5709,45.6197,1.6667,45.588,81.18,80.05
11386,6529,24391.7460,5705.8428,17078.3214,17418.9257,45.5696,45.5207,1.8333,45.668,80.10,78.98
11406,6541,24437.2594,5716.4895,17109.8929,17451.7109,45.5706,45.5207,1.6667,45.749,81.15,80.06
11428,6553,24481.6125,5726.8649,17141.3214,17483.0116,45.5693,45.5207,1.8333,45.830,80.63,79.48
11448,6565,24527.1258,5737.5116,17172.8929,17515.7968,45.5703,45.5207,1.6667,45.910,80.55,79.47
11470,6577,24571.4790,5747.8869,17204.3214,17547.0974,45.5690,45.5207,1.8333,45.990,80.04,78.91
11490,6589,24616.9923,5758.5336,17235.8929,17579.8827,45.5700,45.5207,1.6667,46.070,79.15,78.09
11512,6601,24661.3455,5768.9089,17267.3214,17611.1833,45.5687,45.5207,1.8333,46.150,80.02,78.90
11532,6613,24706.8588,5779.5556,17298.8929,17643.9686,45.5697,45.5207,1.6667,46.229,79.80,78.72
11552,6625,24750.3552,5789.7305,17330.1071,17674.2795,45.5672,45.5207,1.6667,46.309,79.71,78.63
11574,6637,24796.7253,5800.5777,17361.8929,17708.0544,45.5694,45.5207,1.8333,46.389,79.66,78.52
11594,6649,24840.2217,5810.7526,17393.1071,17738.3653,45.5669,45.5207,1.6667,46.468,79.52,78.45
11616,6661,24885.7350,5821.3993,17424.6786,17771.1506,45.5679,45.4843,1.8333,46.548,79.58,78.46
11636,6673,24930.0882,5831.7746,17456.1071,17802.4512,45.5666,45.5207,1.6667,46.628,79.62,78.56
11658,6685,24975.6015,5842.4213,17487.6786,17835.2365,45.5676,45.5207,1.8333,46.707,79.87,78.72
11678,6697,25019.9546,5852.7966,17519.1071,17866.5371,45.5664,45.5207,1.6667,46.788,80.70,79.62
11700,6709,25064.0761,5863.1178,17549.3214,17898.7038,45.5685,45.5567,1.8333,46.870,82.36,81.15
11720,6721,25109.8211,5873.8187,17582.1071,17930.6230,45.5661,45.5207,1.6667,46.951,80.80,79.70
11742,6733,25153.9426,5884.1398,17612.3214,17962.7896,45.5682,45.5207,1.8333,47.032,80.75,79.58
11762,6745,25199.4559,5894.7865,17643.8929,17995.5749,45.5692,45.5207,1.6667,47.112,80.09,78.98
11784,6757,25243.8091,5905.1618,17675.3214,18026.8755,45.5680,45.5207,1.8333,47.192,80.33,79.19
11804,6769,25289.3224,5915.8085,17706.8929,18059.6608,45.5689,45.5207,1.6667,47.272,79.58,78.51
11826,6781,25333.6756,5926.1838,17738.3214,18090.9614,45.5677,45.5207,1.8333,47.352,80.31,79.16
11846,6793,25379.1889,5936.8306,17769.8929,18123.7466,45.5686,45.5207,1.6667,47.432,79.36,78.28
11868,6805,25423.5421,5947.2059,17801.3214,18155.0473,45.5674,45.5207,1.8333,47.513,80.88,79.75
11888,6817,25469.0554,5957.8526,17832.8929,18187.8325,45.5683,45.5207,1.6667,47.594,81.84,80.77
11908,6829,25512.5518,5968.0275,17864.1071,18218.1434,45.5659,45.4843,1.6667,47.680,85.62,84.54
11930,6841,25558.9219,5978.8746,17895.8929,18251.9184,45.5680,45.5207,1.8333,47.770,89.80,88.63
11950,6853,25602.4183,5989.0495,17927.1071,18282.2293,45.5657,45.5207,1.6667,47.864,94.39,93.26
11972,6865,25648.7884,5999.8966,17958.8929,18316.0043,45.5678,45.5207,1.8333,47.962,97.74,96.54
11992,6877,25692.2848,6010.0716,17990.1071,18346.3152,45.5654,45.5207,1.6667,48.061,98.92,97.77
12014,6889,25737.7981,6020.7183,18021.6786,18379.1004,45.5663,45.5207,1.8333,48.157,96.35,95.14
12034,6901,25782.1513,6031.0936,18053.1071,18410.4010,45.5651,45.5207,1.6667,48.251,93.32,92.18
12056,6913,25827.6646,6041.7403,18084.6786,18443.1863,45.5660,45.5207,1.8333,48.339,88.84,87.64
12076,6925,25872.0178,6052.1156,18116.1071,18474.4869,45.5649,45.5207,1.6667,48.425,85.69,84.59
12098,6937,25916.1392,6062.4367,18146.3214,18506.6536,45.5670,45.5207,1.8333,48.512,86.70,85.53
12118,6949,25961.6525,6073.0834,18177.8929,18539.4388,45.5679,45.6197,1.6667,48.600,88.40,87.32
12140,6961,26006.0057,6083.4588,18209.3214,18570.7395,45.5667,45.5207,1.8333,48.691,90.83,89.65
12160,6973,26051.5190,6094.1055,18240.8929,18603.5247,45.5676,45.5207,1.6667,48.780,88.51,87.40
12182,6985,26095.8722,6104.4808,18272.3214,18634.8253,45.5664,45.5207,1.8333,48.867,87.89,86.71
12202,6997,26141.3855,6115.1275,18303.8929,18667.6106,45.5673,45.5207,1.6667,48.956,88.42,87.33
12224,7009,26185.7387,6125.5028,18335.3214,18698.9112,45.5662,45.5207,1.8333,49.047,90.99,89.77
12244,7021,26231.2520,6136.1495,18366.8929,18731.6965,45.5670,45.5207,1.6667,49.142,95.17,94.05
12266,7033,26275.6052,6146.5249,18398.3214,18762.9971,45.5659,45.5207,1.8333,49.240,98.32,97.10
12286,7045,26321.1185,6157.1716,18429.8929,18795.7824,45.5668,45.5207,1.6667,49.339,99.00,97.85
12306,7057,26364.6149,6167.3465,18461.1071,18826.0932,45.5645,45.5207,1.6667,49.438,98.97,97.82
12328,7069,26410.9850,6178.1936,18492.8929,18859.8682,45.5665,45.5207,1.8333,49.537,98.42,97.21
12348,7081,26454.4814,6188.3685,18524.1071,18890.1791,45.5642,45.5207,1.6667,49.635,98.44,97.29
12370,7093,26499.9947,6199.0152,18555.6786,18922.9644,45.5651,45.4843,1.8333,49.734,98.75,97.54
12390,7105,26544.3479,6209.3905,18587.1071,18954.2650,45.5640,45.5207,1.6667,49.834,100.38,99.24
12412,7117,26589.8612,6220.0372,18618.6786,18987.0502,45.5648,45.5207,1.8333,49.933,99.21,97.94
12432,7129,26634.2144,6230.4126,18650.1071,19018.3509,45.5637,45.5207,1.6667,50.035,101.20,100.05
12454,7141,26678.3359,6240.7337,18680.3214,19050.5175,45.5657,45.5567,1.8333,50.136,100.91,99.69
12474,7153,26724.0809,6251.4346,18713.1071,19082.4368,45.5635,45.5207,1.6667,50.236,100.20,99.11
12496,7165,26768.2023,6261.7557,18743.3214,19114.6034,45.5655,45.5207,1.8333,50.336,99.87,98.67
12516,7177,26813.7156,6272.4024,18774.8929,19147.3887,45.5664,45.5207,1.6667,50.436,100.71,99.51
12538,7189,26858.0688,6282.7778,18806.3214,19178.6893,45.5652,45.5207,1.8333,50.537,100.25,98.99
12558,7201,26903.5821,6293.4245,18837.8929,19211.4745,45.5661,45.5207,1.6667,50.637,99.95,98.75
12580,7213,26947.9353,6303.7998,18869.3214,19242.7752,45.5650,45.5207,1.8333,50.739,102.23,100.77
12600,7225,26993.4486,6314.4465,18900.8929,19275.5604,45.5658,45.5207,1.6667,50.841,101.83,100.60
12622,7237,27037.8018,6324.8218,18932.3214,19306.8611,45.5647,45.5207,1.8333,50.941,100.04,98.78
12642,7249,27083.3151,6335.4685,18963.8929,19339.6463,45.5656,45.5207,1.6667,51.041,99.94,98.81
12662,7261,27126.8116,6345.6434,18995.1071,19369.9572,45.5633,45.4843,1.6667,51.140,99.56,98.37
12684,7273,27173.1816,6356.4906,19026.8929,19403.7322,45.5653,45.5207,1.8333,51.240,100.13,98.85
12704,7285,27216.6781,6366.6655,19058.1071,19434.0431,45.5631,45.5207,1.6667,51.340,100.16,98.99
12726,7297,27263.0481,6377.5126,19089.8929,19467.8181,45.5651,45.5207,1.8333,51.440,99.83,98.57
12746,7309,27306.5446,6387.6875,19121.1071,19498.1290,45.5628,45.5207,1.6667,51.539,98.87,97.68
12768,7321,27352.0578,6398.3342,19152.6786,19530.9142,45.5637,45.5207,1.8333,51.639,99.82,98.59
12788,7333,27396.4111,6408.7095,19184.1071,19562.2148,45.5626,45.5207,1.6667,51.738,98.80,97.64
12810,7345,27441.9243,6419.3562,19215.6786,19595.0001,45.5635,45.5207,1.8333,51.837,99.49,98.28
12830,7357,27486.2775,6429.7316,19247.1071,19626.3007,45.5624,45.5207,1.6667,51.937,99.65,98.49
12852,7369,27530.3990,6440.0527,19277.3214,19658.4674,45.5643,45.5207,1.8333,52.036,98.82,97.62
12872,7381,27575.9123,6450.6994,19308.8929,19691.2526,45.5652,45.6197,1.6667,52.134,98.50,97.36
12894,7393,27620.2655,6461.0747,19340.3214,19722.5533,45.5641,45.5207,1.8333,52.233,98.91,97.64
12914,7405,27665.7788,6471.7214,19371.8929,19755.3385,45.5649,45.5207,1.6667,52.332,98.60,97.45
12936,7417,27710.1320,6482.0968,19403.3214,19786.6391,45.5639,45.5207,1.8333,52.431,99.17,97.93
12956,7429,27755.6452,6492.7435,19434.8929,19819.4244,45.5647,45.5207,1.6667,52.529,98.53,97.40
12978,7441,27799.9985,6503.1188,19466.3214,19850.7250,45.5636,45.5207,1.8333,52.628,98.78,97.54
12998,7453,27845.5117,6513.7655,19497.8929,19883.5103,45.5645,45.5207,1.6667,52.727,99.16,97.98
13020,7465,27889.8649,6524.1408,19529.3214,19914.8109,45.5634,45.5207,1.8333,52.827,99.73,98.50
13040,7477,27935.3782,6534.7875,19560.8929,19947.5961,45.5642,45.5207,1.6667,52.925,97.99,96.86
13060,7489,27978.8747,6544.9624,19592.1071,19977.9070,45.5620,45.5207,1.6667,53.023,98.26,97.10
13082,7501,28025.2447,6555.8096,19623.8929,20011.6820,45.5640,45.5207,1.8333,53.122,98.66,97.42
13102,7513,28068.7412,6565.9845,19655.1071,20041.9929,45.5618,45.5207,1.6667,53.221,99.05,97.91
13124,7525,28114.2545,6576.6312,19686.6786,20074.7782,45.5626,45.4843,1.8333,53.321,99.94,98.73
13144,7537,28158.6077,6587.0065,19718.1071,20106.0788,45.5616,45.5207,1.6667,53.420,99.28,98.11
13166,7549,28204.1210,6597.6532,19749.6786,20138.8640,45.5624,45.5207,1.8333,53.519,98.70,97.48
13186,7561,28248.4742,6608.0285,19781.1071,20170.1647,45.5613,45.5207,1.6667,53.617,98.45,97.30
13208,7573,28292.5956,6618.3497,19811.3214,20202.3313,45.5633,45.5567,1.8333,53.717,99.26,98.01
13228,7585,28338.1089,6628.9964,19842.8929,20235.1166,45.5641,45.6197,1.6667,53.816,98.96,97.80
13250,7597,28382.4621,6639.3717,19874.3214,20266.4172,45.5630,45.5207,1.8333,53.914,98.59,97.38
13270,7609,28427.9754,6650.0184,19905.8929,20299.2025,45.5639,45.5207,1.6667,54.013,98.56,97.41
13292,7621,28472.3286,6660.3937,19937.3214,20330.5031,45.5628,45.5207,1.8333,54.112,99.07,97.84
13312,7633,28517.8419,6671.0404,19968.8929,20363.2883,45.5636,45.5207,1.6667,54.211,99.02,97.85
13334,7645,28562.1951,6681.4158,20000.3214,20394.5890,45.5626,45.5207,1.8333,54.311,100.30,99.03
13354,7657,28607.7084,6692.0625,20031.8929,20427.3742,45.5634,45.5207,1.6667,54.411,99.33,98.16
13376,7669,28652.0616,6702.4378,20063.3214,20458.6748,45.5623,45.5207,1.8333,54.509,98.68,97.46
13396,7681,28697.5749,6713.0845,20094.8929,20491.4601,45.5632,45.5207,1.6667,54.608,98.33,97.19
13416,7693,28741.0714,6723.2594,20126.1071,20521.7710,45.5610,45.4843,1.6667,54.707,99.56,98.36
13438,7705,28787.4414,6734.1065,20157.8929,20555.5460,45.5629,45.5207,1.8333,54.805,98.26,97.04
13458,7717,28830.9379,6744.2814,20189.1071,20585.8569,45.5608,45.5207,1.6667,54.904,98.45,97.30
13480,7729,28877.3079,6755.1286,20220.8929,20619.6319,45.5627,45.5207,1.8333,55.002,98.35,97.15
13500,7741,28920.8044,6765.3035,20252.1071,20649.9427,45.5606,45.5207,1.6667,55.101,98.86,97.70
13522,7753,28966.3176,6775.9502,20283.6786,20682.7280,45.5614,45.5207,1.8333,55.200,99.37,98.14
13542,7765,29010.6709,6786.3255,20315.1071,20714.0286,45.5604,45.5207,1.6667,55.299,98.89,97.75
13564,7777,29056.1841,6796.9722,20346.6786,20746.8139,45.5612,45.5207,1.8333,55.399,99.89,98.65
13584,7789,29100.5374,6807.3475,20378.1071,20778.1145,45.5601,45.5207,1.6667,55.498,98.41,97.29
13606,7801,29144.6588,6817.6687,20408.3214,20810.2812,45.5620,45.5207,1.8333,55.597,99.23,98.00
13626,7813,29190.1720,6828.3154,20439.8929,20843.0664,45.5628,45.5207,1.6667,55.696,99.65,98.43
13648,7825,29234.5253,6838.6907,20471.3214,20874.3670,45.5618,45.5207,1.8333,55.796,99.23,98.01
13668,7837,29280.0385,6849.3374,20502.8929,20907.1523,45.5626,45.5207,1.6667,55.894,98.47,97.32
13690,7849,29324.3918,6859.7127,20534.3214,20938.4529,45.5616,45.5207,1.8333,55.993,98.83,97.62
13710,7861,29369.9050,6870.3594,20565.8929,20971.2382,45.5624,45.5207,1.6667,56.091,98.25,97.11
13732,7873,29414.2583,6880.7348,20597.3214,21002.5388,45.5614,45.5207,1.8333,56.191,99.67,98.43
13752,7885,29459.7715,6891.3815,20628.8929,21035.3240,45.5622,45.5207,1.6667,56.289,98.35,97.19
13772,7897,29503.2681,6901.5564,20660.1071,21065.6349,45.5601,45.4843,1.6667,56.388,98.91,97.74
13794,7909,29549.6380,6912.4035,20691.8929,21099.4099,45.5619,45.5207,1.8333,56.487,98.33,97.11
13814,7921,29593.1346,6922.5784,20723.1071,21129.7208,45.5599,45.5207,1.6667,56.585,98.98,97.83
13836,7933,29639.5045,6933.4255,20754.8929,21163.4958,45.5617,45.5207,1.8333,56.685,99.57,98.35
13856,7945,29683.0011,6943.6005,20786.1071,21193.8067,45.5597,45.5207,1.6667,56.784,98.78,97.63
13878,7957,29728.5143,6954.2471,20817.6786,21226.5919,45.5605,45.4843,1.8333,56.883,98.69,97.45
13898,7969,29772.8676,6964.6225,20849.1071,21257.8926,45.5594,45.5207,1.6667,56.981,98.77,97.61
13920,7981,29818.3808,6975.2692,20880.6786,21290.6778,45.5602,45.5207,1.8333,57.080,99.16,97.94
13940,7993,29862.7341,6985.6445,20912.1071,21321.9785,45.5592,45.5207,1.6667,57.180,99.26,98.10
13962,8005,29906.8554,6995.9656,20942.3214,21354.1451,45.5611,45.5567,1.8333,57.279,99.15,97.90
13982,8017,29952.3687,7006.6123,20973.8929,21386.9304,45.5618,45.6197,1.6667,57.379,100.14,98.97
14004,8029,29996.7219,7016.9877,21005.3214,21418.2310,45.5608,45.5207,1.8333,57.478,98.79,97.56
14024,8041,30042.2352,7027.6344,21036.8929,21451.0162,45.5616,45.5207,1.6667,57.577,99.46,98.26
14046,8053,30086.5884,7038.0097,21068.3214,21482.3169,45.5606,45.5207,1.8333,57.677,99.51,98.20
14066,8065,30132.1017,7048.6564,21099.8929,21515.1021,45.5614,45.5207,1.6667,57.775,98.60,97.45
14088,8077,30176.4549,7059.0317,21131.3214,21546.4028,45.5604,45.5207,1.8333,57.874,98.83,97.61
14108,8089,30221.9682,7069.6784,21162.8929,21579.1880,45.5612,45.5207,1.6667,57.972,98.14,96.99
14130,8101,30266.3214,7080.0538,21194.3214,21610.4886,45.5602,45.5207,1.8333,58.071,98.31,97.10
14150,8113,30311.8347,7090.7005,21225.8929,21643.2739,45.5610,45.5207,1.6667,58.169,98.06,96.90
14170,8125,30355.3312,7100.8754,21257.1071,21673.5848,45.5590,45.5207,1.6667,58.268,99.52,98.36
14192,8137,30401.7012,7111.7225,21288.8929,21707.3598,45.5608,45.5207,1.8333,58.367,99.02,97.78
14212,8149,30445.1977,7121.8974,21320.1071,21737.6706,45.5588,45.5207,1.6667,58.466,98.67,97.48
14234,8161,30491.5677,7132.7445,21351.8929,21771.4456,45.5606,45.5207,1.8333,58.565,98.75,97.53
14254,8173,30535.0642,7142.9195,21383.1071,21801.7565,45.5586,45.5207,1.6667,58.664,99.00,97.84
14276,8185,30580.5775,7153.5662,21414.6786,21834.5418,45.5593,45.5207,1.8333,58.762,98.65,97.45
14296,8197,30624.9307,7163.9415,21446.1071,21865.8424,45.5584,45.5207,1.6667,58.861,99.18,97.98
14318,8209,30670.4440,7174.5882,21477.6786,21898.6277,45.5591,45.5207,1.8333,58.962,100.69,99.43
14338,8221,30714.7972,7184.9635,21509.1071,21929.9283,45.5582,45.5207,1.6667,59.063,100.42,99.24
14360,8233,30758.9186,7195.2846,21539.3214,21962.0949,45.5599,45.5207,1.8333,59.163,100.14,98.91
14380,8245,30804.4319,7205.9313,21570.8929,21994.8802,45.5607,45.5207,1.6667,59.264,100.83,99.61
14402,8257,30848.7851,7216.3067,21602.3214,22026.1808,45.5597,45.5207,1.8333,59.365,100.97,99.73
14422,8269,30894.2984,7226.9534,21633.8929,22058.9661,45.5605,45.5207,1.6667,59.464,99.30,98.10
14444,8281,30938.6516,7237.3287,21665.3214,22090.2667,45.5595,45.5207,1.8333,59.564,100.51,99.28
14464,8293,30984.1649,7247.9754,21696.8929,22123.0520,45.5603,45.5207,1.6667,59.663,99.01,97.85
14486,8305,31028.5181,7258.3507,21728.3214,22154.3526,45.5593,45.5207,1.8333,59.763,99.55,98.32
14506,8317,31074.0314,7268.9974,21759.8929,22187.1378,45.5601,45.5207,1.6667,59.868,104.76,103.59
14526,8329,31117.5279,7279.1724,21791.1071,22217.4487,45.5581,45.4843,1.6667,59.968,100.61,99.44
14548,8341,31163.8979,7290.0195,21822.8929,22251.2237,45.5599,45.5207,1.8333,60.068,99.43,98.20
14568,8353,31207.3944,7300.1944,21854.1071,22281.5346,45.5579,45.5207,1.6667,60.168,99.93,98.66
14590,8365,31253.7644,7311.0415,21885.8929,22315.3096,45.5597,45.5207,1.8333,60.267,99.81,98.59
14610,8377,31297.2609,7321.2164,21917.1071,22345.6205,45.5577,45.5207,1.6667,60.367,99.91,98.64
14632,8389,31342.7742,7331.8631,21948.6786,22378.4057,45.5585,45.4843,1.8333,60.468,100.74,99.50
14652,8401,31387.1274,7342.2385,21980.1071,22409.7064,45.5575,45.5207,1.6667,60.567,99.35,98.14
14674,8413,31432.6407,7352.8852,22011.6786,22442.4916,45.5583,45.5207,1.8333,60.667,99.93,98.57
14694,8425,31476.9939,7363.2605,22043.1071,22473.7922,45.5573,45.5207,1.6667,60.768,100.40,99.11
14716,8437,31521.1153,7373.5816,22073.3214,22505.9589,45.5591,45.5567,1.8333,60.867,99.33,98.08
14736,8449,31566.6285,7384.2283,22104.8929,22538.7441,45.5598,45.6197,1.6667,60.967,100.22,99.05
14758,8461,31610.9818,7394.6036,22136.3214,22570.0448,45.5589,45.5207,1.8333,61.066,98.39,97.14
14778,8473,31656.4950,7405.2503,22167.8929,22602.8300,45.5596,45.5207,1.6667,61.164,98.64,97.51
14800,8485,31700.8483,7415.6257,22199.3214,22634.1307,45.5587,45.5207,1.8333,61.263,98.96,97.75
14820,8497,31746.3615,7426.2724,22230.8929,22666.9159,45.5594,45.5207,1.6667,61.362,98.99,97.82
14842,8509,31790.7148,7436.6477,22262.3214,22698.2165,45.5585,45.5207,1.8333,61.461,98.79,97.58
14862,8521,31836.2280,7447.2944,22293.8929,22731.0018,45.5592,45.5207,1.6667,61.559,98.25,97.09
14884,8533,31880.5813,7457.6697,22325.3214,22762.3024,45.5583,45.5207,1.8333,61.658,99.05,97.80
14904,8545,31926.0945,7468.3164,22356.8929,22795.0877,45.5590,45.5207,1.6667,61.757,98.16,97.03
14924,8557,31969.5911,7478.4914,22388.1071,22825.3986,45.5571,45.5207,1.6667,61.856,99.46,98.30
14946,8569,32015.9610,7489.3385,22419.8929,22859.1735,45.5588,45.5207,1.8333,61.954,98.33,97.12
14966,8581,32059.4576,7499.5134,22451.1071,22889.4844,45.5569,45.5207,1.6667,62.053,98.87,97.71
14988,8593,32104.9709,7510.1601,22482.6786,22922.2697,45.5577,45.4843,1.8333,62.152,99.11,97.89
15008,8605,32149.3241,7520.5354,22514.1071,22953.5703,45.5568,45.5207,1.6667,62.251,99.11,97.96
15030,8617,32194.8374,7531.1821,22545.6786,22986.3556,45.5575,45.5207,1.8333,62.350,98.97,97.74
15050,8629,32239.1906,7541.5575,22577.1071,23017.6562,45.5566,45.5207,1.6667,62.449,98.79,97.61
15072,8641,32283.3120,7551.8786,22607.3214,23049.8229,45.5583,45.5567,1.8333,62.548,98.94,97.73
15092,8653,32329.0571,7562.5795,22640.1071,23081.7421,45.5564,45.5207,1.6667,62.647,99.21,98.05
15114,8665,32373.1785,7572.9006,22670.3214,23113.9087,45.5581,45.5207,1.8333,62.746,99.07,97.82
15134,8677,32418.6917,7583.5473,22701.8929,23146.6940,45.5588,45.5207,1.6667,62.845,99.00,97.84
15156,8689,32463.0450,7593.9226,22733.3214,23177.9946,45.5579,45.5207,1.8333,62.945,99.51,98.28
15176,8701,32508.5582,7604.5693,22764.8929,23210.7799,45.5586,45.5207,1.6667,63.044,98.79,97.61
15198,8713,32552.9115,7614.9447,22796.3214,23242.0805,45.5577,45.5207,1.8333,63.143,99.13,97.88
15218,8725,32598.4247,7625.5914,22827.8929,23274.8657,45.5584,45.5207,1.6667,63.242,98.79,97.62
15240,8737,32642.7780,7635.9667,22859.3214,23306.1664,45.5575,45.5207,1.8333,63.341,98.99,97.76
15260,8749,32688.2912,7646.6134,22890.8929,23338.9516,45.5582,45.5207,1.6667,63.440,99.34,98.18
15280,8761,32731.7878,7656.7884,22922.1071,23369.2625,45.5564,45.4843,1.6667,63.538,98.45,97.33
15302,8773,32778.1577,7667.6354,22953.8929,23403.0375,45.5580,45.5207,1.8333,63.639,100.23,99.00
15322,8785,32821.6543,7677.8104,22985.1071,23433.3484,45.5562,45.5207,1.6667,63.739,100.61,99.41
15344,8797,32868.0242,7688.6575,23016.8929,23467.1234,45.5578,45.5207,1.8333,63.840,100.95,99.69
15364,8809,32911.5208,7698.8324,23048.1071,23497.4343,45.5560,45.5207,1.6667,63.940,99.37,98.17
15386,8821,32957.0341,7709.4791,23079.6786,23530.2195,45.5567,45.5207,1.8333,64.039,99.80,98.55
15406,8833,33001.3874,7719.8545,23111.1071,23561.5201,45.5558,45.5207,1.6667,64.140,101.03,99.82
15428,8845,33046.9006,7730.5011,23142.6786,23594.3054,45.5565,45.5207,1.8333,64.240,99.40,98.17
15448,8857,33091.2539,7740.8765,23174.1071,23625.6060,45.5556,45.5207,1.6667,64.338,98.58,97.42
15470,8869,33135.3752,7751.1976,23204.3214,23657.7727,45.5573,45.5207,1.8333,64.438,99.30,98.09
15490,8881,33180.8884,7761.8443,23235.8929,23690.5579,45.5580,45.6197,1.6667,64.539,100.90,99.66
15512,8893,33225.2417,7772.2196,23267.3214,23721.8586,45.5571,45.5207,1.8333,64.639,100.58,99.36
15532,8905,33270.7549,7782.8663,23298.8929,23754.6438,45.5578,45.5207,1.6667,64.738,99.31,98.14
15554,8917,33315.1082,7793.2417,23330.3214,23785.9444,45.5569,45.5207,1.8333,64.837,98.81,97.55
15574,8929,33360.6214,7803.8883,23361.8929,23818.7297,45.5576,45.5207,1.6667,64.936,98.90,97.73
15596,8941,33404.9747,7814.2637,23393.3214,23850.0303,45.5567,45.5207,1.8333,65.035,98.84,97.64
15616,8953,33450.4879,7824.9104,23424.8929,23882.8156,45.5575,45.5207,1.6667,65.133,97.98,96.83
15638,8965,33494.8412,7835.2857,23456.3214,23914.1162,45.5566,45.5207,1.8333,65.231,98.40,97.14
15658,8977,33540.3544,7845.9324,23487.8929,23946.9015,45.5573,45.5207,1.6667,65.330,98.29,97.13
15678,8989,33583.8510,7856.1074,23519.1071,23977.2123,45.5555,45.5207,1.6667,65.428,98.64,97.49
15700,9001,33630.2209,7866.9545,23550.8929,24010.9873,45.5571,45.5207,1.8333,65.527,98.34,97.14
15720,9013,33673.7176,7877.1294,23582.1071,24041.2982,45.5553,45.5207,1.6667,65.625,98.11,96.97
15742,9025,33719.2308,7887.7761,23613.6786,24074.0835,45.5560,45.4843,1.8333,65.724,99.57,98.33
15762,9037,33763.5841,7898.1514,23645.1071,24105.3841,45.5551,45.5207,1.6667,65.824,99.22,98.04
15784,9049,33809.0973,7908.7981,23676.6786,24138.1693,45.5558,45.5207,1.8333,65.922,98.70,97.49
15804,9061,33853.4506,7919.1735,23708.1071,24169.4700,45.5549,45.5207,1.6667,66.020,98.07,96.95
15826,9073,33897.5719,7929.4946,23738.3214,24201.6366,45.5565,45.5567,1.8333,66.120,99.18,97.98
15846,9085,33943.3171,7940.1955,23771.1071,24233.5559,45.5548,45.5207,1.6667,66.219,99.00,97.85
15868,9097,33987.4384,7950.5166,23801.3214,24265.7225,45.5564,45.5207,1.8333,66.319,99.99,98.74
15888,9109,34032.9516,7961.1633,23832.8929,24298.5078,45.5571,45.5207,1.6667,66.419,100.28,99.05
15910,9121,34077.3049,7971.5386,23864.3214,24329.8084,45.5562,45.5207,1.8333,66.520,100.80,99.55
15930,9133,34122.8181,7982.1853,23895.8929,24362.5936,45.5569,45.5207,1.6667,66.620,100.55,99.41
15952,9145,34167.1714,7992.5607,23927.3214,24393.8943,45.5560,45.5207,1.8333,66.722,102.28,101.05
15972,9157,34212.6846,8003.2074,23958.8929,24426.6795,45.5567,45.5207,1.6667,66.825,102.20,101.01
15994,9169,34257.0379,8013.5827,23990.3214,24457.9802,45.5558,45.5207,1.8333,66.925,100.74,99.46
16014,9181,34302.5511,8024.2294,24021.8929,24490.7654,45.5565,45.5207,1.6667,67.027,101.80,100.60
16034,9193,34346.0478,8034.4043,24053.1071,24521.0763,45.5548,45.4843,1.6667,67.129,101.36,100.10
16056,9205,34392.4176,8045.2514,24084.8929,24554.8513,45.5564,45.5207,1.8333,67.230,101.57,100.30
16076,9217,34435.9143,8055.4264,24116.1071,24585.1622,45.5546,45.5207,1.6667,67.331,101.21,99.99
16098,9229,34482.2841,8066.2735,24147.8929,24618.9372,45.5562,45.5207,1.8333,67.433,101.67,100.42
16118,9241,34525.7808,8076.4484,24179.1071,24649.2481,45.5544,45.5207,1.6667,67.535,101.90,100.69
16140,9253,34571.2940,8087.0951,24210.6786,24682.0333,45.5551,45.5207,1.8333,67.637,102.06,100.81
16160,9265,34615.6473,8097.4705,24242.1071,24713.3339,45.5543,45.5207,1.6667,67.738,101.15,99.94
16182,9277,34661.1605,8108.1171,24273.6786,24746.1192,45.5550,45.5207,1.8333,67.840,101.95,100.70
16202,9289,34705.5138,8118.4925,24305.1071,24777.4198,45.5541,45.5207,1.6667,67.942,101.48,100.30
16224,9301,34749.6351,8128.8136,24335.3214,24809.5865,45.5557,45.5207,1.8333,68.044,102.16,100.90
16244,9313,34795.1483,8139.4603,24366.8929,24842.3717,45.5564,45.6197,1.6667,68.146,102.05,100.86
16266,9325,34839.5016,8149.8356,24398.3214,24873.6724,45.5555,45.5207,1.8333,68.247,101.67,100.41
16286,9337,34885.0148,8160.4823,24429.8929,24906.4576,45.5562,45.5207,1.6667,68.349,101.67,100.46
16308,9349,34929.3681,8170.8576,24461.3214,24937.7582,45.5553,45.5207,1.8333,68.451,102.22,100.95
16328,9361,34974.8813,8181.5043,24492.8929,24970.5435,45.5560,45.5207,1.6667,68.553,102.07,100.88
16350,9373,35019.2346,8191.8797,24524.3214,25001.8441,45.5552,45.5207,1.8333,68.656,102.15,100.89
16370,9385,35064.7478,8202.5264,24555.8929,25034.6294,45.5558,45.5207,1.6667,68.757,101.26,100.07
16392,9397,35109.1011,8212.9017,24587.3214,25065.9300,45.5550,45.5207,1.8333,68.858,101.46,100.20
16412,9409,35154.6143,8223.5484,24618.8929,25098.7152,45.5557,45.5207,1.6667,68.959,101.23,100.02
16432,9421,35198.1110,8233.7234,24650.1071,25129.0261,45.5539,45.5207,1.6667,69.061,101.63,100.45
16454,9433,35244.4809,8244.5704,24681.8929,25162.8011,45.5555,45.5207,1.8333,69.163,101.46,100.16
16474,9445,35287.9775,8254.7454,24713.1071,25193.1120,45.5538,45.5207,1.6667,69.264,101.44,100.25
16496,9457,35333.4907,8265.3921,24744.6786,25225.8973,45.5545,45.4843,1.8333,69.366,101.79,100.52
16516,9469,35377.8440,8275.7674,24776.1071,25257.1979,45.5536,45.5207,1.6667,69.467,101.29,100.10
16538,9481,35423.3572,8286.4141,24807.6786,25289.9831,45.5543,45.5207,1.8333,69.569,102.04,100.78
16558,9493,35467.7105,8296.7895,24839.1071,25321.2838,45.5535,45.5207,1.6667,69.671,101.84,100.64
16580,9505,35511.8318,8307.1106,24869.3214,25353.4504,45.5550,45.5567,1.8333,69.773,102.05,100.78
16600,9517,35557.5770,8317.8115,24902.1071,25385.3696,45.5533,45.5207,1.6667,69.875,101.94,100.77
16622,9529,35601.6983,8328.1326,24932.3214,25417.5363,45.5548,45.5207,1.8333,69.978,103.06,101.83
16642,9541,35647.2115,8338.7793,24963.8929,25450.3216,45.5555,45.5207,1.6667,70.080,102.18,100.98
16664,9553,35691.5648,8349.1546,24995.3214,25481.6222,45.5547,45.5207,1.8333,70.182,101.90,100.64
16684,9565,35737.0780,8359.8013,25026.8929,25514.4074,45.5553,45.5207,1.6667,70.283,101.28,100.09
16706,9577,35781.4313,8370.1767,25058.3214,25545.7081,45.5545,45.5207,1.8333,70.385,101.40,100.13
16726,9589,35826.9446,8380.8233,25089.8929,25578.4933,45.5552,45.5207,1.6667,70.486,101.61,100.41
16748,9601,35871.2978,8391.1987,25121.3214,25609.7939,45.5543,45.5207,1.8333,70.588,101.92,100.67
16768,9613,35916.8111,8401.8454,25152.8929,25642.5792,45.5550,45.5207,1.6667,70.690,101.52,100.32
16788,9625,35960.3077,8412.0203,25184.1071,25672.8901,45.5533,45.4843,1.6667,70.791,101.50,100.31
16810,9637,36006.6776,8422.8674,25215.8929,25706.6651,45.5548,45.5207,1.8333,70.893,101.55,100.31
16830,9649,36050.1742,8433.0424,25247.1071,25736.9760,45.5532,45.5207,1.6667,70.995,102.24,101.04
16852,9661,36096.5441,8443.8895,25278.8929,25770.7510,45.5547,45.5207,1.8333,71.097,101.68,100.40
16872,9673,36140.0407,8454.0644,25310.1071,25801.0618,45.5530,45.5207,1.6667,71.199,101.72,100.53
16894,9685,36185.5539,8464.7111,25341.6786,25833.8471,45.5537,45.5207,1.8333,71.300,101.79,100.52
16914,9697,36229.9073,8475.0865,25373.1071,25865.1477,45.5528,45.5207,1.6667,71.402,101.26,100.04
16936,9709,36275.4205,8485.7331,25404.6786,25897.9330,45.5535,45.5207,1.8333,71.504,102.50,101.23
16956,9721,36319.7738,8496.1085,25436.1071,25929.2336,45.5527,45.5207,1.6667,71.607,102.43,101.20
16978,9733,36363.8950,8506.4296,25466.3214,25961.4003,45.5542,45.5207,1.8333,71.709,102.55,101.27
16998,9745,36409.4082,8517.0763,25497.8929,25994.1855,45.5548,45.6197,1.6667,71.811,101.77,100.55
17020,9757,36453.7615,8527.4516,25529.3214,26025.4861,45.5540,45.5207,1.8333,71.912,100.82,99.57
17040,9769,36499.2748,8538.0983,25560.8929,26058.2714,45.5547,45.5207,1.6667,72.012,100.17,98.94
17062,9781,36543.6281,8548.4736,25592.3214,26089.5720,45.5539,45.5207,1.8333,72.113,100.95,99.73
17082,9793,36589.1413,8559.1203,25623.8929,26122.3573,45.5545,45.5207,1.6667,72.214,100.82,99.61
17104,9805,36633.4946,8569.4957,25655.3214,26153.6579,45.5537,45.5207,1.8333,72.315,101.37,100.10
17124,9817,36679.0078,8580.1424,25686.8929,26186.4431,45.5544,45.5207,1.6667,72.415,100.51,99.22
17146,9829,36723.3611,8590.5177,25718.3214,26217.7438,45.5536,45.5207,1.8333,72.516,100.97,99.75
17166,9841,36768.8743,8601.1644,25749.8929,26250.5290,45.5542,45.5207,1.6667,72.617,100.68,99.53
17186,9853,36812.3710,8611.3394,25781.1071,26280.8399,45.5526,45.5207,1.6667,72.722,105.15,103.93
17208,9865,36858.7408,8622.1864,25812.8929,26314.6149,45.5540,45.5207,1.8333,72.824,101.45,100.22
17228,9877,36902.2375,8632.3614,25844.1071,26344.9258,45.5524,45.5207,1.6667,72.924,100.77,99.54
17250,9889,36947.7507,8643.0081,25875.6786,26377.7110,45.5531,45.4843,1.8333,73.025,100.45,99.17
17270,9901,36992.1040,8653.3834,25907.1071,26409.0117,45.5523,45.5207,1.6667,73.126,101.47,100.29
17292,9913,37037.6172,8664.0301,25938.6786,26441.7969,45.5529,45.5207,1.8333,73.227,100.86,99.61
17312,9925,37081.9705,8674.4055,25970.1071,26473.0976,45.5521,45.5207,1.6667,73.329,101.89,100.70
17334,9937,37126.0918,8684.7266,26000.3214,26505.2642,45.5536,45.5567,1.8333,73.431,101.74,100.47
17354,9949,37171.8370,8695.4275,26033.1071,26537.1834,45.5519,45.5207,1.6667,73.534,102.77,101.56
17376,9961,37215.9583,8705.7486,26063.3214,26569.3501,45.5534,45.5207,1.8333,73.636,102.21,100.97
17396,9973,37261.4715,8716.3953,26094.8929,26602.1353,45.5541,45.5207,1.6667,73.739,103.00,101.82
17418,9985,37305.8248,8726.7706,26126.3214,26633.4360,45.5533,45.5207,1.8333,73.842,102.82,101.52
17438,9997,37351.3380,8737.4173,26157.8929,26666.2212,45.5539,45.5207,1.6667,73.944,102.22,100.98
17460,10009,37395.6913,8747.7927,26189.3214,26697.5219,45.5531,45.5207,1.8333,74.047,102.74,101.47
17480,10021,37441.2045,8758.4393,26220.8929,26730.3071,45.5538,45.5207,1.6667,74.149,102.42,101.21
17502,10033,37485.5578,8768.8147,26252.3214,26761.6077,45.5530,45.5207,1.8333,74.252,102.47,101.20
17522,10045,37531.0710,8779.4614,26283.8929,26794.3930,45.5536,45.5207,1.6667,74.354,102.32,101.12
17542,10057,37574.5677,8789.6364,26315.1071,26824.7039,45.5520,45.4843,1.6667,74.456,102.37,101.16
17564,10069,37620.9375,8800.4834,26346.8929,26858.4789,45.5534,45.5207,1.8333,74.558,101.82,100.57
17584,10081,37664.4342,8810.6584,26378.1071,26888.7897,45.5518,45.5207,1.6667,74.661,103.30,102.11
17606,10093,37710.8040,8821.5055,26409.8929,26922.5647,45.5533,45.5207,1.8333,74.763,102.02,100.78
17626,10105,37754.3007,8831.6804,26441.1071,26952.8756,45.5517,45.5207,1.6667,74.865,101.90,100.72
17648,10117,37799.8139,8842.3271,26472.6786,26985.6609,45.5523,45.5207,1.8333,74.967,101.38,100.11
17668,10129,37844.1672,8852.7025,26504.1071,27016.9615,45.5515,45.5207,1.6667,75.069,101.97,100.78
17690,10141,37889.6804,8863.3491,26535.6786,27049.7468,45.5522,45.5207,1.8333,75.170,101.82,100.57
17710,10153,37934.0338,8873.7245,26567.1071,27081.0474,45.5514,45.5207,1.6667,75.272,101.88,100.69
17732,10165,37978.1550,8884.0456,26597.3214,27113.2140,45.5528,45.5207,1.8333,75.374,102.03,100.80
17752,10177,38023.6682,8894.6923,26628.8929,27145.9993,45.5535,45.6197,1.6667,75.476,101.83,100.66
17774,10189,38068.0215,8905.0676,26660.3214,27177.2999,45.5527,45.5207,1.8333,75.578,102.09,100.79
17794,10201,38113.5347,8915.7143,26691.8929,27210.0852,45.5533,45.5207,1.6667,75.680,102.14,100.94
17816,10213,38157.8880,8926.0896,26723.3214,27241.3858,45.5525,45.5207,1.8333,75.782,101.99,100.73
17836,10225,38203.4012,8936.7363,26754.8929,27274.1711,45.5532,45.5207,1.6667,75.884,101.71,100.52
17858,10237,38247.7545,8947.1117,26786.3214,27305.4717,45.5524,45.5207,1.8333,75.986,101.68,100.46
17878,10249,38293.2677,8957.7584,26817.8929,27338.2569,45.5530,45.5207,1.6667,76.087,101.31,100.13
17900,10261,38337.6210,8968.1337,26849.3214,27369.5576,45.5522,45.5207,1.8333,76.189,101.52,100.30
17920,10273,38383.1343,8978.7804,26880.8929,27402.3428,45.5529,45.5207,1.6667,76.290,101.33,100.15
17940,10285,38426.6309,8988.9554,26912.1071,27432.6537,45.5513,45.5207,1.6667,76.392,101.63,100.47
17962,10297,38473.0008,8999.8024,26943.8929,27466.4287,45.5527,45.5207,1.8333,76.493,101.35,100.10
17982,10309,38516.4975,9009.9774,26975.1071,27496.7396,45.5511,45.5207,1.6667,76.595,102.16,100.97
18004,10321,38562.0107,9020.6241,27006.6786,27529.5248,45.5518,45.4843,1.8333,76.697,101.70,100.40
18024,10333,38606.3640,9030.9995,27038.1071,27560.8255,45.5510,45.5207,1.6667,76.799,102.10,100.92
18046,10345,38651.8772,9041.6461,27069.6786,27593.6107,45.5516,45.5207,1.8333,76.901,101.96,100.64
18066,10357,38696.2305,9052.0215,27101.1071,27624.9113,45.5509,45.5207,1.6667,77.003,102.41,101.21
18088,10369,38740.3517,9062.3426,27131.3214,27657.0780,45.5523,45.5567,1.8333,77.106,102.59,101.30
18108,10381,38786.0970,9073.0435,27164.1071,27688.9972,45.5507,45.5207,1.6667,77.208,102.46,101.28
18130,10393,38830.2182,9083.3646,27194.3214,27721.1639,45.5521,45.5207,1.8333,77.310,101.83,100.57
18150,10405,38875.7314,9094.0113,27225.8929,27753.9491,45.5527,45.5207,1.6667,77.412,101.62,100.42
18172,10417,38920.0848,9104.3866,27257.3214,27785.2498,45.5520,45.5207,1.8333,77.513,101.47,100.21
18192,10429,38965.5980,9115.0333,27288.8929,27818.0350,45.5526,45.5207,1.6667,77.615,102.13,100.93
18214,10441,39009.9513,9125.4087,27320.3214,27849.3356,45.5518,45.5207,1.8333,77.719,103.74,102.41
18234,10453,39055.4645,9136.0554,27351.8929,27882.1209,45.5525,45.5207,1.6667,77.820,101.29,100.11
18256,10465,39099.8178,9146.4307,27383.3214,27913.4215,45.5517,45.5207,1.8333,77.922,101.33,100.08
18276,10477,39145.3310,9157.0774,27414.8929,27946.2068,45.5523,45.5207,1.6667,78.023,101.68,100.50
18296,10489,39188.8277,9167.2524,27446.1071,27976.5177,45.5508,45.4843,1.6667,78.125,101.84,100.67
18318,10501,39235.1975,9178.0994,27477.8929,28010.2926,45.5522,45.5207,1.8333,78.227,101.69,100.42
18338,10513,39278.6942,9188.2744,27509.1071,28040.6035,45.5506,45.5207,1.6667,78.329,102.08,100.89
18360,10525,39325.0640,9199.1215,27540.8929,28074.3785,45.5520,45.5207,1.8333,78.431,101.69,100.45
18380,10537,39368.5607,9209.2964,27572.1071,28104.6894,45.5505,45.5207,1.6667,78.532,101.61,100.45
18402,10549,39414.0739,9219.9431,27603.6786,28137.4747,45.5511,45.5207,1.8333,78.635,102.38,101.12
18422,10561,39458.4272,9230.3185,27635.1071,28168.7753,45.5503,45.5207,1.6667,78.737,102.09,100.90
18444,10573,39503.9404,9240.9652,27666.6786,28201.5605,45.5510,45.5207,1.8333,78.839,102.45,101.18
18464,10585,39548.2938,9251.3405,27698.1071,28232.8612,45.5502,45.5207,1.6667,78.942,102.42,101.20
18486,10597,39592.4150,9261.6616,27728.3214,28265.0278,45.5516,45.5207,1.8333,79.044,102.16,100.91
18506,10609,39637.9282,9272.3083,27759.8929,28297.8131,45.5522,45.6197,1.6667,79.146,102.01,100.82
18528,10621,39682.2815,9282.6836,27791.3214,28329.1137,45.5515,45.5207,1.8333,79.248,102.24,100.97
18548,10633,39727.7947,9293.3303,27822.8929,28361.8990,45.5521,45.5207,1.6667,79.350,101.62,100.41
18570,10645,39772.1480,9303.7057,27854.3214,28393.1996,45.5513,45.5207,1.8333,79.451,101.64,100.36
18590,10657,39817.6612,9314.3523,27885.8929,28425.9848,45.5519,45.5207,1.6667,79.553,102.02,100.80
18612,10669,39862.0145,9324.7277,27917.3214,28457.2855,45.5512,45.5207,1.8333,79.655,101.59,100.30
18632,10681,39907.5277,9335.3744,27948.8929,28490.0707,45.5518,45.5207,1.6667,79.756,101.32,100.14
18654,10693,39951.8810,9345.7497,27980.3214,28521.3714,45.5510,45.5207,1.8333,79.858,101.45,100.18
18674,10705,39997.3942,9356.3964,28011.8929,28554.1566,45.5516,45.5207,1.6667,79.959,101.00,99.82
18694,10717,40040.8910,9366.5714,28043.1071,28584.4675,45.5501,45.5207,1.6667,80.060,101.55,100.37
18716,10729,40087.2608,9377.4185,28074.8929,28618.2425,45.5515,45.5207,1.8333,80.162,101.51,100.25
18736,10741,40130.7575,9387.5934,28106.1071,28648.5534,45.5500,45.5207,1.6667,80.263,101.52,100.34
18758,10753,40176.2707,9398.2401,28137.6786,28681.3386,45.5506,45.4843,1.8333,80.365,101.78,100.49
18778,10765,40220.6240,9408.6155,28169.1071,28712.6392,45.5499,45.5207,1.6667,80.467,101.99,100.79
18800,10777,40266.1372,9419.2621,28200.6786,28745.4245,45.5505,45.5207,1.8333,80.569,102.16,100.92
18820,10789,40310.4905,9429.6375,28232.1071,28776.7251,45.5497,45.5207,1.6667,80.670,101.28,100.11
18842,10801,40354.6117,9439.9586,28262.3214,28808.8918,45.5511,45.5567,1.8333,80.773,102.24,100.98
18862,10813,40400.3570,9450.6595,28295.1071,28840.8110,45.5496,45.5207,1.6667,80.875,102.45,101.26
18884,10825,40444.4782,9460.9806,28325.3214,28872.9777,45.5509,45.5207,1.8333,80.978,102.64,101.38
18904,10837,40489.9914,9471.6273,28356.8929,28905.7629,45.5515,45.5207,1.6667,81.079,101.55,100.36
18926,10849,40534.3448,9482.0026,28388.3214,28937.0635,45.5508,45.5207,1.8333,81.181,101.37,100.13
18946,10861,40579.8579,9492.6493,28419.8929,28969.8488,45.5514,45.5207,1.6667,81.284,102.77,101.61
18968,10873,40624.2113,9503.0247,28451.3214,29001.1494,45.5507,45.5207,1.8333,81.385,101.12,99.90
18988,10885,40669.7245,9513.6714,28482.8929,29033.9347,45.5513,45.5207,1.6667,81.486,101.70,100.45
19010,10897,40714.0778,9524.0467,28514.3214,29065.2353,45.5505,45.5207,1.8333,81.588,101.50,100.25
19030,10909,40759.5910,9534.6934,28545.8929,29098.0206,45.5511,45.5207,1.6667,81.689,101.39,100.20
19050,10921,40803.0877,9544.8684,28577.1071,29128.3314,45.5496,45.4843,1.6667,81.791,101.76,100.57
19072,10933,40849.4575,9555.7154,28608.8929,29162.1064,45.5510,45.5207,1.8333,81.893,101.67,100.43
19092,10945,40892.9542,9565.8904,28640.1071,29192.4173,45.5495,45.5207,1.6667,81.994,101.56,100.37
19114,10957,40939.3240,9576.7375,28671.8929,29226.1923,45.5509,45.5207,1.8333,82.096,101.47,100.20
19134,10969,40982.8207,9586.9125,28703.1071,29256.5032,45.5494,45.5207,1.6667,82.197,101.70,100.50
19156,10981,41028.3339,9597.5591,28734.6786,29289.2885,45.5500,45.5207,1.8333,82.299,101.24,99.98
19176,10993,41072.6873,9607.9345,28766.1071,29320.5891,45.5492,45.5207,1.6667,82.400,101.63,100.42
19198,11005,41118.2004,9618.5812,28797.6786,29353.3743,45.5498,45.5207,1.8333,82.503,102.53,101.29
19218,11017,41162.5538,9628.9565,28829.1071,29384.6750,45.5491,45.5207,1.6667,82.605,102.28,101.06
19240,11029,41206.6750,9639.2776,28859.3214,29416.8416,45.5505,45.5207,1.8333,82.705,100.17,98.90
19260,11041,41252.1882,9649.9243,28890.8929,29449.6269,45.5510,45.6197,1.6667,82.805,99.86,98.67
19282,11053,41296.5415,9660.2996,28922.3214,29480.9275,45.5503,45.5207,1.8333,82.905,99.47,98.22
19302,11065,41342.0547,9670.9463,28953.8929,29513.7127,45.5509,45.5207,1.6667,83.003,98.47,97.33
19324,11077,41386.4080,9681.3217,28985.3214,29545.0134,45.5502,45.5207,1.8333,83.102,98.97,97.76
19344,11089,41431.9212,9691.9683,29016.8929,29577.7986,45.5508,45.5207,1.6667,83.201,98.76,97.61
19366,11101,41476.2745,9702.3437,29048.3214,29609.0993,45.5501,45.5207,1.8333,83.300,99.17,97.94
19386,11113,41521.7877,9712.9904,29079.8929,29641.8845,45.5506,45.5207,1.6667,83.399,99.36,98.18
19408,11125,41566.1410,9723.3657,29111.3214,29673.1851,45.5499,45.5207,1.8333,83.498,98.49,97.27
19428,11137,41611.6542,9734.0124,29142.8929,29705.9704,45.5505,45.5207,1.6667,83.596,98.15,97.00
19448,11149,41655.1510,9744.1874,29174.1071,29736.2813,45.5491,45.5207,1.6667,83.694,98.49,97.35
19470,11161,41701.5208,9755.0345,29205.8929,29770.0563,45.5504,45.5207,1.8333,83.793,98.63,97.39
19490,11173,41745.0175,9765.2094,29237.1071,29800.3672,45.5489,45.5207,1.6667,83.892,98.87,97.67
19512,11185,41790.5307,9775.8561,29268.6786,29833.1524,45.5495,45.4843,1.8333,83.991,98.99,97.72
19532,11197,41834.8840,9786.2315,29300.1071,29864.4530,45.5488,45.5207,1.6667,84.091,99.99,98.87
19554,11209,41880.3972,9796.8782,29331.6786,29897.2383,45.5494,45.5207,1.8333,84.192,100.74,99.52
19574,11221,41924.7505,9807.2535,29363.1071,29928.5389,45.5487,45.5207,1.6667,84.291,98.92,97.77
19596,11233,41968.8717,9817.5746,29393.3214,29960.7056,45.5500,45.5567,1.8333,84.391,100.33,99.08
19616,11245,42014.6171,9828.2756,29426.1071,29992.6248,45.5485,45.5207,1.6667,84.491,100.05,98.85
19638,11257,42058.7382,9838.5966,29456.3214,30024.7915,45.5498,45.5207,1.8333,84.589,98.35,97.15
19658,11269,42104.2514,9849.2433,29487.8929,30057.5767,45.5504,45.5207,1.6667,84.688,98.40,97.26
19680,11281,42148.6048,9859.6187,29519.3214,30088.8773,45.5497,45.5207,1.8333,84.786,98.33,97.13
19700,11293,42194.1179,9870.2653,29550.8929,30121.6626,45.5503,45.5207,1.6667,84.886,99.71,98.57
19722,11305,42238.4713,9880.6407,29582.3214,30152.9632,45.5496,45.5207,1.8333,84.984,98.60,97.40
19742,11317,42283.9845,9891.2874,29613.8929,30185.7485,45.5502,45.5207,1.6667,85.083,98.26,97.09
19764,11329,42328.3378,9901.6627,29645.3214,30217.0491,45.5495,45.5207,1.8333,85.181,98.31,97.08
19784,11341,42373.8510,9912.3094,29676.8929,30249.8343,45.5500,45.5207,1.6667,85.280,99.27,98.05
19804,11353,42417.3477,9922.4844,29708.1071,30280.1452,45.5486,45.4843,1.6667,85.381,100.58,99.40
19826,11365,42463.7175,9933.3315,29739.8929,30313.9202,45.5499,45.5207,1.8333,85.480,99.35,98.12
19846,11377,42507.2142,9943.5064,29771.1071,30344.2311,45.5485,45.5207,1.6667,85.579,99.18,98.00
19868,11389,42553.5840,9954.3535,29802.8929,30378.0061,45.5498,45.5207,1.8333,85.679,99.35,98.12
19888,11401,42597.0808,9964.5285,29834.1071,30408.3170,45.5484,45.5207,1.6667,85.779,100.64,99.49
19910,11413,42642.5939,9975.1752,29865.6786,30441.1022,45.5489,45.5207,1.8333,85.878,98.76,97.55
19930,11425,42686.9473,9985.5505,29897.1071,30472.4029,45.5482,45.5207,1.6667,85.977,99.04,97.88
19952,11437,42732.4605,9996.1972,29928.6786,30505.1881,45.5488,45.5207,1.8333,86.076,99.14,97.85
19972,11449,42776.8138,10006.5726,29960.1071,30536.4888,45.5481,45.5207,1.6667,86.176,99.35,98.10
19994,11461,42820.9350,10016.8936,29990.3214,30568.6554,45.5494,45.5207,1.8333,86.276,100.30,99.03
20014,11473,42866.4482,10027.5403,30021.8929,30601.4407,45.5500,45.6197,1.6667,86.375,99.49,98.33
20036,11485,42910.8015,10037.9156,30053.3214,30632.7413,45.5493,45.5207,1.8333,86.475,100.00,98.75
20056,11497,42956.3147,10048.5623,30084.8929,30665.5265,45.5498,45.5207,1.6667,86.574,98.91,97.75
20078,11509,43000.6680,10058.9377,30116.3214,30696.8272,45.5491,45.5207,1.8333,86.675,100.46,99.22
20098,11521,43046.1812,10069.5844,30147.8929,30729.6124,45.5497,45.5207,1.6667,86.774,99.64,98.48
20120,11533,43090.5346,10079.9597,30179.3214,30760.9130,45.5490,45.5207,1.8333,86.873,99.06,97.81
20140,11545,43136.0477,10090.6064,30210.8929,30793.6983,45.5496,45.5207,1.6667,86.972,98.42,97.27
20160,11557,43179.5445,10100.7814,30242.1071,30824.0092,45.5482,45.4843,1.6667,87.072,99.80,98.60
20182,11569,43225.9143,10111.6284,30273.8929,30857.7842,45.5495,45.5207,1.8333,87.171,99.39,98.16
20202,11581,43269.4110,10121.8034,30305.1071,30888.0951,45.5481,45.5207,1.6667,87.271,99.57,98.40
20224,11593,43315.7808,10132.6505,30336.8929,30921.8701,45.5493,45.5207,1.8333,87.370,99.70,98.48
20244,11605,43359.2775,10142.8255,30368.1071,30952.1809,45.5479,45.5207,1.6667,87.470,99.53,98.37
20266,11617,43404.7907,10153.4721,30399.6786,30984.9662,45.5485,45.4843,1.8333,87.570,100.27,98.94
20286,11629,43449.1440,10163.8475,30431.1071,31016.2668,45.5478,45.5207,1.6667,87.670,100.06,98.84
20308,11641,43494.6572,10174.4942,30462.6786,31049.0521,45.5484,45.5207,1.8333,87.770,99.45,98.23
20328,11653,43539.0106,10184.8695,30494.1071,31080.3527,45.5477,45.5207,1.6667,87.869,99.18,98.01
20350,11665,43583.1317,10195.1906,30524.3214,31112.5194,45.5490,45.5567,1.8333,87.968,99.15,97.92
20370,11677,43628.6449,10205.8373,30555.8929,31145.3046,45.5495,45.6197,1.6667,88.067,99.11,97.95
20392,11689,43672.9983,10216.2126,30587.3214,31176.6052,45.5488,45.5207,1.8333,88.166,99.33,98.13
20412,11701,43718.5114,10226.8593,30618.8929,31209.3905,45.5494,45.5207,1.6667,88.267,100.09,98.93
20434,11713,43762.8648,10237.2347,30650.3214,31240.6911,45.5487,45.5207,1.8333,88.365,98.74,97.50
20454,11725,43808.3780,10247.8814,30681.8929,31273.4764,45.5493,45.5207,1.6667,88.464,98.41,97.26
20476,11737,43852.7313,10258.2567,30713.3214,31304.7770,45.5486,45.5207,1.8333,88.562,98.62,97.40
20496,11749,43898.2445,10268.9034,30744.8929,31337.5622,45.5491,45.5207,1.6667,88.660,98.13,96.99
20518,11761,43942.5978,10279.2788,30776.3214,31368.8629,45.5485,45.5207,1.8333,88.759,98.21,97.00
20538,11773,43988.1110,10289.9254,30807.8929,31401.6481,45.5490,45.5207,1.6667,88.857,98.83,97.68
20558,11785,44031.6078,10300.1004,30839.1071,31431.9590,45.5476,45.5207,1.6667,88.956,98.75,97.58
20580,11797,44077.9775,10310.9475,30870.8929,31465.7340,45.5489,45.5207,1.8333,89.055,99.24,98.01
20600,11809,44121.4743,10321.1225,30902.1071,31496.0449,45.5475,45.5207,1.6667,89.155,99.29,98.12
20622,11821,44167.8440,10331.9695,30933.8929,31529.8199,45.5488,45.5207,1.8333,89.253,98.40,97.18
20642,11833,44211.3408,10342.1445,30965.1071,31560.1308,45.5474,45.5207,1.6667,89.352,98.63,97.49
20664,11845,44256.8540,10352.7912,30996.6786,31592.9160,45.5480,45.5207,1.8333,89.450,98.75,97.49
20684,11857,44301.2073,10363.1665,31028.1071,31624.2167,45.5473,45.5207,1.6667,89.550,99.02,97.88
20706,11869,44346.7205,10373.8132,31059.6786,31657.0019,45.5478,45.5207,1.8333,89.649,99.32,98.10
20726,11881,44391.0739,10384.1886,31091.1071,31688.3025,45.5472,45.5207,1.6667,89.747,98.60,97.45
20748,11893,44435.1950,10394.5096,31121.3214,31720.4692,45.5484,45.5207,1.8333,89.846,98.67,97.45
20768,11905,44480.7082,10405.1563,31152.8929,31753.2544,45.5490,45.5207,1.6667,89.945,98.78,97.61
20790,11917,44525.0615,10415.5317,31184.3214,31784.5551,45.5483,45.5207,1.8333,90.044,99.31,98.09
20810,11929,44570.5747,10426.1783,31215.8929,31817.3403,45.5488,45.5207,1.6667,90.144,99.43,98.24
20832,11941,44614.9281,10436.5537,31247.3214,31848.6410,45.5482,45.5207,1.8333,90.243,98.95,97.72
20852,11953,44660.4412,10447.2004,31278.8929,31881.4262,45.5487,45.5207,1.6667,90.341,98.34,97.20
20874,11965,44704.7946,10457.5757,31310.3214,31912.7268,45.5481,45.5207,1.8333,90.441,99.77,98.52
20894,11977,44750.3078,10468.2224,31341.8929,31945.5121,45.5486,45.5207,1.6667,90.539,98.26,97.11
20914,11989,44793.8045,10478.3974,31373.1071,31975.8230,45.5472,45.4843,1.6667,90.637,98.39,97.24
20936,12001,44840.1743,10489.2445,31404.8929,32009.5980,45.5485,45.5207,1.8333,90.736,98.36,97.14
20956,12013,44883.6711,10499.4194,31436.1071,32039.9089,45.5471,45.5207,1.6667,90.835,99.08,97.90
20978,12025,44930.0408,10510.2665,31467.8929,32073.6838,45.5484,45.5207,1.8333,90.935,99.97,98.68
20998,12037,44973.5376,10520.4415,31499.1071,32103.9947,45.5470,45.5207,1.6667,91.036,100.76,99.61
23094,13237,49457.7082,11569.4018,34640.3214,35304.0823,45.5456,45.5207,1.8333,101.162,101.95,100.69
25188,14437,53942.4144,12618.4873,37782.6786,38503.7987,45.5434,45.5207,1.8333,111.327,102.98,101.70
27282,15637,58426.5851,13667.4476,40923.8929,41703.8863,45.5425,45.5207,1.6667,121.504,101.44,100.25
29376,16837,62910.1317,14716.2619,44066.1071,44902.1181,45.5399,45.5207,1.6667,131.270,89.23,88.04
31470,18037,67393.4459,15765.0219,47207.1071,48101.2160,45.5389,45.5207,1.6667,140.579,101.73,100.53
33566,19237,71877.6167,16813.9822,50348.3214,51301.3036,45.5385,45.5207,1.8333,150.426,101.79,100.52
35660,20437,76362.3231,17863.0678,53490.6786,54501.0200,45.5373,45.4843,1.8333,160.590,101.36,100.11
37754,21637,80846.4939,18912.0281,56631.8929,57701.1076,45.5370,45.5207,1.6667,170.758,101.77,100.58
39848,22837,85330.0407,19960.8425,59774.1071,60899.3394,45.5354,45.5207,1.6667,180.933,102.26,101.11
41944,24037,89814.2114,21009.8028,62915.3214,64099.4270,45.5352,45.5207,1.8333,191.107,101.64,100.38
44038,25237,94297.5258,22058.5628,66056.3214,67298.5248,45.5347,45.5207,1.8333,200.161,88.30,87.07
46132,26437,98783.0887,23107.8488,69198.8929,70499.2310,45.5343,45.5207,1.8333,210.073,94.16,92.91
48226,27637,103266.4030,24156.6087,72339.8929,73698.3288,45.5339,45.5207,1.6667,219.548,88.61,87.45
50320,28837,107749.9499,25205.4231,75482.1071,76896.5607,45.5327,45.5207,1.6667,228.367,88.49,87.29
52416,30037,112234.1207,26254.3834,78623.3214,80096.6483,45.5327,45.5207,1.8333,238.323,101.31,100.06
54510,31237,116718.8272,27303.4691,81765.6786,83296.3647,45.5321,45.5207,1.8333,248.501,101.91,100.62
56604,32437,121202.9980,28352.4294,84906.8929,86496.4523,45.5321,45.5207,1.6667,258.683,101.37,100.19
58698,33637,125686.5450,29401.2438,88049.1071,89694.6841,45.5312,45.5207,1.6667,268.856,102.42,101.22
60792,34837,130169.8594,30450.0038,91190.1071,92893.7819,45.5310,45.5207,1.6667,279.029,102.00,100.79
62888,36037,134654.0302,31498.9641,94331.3214,96093.8695,45.5310,45.5207,1.8333,290.371,102.02,100.76
64982,37237,139138.7367,32548.0497,97473.6786,99293.5859,45.5306,45.4843,1.8333,300.031,87.68,86.43
67076,38437,143622.9075,33597.0101,100614.8929,102493.6735,45.5306,45.5207,1.6667,309.449,101.32,100.13
69170,39637,148106.4545,34645.8245,103757.1071,105691.9053,45.5299,45.5207,1.6667,319.302,101.39,100.12
71266,40837,152590.6253,35694.7848,106898.3214,108891.9929,45.5300,45.5207,1.8333,329.483,101.42,100.16
73360,42037,157073.9397,36743.5448,110039.3214,112091.0908,45.5298,45.5207,1.8333,339.657,101.88,100.62
75454,43237,161559.5027,37792.8308,113181.8929,115291.7969,45.5297,45.5207,1.8333,349.828,101.57,100.33
77548,44437,166042.8170,38841.5908,116322.8929,118490.8948,45.5296,45.5207,1.6667,359.994,101.27,100.03
79642,45637,170526.3641,39890.4052,119465.1071,121689.1266,45.5290,45.5207,1.6667,370.169,101.78,100.57
81738,46837,175010.5349,40939.3655,122606.3214,124889.2142,45.5290,45.5207,1.8333,380.341,102.13,100.92
83832,48037,179495.2414,41988.4511,125748.6786,128088.9306,45.5288,45.5207,1.8333,390.525,102.19,100.93
85926,49237,183979.4122,43037.4115,128889.8929,131289.0182,45.5288,45.5207,1.6667,400.705,100.00,98.82
88020,50437,188462.7266,44086.1714,132030.8929,134488.1160,45.5287,45.6197,1.6667,409.692,101.00,99.81
90114,51637,192946.2737,45134.9859,135173.1071,137686.3479,45.5282,45.5207,1.6667,419.602,95.05,93.87
92210,52837,197430.4445,46183.9462,138314.3214,140886.4354,45.5283,45.5207,1.8333,429.658,102.12,100.90
94304,54037,201915.1511,47233.0318,141456.6786,144086.1519,45.5281,45.4843,1.8333,439.833,101.90,100.64
96398,55237,206399.3218,48281.9922,144597.8929,147286.2395,45.5282,45.5207,1.6667,450.007,101.26,100.06
98492,56437,210882.8689,49330.8066,147740.1071,150484.4713,45.5277,45.5207,1.6667,460.182,101.35,100.16
100588,57637,215367.0397,50379.7669,150881.3214,153684.5589,45.5278,45.5207,1.8333,469.734,88.32,87.07
102682,58837,219850.3541,51428.5269,154022.3214,156883.6567,45.5277,45.5207,1.8333,479.267,96.70,95.45
104776,60037,224335.9171,52477.8129,157164.8929,160084.3629,45.5277,45.5207,1.8333,489.073,94.83,93.58
106870,61237,228819.2315,53526.5729,160305.8929,163283.4607,45.5276,45.5207,1.6667,497.970,88.05,86.86
108964,62437,233302.7786,54575.3873,163448.1071,166481.6925,45.5272,45.5207,1.6667,507.448,101.52,100.33
111060,63637,237786.9494,55624.3476,166589.3214,169681.7801,45.5273,45.5207,1.8333,517.630,101.85,100.57
113154,64837,242271.6559,56673.4333,169731.6786,172881.4966,45.5271,45.5207,1.8333,527.798,101.95,100.69
115248,66037,246755.8267,57722.3936,172872.8929,176081.5841,45.5272,45.5207,1.6667,537.973,101.40,100.20
117342,67237,251239.1411,58771.1536,176013.8929,179280.6820,45.5272,45.6197,1.6667,548.150,102.19,100.99
119436,68437,255722.6882,59819.9680,179156.1071,182478.9138,45.5268,45.5207,1.6667,558.328,102.06,100.88
121532,69637,260206.8590,60868.9283,182297.3214,185679.0014,45.5269,45.5207,1.8333,568.582,107.02,105.73
123626,70837,264691.5656,61918.0140,185439.6786,188878.7178,45.5268,45.5207,1.8333,579.982,111.06,109.72
125720,72037,269175.7364,62966.9743,188580.8929,192078.8054,45.5268,45.5207,1.6667,590.473,114.89,113.62
127814,73237,273659.2835,64015.7887,191723.1071,195277.0372,45.5265,45.5207,1.6667,601.456,115.46,114.18
129908,74437,278142.5979,65064.5487,194864.1071,198476.1351,45.5265,45.4843,1.6667,613.022,116.48,115.17
132004,75637,282626.7687,66113.5090,198005.3214,201676.2226,45.5266,45.5207,1.8333,624.605,116.87,115.50
134098,76837,287112.3316,67162.7950,201147.8929,204876.9288,45.5265,45.5207,1.8333,636.208,116.12,114.75
136192,78037,291595.6460,68211.5550,204288.8929,208076.0267,45.5265,45.5207,1.6667,647.804,116.16,114.86
138286,79237,296079.1932,69260.3694,207431.1071,211274.2585,45.5262,45.5207,1.6667,659.399,116.18,114.87
140382,80437,300563.3640,70309.3298,210572.3214,214474.3461,45.5263,45.5207,1.8333,670.982,115.82,114.45
142476,81637,305046.6783,71358.0897,213713.3214,217673.4439,45.5263,45.5567,1.8333,682.561,116.13,114.76
144570,82837,309532.2413,72407.3757,216855.8929,220874.1501,45.5263,45.5207,1.6667,694.135,115.21,113.91
146664,84037,314015.5557,73456.1357,219996.8929,224073.2479,45.5262,45.6197,1.6667,705.715,116.02,114.71
148758,85237,318499.1029,74504.9502,223139.1071,227271.4797,45.5260,45.5207,1.6667,717.290,115.46,114.20
150854,86437,322983.2736,75553.9105,226280.3214,230471.5673,45.5260,45.5207,1.8333,728.870,115.99,114.62
152948,87637,327467.9802,76602.9961,229422.6786,233671.2837,45.5259,45.5207,1.8333,740.466,115.91,114.52
155042,88837,331952.1510,77651.9565,232563.8929,236871.3713,45.5260,45.5207,1.6667,752.068,115.20,113.79
157136,90037,336435.6981,78700.7709,235706.1071,240069.6031,45.5257,45.5207,1.6667,763.503,102.92,101.72
159230,91237,340919.0125,79749.5309,238847.1071,243268.7010,45.5257,45.4843,1.6667,773.918,115.43,114.13
161326,92437,345403.1833,80798.4912,241988.3214,246468.7886,45.5258,45.5207,1.8333,785.181,116.03,114.67
163420,93637,349888.7463,81847.7772,245130.8929,249669.4947,45.5258,45.5207,1.8333,795.879,102.27,101.01
165514,94837,354372.0607,82896.5372,248271.8929,252868.5926,45.5258,45.5207,1.6667,806.057,102.46,101.27
167608,96037,358855.6078,83945.3516,251414.1071,256066.8244,45.5256,45.5207,1.6667,816.228,102.60,101.40
169704,97237,363339.7786,84994.3119,254555.3214,259266.9120,45.5256,45.5207,1.8333,826.413,101.75,100.50
171798,98437,367823.0930,86043.0719,257696.3214,262466.0098,45.5256,45.5567,1.8333,836.603,102.81,101.54
173892,99637,372308.6560,87092.3579,260838.8929,265666.7160,45.5256,45.5207,1.6667,846.775,100.75,99.62
174542,100009,373697.6701,87417.2832,261812.3214,266657.5728,45.5256,45.5207,1.8333,849.936,101.26,99.97
