generation,path_length_rings,euclid_distance,effective_rings,global_x,global_y,heading_running,heading_windowed,local_clock,elapsed_s,hop_ms,patch_ms
60,28,82.0543,25.8457,-33.6067,-77.3945,-112.9663,NaN,2.1429,0.114,113.66,80.38
81,41,112.9710,35.5839,-63.2748,-96.4879,-123.0947,-147.2360,1.6154,0.194,80.61,79.56
104,53,148.7941,46.8676,-82.8849,-126.4670,-123.1176,-135.1199,1.9167,0.277,82.52,81.45
125,65,183.7732,57.8854,-107.7087,-151.8823,-125.2710,-134.8512,1.7500,0.365,87.83,86.80
148,78,219.4387,69.1194,-128.3156,-180.9921,-125.2749,-132.4336,1.7692,0.453,88.52,87.42
169,90,252.2202,79.4450,-155.5392,-201.6308,-127.6167,-134.4638,1.7500,0.544,91.02,89.98
191,102,287.3119,90.4982,-177.2061,-229.2362,-127.6791,-133.4020,1.8333,0.635,91.18,90.03
214,114,323.2653,101.8229,-199.6344,-257.3415,-127.7805,-132.6961,1.9167,0.725,89.75,88.52
237,126,359.1209,113.1168,-226.7049,-281.6497,-128.8181,-133.3917,1.9167,0.812,87.29,86.19
258,138,393.5556,123.9632,-247.8125,-308.8629,-128.7289,-132.7818,1.7500,0.898,85.61,84.55
279,150,427.0627,134.5173,-272.7887,-331.7439,-129.4224,-133.2397,1.7500,0.983,85.30,84.29
302,162,462.7142,145.7469,-292.4225,-361.7344,-128.9422,-132.3095,1.9167,1.070,86.53,85.50
324,174,497.4006,156.6725,-317.6748,-385.8985,-129.4551,-132.6386,1.8333,1.157,87.53,86.51
345,186,531.2650,167.3392,-340.7894,-410.7284,-129.6782,-132.6620,1.7500,1.246,88.86,87.85
368,198,567.4205,178.7276,-364.0315,-438.4244,-129.6989,-132.4656,1.9167,1.334,88.11,87.04
391,210,603.2263,190.0058,-390.2882,-463.1420,-130.1181,-132.7580,1.9167,1.425,90.38,89.30
413,222,637.6258,200.8410,-412.0189,-489.8143,-130.0670,-132.5377,1.8333,1.514,89.25,88.15
436,234,673.1912,212.0435,-432.0028,-519.4650,-129.7443,-132.0253,1.9167,1.605,90.93,89.87
457,246,707.8287,222.9537,-459.7334,-541.4052,-130.3347,-132.5630,1.7500,1.695,90.11,89.08
478,258,741.5757,233.5834,-480.8933,-567.7090,-130.2655,-132.3725,1.7500,1.783,88.40,87.36
499,270,775.1899,244.1713,-505.8695,-590.5900,-130.5811,-131.8526,1.7500,1.873,89.30,88.25
522,282,810.7525,255.3729,-525.5032,-620.5805,-130.2562,-131.8534,1.9167,1.961,88.82,87.74
544,294,845.5198,266.3240,-550.7555,-644.7446,-130.5040,-131.9532,1.8333,2.052,90.18,89.17
566,306,878.6097,276.7467,-569.2655,-672.4406,-130.2487,-131.8999,1.8333,2.142,90.70,89.61
585,318,909.9664,286.6236,-597.2016,-689.8019,-130.8850,-132.1365,1.5833,2.233,90.72,89.74
608,330,945.4792,297.8095,-616.8117,-719.7810,-130.5943,-131.8654,1.9167,2.325,91.87,90.76
629,342,980.9335,308.9770,-641.6355,-745.1963,-130.7293,-132.1769,1.7500,2.419,93.84,92.77
652,355,1016.4443,320.1622,-662.2424,-774.3061,-130.5389,-131.4786,1.7692,2.510,91.39,90.28
673,367,1049.8485,330.6840,-689.4660,-794.9448,-130.9359,-132.2583,1.7500,2.605,94.81,93.75
695,379,1084.9006,341.7248,-711.1329,-822.5501,-130.8451,-131.7684,1.8333,2.699,94.02,92.94
718,391,1120.8312,353.0423,-733.5613,-850.6555,-130.7728,-132.0590,1.9167,2.794,94.66,93.51
741,403,1156.9278,364.4121,-760.6318,-874.9637,-131.0019,-132.1678,1.9167,2.888,94.57,93.40
764,415,1193.7571,376.0127,-783.8363,-903.5907,-130.9410,-131.9532,1.9167,2.982,93.40,92.28
786,427,1227.0618,386.5031,-803.1747,-930.8989,-130.7875,-131.7236,1.8333,3.074,92.30,91.16
805,439,1258.2402,396.3237,-830.2823,-948.6480,-131.1941,-132.1847,1.5833,3.166,92.38,91.38
826,451,1292.8443,407.2234,-849.5047,-977.7986,-130.9843,-131.8767,1.7500,3.259,92.75,91.65
847,463,1324.9575,417.3385,-871.4580,-1001.2651,-131.0354,-132.3683,1.7500,3.352,93.33,92.22
869,475,1359.9925,428.3739,-896.1625,-1026.2072,-131.1306,-131.9942,1.8333,3.447,95.00,93.90
892,487,1395.5011,439.5585,-917.1578,-1055.0103,-131.0020,-131.8370,1.9167,3.541,93.36,92.19
913,499,1429.1607,450.1607,-942.1340,-1077.8913,-131.1558,-131.8370,1.7500,3.634,92.96,91.83
933,511,1461.3124,460.2880,-965.8130,-1099.8916,-131.2872,-132.5715,1.6667,3.729,94.84,93.78
954,523,1494.3437,470.6922,-984.6879,-1127.2693,-131.1383,-131.9649,1.7500,3.827,98.35,97.25
976,535,1528.3144,481.3924,-1003.9888,-1155.5086,-130.9868,-131.9847,1.8333,3.927,100.05,98.88
997,548,1562.8497,492.2704,-1033.5784,-1175.5133,-131.3247,-131.9374,1.6154,4.025,98.50,97.36
1018,560,1595.8782,502.6738,-1052.4533,-1202.8911,-131.1845,-132.0424,1.7500,4.127,101.43,100.31
1040,572,1629.8453,513.3729,-1071.7541,-1231.1304,-131.0414,-131.5133,1.8333,4.229,101.76,100.53
1059,584,1659.7511,522.7927,-1099.3426,-1246.7189,-131.4064,-132.7766,1.5833,4.330,100.89,99.82
1080,596,1693.4740,533.4148,-1113.9490,-1278.7591,-131.0601,-131.2627,1.7500,4.432,102.07,100.95
1101,608,1728.2445,544.3669,-1141.6796,-1300.6994,-131.2755,-132.0013,1.7500,4.534,102.06,100.91
1124,621,1763.7198,555.5410,-1162.2865,-1329.8092,-131.1548,-131.8208,1.7692,4.633,99.16,97.97
1145,633,1797.1884,566.0830,-1189.5102,-1350.4479,-131.3753,-132.0499,1.7500,4.735,102.10,101.03
1168,645,1833.1043,577.3959,-1211.9385,-1378.5532,-131.3207,-132.0296,1.9167,4.837,101.69,100.52
1190,657,1867.0612,588.0917,-1231.2394,-1406.7926,-131.1933,-131.9713,1.8333,4.937,100.18,99.04
1211,669,1900.9408,598.7632,-1258.1939,-1428.2111,-131.3795,-131.7424,1.7500,5.037,99.80,98.65
1233,681,1936.2082,609.8718,-1280.6745,-1455.4071,-131.3467,-132.0747,1.8333,5.135,98.46,97.30
1255,693,1972.3263,621.2484,-1306.7597,-1480.5609,-131.4328,-132.2461,1.8333,5.234,99.04,97.87
1278,705,2007.8102,632.4252,-1326.3934,-1510.5515,-131.2865,-131.6139,1.9167,5.333,99.32,98.15
1300,717,2042.6319,643.3935,-1351.6458,-1534.7156,-131.3716,-132.1684,1.8333,5.434,101.00,99.83
1321,729,2076.5428,654.0748,-1374.7604,-1559.5455,-131.3974,-131.9305,1.7500,5.535,100.25,99.07
1343,741,2109.5974,664.4864,-1400.1887,-1581.1867,-131.5267,-132.0667,1.8333,5.632,97.69,96.55
1366,753,2145.2814,675.7263,-1417.9373,-1613.1147,-131.3163,-131.7248,1.9167,5.728,95.84,94.71
1387,765,2179.4210,686.4796,-1445.7316,-1634.1220,-131.5005,-132.7059,1.7500,5.824,95.62,94.51
1410,777,2213.1253,697.0959,-1461.6996,-1664.9748,-131.2808,-131.1755,1.9167,5.916,92.26,91.10
1429,789,2247.0324,707.7761,-1490.3563,-1684.9157,-131.4945,-132.2541,1.5833,6.010,94.00,93.03
1451,801,2282.0657,718.8109,-1512.0232,-1712.5211,-131.4427,-132.4453,1.8333,6.105,95.04,93.92
1474,813,2317.9793,730.1231,-1534.4515,-1740.6265,-131.3985,-131.3785,1.9167,6.203,97.40,96.22
1497,825,2354.1189,741.5064,-1561.5220,-1764.9346,-131.5015,-132.6327,1.9167,6.303,99.98,98.77
1520,837,2390.9355,753.1030,-1584.7265,-1793.5617,-131.4634,-131.9532,1.9167,6.402,99.82,98.61
1542,849,2423.9506,763.5022,-1603.2365,-1821.2576,-131.3578,-131.8999,1.8333,6.501,98.53,97.38
1561,861,2455.4594,773.4269,-1631.1725,-1838.6190,-131.5794,-132.1365,1.5833,6.597,96.61,95.59
1584,873,2490.9047,784.5916,-1650.7827,-1868.5980,-131.4591,-131.8450,1.9167,6.694,96.50,95.28
1605,885,2526.3878,795.7681,-1675.6065,-1894.0134,-131.4994,-132.3662,1.7500,6.793,98.72,97.66
1628,898,2561.8472,806.9372,-1696.2134,-1923.1232,-131.4132,-131.5103,1.7692,6.890,97.47,96.32
1649,910,2595.3422,817.4876,-1723.4370,-1943.7618,-131.5626,-132.1967,1.7500,6.990,99.60,98.51
1671,922,2630.3729,828.5216,-1745.1039,-1971.3672,-131.5168,-131.7684,1.8333,7.090,100.68,99.50
1694,934,2666.2841,839.8330,-1767.5322,-1999.4725,-131.4773,-132.0590,1.9167,7.192,101.59,100.35
1717,946,2703.0747,851.4214,-1794.5504,-2024.6902,-131.5524,-132.1115,1.9167,7.292,100.32,99.07
1738,958,2736.7950,862.0428,-1815.7103,-2050.9939,-131.5186,-131.8999,1.7500,7.388,95.78,94.69
1759,970,2770.4850,872.6545,-1840.6865,-2073.8749,-131.5917,-131.7989,1.7500,7.482,93.55,92.51
1782,982,2805.9528,883.8263,-1860.3202,-2103.8654,-131.4850,-132.0328,1.9167,7.575,93.04,91.93
1804,994,2840.7841,894.7975,-1885.5726,-2128.0296,-131.5437,-131.6861,1.8333,7.668,93.68,92.62
1825,1006,2874.6976,905.4797,-1908.6872,-2152.8595,-131.5603,-132.4951,1.7500,7.763,94.36,93.29
1847,1018,2907.7639,915.8950,-1934.1155,-2174.5007,-131.6523,-132.1891,1.8333,7.857,94.15,93.07
1870,1030,2943.4269,927.1282,-1951.8641,-2206.4287,-131.4974,-131.6861,1.9167,7.951,94.51,93.37
1891,1042,2977.5852,937.8875,-1979.6585,-2227.4360,-131.6302,-132.4442,1.7500,8.046,94.86,93.76
1914,1054,3011.2661,948.4964,-1995.6265,-2258.2887,-131.4673,-131.3447,1.9167,8.138,92.20,91.05
1933,1066,3044.3064,958.9035,-2023.5331,-2277.7061,-131.6188,-132.1877,1.5833,8.234,95.74,94.75
1955,1078,3080.2243,970.2170,-2045.9500,-2305.8351,-131.5830,-132.4150,1.8333,8.329,94.86,93.67
1978,1090,3115.0392,981.1831,-2066.0123,-2334.5744,-131.5082,-131.2434,1.9167,8.423,93.41,92.31
1999,1102,3148.9480,991.8638,-2092.9668,-2355.9930,-131.6172,-132.2156,1.7500,8.518,95.18,94.10
2022,1114,3186.6465,1003.7381,-2116.5564,-2385.4618,-131.5824,-131.8999,1.9167,8.610,92.50,91.34
2043,1126,3220.3400,1014.3510,-2141.5326,-2408.3428,-131.6446,-132.5447,1.7500,8.702,92.06,91.01
2065,1138,3253.6293,1024.8366,-2165.0994,-2431.9329,-131.6787,-132.1365,1.8333,8.795,92.78,91.71
2088,1150,3289.0644,1035.9980,-2184.7095,-2461.9120,-131.5866,-131.8654,1.9167,8.888,93.16,92.03
2109,1162,3324.5511,1047.1757,-2209.5333,-2487.3273,-131.6158,-132.1769,1.7500,8.984,95.69,94.63
2132,1175,3360.0020,1058.3421,-2230.1402,-2516.4371,-131.5489,-131.5345,1.7692,9.078,94.52,93.39
2153,1187,3393.5107,1068.8968,-2257.3638,-2537.0758,-131.6617,-132.2583,1.7500,9.176,97.77,96.73
2175,1199,3428.5375,1079.9296,-2279.0307,-2564.6812,-131.6256,-131.7684,1.8333,9.273,97.28,96.16
2198,1211,3464.4451,1091.2399,-2301.4590,-2592.7865,-131.5941,-132.0590,1.9167,9.370,96.31,95.13
2221,1223,3500.5975,1102.6272,-2328.5295,-2617.0947,-131.6613,-132.1678,1.9167,9.466,96.01,94.82
2242,1235,3534.9596,1113.4507,-2349.6371,-2644.3079,-131.6237,-131.8999,1.7500,9.559,92.82,91.68
2263,1247,3568.6555,1124.0643,-2374.6133,-2667.1889,-131.6795,-131.7989,1.7500,9.651,92.21,91.18
2286,1259,3604.1143,1135.2332,-2394.2471,-2697.1794,-131.5956,-132.0328,1.9167,9.744,92.88,91.77
2308,1271,3638.9507,1146.2061,-2419.4994,-2721.3435,-131.6403,-131.6861,1.8333,9.836,92.60,91.53
2329,1283,3672.8655,1156.8887,-2442.6140,-2746.1734,-131.6524,-132.4951,1.7500,9.931,94.69,93.64
2352,1295,3709.0067,1168.2725,-2465.8561,-2773.8694,-131.6364,-131.7166,1.9167,10.024,93.20,92.08
2375,1307,3744.9265,1179.5866,-2492.1129,-2798.5870,-131.6853,-132.1593,1.9167,10.119,95.27,94.12
2397,1319,3779.2976,1190.4129,-2513.8435,-2825.2593,-131.6624,-132.3856,1.8333,10.212,92.99,91.88
2420,1331,3814.7359,1201.5754,-2533.8274,-2854.9100,-131.5906,-131.4649,1.9167,10.308,95.57,94.42
2441,1343,3849.5579,1212.5437,-2561.5580,-2876.8502,-131.6826,-132.1640,1.7500,10.403,95.21,94.12
2462,1355,3883.2743,1223.1638,-2582.7179,-2903.1540,-131.6576,-131.7209,1.7500,10.495,92.06,90.99
2483,1367,3916.9720,1233.7780,-2607.6941,-2926.0350,-131.7081,-131.8526,1.7500,10.587,91.94,90.85
2506,1379,3952.4279,1244.9459,-2627.3278,-2956.0255,-131.6314,-131.8534,1.9167,10.679,92.00,90.89
2528,1391,3987.2660,1255.9193,-2652.5801,-2980.1896,-131.6719,-131.9532,1.8333,10.774,94.78,93.70
2550,1403,4020.2631,1266.3129,-2671.0902,-3007.8856,-131.6065,-131.8999,1.8333,10.869,95.04,93.91
2569,1415,4051.8053,1276.2481,-2699.0262,-3025.2469,-131.7389,-132.1365,1.5833,10.964,94.78,93.74
2592,1427,4087.2339,1287.4075,-2718.6363,-3055.2260,-131.6642,-131.8654,1.9167,11.059,95.51,94.35
2613,1439,4122.7228,1298.5859,-2743.4601,-3080.6413,-131.6872,-132.1769,1.7500,11.158,98.67,97.63
2636,1452,4158.1684,1309.7506,-2764.0670,-3109.7511,-131.6324,-131.4786,1.7692,11.254,96.01,94.83
2657,1464,4191.6855,1320.3079,-2791.2906,-3130.3898,-131.7232,-132.2583,1.7500,11.353,98.69,97.57
2679,1476,4226.7098,1331.3400,-2812.9575,-3157.9951,-131.6933,-131.7684,1.8333,11.451,98.48,97.37
2702,1488,4262.6150,1342.6495,-2835.3859,-3186.1005,-131.6672,-132.0590,1.9167,11.550,98.69,97.53
2725,1500,4298.7722,1354.0384,-2862.4564,-3210.4087,-131.7213,-132.1678,1.9167,11.648,98.21,97.03
2748,1512,4335.5823,1365.6329,-2885.6609,-3239.0357,-131.6984,-131.9532,1.9167,11.745,97.28,96.08
2770,1524,4368.5771,1376.0257,-2904.1709,-3266.7317,-131.6380,-131.6475,1.8333,11.843,97.22,96.08
2789,1536,4400.1235,1385.9622,-2932.1069,-3284.0930,-131.7597,-132.1847,1.5833,11.939,96.39,95.35
2810,1548,4434.6734,1396.8449,-2951.3293,-3313.2436,-131.6941,-131.8767,1.7500,12.035,96.05,94.96
2831,1560,4466.7983,1406.9637,-2973.2826,-3336.7101,-131.7042,-132.3683,1.7500,12.133,97.60,96.52
2853,1572,4501.8558,1418.0062,-2997.9871,-3361.6522,-131.7277,-131.9942,1.8333,12.232,99.12,97.97
2876,1584,4537.3277,1429.1792,-3018.9824,-3390.4553,-131.6835,-131.8370,1.9167,12.329,96.93,95.77
2897,1596,4571.0267,1439.7938,-3043.9586,-3413.3363,-131.7266,-131.8370,1.7500,12.425,96.48,95.46
2917,1608,4603.2073,1449.9301,-3067.6377,-3435.3366,-131.7643,-132.5715,1.6667,12.522,96.56,95.54
2938,1620,4636.2020,1460.3229,-3086.5125,-3462.7143,-131.7129,-131.9649,1.7500,12.620,97.90,96.83
2960,1632,4670.1271,1471.0087,-3105.8134,-3490.9536,-131.6592,-131.9847,1.8333,12.719,99.80,98.63
2981,1645,4704.7493,1481.9141,-3135.4030,-3510.9583,-131.7664,-131.9374,1.6154,12.818,98.56,97.42
3002,1657,4737.7437,1492.3067,-3154.2779,-3538.3361,-131.7162,-132.0424,1.7500,12.918,99.64,98.56
3024,1669,4771.6686,1502.9925,-3173.5787,-3566.5754,-131.6635,-131.5133,1.8333,13.016,98.81,97.65
3043,1681,4801.6646,1512.4407,-3201.1672,-3582.1639,-131.7858,-132.7766,1.5833,13.114,97.57,96.53
3064,1693,4835.2994,1523.0351,-3215.7736,-3614.2041,-131.6619,-131.2627,1.7500,13.214,99.74,98.64
3085,1705,4870.1279,1534.0055,-3243.5042,-3636.1444,-131.7340,-132.0013,1.7500,13.313,98.97,97.86
3108,1718,4905.5700,1545.1691,-3264.1111,-3665.2542,-131.6873,-131.8208,1.7692,13.408,95.78,94.65
3129,1730,4939.0925,1555.7281,-3291.3348,-3685.8929,-131.7639,-132.0499,1.7500,13.507,98.66,97.60
3151,1742,4974.1153,1566.7597,-3313.0017,-3713.4982,-131.7383,-132.0089,1.8333,13.606,99.34,98.21
3174,1754,5010.0189,1578.0687,-3335.4300,-3741.6036,-131.7157,-132.2444,1.9167,13.705,98.76,97.59
3197,1766,5046.8227,1589.6613,-3362.4482,-3766.8212,-131.7541,-131.7163,1.9167,13.804,98.89,97.68
3218,1778,5080.5370,1600.2807,-3383.6081,-3793.1249,-131.7346,-132.0126,1.7500,13.900,96.30,95.17
3239,1790,5114.2389,1610.8962,-3408.5843,-3816.0059,-131.7728,-132.2461,1.7500,13.997,96.11,94.99
3262,1802,5149.6880,1622.0620,-3428.2180,-3845.9965,-131.7134,-131.6139,1.9167,14.092,95.75,94.58
3284,1814,5184.5298,1633.0366,-3453.4704,-3870.1606,-131.7440,-132.1684,1.8333,14.189,97.03,95.95
3305,1826,5218.4459,1643.7196,-3476.5850,-3894.9905,-131.7519,-131.9305,1.7500,14.288,99.18,98.12
3327,1838,5251.5259,1654.1392,-3502.0133,-3916.6317,-131.8016,-132.0667,1.8333,14.386,97.95,96.83
3350,1850,5287.1634,1665.3644,-3519.7619,-3948.5597,-131.7144,-131.7248,1.9167,14.485,98.87,97.71
3371,1862,5321.3439,1676.1306,-3547.5562,-3969.5670,-131.7873,-132.7059,1.7500,14.584,98.50,97.40
3394,1874,5354.9960,1686.7305,-3563.5242,-4000.4198,-131.6947,-131.1755,1.9167,14.680,96.00,94.84
3413,1886,5388.9533,1697.4264,-3592.1809,-4020.3607,-131.7812,-132.2541,1.5833,14.779,98.93,97.88
3435,1898,5423.9753,1708.4578,-3613.8478,-4047.9661,-131.7575,-132.4453,1.8333,14.877,98.04,96.88
3458,1910,5459.8783,1719.7665,-3636.2761,-4076.0715,-131.7367,-131.3785,1.9167,14.975,98.59,97.42
3481,1922,5496.0399,1731.1568,-3663.3466,-4100.3796,-131.7786,-132.6327,1.9167,15.074,98.58,97.35
3504,1934,5532.8481,1742.7508,-3686.5511,-4129.0067,-131.7603,-131.9532,1.9167,15.171,96.88,95.71
3526,1946,5565.8375,1753.1418,-3705.0611,-4156.7026,-131.7125,-131.8999,1.8333,15.268,97.01,95.90
3545,1958,5597.3938,1763.0815,-3732.9971,-4174.0640,-131.8077,-132.1365,1.5833,15.364,96.56,95.55
3568,1970,5632.8151,1774.2386,-3752.6073,-4204.0430,-131.7531,-131.8654,1.9167,15.460,95.97,94.84
3589,1982,5668.3064,1785.4178,-3777.4311,-4229.4584,-131.7692,-132.1769,1.7500,15.559,98.19,97.13
3612,1995,5703.7458,1796.5806,-3798.0380,-4258.5682,-131.7288,-131.5345,1.7692,15.655,96.17,94.98
3633,2007,5737.2725,1807.1409,-3825.2616,-4279.2068,-131.7946,-132.2583,1.7500,15.753,98.64,97.56
3655,2019,5772.2939,1818.1720,-3846.9285,-4306.8122,-131.7723,-131.7684,1.8333,15.852,98.73,97.56
3678,2031,5808.1963,1829.4807,-3869.3568,-4334.9175,-131.7526,-132.0590,1.9167,15.951,98.64,97.44
3701,2043,5845.0022,1841.0739,-3896.3750,-4360.1352,-131.7856,-132.1115,1.9167,16.049,98.64,97.48
3722,2055,5878.7155,1851.6930,-3917.5349,-4386.4389,-131.7685,-131.8999,1.7500,16.145,95.66,94.59
3743,2067,5912.4192,1862.3091,-3942.5111,-4409.3199,-131.8013,-131.7989,1.7500,16.241,95.59,94.51
3766,2079,5947.8653,1873.4740,-3962.1449,-4439.3104,-131.7497,-132.0328,1.9167,16.338,97.43,96.27
3788,2091,5982.7088,1884.4491,-3987.3972,-4463.4746,-131.7761,-131.6861,1.8333,16.434,96.35,95.23
3809,2103,6016.6253,1895.1322,-4010.5118,-4488.3045,-131.7827,-132.4951,1.7500,16.533,98.36,97.27
3831,2115,6049.7074,1905.5525,-4035.9401,-4509.9457,-131.8257,-132.1891,1.8333,16.631,98.04,96.92
3854,2127,6085.3407,1916.7763,-4053.6887,-4541.8737,-131.7498,-131.6861,1.9167,16.730,99.52,98.33
3875,2139,6119.5248,1927.5437,-4081.4831,-4562.8810,-131.8130,-132.4442,1.7500,16.829,99.17,97.96
3898,2151,6153.1721,1938.1420,-4097.4511,-4593.7337,-131.7322,-131.3447,1.9167,16.926,96.35,95.19
3917,2163,6186.2437,1948.5590,-4125.3577,-4613.1511,-131.8054,-132.1877,1.5833,17.024,98.01,96.92
3939,2175,6222.1549,1959.8704,-4147.7746,-4641.2801,-131.7866,-132.4150,1.8333,17.123,98.75,97.61
3962,2187,6256.9539,1970.8315,-4167.8369,-4670.0194,-131.7482,-131.2434,1.9167,17.221,98.05,96.82
3983,2199,6290.8845,1981.5190,-4194.7914,-4691.4380,-131.8015,-132.2156,1.7500,17.320,99.23,98.10
4006,2211,6328.5763,1993.3913,-4218.3810,-4720.9068,-131.7829,-131.8999,1.9167,17.416,96.30,95.14
4027,2223,6362.2809,2004.0077,-4243.3572,-4743.7878,-131.8133,-132.5447,1.7500,17.513,96.48,95.34
4049,2235,6395.5755,2014.4949,-4266.9240,-4767.3779,-131.8298,-132.1365,1.8333,17.609,96.82,95.69
4072,2247,6430.9944,2025.6512,-4286.5341,-4797.3570,-131.7818,-131.8654,1.9167,17.705,95.39,94.16
4093,2259,6466.4865,2036.8306,-4311.3579,-4822.7723,-131.7958,-132.1769,1.7500,17.803,98.36,97.30
4115,2271,6499.5696,2047.2512,-4336.7862,-4844.4136,-131.8357,-132.2839,1.8333,17.901,97.71,96.55
4136,2283,6532.7711,2057.7091,-4353.7995,-4873.7402,-131.7754,-131.8370,1.7500,17.997,96.52,95.38
4157,2295,6568.0285,2068.8146,-4379.1233,-4898.3941,-131.7968,-131.7563,1.7500,18.096,98.04,96.93
4179,2307,6601.1116,2079.2352,-4404.5516,-4920.0354,-131.8362,-132.6231,1.8333,18.195,99.39,98.20
4200,2319,6634.0945,2089.6242,-4423.0616,-4947.7313,-131.7957,-131.9763,1.7500,18.295,99.95,98.81
4221,2331,6669.5705,2100.7985,-4446.8886,-4974.0159,-131.7978,-131.9374,1.7500,18.395,100.46,99.32
4243,2343,6702.6537,2111.2192,-4472.3170,-4995.6571,-131.8366,-131.9374,1.8333,18.496,100.72,99.49
4264,2355,6735.6366,2121.6082,-4490.8270,-5023.3531,-131.7968,-132.2365,1.7500,18.598,102.10,100.97
4285,2367,6770.8949,2132.7139,-4516.1507,-5048.0070,-131.8175,-131.8600,1.7500,18.698,99.99,98.83
4307,2379,6805.2826,2143.5455,-4538.6085,-5074.0563,-131.8122,-132.5663,1.8333,18.800,102.01,100.91
4330,2391,6841.4207,2154.9284,-4561.8506,-5101.7522,-131.8026,-131.7761,1.9167,18.901,100.81,99.67
4350,2403,6872.9018,2164.8444,-4582.8944,-5125.1663,-131.8033,-131.9625,1.6667,19.000,99.36,98.26
4373,2415,6909.2704,2176.2998,-4608.1059,-5151.4101,-131.8141,-132.4453,1.9167,19.105,105.07,103.85
4394,2427,6942.2608,2186.6912,-4626.9808,-5178.7878,-131.7795,-131.5671,1.7500,19.205,100.12,98.97
4414,2439,6974.4439,2196.8283,-4650.6598,-5200.7881,-131.8042,-132.0126,1.6667,19.305,99.40,98.30
4435,2451,7008.1496,2207.4451,-4675.6360,-5223.6691,-131.8317,-132.0126,1.7500,19.405,99.84,98.72
4458,2463,7043.5924,2218.6089,-4695.2697,-5253.6596,-131.7880,-131.3755,1.9167,19.505,100.38,99.20
4480,2475,7078.4377,2229.5846,-4720.5220,-5277.8238,-131.8100,-132.0903,1.8333,19.606,100.58,99.46
4502,2487,7111.6853,2240.0570,-4739.8605,-5305.1319,-131.7795,-131.6162,1.8333,19.706,100.46,99.29
4523,2499,7147.1518,2251.2283,-4767.5127,-5327.9835,-131.8227,-131.6922,1.7500,19.809,102.51,101.40
4546,2511,7183.0524,2262.5364,-4789.9410,-5356.0889,-131.8066,-132.1200,1.9167,19.911,101.94,100.73
4567,2523,7216.3423,2273.0221,-4813.1341,-5380.0075,-131.8172,-132.0239,1.7500,20.013,101.94,100.83
4590,2535,7253.1333,2284.6106,-4836.3124,-5408.6364,-131.8029,-131.4660,1.9167,20.115,102.57,101.39
4613,2547,7289.0516,2295.9243,-4862.5806,-5433.3304,-131.8274,-132.1485,1.9167,20.217,102.12,100.88
4636,2559,7325.2153,2307.3152,-4885.8374,-5461.0481,-131.8184,-132.0275,1.9167,20.320,102.43,101.20
4659,2571,7362.2048,2318.9663,-4910.6056,-5488.5213,-131.8195,-131.6457,1.9167,20.421,101.83,100.62
4681,2583,7396.8421,2329.8764,-4936.3815,-5511.9355,-131.8474,-132.3627,1.8333,20.521,99.79,98.61
4702,2595,7429.8300,2340.2670,-4955.2564,-5539.3132,-131.8149,-131.7888,1.7500,20.622,101.19,100.10
4724,2607,7463.7465,2350.9502,-4974.5573,-5567.5525,-131.7808,-131.4570,1.8333,20.725,102.57,101.40
4745,2620,7499.2600,2362.1363,-5004.5346,-5588.3857,-131.8456,-132.2924,1.6154,20.825,99.92,98.77
4768,2632,7533.8178,2373.0214,-5024.7538,-5616.6670,-131.8166,-131.9556,1.9167,20.927,102.26,101.08
4789,2644,7567.4973,2383.6298,-5047.0547,-5641.9064,-131.8151,-131.8256,1.7500,21.027,100.11,98.99
4811,2656,7603.4644,2394.9589,-5072.5353,-5667.3702,-131.8302,-132.3627,1.8333,21.129,102.06,100.90
4834,2668,7638.0232,2405.8443,-5092.7545,-5695.6516,-131.8018,-131.7765,1.9167,21.229,99.21,98.00
4855,2680,7671.5426,2416.4023,-5119.6158,-5716.5951,-131.8470,-132.0095,1.7500,21.331,102.53,101.40
4878,2692,7707.4248,2427.7046,-5138.2043,-5748.1118,-131.7937,-131.8543,1.9167,21.432,100.89,99.67
4899,2704,7742.2498,2438.6738,-5165.9088,-5770.0540,-131.8383,-132.1399,1.7500,21.535,102.76,101.68
4922,2716,7778.1498,2449.9817,-5188.3371,-5798.1593,-131.8233,-132.2909,1.9167,21.636,101.20,99.95
4944,2728,7812.0656,2460.6646,-5207.6380,-5826.3986,-131.7907,-131.4461,1.8333,21.738,102.39,101.20
4965,2741,7846.7046,2471.5753,-5237.2276,-5846.4033,-131.8544,-132.3725,1.6154,21.838,99.90,98.75
4986,2753,7879.6919,2481.9657,-5256.1025,-5873.7811,-131.8238,-131.8955,1.7500,21.940,101.59,100.50
5008,2765,7913.6077,2492.6486,-5275.4033,-5902.0204,-131.7916,-131.6677,1.8333,22.042,102.13,100.94
5027,2777,7943.6221,2502.1026,-5302.9918,-5917.6089,-131.8651,-132.2839,1.5833,22.142,100.35,99.21
5048,2789,7977.2380,2512.6910,-5317.5982,-5949.6491,-131.7896,-131.4660,1.7500,22.245,102.49,101.37
5069,2801,8012.0785,2523.6652,-5345.3288,-5971.5894,-131.8329,-131.9847,1.7500,22.347,102.31,101.15
5092,2814,8047.5130,2534.8264,-5365.9357,-6000.6992,-131.8040,-131.3109,1.7692,22.448,100.38,99.15
5113,2826,8081.0472,2545.3891,-5393.1594,-6021.3379,-131.8503,-132.2541,1.7500,22.551,103.89,101.91
5136,2838,8116.9468,2556.6968,-5415.5877,-6049.4432,-131.8359,-132.4650,1.9167,22.655,103.24,102.01
5158,2850,8150.8616,2567.3794,-5434.8886,-6077.6825,-131.8046,-131.3328,1.8333,22.757,102.40,101.20
5179,2862,8184.7972,2578.0686,-5461.8431,-6099.1011,-131.8453,-132.1768,1.7500,22.860,102.52,101.39
5201,2874,8220.0542,2589.1739,-5484.3237,-6126.2971,-131.8355,-132.0732,1.8333,22.960,100.89,99.73
5223,2886,8256.1945,2600.5575,-5510.4089,-6151.4509,-131.8540,-132.1308,1.8333,23.060,99.55,98.40
5246,2898,8291.6350,2611.7206,-5530.0426,-6181.4415,-131.8168,-131.9922,1.9167,23.160,99.83,98.65
5268,2910,8326.4815,2622.6966,-5555.2950,-6205.6056,-131.8354,-131.6991,1.8333,23.260,100.49,99.36
5289,2922,8360.3987,2633.3800,-5578.4096,-6230.4355,-131.8399,-132.3860,1.7500,23.362,102.00,100.85
5311,2934,8393.4849,2643.8015,-5603.8379,-6252.0767,-131.8707,-132.2559,1.8333,23.464,101.52,100.35
5334,2946,8429.1103,2655.0229,-5621.5865,-6284.0047,-131.8157,-131.7248,1.9167,23.567,102.65,101.48
5355,2958,8463.3011,2665.7924,-5649.3808,-6305.0120,-131.8611,-132.7059,1.7500,23.669,102.31,101.14
5378,2970,8496.9395,2676.3879,-5665.3488,-6335.8648,-131.8025,-131.1755,1.9167,23.768,99.60,98.43
5397,2982,8530.9097,2687.0880,-5694.0055,-6355.8057,-131.8567,-132.2541,1.5833,23.870,101.46,100.40
5419,2994,8565.9286,2698.1183,-5715.6724,-6383.4111,-131.8414,-132.4453,1.8333,23.971,101.47,100.27
5442,3006,8601.8285,2709.4261,-5738.1007,-6411.5164,-131.8278,-131.3785,1.9167,24.073,101.65,100.48
5465,3018,8637.9959,2720.8182,-5765.1712,-6435.8246,-131.8541,-132.6327,1.9167,24.175,101.94,100.70
5488,3030,8674.8017,2732.4114,-5788.3757,-6464.4517,-131.8421,-131.9532,1.9167,24.276,101.21,100.01
5510,3042,8707.7837,2742.8002,-5806.8857,-6492.1476,-131.8113,-131.8999,1.8333,24.377,100.55,99.40
5529,3054,8739.3531,2752.7440,-5834.8217,-6509.5090,-131.8719,-132.1365,1.5833,24.477,99.95,98.90
5552,3066,8774.7675,2763.8989,-5854.4319,-6539.4880,-131.8366,-131.8450,1.9167,24.577,100.01,98.85
5573,3078,8810.2610,2775.0788,-5879.2557,-6564.9034,-131.8466,-132.3662,1.7500,24.679,102.27,101.09
5596,3091,8845.6945,2786.2397,-5899.8626,-6594.0132,-131.8202,-131.5103,1.7692,24.779,100.45,99.28
5617,3103,8879.2303,2796.8029,-5927.0862,-6614.6518,-131.8624,-132.1967,1.7500,24.881,101.91,100.81
5639,3115,8914.2489,2807.8331,-5948.7531,-6642.2572,-131.8477,-131.7684,1.8333,24.983,101.72,100.60
5662,3127,8950.1485,2819.1409,-5971.1814,-6670.3625,-131.8346,-132.0590,1.9167,25.085,102.40,101.19
5685,3139,8986.3163,2830.5331,-5998.2519,-6694.6707,-131.8598,-132.1678,1.9167,25.188,102.43,101.19
5706,3151,9020.6698,2841.3539,-6019.3595,-6721.8839,-131.8443,-131.8999,1.7500,25.287,99.31,98.19
5727,3163,9054.3777,2851.9713,-6044.3357,-6744.7649,-131.8655,-131.7989,1.7500,25.386,98.83,97.73
5750,3175,9089.8169,2863.1340,-6063.9695,-6774.7554,-131.8315,-132.0328,1.9167,25.486,99.78,98.62
5772,3187,9124.6641,2874.1102,-6089.2218,-6798.9196,-131.8484,-131.6861,1.8333,25.586,100.67,99.50
5793,3199,9158.5814,2884.7936,-6112.3364,-6823.7495,-131.8525,-132.4951,1.7500,25.689,102.09,100.90
5815,3211,9191.6685,2895.2155,-6137.7647,-6845.3907,-131.8806,-132.1891,1.8333,25.790,101.18,100.01
5838,3223,9227.2922,2906.4363,-6155.5133,-6877.3187,-131.8303,-131.6861,1.9167,25.892,102.07,100.91
5859,3235,9261.4844,2917.2063,-6183.3077,-6898.3260,-131.8717,-132.4442,1.7500,25.994,102.57,101.44
5882,3247,9295.1208,2927.8012,-6199.2757,-6929.1787,-131.8181,-131.3447,1.9167,26.094,99.22,98.05
5901,3259,9328.2025,2938.2213,-6227.1823,-6948.5961,-131.8663,-132.1877,1.5833,26.195,101.31,100.27
5923,3271,9364.1114,2949.5320,-6249.5992,-6976.7251,-131.8536,-132.4150,1.8333,26.296,100.80,99.60
5946,3283,9398.9050,2960.4914,-6269.6615,-7005.4644,-131.8278,-131.2434,1.9167,26.397,101.08,99.85
5967,3295,9432.8427,2971.1811,-6296.6160,-7026.8830,-131.8630,-132.2156,1.7500,26.499,102.19,101.04
5990,3307,9470.5322,2983.0527,-6320.2056,-7056.3518,-131.8503,-131.8999,1.9167,26.599,100.03,98.87
6011,3319,9504.2404,2993.6702,-6345.1818,-7079.2328,-131.8705,-132.5447,1.7500,26.698,99.19,98.06
6033,3331,9537.5367,3004.1579,-6368.7486,-7102.8229,-131.8813,-132.1365,1.8333,26.798,100.17,99.01
6056,3343,9572.9501,3015.3125,-6388.3587,-7132.8020,-131.8489,-131.8654,1.9167,26.898,99.86,98.69
6077,3355,9608.4439,3026.4925,-6413.1825,-7158.2173,-131.8580,-132.1769,1.7500,27.000,102.07,100.95
6099,3367,9641.5314,3036.9144,-6438.6108,-7179.8586,-131.8848,-132.2270,1.8333,27.100,100.22,99.05
6120,3379,9674.7259,3047.3701,-6455.6241,-7209.1852,-131.8438,-131.8370,1.7500,27.200,99.98,98.83
6141,3391,9709.9860,3058.4765,-6480.9479,-7233.8391,-131.8581,-131.7563,1.7500,27.301,100.78,99.62
6163,3403,9743.0735,3068.8984,-6506.3762,-7255.4804,-131.8846,-132.6231,1.8333,27.402,101.07,99.88
6184,3415,9776.0519,3079.2861,-6524.8862,-7283.1763,-131.8569,-131.9763,1.7500,27.502,99.91,98.77
6205,3427,9811.5281,3090.4605,-6548.7132,-7309.4609,-131.8582,-131.9374,1.7500,27.602,100.28,99.13
6227,3439,9844.6156,3100.8824,-6574.1416,-7331.1021,-131.8843,-131.9374,1.8333,27.703,100.54,99.31
6248,3451,9877.5940,3111.2700,-6592.6516,-7358.7981,-131.8570,-132.2365,1.7500,27.805,101.87,100.73
6269,3463,9912.8547,3122.3766,-6617.9753,-7383.4519,-131.8710,-131.8600,1.7500,27.905,99.84,98.69
6291,3475,9947.2418,3133.2079,-6640.4331,-7409.5013,-131.8671,-132.5663,1.8333,28.007,102.02,100.85
6314,3487,9983.3788,3144.5904,-6663.6752,-7437.1972,-131.8604,-131.7761,1.9167,28.107,100.51,99.31
6334,3499,10014.8600,3154.5064,-6684.7190,-7460.6113,-131.8607,-131.9625,1.6667,28.207,99.73,98.68
6357,3511,10051.2298,3165.9623,-6709.9305,-7486.8551,-131.8679,-132.4453,1.9167,28.310,102.62,101.41
6378,3523,10084.2158,3176.3523,-6728.8054,-7514.2328,-131.8439,-131.5671,1.7500,28.409,99.07,97.91
6398,3535,10116.4021,3186.4904,-6752.4844,-7536.2331,-131.8607,-132.0126,1.6667,28.508,99.77,98.67
6419,3547,10150.1108,3197.1081,-6777.4606,-7559.1141,-131.8795,-132.0126,1.7500,28.608,99.49,98.36
6442,3559,10185.5485,3208.2704,-6797.0943,-7589.1046,-131.8491,-131.3755,1.9167,28.707,99.45,98.25
6464,3571,10220.3965,3219.2469,-6822.3466,-7613.2687,-131.8642,-132.0903,1.8333,28.808,100.48,99.34
6486,3583,10253.6403,3229.7181,-6841.6851,-7640.5769,-131.8428,-131.6162,1.8333,28.908,100.28,99.08
6505,3595,10284.9495,3239.5799,-6868.7927,-7658.3260,-131.8894,-131.9582,1.5833,29.008,99.82,98.76
6526,3607,10319.4863,3250.4584,-6888.0151,-7687.4767,-131.8607,-132.1146,1.7500,29.108,99.98,98.87
6547,3619,10351.6133,3260.5779,-6909.9684,-7710.9431,-131.8646,-131.9625,1.7500,29.209,101.07,99.86
6569,3631,10386.6756,3271.6219,-6934.6729,-7735.8853,-131.8742,-131.7181,1.8333,29.312,103.16,102.00
6592,3643,10422.1376,3282.7918,-6955.6682,-7764.6883,-131.8545,-131.8172,1.9167,29.412,99.75,98.53
6613,3655,10455.8460,3293.4094,-6980.6444,-7787.5693,-131.8728,-132.0952,1.7500,29.512,99.89,98.74
6633,3667,10488.0337,3303.5479,-7004.3234,-7809.5696,-131.8889,-131.9582,1.6667,29.611,99.26,98.17
6654,3679,10521.0182,3313.9375,-7023.1983,-7836.9473,-131.8658,-132.0013,1.7500,29.713,102.28,101.19
6676,3691,10554.9304,3324.6192,-7042.4992,-7865.1866,-131.8416,-131.3878,1.8333,29.816,102.49,101.32
6697,3704,10589.5758,3335.5319,-7072.0888,-7885.1914,-131.8886,-132.2216,1.6154,29.915,99.35,98.23
6718,3716,10622.5603,3345.9215,-7090.9637,-7912.5691,-131.8658,-131.9508,1.7500,30.017,102.14,101.02
6740,3728,10656.4725,3356.6032,-7110.2645,-7940.8084,-131.8418,-131.5470,1.8333,30.119,101.58,100.42
6759,3740,10686.4942,3366.0595,-7137.8530,-7956.3969,-131.8962,-132.3448,1.5833,30.220,101.26,100.16
6780,3752,10720.1026,3376.6456,-7152.4594,-7988.4371,-131.8400,-131.7776,1.7500,30.322,102.29,101.07
6801,3764,10754.9478,3387.6212,-7180.1900,-8010.3774,-131.8721,-132.0523,1.7500,30.425,102.08,100.95
6824,3777,10790.3793,3398.7815,-7200.7969,-8039.4872,-131.8504,-131.3886,1.7692,30.524,99.55,98.36
6845,3789,10823.9181,3409.3457,-7228.0206,-8060.1259,-131.8848,-132.4547,1.7500,30.625,101.31,100.21
6868,3801,10859.8163,3420.6530,-7250.4489,-8088.2312,-131.8739,-132.0296,1.9167,30.728,102.68,101.52
6890,3813,10893.7279,3431.3345,-7269.7498,-8116.4706,-131.8504,-131.9713,1.8333,30.830,102.27,101.07
6911,3825,10927.6676,3442.0249,-7296.7042,-8137.8891,-131.8807,-131.7424,1.7500,30.932,102.08,100.94
6933,3837,10962.9237,3453.1300,-7319.1849,-8165.0851,-131.8733,-132.0747,1.8333,31.033,100.55,99.37
6955,3849,10999.0657,3464.5141,-7345.2701,-8190.2390,-131.8870,-132.2461,1.8333,31.132,98.96,97.80
6978,3861,11034.5026,3475.6761,-7364.9038,-8220.2295,-131.8590,-131.6139,1.9167,31.231,99.07,97.83
7000,3873,11069.3509,3486.6527,-7390.1562,-8244.3936,-131.8728,-132.1684,1.8333,31.331,100.43,99.26
7021,3885,11103.2685,3497.3362,-7413.2708,-8269.2235,-131.8761,-131.9305,1.7500,31.434,102.04,100.91
7043,3897,11136.3573,3507.7586,-7438.6991,-8290.8648,-131.8992,-132.0667,1.8333,31.535,101.44,100.26
7066,3909,11171.9778,3518.9784,-7456.4477,-8322.7927,-131.8576,-131.7248,1.9167,31.637,102.38,101.13
7087,3921,11206.1728,3529.7492,-7484.2420,-8343.8000,-131.8918,-132.7059,1.7500,31.739,102.15,100.97
7110,3933,11239.8054,3540.3429,-7500.2100,-8374.6528,-131.8474,-131.1755,1.9167,31.839,99.50,98.34
7129,3945,11273.7810,3551.0447,-7528.8667,-8394.5938,-131.8882,-132.2541,1.5833,31.941,101.78,100.78
7151,3957,11308.7986,3562.0746,-7550.5336,-8422.1991,-131.8766,-132.4453,1.8333,32.042,101.42,100.23
7174,3969,11344.6971,3573.3820,-7572.9619,-8450.3045,-131.8662,-131.3785,1.9167,32.144,102.15,100.96
7197,3981,11380.8669,3584.7748,-7600.0324,-8474.6127,-131.8860,-132.6327,1.9167,32.246,101.96,100.72
7220,3993,11417.6717,3596.3677,-7623.2369,-8503.2397,-131.8768,-131.9532,1.9167,32.347,100.83,99.62
7242,4005,11450.6505,3606.7555,-7641.7469,-8530.9356,-131.8532,-131.8999,1.8333,32.447,100.11,98.99
7261,4017,11482.2256,3616.7010,-7669.6829,-8548.2970,-131.8993,-132.1365,1.5833,32.547,99.60,98.57
7282,4029,11516.7613,3627.5792,-7688.9054,-8577.4476,-131.8736,-131.8680,1.7500,32.646,99.02,97.89
7303,4041,11548.8885,3637.6987,-7710.8587,-8600.9140,-131.8770,-132.3194,1.7500,32.746,100.63,99.51
7325,4053,11583.9511,3648.7428,-7735.5631,-8625.8562,-131.8856,-131.9670,1.8333,32.848,101.57,100.42
7348,4065,11619.4124,3659.9125,-7756.5585,-8654.6593,-131.8679,-131.7768,1.9167,32.948,99.82,98.59
7369,4077,11654.6735,3671.0191,-7781.8822,-8679.3132,-131.8797,-131.7563,1.7500,33.048,100.26,99.15
7391,4089,11687.7625,3681.4416,-7807.3106,-8700.9544,-131.9017,-132.6231,1.8333,33.149,101.29,100.12
7412,4101,11720.7393,3691.8287,-7825.8206,-8728.6503,-131.8786,-131.9763,1.7500,33.251,101.77,100.59
7433,4113,11756.2156,3703.0031,-7849.6476,-8754.9349,-131.8795,-131.9374,1.7500,33.355,103.76,102.61
7455,4125,11789.3046,3713.4256,-7875.0759,-8776.5762,-131.9013,-131.9374,1.8333,33.460,105.42,104.26
7476,4137,11822.2814,3723.8127,-7893.5860,-8804.2721,-131.8785,-132.2365,1.7500,33.568,107.75,106.60
7498,4149,11856.8190,3734.6914,-7912.8084,-8833.4227,-131.8536,-131.1956,1.8333,33.675,106.90,105.66
7519,4161,11891.9299,3745.7508,-7941.3675,-8854.9753,-131.8868,-132.5663,1.7500,33.782,106.57,105.42
7542,4173,11928.0664,3757.1331,-7964.6095,-8882.6712,-131.8811,-131.7576,1.9167,33.887,105.09,103.91
7564,4185,11962.0001,3767.8217,-7987.7503,-8907.4992,-131.8842,-132.0163,1.8333,33.992,104.85,103.70
7587,4197,11998.9898,3779.4728,-8012.5185,-8934.9725,-131.8847,-132.2056,1.9167,34.096,104.68,103.42
7609,4210,12033.6308,3790.3841,-8038.2944,-8958.3866,-131.9016,-132.1742,1.6923,34.200,104.24,103.10
7630,4222,12066.6142,3800.7733,-8057.1693,-8985.7644,-131.8815,-131.9649,1.7500,34.308,107.21,106.07
7652,4234,12100.5251,3811.4546,-8076.4701,-9014.0037,-131.8603,-131.9847,1.8333,34.416,108.28,107.08
7673,4247,12135.1729,3822.3681,-8106.0598,-9034.0084,-131.9013,-131.9374,1.6154,34.522,105.61,104.42
7694,4259,12168.1563,3832.7573,-8124.9346,-9061.3862,-131.8814,-132.0189,1.7500,34.630,108.37,107.18
7716,4271,12202.0672,3843.4386,-8144.2355,-9089.6255,-131.8603,-131.5658,1.8333,34.739,109.22,107.94
7737,4284,12237.5905,3854.6278,-8174.2129,-9110.4586,-131.8998,-132.1506,1.6154,34.845,105.63,104.40
7760,4296,12272.1443,3865.5117,-8194.4321,-9138.7400,-131.8818,-132.1308,1.9167,34.953,108.48,107.23
7781,4308,12306.0620,3876.1952,-8217.5467,-9163.5699,-131.8848,-131.9763,1.7500,35.060,106.94,105.68
7803,4320,12341.7929,3887.4498,-8242.2135,-9189.4432,-131.8899,-131.6788,1.8333,35.169,109.07,107.87
7826,4332,12376.3473,3898.3338,-8262.4327,-9217.7245,-131.8721,-131.7563,1.9167,35.276,107.13,105.84
7847,4344,12409.8732,3908.8939,-8289.2941,-9238.6681,-131.8999,-132.2665,1.7500,35.385,108.74,107.59
7870,4356,12445.7475,3920.1937,-8307.8825,-9270.1847,-131.8667,-131.2450,1.9167,35.493,107.49,106.28
7891,4368,12480.5793,3931.1651,-8335.5870,-9292.1269,-131.8942,-132.1769,1.7500,35.601,107.96,106.80
7914,4380,12516.4772,3942.4723,-8358.0154,-9320.2322,-131.8847,-132.4442,1.9167,35.707,106.74,105.47
7936,4392,12550.3878,3953.1535,-8377.3162,-9348.4716,-131.8642,-131.4570,1.8333,35.817,109.41,108.14
7957,4405,12585.0360,3964.0671,-8406.9059,-9368.4763,-131.9038,-132.3160,1.6154,35.923,105.78,104.54
7978,4417,12618.0192,3974.4563,-8425.7807,-9395.8540,-131.8845,-131.8906,1.7500,36.030,107.75,106.52
8000,4429,12651.9299,3985.1375,-8445.0816,-9424.0934,-131.8642,-131.4885,1.8333,36.138,108.09,106.83
8019,4441,12681.9547,3994.5948,-8472.6701,-9439.6818,-131.9101,-132.0667,1.5833,36.245,106.16,105.04
8042,4453,12717.5733,4005.8141,-8490.4186,-9471.6098,-131.8735,-131.7248,1.9167,36.353,108.36,107.04
8063,4465,12752.8530,4016.9266,-8516.7391,-9495.3944,-131.8902,-132.4453,1.7500,36.461,108.01,106.75
8084,4477,12785.8372,4027.3160,-8535.6140,-9522.7721,-131.8713,-131.3109,1.7500,36.566,104.87,103.66
8105,4489,12819.3781,4037.8808,-8562.8376,-9543.4108,-131.9003,-132.2541,1.7500,36.674,107.94,106.76
8127,4501,12854.3951,4048.9105,-8584.5045,-9571.0162,-131.8900,-132.4453,1.8333,36.782,108.08,106.83
8150,4513,12890.2931,4060.2178,-8606.9328,-9599.1215,-131.8808,-131.5255,1.9167,36.890,108.27,106.99
8173,4525,12926.4639,4071.6110,-8634.0034,-9623.4297,-131.8982,-132.2053,1.9167,36.999,108.97,107.65
8194,4537,12960.8156,4082.4312,-8655.1110,-9650.6429,-131.8873,-131.9351,1.7500,37.104,104.98,103.74
8215,4549,12994.5258,4093.0493,-8680.0871,-9673.5239,-131.9020,-132.1308,1.7500,37.209,104.96,103.70
8238,4561,13029.9611,4104.2108,-8699.7209,-9703.5144,-131.8781,-131.9922,1.9167,37.315,105.87,104.64
8260,4573,13064.8103,4115.1877,-8724.9732,-9727.6785,-131.8899,-131.6991,1.8333,37.420,105.59,104.40
8281,4585,13098.7281,4125.8712,-8748.0878,-9752.5084,-131.8926,-132.3860,1.7500,37.528,107.81,106.64
8304,4597,13134.8645,4137.2535,-8771.3299,-9780.2044,-131.8874,-131.7576,1.9167,37.635,106.76,105.52
8327,4609,13170.7969,4148.5716,-8797.5867,-9804.9220,-131.9006,-132.2053,1.9167,37.743,108.50,107.21
8350,4621,13206.0426,4159.6734,-8820.0787,-9832.0943,-131.8945,-132.4745,1.9167,37.851,107.15,105.84
8372,4633,13240.5786,4170.5516,-8839.3012,-9861.2449,-131.8722,-131.2663,1.8333,37.960,109.14,107.89
8393,4645,13275.4269,4181.5282,-8867.0318,-9883.1852,-131.8981,-132.1591,1.7500,38.068,108.57,107.36
8414,4657,13309.1365,4192.1462,-8888.1917,-9909.4890,-131.8903,-132.3925,1.7500,38.173,104.33,103.17
8435,4669,13342.8468,4202.7643,-8913.1679,-9932.3700,-131.9046,-131.7989,1.7500,38.277,104.70,103.56
8458,4681,13378.2819,4213.9258,-8932.8016,-9962.3605,-131.8814,-132.0328,1.9167,38.382,104.34,103.12
8480,4693,13413.1312,4224.9027,-8958.0539,-9986.5246,-131.8928,-131.9419,1.8333,38.487,105.04,103.88
8501,4705,13447.0490,4235.5862,-8981.1685,-10011.3545,-131.8954,-132.3627,1.7500,38.594,106.96,105.80
8523,4717,13480.1391,4246.0090,-9006.5969,-10032.9958,-131.9145,-132.1891,1.8333,38.701,107.33,106.07
8546,4729,13515.7569,4257.2280,-9024.3455,-10064.9238,-131.8800,-131.6861,1.9167,38.809,107.85,106.66
8567,4741,13551.0370,4268.3406,-9050.6660,-10088.7084,-131.8958,-132.1873,1.7500,38.917,108.15,106.89
8590,4753,13585.8273,4279.2989,-9070.7283,-10117.4477,-131.8778,-131.4775,1.9167,39.025,108.10,106.84
8611,4765,13620.6600,4290.2707,-9098.4328,-10139.3899,-131.9030,-132.2098,1.7500,39.134,108.56,107.38
8633,4777,13655.0250,4301.0950,-9120.1634,-10166.0622,-131.8961,-131.7804,1.8333,39.241,106.93,105.75
8655,4789,13691.1679,4312.4794,-9146.2486,-10191.2161,-131.9070,-132.4765,1.8333,39.346,104.92,103.71
8678,4801,13726.6027,4323.6407,-9165.8823,-10221.2066,-131.8844,-131.7770,1.9167,39.450,104.79,103.52
8700,4813,13761.4522,4334.6177,-9191.1347,-10245.3707,-131.8955,-131.9532,1.8333,39.556,105.94,104.75
8722,4825,13794.4294,4345.0050,-9209.6447,-10273.0667,-131.8759,-131.6475,1.8333,39.662,105.79,104.58
8741,4837,13826.0074,4354.9515,-9237.5807,-10290.4280,-131.9141,-132.1847,1.5833,39.768,105.49,104.34
8762,4849,13860.5416,4365.8292,-9256.8031,-10319.5786,-131.8927,-131.8563,1.7500,39.873,105.86,104.66
8783,4861,13892.6690,4375.9487,-9278.7564,-10343.0451,-131.8955,-132.3683,1.7500,39.980,106.72,105.51
8805,4873,13927.7322,4386.9930,-9303.4609,-10367.9872,-131.9026,-131.9942,1.8333,40.089,109.31,108.05
8828,4885,13963.1923,4398.1624,-9324.4562,-10396.7903,-131.8878,-131.8370,1.9167,40.195,105.83,104.52
8849,4897,13996.9025,4408.7805,-9349.4324,-10419.6713,-131.9014,-131.8370,1.7500,40.300,105.20,104.02
8869,4909,14029.0915,4418.9195,-9373.1115,-10441.6716,-131.9134,-132.5715,1.6667,40.405,104.85,103.70
8890,4921,14062.0740,4429.3084,-9391.9863,-10469.0493,-131.8961,-131.9649,1.7500,40.513,107.34,106.18
8912,4933,14095.9836,4439.9893,-9411.2872,-10497.2886,-131.8778,-131.5133,1.8333,40.621,108.61,107.35
8933,4946,14130.6336,4450.9034,-9440.8768,-10517.2933,-131.9130,-131.8833,1.6154,40.727,105.88,104.68
8954,4958,14163.6161,4461.2924,-9459.7517,-10544.6711,-131.8959,-132.2261,1.7500,40.835,108.24,106.95
8976,4970,14197.5257,4471.9733,-9479.0526,-10572.9104,-131.8777,-131.5001,1.8333,40.944,109.06,107.79
8995,4982,14227.5525,4481.4312,-9506.6410,-10588.4989,-131.9186,-132.7813,1.5833,41.050,105.89,104.69
9016,4994,14261.1556,4492.0156,-9521.2474,-10620.5391,-131.8762,-131.3077,1.7500,41.158,107.87,106.60
9037,5006,14296.0042,4502.9923,-9548.9780,-10642.4794,-131.9003,-131.9898,1.7500,41.266,108.28,107.03
9060,5019,14331.4335,4514.1519,-9569.5850,-10671.5892,-131.8839,-131.3886,1.7692,41.373,106.29,105.02
9081,5031,14364.9755,4524.7171,-9596.8086,-10692.2279,-131.9098,-132.4547,1.7500,41.490,117.35,116.10
9104,5043,14400.8728,4536.0241,-9619.2369,-10720.3332,-131.9015,-132.0296,1.9167,41.601,110.57,109.22
9126,5055,14434.7820,4546.7049,-9638.5378,-10748.5725,-131.8836,-132.0496,1.8333,41.709,108.60,107.34
9147,5067,14468.7247,4557.3963,-9665.4923,-10769.9911,-131.9065,-131.7424,1.7500,41.816,106.89,105.67
9169,5079,14503.9802,4568.5011,-9687.9729,-10797.1871,-131.9008,-132.0747,1.8333,41.919,102.91,101.69
9191,5091,14540.1233,4579.8856,-9714.0581,-10822.3409,-131.9111,-132.2461,1.8333,42.019,100.04,98.89
9214,5103,14575.5576,4591.0468,-9733.6918,-10852.3315,-131.8898,-131.6139,1.9167,42.119,99.98,98.72
9236,5115,14610.4074,4602.0238,-9758.9442,-10876.4956,-131.9003,-132.1684,1.8333,42.220,101.18,99.98
9257,5127,14644.3252,4612.7074,-9782.0588,-10901.3255,-131.9027,-131.9305,1.7500,42.323,102.57,101.47
9279,5139,14677.4158,4623.1303,-9807.4871,-10922.9667,-131.9201,-132.0667,1.8333,42.424,101.43,100.28
9302,5151,14713.0326,4634.3490,-9825.2357,-10954.8947,-131.8885,-131.7248,1.9167,42.530,106.20,104.98
9323,5163,14747.2308,4645.1208,-9853.0300,-10975.9020,-131.9144,-132.7059,1.7500,42.633,102.62,101.44
9346,5175,14780.8592,4655.7132,-9868.9980,-11006.7548,-131.8806,-131.1755,1.9167,42.731,98.03,96.82
9365,5187,14814.8388,4666.4162,-9897.6547,-11026.6957,-131.9116,-132.2541,1.5833,42.833,101.64,100.57
9387,5199,14849.8553,4677.4458,-9919.3216,-11054.3011,-131.9027,-132.4453,1.8333,42.935,102.70,101.56
9410,5211,14885.7529,4688.7529,-9941.7499,-11082.4064,-131.8947,-131.3785,1.9167,43.040,104.33,103.13
9433,5223,14921.9244,4700.1463,-9968.8204,-11106.7146,-131.9097,-132.6327,1.9167,43.145,105.59,104.30
9456,5235,14958.7284,4711.7389,-9992.0249,-11135.3417,-131.9026,-131.9532,1.9167,43.250,104.94,103.69
9478,5247,14991.7049,4722.1259,-10010.5349,-11163.0376,-131.8846,-131.8999,1.8333,43.355,104.88,103.64
9497,5259,15023.2841,4732.0728,-10038.4709,-11180.3990,-131.9197,-132.1365,1.5833,43.458,103.17,102.06
9520,5271,15058.6933,4743.2261,-10058.0811,-11210.3780,-131.8990,-131.8450,1.9167,43.562,103.45,102.24
9541,5283,15094.1884,4754.4064,-10082.9049,-11235.7934,-131.9047,-132.3662,1.7500,43.667,105.50,104.36
9564,5296,15129.6173,4765.5659,-10103.5118,-11264.9032,-131.8892,-131.5103,1.7692,43.771,103.94,102.78
9585,5308,15163.1599,4776.1313,-10130.7354,-11285.5418,-131.9137,-132.1967,1.7500,43.878,106.72,105.60
9607,5320,15198.1764,4787.1608,-10152.4023,-11313.1472,-131.9049,-131.7684,1.8333,43.985,107.18,105.95
9630,5332,15234.0739,4798.4679,-10174.8306,-11341.2525,-131.8971,-132.0590,1.9167,44.093,107.93,106.66
9653,5344,15270.2456,4809.8614,-10201.9011,-11365.5607,-131.9118,-132.1678,1.9167,44.201,107.85,106.55
9674,5356,15304.5967,4820.6814,-10223.0087,-11392.7739,-131.9026,-131.8999,1.7500,44.306,105.08,103.89
9695,5368,15338.3077,4831.2998,-10247.9849,-11415.6549,-131.9149,-131.7989,1.7500,44.411,104.94,103.77
9718,5380,15373.7416,4842.4608,-10267.6187,-11445.6454,-131.8947,-132.0328,1.9167,44.517,105.76,104.51
9740,5392,15408.5916,4853.4379,-10292.8710,-11469.8096,-131.9046,-131.6861,1.8333,44.624,107.03,105.84
9761,5404,15442.5095,4864.1215,-10315.9856,-11494.6395,-131.9069,-132.4951,1.7500,44.732,108.17,106.99
9783,5416,15475.6004,4874.5446,-10341.4139,-11516.2807,-131.9235,-132.1891,1.8333,44.840,108.02,106.78
9806,5428,15511.2166,4885.7630,-10359.1625,-11548.2087,-131.8934,-131.6861,1.9167,44.949,108.82,107.59
9827,5440,15545.4152,4896.5350,-10386.9569,-11569.2160,-131.9180,-132.4442,1.7500,45.058,109.10,107.97
9850,5452,15579.0429,4907.1272,-10402.9249,-11600.0687,-131.8859,-131.3447,1.9167,45.164,106.10,104.86
9869,5464,15612.1325,4917.5498,-10430.8315,-11619.4861,-131.9146,-132.1877,1.5833,45.273,108.86,107.76
9891,5476,15648.0396,4928.8599,-10453.2484,-11647.6151,-131.9068,-132.4150,1.8333,45.381,108.46,107.19
9914,5488,15682.8289,4939.8179,-10473.3107,-11676.3544,-131.8912,-131.2434,1.9167,45.488,106.86,105.61
9935,5500,15716.7723,4950.5095,-10500.2652,-11697.7730,-131.9123,-132.2156,1.7500,45.597,108.42,107.21
9958,5512,15754.4599,4962.3804,-10523.8548,-11727.2418,-131.9045,-131.8999,1.9167,45.703,106.10,104.85
9979,5524,15788.1710,4972.9988,-10548.8310,-11750.1228,-131.9165,-132.5447,1.7500,45.808,105.42,104.24
10001,5536,15821.4686,4983.4870,-10572.3978,-11773.7129,-131.9229,-132.1365,1.8333,45.914,105.89,104.68
10024,5548,15856.8775,4994.6402,-10592.0079,-11803.6920,-131.9033,-131.8654,1.9167,46.021,106.72,105.49
10045,5560,15892.3727,5005.8206,-10616.8317,-11829.1073,-131.9087,-132.1769,1.7500,46.129,108.74,107.56
10068,5573,15927.8013,5016.9800,-10637.4386,-11858.2171,-131.8939,-131.4786,1.7692,46.235,105.94,104.66
10089,5585,15961.3444,5027.5454,-10664.6622,-11878.8558,-131.9172,-132.2583,1.7500,46.344,108.82,107.67
10111,5597,15996.3607,5038.5750,-10686.3291,-11906.4612,-131.9089,-131.7684,1.8333,46.453,108.47,107.22
10134,5609,16032.2580,5049.8820,-10708.7574,-11934.5665,-131.9015,-132.0590,1.9167,46.561,108.77,107.45
10157,5621,16068.4300,5061.2756,-10735.8280,-11958.8747,-131.9154,-132.1678,1.9167,46.670,108.67,107.36
10178,5633,16102.7810,5072.0955,-10756.9356,-11986.0879,-131.9066,-131.8999,1.7500,46.776,105.69,104.46
10199,5645,16136.4922,5082.7140,-10781.9117,-12008.9689,-131.9184,-131.7989,1.7500,46.882,105.94,104.73
10222,5657,16171.9257,5093.8749,-10801.5455,-12038.9594,-131.8991,-132.0328,1.9167,46.988,106.30,105.02
10244,5669,16206.7758,5104.8521,-10826.7978,-12063.1235,-131.9085,-131.6861,1.8333,47.095,107.23,106.03
10265,5681,16240.6938,5115.5357,-10849.9124,-12087.9534,-131.9107,-132.4951,1.7500,47.204,108.30,107.12
10288,5693,16276.8298,5126.9179,-10873.1545,-12115.6494,-131.9065,-131.7166,1.9167,47.311,107.19,105.89
10311,5705,16312.7632,5138.2363,-10899.4113,-12140.3670,-131.9171,-132.1593,1.9167,47.420,109.41,108.17
10334,5717,16348.0085,5149.3379,-10921.9033,-12167.5393,-131.9122,-132.4050,1.9167,47.528,107.42,106.14
10356,5729,16382.5427,5160.2156,-10941.1258,-12196.6899,-131.8941,-131.4649,1.8333,47.637,108.90,107.65
10377,5741,16417.3930,5171.1928,-10968.8564,-12218.6302,-131.9150,-132.1640,1.7500,47.745,108.75,107.56
10398,5753,16451.1021,5181.8106,-10990.0163,-12244.9340,-131.9086,-131.7209,1.7500,47.851,106.20,105.01
10419,5765,16484.8134,5192.4291,-11014.9925,-12267.8150,-131.9201,-131.8526,1.7500,47.957,105.38,104.19
10442,5777,16520.2467,5203.5900,-11034.6262,-12297.8055,-131.9013,-131.8534,1.9167,48.063,106.09,104.83
10464,5789,16555.0970,5214.5672,-11059.8785,-12321.9696,-131.9105,-131.9532,1.8333,48.169,106.14,104.93
10485,5801,16589.0150,5225.2508,-11082.9931,-12346.7995,-131.9126,-132.3627,1.7500,48.277,108.27,107.04
10507,5813,16622.1062,5235.6739,-11108.4215,-12368.4408,-131.9280,-132.1891,1.8333,48.384,107.09,105.87
10530,5825,16657.7217,5246.8922,-11126.1701,-12400.3687,-131.9001,-131.6861,1.9167,48.493,108.90,107.63
10551,5837,16693.0030,5258.0052,-11152.4906,-12424.1534,-131.9128,-132.1873,1.7500,48.602,108.57,107.33
10574,5849,16727.7918,5268.9631,-11172.5529,-12452.8927,-131.8982,-131.4775,1.9167,48.709,107.19,105.93
10595,5861,16762.6265,5279.9354,-11200.2574,-12474.8349,-131.9186,-132.2098,1.7500,48.818,108.53,107.33
10617,5873,16796.9910,5290.7596,-11221.9880,-12501.5072,-131.9129,-131.7804,1.8333,48.922,104.60,103.38
10639,5885,16833.1346,5302.1442,-11248.0732,-12526.6611,-131.9218,-132.4765,1.8333,49.024,101.64,100.47
10662,5897,16868.5678,5313.3050,-11267.7069,-12556.6516,-131.9034,-131.7770,1.9167,49.125,100.75,99.55
10684,5909,16903.4181,5324.2823,-11292.9593,-12580.8157,-131.9124,-131.9532,1.8333,49.225,100.62,99.50
10706,5921,16936.3938,5334.6690,-11311.4693,-12608.5117,-131.8964,-131.6475,1.8333,49.326,100.41,99.18
10725,5933,16967.9745,5344.6164,-11339.4053,-12625.8730,-131.9275,-132.1847,1.5833,49.426,100.11,99.07
10746,5945,17002.5073,5355.4937,-11358.6277,-12655.0236,-131.9100,-131.8563,1.7500,49.525,99.37,98.26
10767,5957,17034.6349,5365.6133,-11380.5810,-12678.4901,-131.9122,-132.3683,1.7500,49.625,99.99,98.91
10789,5969,17069.6986,5376.6577,-11405.2855,-12703.4322,-131.9180,-131.9942,1.8333,49.727,102.26,101.13
10812,5981,17105.1576,5387.8267,-11426.2808,-12732.2353,-131.9059,-131.8370,1.9167,49.827,99.53,98.31
10833,5993,17138.8688,5398.4451,-11451.2570,-12755.1163,-131.9169,-131.8370,1.7500,49.926,99.41,98.32
10853,6005,17171.0586,5408.5844,-11474.9361,-12777.1166,-131.9267,-132.5715,1.6667,50.026,99.38,98.25
10874,6017,17204.0400,5418.9729,-11493.8109,-12804.4943,-131.9125,-131.9649,1.7500,50.127,101.62,100.56
10896,6029,17237.9482,5429.6534,-11513.1118,-12832.7336,-131.8976,-131.5133,1.8333,50.230,102.40,101.21
10917,6042,17272.6006,5440.5683,-11542.7014,-12852.7383,-131.9263,-131.8833,1.6154,50.330,100.14,99.01
10938,6054,17305.5820,5450.9569,-11561.5763,-12880.1161,-131.9123,-132.2261,1.7500,50.432,102.36,101.28
10960,6066,17339.4903,5461.6374,-11580.8772,-12908.3554,-131.8974,-131.5001,1.8333,50.534,101.98,100.84
10979,6078,17369.5199,5471.0962,-11608.4656,-12923.9439,-131.9308,-132.7813,1.5833,50.635,100.88,99.80
11000,6090,17403.1200,5481.6797,-11623.0720,-12955.9841,-131.8961,-131.3077,1.7500,50.737,102.35,101.24
11021,6102,17437.9704,5492.6569,-11650.8026,-12977.9244,-131.9158,-131.9898,1.7500,50.839,101.79,100.66
11044,6115,17473.3985,5503.8162,-11671.4096,-13007.0342,-131.9023,-131.3886,1.7692,50.939,99.38,98.22
11065,6127,17506.9424,5514.3819,-11698.6332,-13027.6729,-131.9235,-132.4547,1.7500,51.041,101.97,100.86
11087,6139,17541.9584,5525.4113,-11720.3001,-13055.2782,-131.9159,-132.0089,1.8333,51.143,102.10,100.91
11110,6151,17577.8555,5536.7183,-11742.7284,-13083.3836,-131.9091,-132.2444,1.9167,51.245,101.98,100.80
11133,6163,17614.6697,5548.3141,-11769.7466,-13108.6012,-131.9197,-131.7163,1.9167,51.347,102.20,100.99
11154,6175,17648.3786,5558.9319,-11790.9065,-13134.9049,-131.9138,-132.0126,1.7500,51.446,99.44,98.32
11175,6187,17682.0902,5569.5504,-11815.8827,-13157.7859,-131.9245,-132.2461,1.7500,51.546,99.84,98.73
11198,6199,17717.5231,5580.7112,-11835.5164,-13187.7765,-131.9069,-131.6139,1.9167,51.646,100.15,99.00
11220,6211,17752.3736,5591.6885,-11860.7688,-13211.9406,-131.9155,-132.1684,1.8333,51.747,100.34,99.22
11241,6223,17786.2916,5602.3720,-11883.8834,-13236.7705,-131.9174,-131.9305,1.7500,51.849,101.98,100.85
11263,6235,17819.3832,5612.7953,-11909.3117,-13258.4117,-131.9318,-132.0667,1.8333,51.949,100.24,99.10
11286,6247,17854.9980,5624.0134,-11927.0603,-13290.3397,-131.9057,-131.7248,1.9167,52.051,102.32,101.14
11307,6259,17889.1978,5634.7857,-11954.8546,-13311.3470,-131.9270,-132.7059,1.7500,52.153,102.23,101.08
11330,6271,17922.8239,5645.3773,-11970.8226,-13342.1998,-131.8991,-131.1755,1.9167,52.253,99.77,98.60
11349,6283,17956.8057,5656.0810,-11999.4793,-13362.1407,-131.9247,-132.2541,1.5833,52.356,102.66,101.58
11371,6295,17991.8217,5667.1104,-12021.1462,-13389.7461,-131.9173,-132.4453,1.8333,52.458,101.70,100.55
11394,6307,18027.7187,5678.4174,-12043.5745,-13417.8514,-131.9106,-131.3785,1.9167,52.559,101.54,100.39
11417,6319,18063.8913,5689.8111,-12070.6450,-13442.1596,-131.9230,-132.6327,1.9167,52.663,103.57,102.32
11440,6331,18100.6948,5701.4036,-12093.8495,-13470.7867,-131.9171,-131.9532,1.9167,52.763,100.26,99.01
11462,6343,18133.6700,5711.7902,-12112.3595,-13498.4826,-131.9022,-131.8999,1.8333,52.863,100.09,98.91
11481,6355,18165.2515,5721.7378,-12140.2955,-13515.8440,-131.9312,-132.1365,1.5833,52.962,99.46,98.42
11504,6367,18200.6594,5732.8907,-12159.9057,-13545.8230,-131.9141,-131.8654,1.9167,53.062,99.83,98.63
11525,6379,18236.1549,5744.0711,-12184.7295,-13571.2384,-131.9188,-132.1769,1.7500,53.166,103.77,102.69
11548,6392,18271.5827,5755.2303,-12205.3364,-13600.3482,-131.9059,-131.5345,1.7692,53.268,102.16,100.97
11569,6404,18305.1270,5765.7961,-12232.5600,-13620.9868,-131.9261,-132.2583,1.7500,53.374,105.89,104.73
11591,6416,18340.1429,5776.8255,-12254.2269,-13648.5922,-131.9189,-131.7684,1.8333,53.481,106.75,105.54
11614,6428,18376.0398,5788.1325,-12276.6552,-13676.6975,-131.9123,-132.0590,1.9167,53.588,107.50,106.26
11637,6440,18412.2125,5799.5262,-12303.7257,-13701.0057,-131.9245,-132.1678,1.9167,53.697,108.57,107.31
11658,6452,18446.5631,5810.3460,-12324.8333,-13728.2189,-131.9168,-131.8999,1.7500,53.802,105.04,103.86
11679,6464,18480.2748,5820.9647,-12349.8095,-13751.0999,-131.9270,-131.7989,1.7500,53.908,105.79,104.59
11702,6476,18515.7074,5832.1253,-12369.4433,-13781.0904,-131.9102,-132.0328,1.9167,54.013,105.70,104.45
11724,6488,18550.5580,5843.1027,-12394.6956,-13805.2546,-131.9184,-131.6861,1.8333,54.121,107.25,106.00
11745,6500,18584.4761,5853.7863,-12417.8102,-13830.0845,-131.9203,-132.4951,1.7500,54.229,108.38,107.14
11767,6512,18617.5679,5864.2096,-12443.2385,-13851.7257,-131.9340,-132.1891,1.8333,54.337,107.63,106.36
11790,6524,18653.1823,5875.4275,-12460.9871,-13883.6537,-131.9091,-131.6861,1.9167,54.446,109.06,107.79
11811,6536,18687.3825,5886.2000,-12488.7815,-13904.6610,-131.9295,-132.4442,1.7500,54.555,109.17,107.95
11834,6548,18721.0081,5896.7914,-12504.7495,-13935.5137,-131.9027,-131.3447,1.9167,54.661,105.73,104.51
11853,6560,18754.0996,5907.2147,-12532.6561,-13954.9311,-131.9266,-132.1877,1.5833,54.769,108.76,107.67
11875,6572,18790.0062,5918.5246,-12555.0730,-13983.0601,-131.9201,-132.4150,1.8333,54.877,108.11,106.87
11898,6584,18824.7944,5929.4823,-12575.1353,-14011.7994,-131.9071,-131.2434,1.9167,54.984,106.98,105.72
11919,6596,18858.7392,5940.1744,-12602.0898,-14033.2180,-131.9246,-132.2156,1.7500,55.092,107.79,106.58
11942,6608,18896.4263,5952.0451,-12625.6794,-14062.6868,-131.9181,-131.8999,1.9167,55.198,106.04,104.80
11963,6620,18930.1382,5962.6638,-12650.6556,-14085.5678,-131.9281,-132.5447,1.7500,55.303,105.15,103.95
11985,6632,18963.4362,5973.1521,-12674.2224,-14109.1579,-131.9334,-132.1365,1.8333,55.410,106.14,104.93
12008,6644,18998.8439,5984.3049,-12693.8325,-14139.1370,-131.9170,-131.8654,1.9167,55.516,106.30,105.08
12029,6656,19034.3394,5995.4854,-12718.6563,-14164.5523,-131.9215,-132.1769,1.7500,55.625,108.79,107.62
12052,6669,19069.7670,6006.6444,-12739.2632,-14193.6621,-131.9091,-131.4786,1.7692,55.731,106.30,105.00
12073,6681,19103.3116,6017.2104,-12766.4868,-14214.3008,-131.9286,-132.2583,1.7500,55.840,108.88,107.72
12095,6693,19138.3274,6028.2398,-12788.1537,-14241.9062,-131.9216,-131.7684,1.8333,55.948,108.06,106.83
12118,6705,19174.2242,6039.5466,-12810.5821,-14270.0115,-131.9153,-132.0590,1.9167,56.056,108.46,107.15
12141,6717,19210.3971,6050.9405,-12837.6526,-14294.3197,-131.9270,-132.1678,1.9167,56.165,108.77,107.46
12162,6729,19244.7475,6061.7603,-12858.7602,-14321.5329,-131.9196,-131.8999,1.7500,56.270,105.30,104.08
12183,6741,19278.4595,6072.3789,-12883.7363,-14344.4139,-131.9294,-131.7989,1.7500,56.375,104.55,103.35
12206,6753,19313.8918,6083.5395,-12903.3701,-14374.4044,-131.9133,-132.0328,1.9167,56.479,104.11,102.83
12228,6765,19348.7426,6094.5169,-12928.6224,-14398.5685,-131.9211,-131.6861,1.8333,56.583,103.85,102.69
12249,6777,19382.6606,6105.2005,-12951.7370,-14423.3984,-131.9229,-132.4951,1.7500,56.687,103.82,102.66
12272,6789,19418.7964,6116.5826,-12974.9791,-14451.0944,-131.9194,-131.7166,1.9167,56.789,102.05,100.84
12295,6801,19454.7304,6127.9012,-13001.2359,-14475.8120,-131.9283,-132.1593,1.9167,56.892,103.12,101.94
12318,6813,19489.9754,6139.0028,-13023.7279,-14502.9843,-131.9241,-132.4050,1.9167,56.992,100.34,99.13
12340,6825,19524.5084,6149.8801,-13042.9504,-14532.1349,-131.9089,-131.4649,1.8333,57.094,101.97,100.85
12361,6837,19559.3601,6160.8577,-13070.6810,-14554.0752,-131.9264,-132.1640,1.7500,57.196,102.05,100.95
12382,6849,19593.0688,6171.4754,-13091.8409,-14580.3790,-131.9211,-131.7209,1.7500,57.295,99.00,97.87
12403,6861,19626.7808,6182.0941,-13116.8171,-14603.2600,-131.9307,-131.8526,1.7500,57.394,99.01,97.93
12426,6873,19662.2130,6193.2546,-13136.4508,-14633.2505,-131.9149,-131.8534,1.9167,57.494,99.39,98.22
12448,6885,19697.0638,6204.2320,-13161.7031,-14657.4146,-131.9226,-131.9532,1.8333,57.594,100.60,99.44
12469,6897,19730.9819,6214.9156,-13184.8177,-14682.2445,-131.9243,-132.3627,1.7500,57.696,101.31,100.22
12491,6909,19764.0740,6225.3391,-13210.2461,-14703.8858,-131.9373,-132.1891,1.8333,57.797,101.64,100.51
12514,6921,19799.6878,6236.5568,-13227.9947,-14735.8137,-131.9137,-131.6861,1.9167,57.900,102.44,101.24
12535,6933,19834.9699,6247.6700,-13254.3152,-14759.5984,-131.9244,-132.1873,1.7500,58.002,102.11,100.98
12558,6945,19869.7578,6258.6276,-13274.3775,-14788.3377,-131.9121,-131.4775,1.9167,58.103,101.56,100.37
12579,6957,19904.5937,6269.6003,-13302.0820,-14810.2798,-131.9292,-132.2098,1.7500,58.207,103.54,102.34
12601,6969,19938.9579,6280.4244,-13323.8126,-14836.9522,-131.9245,-131.7804,1.8333,58.311,103.64,102.43
12623,6981,19975.1021,6291.8092,-13349.8978,-14862.1061,-131.9319,-132.4765,1.8333,58.414,103.46,102.27
12646,6993,20010.5341,6302.9697,-13369.5315,-14892.0966,-131.9164,-131.7770,1.9167,58.518,104.38,103.18
12668,7005,20045.3851,6313.9471,-13394.7839,-14916.2607,-131.9239,-131.9532,1.8333,58.625,106.90,105.70
12690,7017,20078.3596,6324.3335,-13413.2939,-14943.9567,-131.9104,-131.6475,1.8333,58.731,106.03,104.79
12709,7029,20109.9422,6334.2815,-13441.2299,-14961.3180,-131.9366,-132.1847,1.5833,58.837,105.52,104.44
12730,7041,20144.4741,6345.1585,-13460.4523,-14990.4686,-131.9219,-131.8563,1.7500,58.943,106.01,104.86
12751,7053,20176.6018,6355.2781,-13482.4056,-15013.9351,-131.9238,-132.3683,1.7500,59.050,107.49,106.32
12773,7065,20211.6658,6366.3227,-13507.1101,-15038.8772,-131.9286,-131.9942,1.8333,59.159,109.00,107.73
12796,7077,20247.1242,6377.4914,-13528.1054,-15067.6803,-131.9184,-131.8370,1.9167,59.266,106.28,105.01
12817,7089,20280.8360,6388.1101,-13553.0816,-15090.5613,-131.9277,-131.8370,1.7500,59.371,104.92,103.75
12837,7101,20313.0263,6398.2495,-13576.7607,-15112.5616,-131.9359,-132.5715,1.6667,59.474,103.80,102.66
12858,7113,20346.0069,6408.6378,-13595.6355,-15139.9393,-131.9239,-131.9649,1.7500,59.581,106.29,105.13
12880,7125,20379.9141,6419.3180,-13614.9364,-15168.1786,-131.9112,-131.5133,1.8333,59.688,107.52,106.29
12901,7138,20414.5683,6430.2334,-13644.5260,-15188.1833,-131.9355,-131.8833,1.6154,59.794,105.44,104.24
12922,7150,20447.5489,6440.6217,-13663.4009,-15215.5611,-131.9236,-132.2261,1.7500,59.902,108.13,106.92
12944,7162,20481.4562,6451.3019,-13682.7018,-15243.8004,-131.9110,-131.5001,1.8333,60.010,108.01,106.76
12963,7174,20511.4878,6460.7614,-13710.2902,-15259.3889,-131.9393,-132.7813,1.5833,60.116,106.63,105.51
12984,7186,20545.0858,6471.3442,-13724.8966,-15291.4291,-131.9099,-131.3077,1.7500,60.223,106.45,105.25
13005,7198,20579.9375,6482.3218,-13752.6272,-15313.3694,-131.9265,-131.9898,1.7500,60.327,104.38,103.21
13028,7211,20615.3648,6493.4808,-13773.2342,-15342.4792,-131.9151,-131.3886,1.7692,60.428,100.40,99.19
13049,7223,20648.9099,6504.0469,-13800.4578,-15363.1179,-131.9330,-132.4547,1.7500,60.530,102.20,101.12
13071,7235,20683.9255,6515.0763,-13822.1247,-15390.7232,-131.9266,-132.0089,1.8333,60.632,102.13,100.99
13094,7247,20719.8222,6526.3831,-13844.5530,-15418.8286,-131.9208,-132.2444,1.9167,60.734,102.22,101.03
13117,7259,20756.6370,6537.9791,-13871.5712,-15444.0462,-131.9298,-131.7163,1.9167,60.838,104.37,103.16
13138,7271,20790.3456,6548.5967,-13892.7311,-15470.3499,-131.9247,-132.0126,1.7500,60.941,102.54,101.39
13159,7283,20824.0578,6559.2155,-13917.7073,-15493.2309,-131.9338,-132.2461,1.7500,61.045,103.65,102.48
13182,7295,20859.4896,6570.3759,-13937.3410,-15523.2215,-131.9188,-131.6139,1.9167,61.150,105.73,104.49
13204,7307,20894.3407,6581.3534,-13962.5934,-15547.3856,-131.9261,-132.1684,1.8333,61.257,106.78,105.56
13225,7319,20928.2588,6592.0370,-13985.7080,-15572.2155,-131.9278,-131.9305,1.7500,61.366,108.52,107.36
13247,7331,20961.3512,6602.4605,-14011.1363,-15593.8567,-131.9399,-132.0667,1.8333,61.473,107.29,106.04
13270,7343,20996.9645,6613.6781,-14028.8849,-15625.7847,-131.9177,-131.7248,1.9167,61.582,108.76,107.50
13291,7355,21031.1656,6624.4508,-14056.6793,-15646.7920,-131.9359,-132.7059,1.7500,61.691,108.85,107.65
13314,7367,21064.7899,6635.0419,-14072.6472,-15677.6448,-131.9121,-131.1755,1.9167,61.797,106.62,105.38
13333,7379,21097.8826,6645.4655,-14100.5539,-15697.0622,-131.9333,-132.2362,1.5833,61.906,108.75,107.63
13355,7391,21133.7889,6656.7754,-14122.9708,-15725.1911,-131.9275,-132.4453,1.8333,62.014,108.20,106.95
13378,7403,21169.6855,6668.0822,-14145.3991,-15753.2964,-131.9218,-131.3785,1.9167,62.122,108.30,107.02
13401,7415,21205.8588,6679.4761,-14172.4696,-15777.6046,-131.9324,-132.6327,1.9167,62.230,108.00,106.68
13424,7427,21242.6620,6691.0685,-14195.6741,-15806.2317,-131.9273,-131.9532,1.9167,62.337,106.86,105.60
13446,7439,21275.6362,6701.4548,-14214.1841,-15833.9276,-131.9146,-131.8999,1.8333,62.444,106.53,105.34
13465,7451,21307.2194,6711.4030,-14242.1202,-15851.2890,-131.9393,-132.1365,1.5833,62.550,105.78,104.70
13488,7463,21342.6264,6722.5556,-14261.7303,-15881.2680,-131.9247,-131.8654,1.9167,62.655,105.06,103.86
13509,7475,21378.1222,6733.7361,-14286.5541,-15906.6834,-131.9287,-132.1769,1.7500,62.762,107.10,105.93
13532,7488,21413.5492,6744.8950,-14307.1610,-15935.7932,-131.9176,-131.5345,1.7692,62.865,103.43,102.22
13553,7500,21447.0946,6755.4612,-14334.3846,-15956.4318,-131.9349,-132.2583,1.7500,62.970,104.65,103.50
13575,7512,21482.1102,6766.4905,-14356.0515,-15984.0372,-131.9287,-131.7684,1.8333,63.073,103.35,102.14
13598,7524,21518.0067,6777.7973,-14378.4798,-16012.1425,-131.9231,-132.0590,1.9167,63.176,102.57,101.35
13621,7536,21554.1801,6789.1913,-14405.5503,-16036.4507,-131.9335,-132.1678,1.9167,63.278,102.32,101.07
13642,7548,21588.5302,6800.0110,-14426.6579,-16063.6639,-131.9269,-131.8999,1.7500,63.377,98.76,97.60
13663,7560,21622.2425,6810.6298,-14451.6341,-16086.5449,-131.9356,-131.7989,1.7500,63.476,99.04,97.98
13686,7572,21657.6742,6821.7901,-14471.2679,-16116.5354,-131.9213,-132.0328,1.9167,63.575,99.55,98.39
13708,7584,21692.5253,6832.7676,-14496.5202,-16140.6996,-131.9282,-131.6861,1.8333,63.676,100.18,99.06
13729,7596,21726.4435,6843.4512,-14519.6348,-16165.5295,-131.9298,-132.4951,1.7500,63.777,101.71,100.59
13751,7608,21759.5359,6853.8748,-14545.0631,-16187.1707,-131.9416,-132.2068,1.8333,63.878,101.12,99.96
13774,7620,21795.1490,6865.0923,-14562.8117,-16219.0987,-131.9202,-131.6861,1.9167,63.981,102.14,100.96
13795,7632,21829.3503,6875.8651,-14590.6061,-16240.1060,-131.9376,-132.4442,1.7500,64.083,102.43,101.28
13818,7644,21862.9743,6886.4561,-14606.5741,-16270.9587,-131.9147,-131.3447,1.9167,64.182,99.29,98.09
13837,7656,21896.0673,6896.8798,-14634.4807,-16290.3761,-131.9351,-132.1877,1.5833,64.285,102.51,101.50
13859,7668,21931.9735,6908.1896,-14656.8976,-16318.5051,-131.9296,-132.4150,1.8333,64.386,101.62,100.45
13882,7680,21966.7610,6919.1471,-14676.9599,-16347.2444,-131.9184,-131.2434,1.9167,64.487,100.27,99.09
13903,7692,22000.7068,6929.8394,-14703.9144,-16368.6630,-131.9334,-132.2156,1.7500,64.589,101.80,100.66
13926,7704,22038.3936,6941.7101,-14727.5040,-16398.1318,-131.9278,-131.8999,1.9167,64.688,99.93,98.73
13947,7716,22072.1059,6952.3289,-14752.4802,-16421.0128,-131.9363,-132.5447,1.7500,64.788,99.29,98.16
13969,7728,22105.4042,6962.8173,-14776.0470,-16444.6029,-131.9409,-132.1365,1.8333,64.887,99.60,98.46
13992,7740,22140.8110,6973.9698,-14795.6571,-16474.5820,-131.9268,-131.8654,1.9167,64.987,99.56,98.40
14013,7752,22176.3068,6985.1504,-14820.4809,-16499.9973,-131.9307,-132.1769,1.7500,65.089,101.76,100.68
14036,7765,22211.7337,6996.3092,-14841.0878,-16529.1071,-131.9200,-131.4786,1.7692,65.188,99.03,97.86
14057,7777,22245.2793,7006.8755,-14868.3114,-16549.7458,-131.9367,-132.2583,1.7500,65.290,102.37,101.28
14079,7789,22280.2948,7017.9048,-14889.9783,-16577.3512,-131.9307,-131.7684,1.8333,65.392,101.89,100.71
14102,7801,22316.1913,7029.2115,-14912.4067,-16605.4565,-131.9253,-132.0590,1.9167,65.494,102.19,100.98
14125,7813,22352.3648,7040.6056,-14939.4772,-16629.7647,-131.9353,-132.1678,1.9167,65.597,102.82,101.61
14146,7825,22386.7149,7051.4252,-14960.5848,-16656.9779,-131.9290,-131.8999,1.7500,65.697,99.95,98.80
14167,7837,22420.4273,7062.0441,-14985.5609,-16679.8589,-131.9374,-131.7989,1.7500,65.796,99.41,98.27
14190,7849,22455.8587,7073.2043,-15005.1947,-16709.8494,-131.9235,-132.0328,1.9167,65.896,99.82,98.63
14212,7861,22490.7099,7084.1819,-15030.4470,-16734.0135,-131.9302,-131.6861,1.8333,65.997,100.39,99.26
14233,7873,22524.6281,7094.8655,-15053.5616,-16758.8434,-131.9318,-132.4951,1.7500,66.098,101.69,100.55
14256,7885,22560.7637,7106.2476,-15076.8037,-16786.5394,-131.9287,-131.7166,1.9167,66.200,101.27,100.06
14279,7897,22596.6982,7117.5663,-15103.0605,-16811.2570,-131.9363,-132.1593,1.9167,66.302,102.15,100.98
14302,7909,22631.9429,7128.6678,-15125.5525,-16838.4293,-131.9327,-132.4050,1.9167,66.402,100.50,99.30
14324,7921,22666.4751,7139.5448,-15144.7750,-16867.5799,-131.9196,-131.4649,1.8333,66.504,102.09,100.95
14345,7933,22701.3277,7150.5228,-15172.5056,-16889.5202,-131.9347,-132.1640,1.7500,66.606,101.94,100.82
14366,7945,22735.0362,7161.1404,-15193.6655,-16915.8240,-131.9301,-131.7209,1.7500,66.705,99.12,98.01
14387,7957,22768.7486,7171.7592,-15218.6417,-16938.7050,-131.9384,-131.8526,1.7500,66.805,99.29,98.18
14410,7969,22804.1800,7182.9195,-15238.2754,-16968.6955,-131.9247,-131.8534,1.9167,66.904,99.63,98.44
14432,7981,22839.0313,7193.8970,-15263.5277,-16992.8596,-131.9313,-131.9532,1.8333,67.005,100.41,99.28
14453,7993,22872.9495,7204.5807,-15286.6423,-17017.6895,-131.9328,-132.3627,1.7500,67.107,102.54,101.46
14475,8005,22906.0422,7215.0043,-15312.0707,-17039.3308,-131.9440,-132.1891,1.8333,67.208,100.76,99.62
14498,8017,22941.6548,7226.2216,-15329.8193,-17071.2587,-131.9236,-131.6861,1.9167,67.310,101.97,100.77
14519,8029,22976.9375,7237.3351,-15356.1398,-17095.0434,-131.9329,-132.1873,1.7500,67.412,102.00,100.85
14542,8041,23011.7247,7248.2924,-15376.2021,-17123.7827,-131.9222,-131.4775,1.9167,67.513,100.83,99.68
14563,8053,23046.5615,7259.2654,-15403.9066,-17145.7248,-131.9370,-132.2098,1.7500,67.615,102.63,101.52
14585,8065,23080.9255,7270.0895,-15425.6372,-17172.3972,-131.9329,-131.7804,1.8333,67.716,100.54,99.38
14607,8077,23117.0700,7281.4744,-15451.7224,-17197.5511,-131.9393,-132.4765,1.8333,67.815,99.25,98.09
14630,8089,23152.5013,7292.6346,-15471.3561,-17227.5416,-131.9258,-131.7770,1.9167,67.915,99.54,98.37
14652,8101,23187.3526,7303.6122,-15496.6085,-17251.7057,-131.9324,-131.9532,1.8333,68.016,101.29,100.18
14674,8113,23220.3264,7313.9983,-15515.1185,-17279.4017,-131.9207,-131.6475,1.8333,68.116,100.14,99.01
14693,8125,23251.9104,7323.9467,-15543.0545,-17296.7630,-131.9433,-132.1847,1.5833,68.216,99.60,98.57
14714,8137,23286.4415,7334.8235,-15562.2770,-17325.9136,-131.9306,-131.8563,1.7500,68.315,99.31,98.23
14735,8149,23318.5694,7344.9432,-15584.2302,-17349.3801,-131.9322,-132.3683,1.7500,68.415,100.24,99.17
14757,8161,23353.6336,7355.9878,-15608.9347,-17374.3222,-131.9364,-131.9942,1.8333,68.518,102.61,101.48
14780,8173,23389.0914,7367.1564,-15629.9301,-17403.1253,-131.9275,-131.8370,1.9167,68.618,99.73,98.52
14801,8185,23422.8037,7377.7752,-15654.9062,-17426.0063,-131.9355,-131.8370,1.7500,68.717,99.51,98.40
14821,8197,23454.9944,7387.9147,-15678.5853,-17448.0066,-131.9426,-132.5715,1.6667,68.816,99.33,98.21
14842,8209,23487.9744,7398.3028,-15697.4601,-17475.3843,-131.9322,-131.9649,1.7500,68.918,101.47,100.35
14864,8221,23521.8809,7408.9828,-15716.7610,-17503.6236,-131.9213,-131.5133,1.8333,69.020,102.37,101.18
14885,8234,23556.5364,7419.8986,-15746.3506,-17523.6283,-131.9423,-131.8833,1.6154,69.120,99.59,98.45
14906,8246,23589.5164,7430.2868,-15765.2255,-17551.0061,-131.9320,-132.2261,1.7500,69.222,101.78,100.66
14928,8258,23623.4230,7440.9667,-15784.5264,-17579.2454,-131.9210,-131.5001,1.8333,69.323,101.78,100.62
14947,8270,23653.4560,7450.4266,-15812.1148,-17594.8339,-131.9455,-132.7813,1.5833,69.424,100.82,99.76
14968,8282,23687.0525,7461.0089,-15826.7212,-17626.8741,-131.9200,-131.3077,1.7500,69.526,101.79,100.63
14989,8294,23721.9052,7471.9869,-15854.4519,-17648.8144,-131.9344,-131.9898,1.7500,69.628,101.94,100.80
15012,8307,23757.3318,7483.1457,-15875.0588,-17677.9242,-131.9245,-131.3886,1.7692,69.727,99.27,98.06
15033,8319,23790.8779,7493.7121,-15902.2824,-17698.5629,-131.9400,-132.4547,1.7500,69.829,102.23,101.09
15055,8331,23825.8932,7504.7413,-15923.9493,-17726.1682,-131.9344,-132.0089,1.8333,69.931,101.87,100.70
15078,8343,23861.7895,7516.0481,-15946.3776,-17754.2736,-131.9294,-132.2444,1.9167,70.033,101.93,100.71
15101,8355,23898.6048,7527.6442,-15973.3958,-17779.4912,-131.9372,-131.7163,1.9167,70.135,101.66,100.44
15122,8367,23932.3132,7538.2618,-15994.5557,-17805.7949,-131.9328,-132.0126,1.7500,70.234,98.76,97.62
15143,8379,23966.0258,7548.8807,-16019.5319,-17828.6759,-131.9406,-132.2461,1.7500,70.333,99.29,98.18
15166,8391,24001.4569,7560.0408,-16039.1656,-17858.6665,-131.9277,-131.6139,1.9167,70.433,100.37,99.17
15188,8403,24036.3083,7571.0184,-16064.4180,-17882.8306,-131.9340,-132.1684,1.8333,70.534,100.69,99.53
15209,8415,24070.2265,7581.7021,-16087.5326,-17907.6605,-131.9354,-131.9305,1.7500,70.636,101.95,100.85
15231,8427,24103.3194,7592.1258,-16112.9609,-17929.3017,-131.9460,-132.0667,1.8333,70.737,100.90,99.70
15254,8439,24138.9317,7603.3430,-16130.7095,-17961.2297,-131.9266,-131.7248,1.9167,70.840,103.09,101.88
15275,8451,24173.1336,7614.1160,-16158.5039,-17982.2370,-131.9424,-132.7059,1.7500,70.942,101.50,100.38
15298,8463,24206.7568,7624.7067,-16174.4718,-18013.0898,-131.9217,-131.1755,1.9167,71.041,99.94,98.83
15317,8475,24239.8505,7635.1307,-16202.3785,-18032.5072,-131.9401,-132.2362,1.5833,71.144,102.73,101.73
15339,8487,24275.7566,7646.4405,-16224.7954,-18060.6361,-131.9351,-132.4453,1.8333,71.246,101.81,100.61
15362,8499,24311.6529,7657.7472,-16247.2237,-18088.7414,-131.9302,-131.3785,1.9167,71.348,101.86,100.66
15385,8511,24347.8267,7669.1413,-16274.2942,-18113.0496,-131.9393,-132.6327,1.9167,71.450,101.95,100.72
15408,8523,24384.6296,7680.7336,-16297.4987,-18141.6767,-131.9349,-131.9532,1.9167,71.550,100.59,99.40
15430,8535,24417.6032,7691.1197,-16316.0087,-18169.3726,-131.9238,-131.8999,1.8333,71.651,101.04,99.88
15449,8547,24449.1876,7701.0682,-16343.9448,-18186.7340,-131.9453,-132.1365,1.5833,71.751,99.71,98.64
15472,8559,24484.5940,7712.2206,-16363.5549,-18216.7130,-131.9326,-131.8654,1.9167,71.851,99.99,98.80
15493,8571,24520.0899,7723.4012,-16388.3787,-18242.1284,-131.9360,-132.1769,1.7500,71.953,101.79,100.69
15516,8584,24555.5164,7734.5599,-16408.9856,-18271.2382,-131.9264,-131.5345,1.7692,72.052,99.49,98.32
15537,8596,24589.0626,7745.1264,-16436.2092,-18291.8768,-131.9415,-132.2583,1.7500,72.154,102.07,100.90
15559,8608,24624.0779,7756.1556,-16457.8761,-18319.4822,-131.9360,-131.7684,1.8333,72.256,101.66,100.52
15582,8620,24659.9742,7767.4623,-16480.3044,-18347.5875,-131.9312,-132.0590,1.9167,72.359,102.44,101.23
15605,8632,24696.1481,7778.8565,-16507.3749,-18371.8957,-131.9402,-132.1678,1.9167,72.461,102.23,101.00
15626,8644,24730.4979,7789.6761,-16528.4825,-18399.1089,-131.9344,-131.8999,1.7500,72.561,99.68,98.61
15647,8656,24764.2106,7800.2950,-16553.4587,-18421.9899,-131.9420,-131.7989,1.7500,72.661,100.39,99.33
15670,8668,24799.6415,7811.4551,-16573.0925,-18451.9804,-131.9295,-132.0328,1.9167,72.761,99.61,98.43
15692,8680,24834.4930,7822.4327,-16598.3448,-18476.1446,-131.9356,-131.6861,1.8333,72.861,100.81,99.65
15713,8692,24868.4113,7833.1164,-16621.4594,-18500.9745,-131.9370,-132.4951,1.7500,72.963,101.99,100.88
15735,8704,24901.5042,7843.5401,-16646.8877,-18522.6157,-131.9472,-132.2068,1.8333,73.064,100.92,99.76
15758,8716,24937.1163,7854.7573,-16664.6363,-18554.5437,-131.9285,-131.6861,1.9167,73.167,102.89,101.73
15779,8728,24971.3184,7865.5303,-16692.4307,-18575.5510,-131.9437,-132.4442,1.7500,73.270,102.69,101.52
15802,8740,25004.9413,7876.1210,-16708.3987,-18606.4037,-131.9237,-131.3447,1.9167,73.370,99.85,98.63
15821,8752,25038.0353,7886.5450,-16736.3053,-18625.8211,-131.9415,-132.1877,1.5833,73.472,102.28,101.23
15843,8764,25073.9413,7897.8548,-16758.7222,-18653.9501,-131.9367,-132.4150,1.8333,73.574,101.79,100.65
15866,8776,25108.7282,7908.8120,-16778.7845,-18682.6894,-131.9269,-131.2434,1.9167,73.674,100.75,99.52
15887,8788,25142.6747,7919.5046,-16805.7390,-18704.1080,-131.9400,-132.2156,1.7500,73.776,101.97,100.79
15910,8800,25180.3613,7931.3752,-16829.3286,-18733.5768,-131.9351,-131.8999,1.9167,73.877,100.17,98.99
15931,8812,25214.0740,7941.9941,-16854.3048,-18756.4578,-131.9426,-132.5447,1.7500,73.976,99.05,97.94
15953,8824,25247.3724,7952.4825,-16877.8716,-18780.0479,-131.9466,-132.1365,1.8333,74.075,99.52,98.37
15976,8836,25282.7787,7963.6349,-16897.4817,-18810.0270,-131.9342,-131.8654,1.9167,74.175,99.58,98.44
15997,8848,25318.2746,7974.8155,-16922.3055,-18835.4423,-131.9376,-132.1769,1.7500,74.277,102.04,100.97
16020,8861,25353.7010,7985.9742,-16942.9124,-18864.5521,-131.9282,-131.4786,1.7692,74.377,100.16,98.99
16041,8873,25387.2474,7996.5407,-16970.1360,-18885.1908,-131.9428,-132.2583,1.7500,74.479,102.06,100.92
16063,8885,25422.2627,8007.5699,-16991.8029,-18912.7962,-131.9376,-131.7684,1.8333,74.581,101.91,100.71
16086,8897,25458.1589,8018.8766,-17014.2313,-18940.9015,-131.9328,-132.0590,1.9167,74.683,101.80,100.60
16109,8909,25494.3329,8030.2708,-17041.3018,-18965.2097,-131.9416,-132.1678,1.9167,74.785,102.20,100.97
16130,8921,25528.6826,8041.0903,-17062.4094,-18992.4229,-131.9360,-131.8999,1.7500,74.884,98.92,97.80
16151,8933,25562.3954,8051.7093,-17087.3855,-19015.3039,-131.9434,-131.7989,1.7500,74.983,99.48,98.31
16174,8945,25597.8262,8062.8694,-17107.0193,-19045.2944,-131.9312,-132.0328,1.9167,75.083,99.85,98.66
16196,8957,25632.6778,8073.8470,-17132.2716,-19069.4585,-131.9371,-131.6861,1.8333,75.183,99.96,98.84
16217,8969,25666.5960,8084.5307,-17155.3862,-19094.2884,-131.9384,-132.4951,1.7500,75.285,101.51,100.41
16240,8981,25702.7314,8095.9127,-17178.6283,-19121.9844,-131.9357,-131.7166,1.9167,75.386,101.78,100.60
16263,8993,25738.6662,8107.2315,-17204.8851,-19146.7020,-131.9424,-132.1593,1.9167,75.489,102.43,101.24
16286,9005,25773.9109,8118.3330,-17227.3771,-19173.8743,-131.9392,-132.4050,1.9167,75.591,101.80,100.57
16308,9017,25808.4424,8129.2098,-17246.5996,-19203.0249,-131.9277,-131.4649,1.8333,75.693,102.82,101.64
16329,9029,25843.2958,8140.1880,-17274.3302,-19224.9652,-131.9410,-132.1640,1.7500,75.796,102.05,100.90
16350,9041,25877.0040,8150.8055,-17295.4901,-19251.2690,-131.9369,-131.7209,1.7500,75.895,99.71,98.61
16371,9053,25910.7168,8161.4245,-17320.4663,-19274.1500,-131.9442,-131.8526,1.7500,75.994,99.15,98.03
16394,9065,25946.1475,8172.5845,-17340.1000,-19304.1405,-131.9321,-131.8534,1.9167,76.094,99.62,98.42
16416,9077,25980.9991,8183.5622,-17365.3523,-19328.3046,-131.9380,-131.9532,1.8333,76.195,100.79,99.61
16437,9089,26014.9174,8194.2458,-17388.4669,-19353.1345,-131.9393,-132.3627,1.7500,76.297,101.98,100.87
16459,9101,26048.0105,8204.6696,-17413.8953,-19374.7758,-131.9491,-132.1891,1.8333,76.397,100.39,99.25
16482,9113,26083.6223,8215.8867,-17431.6439,-19406.7037,-131.9312,-131.6861,1.9167,76.499,101.74,100.55
16503,9125,26118.9054,8227.0002,-17457.9644,-19430.4884,-131.9393,-132.1873,1.7500,76.601,102.10,100.98
16526,9137,26153.6921,8237.9575,-17478.0267,-19459.2277,-131.9299,-131.4775,1.9167,76.702,101.26,100.08
16547,9149,26188.5296,8248.9307,-17505.7312,-19481.1698,-131.9429,-132.2098,1.7500,76.805,102.91,101.76
16569,9161,26222.8934,8259.7547,-17527.4618,-19507.8422,-131.9393,-131.7804,1.8333,76.907,102.02,100.81
16591,9173,26259.0382,8271.1396,-17553.5470,-19532.9961,-131.9449,-132.4765,1.8333,77.009,101.44,100.30
16614,9185,26294.4688,8282.2997,-17573.1807,-19562.9866,-131.9331,-131.7770,1.9167,77.111,101.99,100.76
16636,9197,26329.3205,8293.2773,-17598.4331,-19587.1507,-131.9388,-131.9532,1.8333,77.214,102.96,101.81
16658,9209,26362.2937,8303.6633,-17616.9431,-19614.8467,-131.9285,-131.6475,1.8333,77.317,103.08,101.92
16677,9221,26393.8787,8313.6120,-17644.8791,-19632.2080,-131.9484,-132.1847,1.5833,77.419,102.41,101.36
16698,9233,26428.4094,8324.4886,-17664.1016,-19661.3586,-131.9372,-131.8563,1.7500,77.521,102.14,101.05
16719,9245,26460.5373,8334.6083,-17686.0548,-19684.8251,-131.9386,-132.3683,1.7500,77.624,103.04,101.90
16741,9257,26495.6017,8345.6530,-17710.7593,-19709.7672,-131.9423,-131.9942,1.8333,77.730,105.32,104.13
16764,9269,26531.0591,8356.8215,-17731.7547,-19738.5703,-131.9344,-131.8370,1.9167,77.832,102.66,101.44
16785,9281,26564.7717,8367.4404,-17756.7308,-19761.4513,-131.9415,-131.8370,1.7500,77.934,101.90,100.78
16805,9293,26596.9627,8377.5800,-17780.4099,-19783.4516,-131.9478,-132.5715,1.6667,78.036,101.38,100.28
16826,9305,26629.9423,8387.9680,-17799.2847,-19810.8293,-131.9386,-131.9649,1.7500,78.139,103.57,102.44
16848,9317,26663.8483,8398.6478,-17818.5856,-19839.0686,-131.9289,-131.5133,1.8333,78.245,105.95,104.77
16869,9330,26698.5047,8409.5639,-17848.1752,-19859.0733,-131.9475,-131.8833,1.6154,78.347,102.01,100.86
16890,9342,26731.4843,8419.9519,-17867.0501,-19886.4511,-131.9383,-132.2261,1.7500,78.452,104.52,103.39
16912,9354,26765.3903,8430.6317,-17886.3510,-19914.6904,-131.9287,-131.5001,1.8333,78.556,104.65,103.45
16931,9366,26795.4244,8440.0919,-17913.9394,-19930.2789,-131.9503,-132.7813,1.5833,78.660,103.33,102.23
16952,9378,26829.0198,8450.6739,-17928.5458,-19962.3191,-131.9277,-131.3077,1.7500,78.764,104.33,103.15
16973,9390,26863.8732,8461.6521,-17956.2765,-19984.2594,-131.9405,-131.9898,1.7500,78.867,103.28,102.12
16996,9403,26899.2993,8472.8107,-17976.8834,-20013.3692,-131.9317,-131.3886,1.7692,78.967,99.34,98.16
17017,9415,26932.8461,8483.3774,-18004.1070,-20034.0079,-131.9454,-132.4547,1.7500,79.068,101.54,100.40
17039,9427,26967.8612,8494.4065,-18025.7739,-20061.6132,-131.9405,-132.0089,1.8333,79.170,101.70,100.54
17062,9439,27003.7573,8505.7132,-18048.2022,-20089.7186,-131.9360,-132.2444,1.9167,79.271,101.68,100.49
17085,9451,27040.5730,8517.3095,-18075.2204,-20114.9362,-131.9429,-131.7163,1.9167,79.374,102.42,101.24
17106,9463,27074.2811,8527.9269,-18096.3803,-20141.2399,-131.9390,-132.0126,1.7500,79.474,100.61,99.49
17127,9475,27107.9940,8538.5459,-18121.3565,-20164.1209,-131.9459,-132.2461,1.7500,79.575,100.85,99.73
17150,9487,27143.4246,8549.7059,-18140.9902,-20194.1114,-131.9344,-131.6139,1.9167,79.677,102.11,100.92
17172,9499,27178.2763,8560.6836,-18166.2426,-20218.2756,-131.9400,-132.1684,1.8333,79.780,102.58,101.43
17193,9511,27212.1946,8571.3673,-18189.3572,-20243.1055,-131.9413,-131.9305,1.7500,79.884,103.61,102.46
17215,9523,27245.2878,8581.7911,-18214.7855,-20264.7467,-131.9506,-132.0667,1.8333,79.985,101.85,100.67
17238,9535,27280.8993,8593.0081,-18232.5341,-20296.6747,-131.9335,-131.7248,1.9167,80.089,103.94,102.75
17259,9547,27315.1019,8603.7813,-18260.3285,-20317.6820,-131.9474,-132.7059,1.7500,80.194,104.25,103.08
17282,9559,27348.7241,8614.3717,-18276.2964,-20348.5348,-131.9291,-131.1755,1.9167,80.295,101.64,100.47
17301,9571,27381.8188,8624.7960,-18304.2031,-20367.9522,-131.9454,-132.2362,1.5833,80.401,105.65,104.59
17323,9583,27417.7246,8636.1057,-18326.6200,-20396.0811,-131.9410,-132.4453,1.8333,80.506,104.66,103.49
17346,9595,27453.6207,8647.4123,-18349.0483,-20424.1864,-131.9366,-131.3785,1.9167,80.609,103.64,102.45
17369,9607,27489.7949,8658.8066,-18376.1188,-20448.4946,-131.9447,-132.6327,1.9167,80.712,103.01,101.78
17392,9619,27526.5977,8670.3988,-18399.3233,-20477.1217,-131.9408,-131.9532,1.9167,80.813,100.41,99.19
17414,9631,27559.5707,8680.7847,-18417.8333,-20504.8176,-131.9309,-131.8999,1.8333,80.913,100.43,99.29
17433,9643,27591.1560,8690.7335,-18445.7694,-20522.1790,-131.9500,-132.1365,1.5833,81.013,99.87,98.84
17456,9655,27626.5619,8701.8858,-18465.3795,-20552.1580,-131.9387,-131.8654,1.9167,81.113,99.89,98.76
17477,9667,27662.0580,8713.0664,-18490.2033,-20577.5734,-131.9417,-132.1769,1.7500,81.215,101.70,100.63
17500,9680,27697.4840,8724.2250,-18510.8102,-20606.6832,-131.9332,-131.5345,1.7692,81.314,99.00,97.79
17521,9692,27731.0309,8734.7917,-18538.0338,-20627.3218,-131.9465,-132.2583,1.7500,81.415,101.73,100.62
17543,9704,27766.0460,8745.8208,-18559.7007,-20654.9272,-131.9417,-131.7684,1.8333,81.517,101.52,100.33
17566,9716,27801.9420,8757.1275,-18582.1290,-20683.0325,-131.9374,-132.0590,1.9167,81.619,101.92,100.70
17589,9728,27838.1163,8768.5217,-18609.1995,-20707.3407,-131.9454,-132.1678,1.9167,81.721,102.11,100.86
17610,9740,27872.4659,8779.3412,-18630.3071,-20734.5539,-131.9403,-131.8999,1.7500,81.820,99.29,98.13
17631,9752,27906.1789,8789.9603,-18655.2833,-20757.4349,-131.9470,-131.7989,1.7500,81.919,98.62,97.50
17654,9764,27941.6093,8801.1202,-18674.9171,-20787.4254,-131.9359,-132.0328,1.9167,82.018,99.55,98.38
17676,9776,27976.4611,8812.0979,-18700.1694,-20811.5896,-131.9413,-131.6861,1.8333,82.119,100.50,99.38
17697,9788,28010.3794,8822.7816,-18723.2840,-20836.4195,-131.9425,-132.4951,1.7500,82.221,102.05,100.94
17719,9800,28043.4727,8833.2054,-18748.7123,-20858.0607,-131.9516,-132.2068,1.8333,82.322,100.63,99.44
17742,9812,28079.0840,8844.4224,-18766.4609,-20889.9887,-131.9349,-131.6861,1.9167,82.424,102.24,100.99
17763,9824,28113.2868,8855.1956,-18794.2553,-20910.9960,-131.9485,-132.4442,1.7500,82.526,102.09,100.93
17786,9836,28146.9088,8865.7860,-18810.2233,-20941.8487,-131.9307,-131.3447,1.9167,82.625,99.53,98.33
17805,9848,28180.0036,8876.2103,-18838.1299,-20961.2661,-131.9465,-132.1877,1.5833,82.727,102.03,100.98
17827,9860,28215.9094,8887.5200,-18860.5468,-20989.3951,-131.9422,-132.4150,1.8333,82.829,102.03,100.87
17850,9872,28250.6958,8898.4771,-18880.6091,-21018.1344,-131.9335,-131.2434,1.9167,82.930,101.05,99.82
17871,9884,28284.6430,8909.1699,-18907.5636,-21039.5530,-131.9451,-132.2156,1.7500,83.033,102.73,101.57
17894,9896,28322.3293,8921.0404,-18931.1532,-21069.0218,-131.9408,-131.8999,1.9167,83.133,99.31,98.16
17915,9908,28356.0423,8931.6594,-18956.1294,-21091.9028,-131.9474,-132.5447,1.7500,83.231,98.81,97.73
17937,9920,28389.3409,8942.1479,-18979.6962,-21115.4929,-131.9509,-132.1365,1.8333,83.330,98.62,97.45
17960,9932,28424.7466,8953.3001,-18999.3063,-21145.4720,-131.9399,-131.8654,1.9167,83.429,99.28,98.06
17981,9944,28460.2428,8964.4807,-19024.1301,-21170.8873,-131.9429,-132.1769,1.7500,83.531,101.63,100.55
18004,9957,28495.6687,8975.6393,-19044.7370,-21199.9971,-131.9346,-131.4786,1.7692,83.630,99.25,98.04
18025,9969,28529.2158,8986.2060,-19071.9606,-21220.6358,-131.9476,-132.2583,1.7500,83.732,101.72,100.63
18047,9981,28564.2308,8997.2351,-19093.6275,-21248.2412,-131.9429,-131.7684,1.8333,83.833,101.25,100.10
18070,9993,28600.1268,9008.5418,-19116.0559,-21276.3465,-131.9387,-132.0590,1.9167,83.936,102.81,101.59
18093,10005,28636.3011,9019.9361,-19143.1264,-21300.6547,-131.9465,-132.1678,1.9167,84.038,101.72,100.44
18114,10017,28670.6507,9030.7556,-19164.2340,-21327.8679,-131.9415,-131.8999,1.7500,84.137,99.31,98.15
18135,10029,28704.3637,9041.3746,-19189.2101,-21350.7489,-131.9481,-131.7989,1.7500,84.236,99.21,98.11
18158,10041,28739.7940,9052.5345,-19208.8439,-21380.7394,-131.9372,-132.0328,1.9167,84.336,99.47,98.27
18180,10053,28774.6459,9063.5122,-19234.0962,-21404.9035,-131.9424,-131.6861,1.8333,84.436,100.30,99.18
18201,10065,28808.5642,9074.1959,-19257.2108,-21429.7334,-131.9436,-132.4951,1.7500,84.538,101.75,100.61
18224,10077,28844.6995,9085.5779,-19280.4529,-21457.4293,-131.9412,-131.7166,1.9167,84.639,100.94,99.72
18247,10089,28880.6345,9096.8968,-19306.7097,-21482.1470,-131.9472,-132.1593,1.9167,84.741,102.08,100.88
18270,10101,28915.8790,9107.9982,-19329.2017,-21509.3193,-131.9443,-132.4050,1.9167,84.841,100.61,99.37
18292,10113,28950.4100,9118.8749,-19348.4242,-21538.4699,-131.9341,-131.4649,1.8333,84.944,102.47,101.30
18313,10125,28985.2640,9129.8533,-19376.1548,-21560.4102,-131.9459,-132.1640,1.7500,85.046,102.46,101.30
18334,10137,29018.9721,9140.4707,-19397.3147,-21586.7140,-131.9422,-131.7209,1.7500,85.145,99.21,98.06
18355,10149,29052.6852,9151.0898,-19422.2909,-21609.5950,-131.9487,-131.8526,1.7500,85.244,99.08,97.99
18378,10161,29088.1154,9162.2497,-19441.9246,-21639.5855,-131.9380,-131.8534,1.9167,85.344,99.40,98.21
18400,10173,29122.9673,9173.2274,-19467.1769,-21663.7496,-131.9432,-131.9532,1.8333,85.444,100.24,99.08
18421,10185,29156.8856,9183.9111,-19490.2915,-21688.5795,-131.9443,-132.3627,1.7500,85.546,101.70,100.55
18443,10197,29189.9791,9194.3350,-19515.7199,-21710.2208,-131.9531,-132.1891,1.8333,85.647,100.68,99.54
18466,10209,29225.5901,9205.5518,-19533.4685,-21742.1487,-131.9371,-131.6861,1.9167,85.748,101.68,100.47
18487,10221,29259.7931,9216.3252,-19561.2628,-21763.1560,-131.9501,-132.4442,1.7500,85.850,101.87,100.70
18510,10233,29293.4148,9226.9154,-19577.2308,-21794.0088,-131.9330,-131.3447,1.9167,85.949,99.21,97.98
18529,10245,29327.4006,9237.6204,-19605.8874,-21813.9498,-131.9486,-132.2583,1.5833,86.050,100.81,99.75
18551,10257,29362.4156,9248.6495,-19627.5543,-21841.5551,-131.9440,-131.7684,1.8333,86.152,101.97,100.76
18574,10269,29398.3116,9259.9561,-19649.9827,-21869.6605,-131.9399,-132.0590,1.9167,86.254,101.96,100.78
18597,10281,29434.4860,9271.3504,-19677.0532,-21893.9687,-131.9475,-132.1678,1.9167,86.356,102.46,101.24
18620,10293,29471.2887,9282.9426,-19700.2577,-21922.5957,-131.9438,-131.9532,1.9167,86.457,100.27,99.07
18642,10305,29504.2614,9293.3284,-19718.7677,-21950.2916,-131.9346,-131.6475,1.8333,86.556,99.74,98.57
18661,10317,29535.8472,9303.2774,-19746.7037,-21967.6530,-131.9524,-132.1847,1.5833,86.656,99.47,98.43
18682,10329,29570.3775,9314.1538,-19765.9262,-21996.8036,-131.9424,-131.8563,1.7500,86.755,99.47,98.33
18703,10341,29602.5054,9324.2736,-19787.8794,-22020.2701,-131.9436,-132.3683,1.7500,86.855,99.75,98.67
18725,10353,29637.5700,9335.3183,-19812.5839,-22045.2122,-131.9469,-131.9942,1.8333,86.958,102.83,101.66
18748,10365,29673.0270,9346.4867,-19833.5793,-22074.0153,-131.9399,-131.8370,1.9167,87.058,99.71,98.52
18769,10377,29708.2910,9357.5942,-19858.9030,-22098.6692,-131.9445,-131.7563,1.7500,87.158,100.34,99.21
18791,10389,29741.3845,9368.0181,-19884.3314,-22120.3104,-131.9530,-132.6231,1.8333,87.259,100.52,99.33
18812,10401,29774.3565,9378.4037,-19902.8414,-22148.0063,-131.9439,-131.9763,1.7500,87.359,100.35,99.21
18833,10413,29809.8330,9389.5781,-19926.6684,-22174.2910,-131.9442,-131.9374,1.7500,87.459,100.43,99.29
18855,10425,29842.9265,9400.0020,-19952.0967,-22195.9322,-131.9527,-131.9374,1.8333,87.560,100.66,99.52
18876,10437,29875.8985,9410.3876,-19970.6067,-22223.6281,-131.9436,-132.2365,1.7500,87.662,101.93,100.81
18898,10449,29910.4295,9421.2643,-19989.8292,-22252.7788,-131.9337,-131.1956,1.8333,87.765,102.98,101.82
18919,10461,29945.5488,9432.3263,-20018.3882,-22274.3313,-131.9468,-132.5663,1.7500,87.867,102.18,101.05
18942,10473,29981.6841,9443.7082,-20041.6303,-22302.0272,-131.9444,-131.7576,1.9167,87.968,101.05,99.83
18964,10485,30015.6185,9454.3970,-20064.7711,-22326.8553,-131.9456,-132.0163,1.8333,88.069,100.79,99.66
18987,10497,30052.6082,9466.0481,-20089.5393,-22354.3285,-131.9457,-132.2056,1.9167,88.170,100.67,99.45
19009,10510,30087.2527,9476.9605,-20115.3152,-22377.7427,-131.9524,-132.1742,1.6923,88.269,99.22,98.09
19030,10522,30120.2319,9487.3484,-20134.1901,-22405.1204,-131.9443,-131.9649,1.7500,88.371,102.26,101.16
19053,10534,30158.1544,9499.2933,-20159.7491,-22433.1371,-131.9448,-132.4054,1.9167,88.472,100.70,99.49
19075,10546,30191.2479,9509.7172,-20185.1775,-22454.7783,-131.9533,-131.9912,1.8333,88.572,100.61,99.46
19096,10558,30224.2199,9520.1028,-20203.6875,-22482.4742,-131.9443,-132.0301,1.7500,88.673,100.38,99.26
19118,10570,30258.7509,9530.9795,-20222.9099,-22511.6249,-131.9345,-131.5207,1.8333,88.776,103.00,101.83
19137,10582,30291.2119,9541.2041,-20251.2337,-22529.8146,-131.9513,-132.1506,1.5833,88.876,99.91,98.88
19160,10594,30325.7619,9552.0868,-20271.4528,-22558.0960,-131.9440,-132.1308,1.9167,88.978,101.92,100.77
19181,10606,30359.6802,9562.7704,-20294.5674,-22582.9259,-131.9451,-131.9763,1.7500,89.078,100.90,99.78
19203,10618,30395.4122,9574.0254,-20319.2343,-22608.7992,-131.9471,-131.6788,1.8333,89.180,101.87,100.74
19226,10630,30429.9625,9584.9081,-20339.4535,-22637.0806,-131.9398,-131.7563,1.9167,89.280,99.34,98.14
19247,10642,30463.4946,9595.4702,-20366.3149,-22658.0241,-131.9511,-132.2665,1.7500,89.382,102.25,101.14
19270,10654,30499.3612,9606.7675,-20384.9033,-22689.5408,-131.9375,-131.2450,1.9167,89.483,100.96,99.72
19291,10666,30534.1995,9617.7410,-20412.6078,-22711.4829,-131.9486,-132.1769,1.7500,89.585,102.07,100.96
19314,10678,30570.0953,9629.0475,-20435.0361,-22739.5883,-131.9447,-132.4442,1.9167,89.686,101.38,100.22
19336,10690,30604.0007,9639.7271,-20454.3370,-22767.8276,-131.9362,-131.4570,1.8333,89.789,102.87,101.71
19357,10703,30638.6581,9650.6436,-20483.9267,-22787.8323,-131.9524,-132.3160,1.6154,89.889,99.70,98.55
19378,10715,30671.6373,9661.0315,-20502.8015,-22815.2100,-131.9444,-131.8906,1.7500,89.991,101.84,100.74
19400,10727,30705.5427,9671.7111,-20522.1024,-22843.4494,-131.9360,-131.4885,1.8333,90.093,102.21,101.05
19419,10739,30735.5779,9681.1717,-20549.6908,-22859.0378,-131.9548,-132.0667,1.5833,90.194,100.67,99.58
19442,10751,30771.1886,9692.3884,-20567.4394,-22890.9658,-131.9397,-131.7248,1.9167,90.295,101.83,100.62
19463,10763,30806.4723,9703.5022,-20593.7599,-22914.7504,-131.9465,-132.0239,1.7500,90.398,102.27,101.09
19484,10775,30839.4519,9713.8902,-20612.6348,-22942.1282,-131.9386,-131.2542,1.7500,90.498,99.82,98.69
19505,10787,30872.9994,9724.4570,-20639.8584,-22962.7668,-131.9506,-132.2437,1.7500,90.600,102.63,101.53
19527,10799,30908.0143,9735.4861,-20661.5253,-22990.3722,-131.9462,-132.4951,1.8333,90.702,101.99,100.79
19550,10811,30943.9101,9746.7927,-20683.9536,-23018.4775,-131.9423,-131.5255,1.9167,90.804,102.21,100.97
19573,10823,30980.0847,9758.1871,-20711.0241,-23042.7857,-131.9495,-132.2053,1.9167,90.906,101.89,100.64
19594,10835,31014.4341,9769.0065,-20732.1317,-23069.9989,-131.9449,-131.9351,1.7500,91.006,99.27,98.15
19615,10847,31048.1473,9779.6256,-20757.1079,-23092.8799,-131.9510,-132.1308,1.7500,91.105,99.08,97.96
19638,10859,31083.5773,9790.7854,-20776.7417,-23122.8704,-131.9409,-131.9922,1.9167,91.204,99.58,98.40
19660,10871,31118.4293,9801.7632,-20801.9940,-23147.0346,-131.9458,-131.6991,1.8333,91.305,100.53,99.37
19681,10883,31152.3477,9812.4469,-20825.1086,-23171.8645,-131.9469,-132.3860,1.7500,91.407,102.68,101.54
19703,10895,31185.4413,9822.8708,-20850.5369,-23193.5057,-131.9551,-132.2559,1.8333,91.508,101.01,99.85
19726,10907,31221.0520,9834.0876,-20868.2855,-23225.4337,-131.9401,-131.7248,1.9167,91.611,102.52,101.32
19747,10919,31255.2553,9844.8610,-20896.0799,-23246.4410,-131.9523,-132.7059,1.7500,91.714,103.21,102.04
19770,10931,31288.8766,9855.4511,-20912.0479,-23277.2937,-131.9362,-131.1755,1.9167,91.815,100.64,99.45
19789,10943,31321.9720,9865.8756,-20939.9545,-23296.7111,-131.9505,-132.2362,1.5833,91.918,103.53,102.46
19811,10955,31357.8777,9877.1853,-20962.3714,-23324.8401,-131.9466,-132.4453,1.8333,92.022,103.95,102.79
19834,10967,31392.6638,9888.1423,-20982.4337,-23353.5794,-131.9388,-131.1872,1.9167,92.126,103.31,102.11
19855,10979,31426.6114,9898.8352,-21009.3882,-23374.9980,-131.9492,-132.3978,1.7500,92.231,104.92,103.77
19878,10991,31464.2975,9910.7057,-21032.9778,-23404.4668,-131.9453,-131.8884,1.9167,92.333,102.67,101.45
19899,11003,31498.0108,9921.3247,-21057.9540,-23427.3478,-131.9513,-132.5447,1.7500,92.435,102.00,100.88
19921,11015,31531.3095,9931.8133,-21081.5208,-23450.9379,-131.9545,-132.1365,1.8333,92.538,102.62,101.46
19944,11027,31566.7149,9942.9653,-21101.1309,-23480.9170,-131.9445,-131.8654,1.9167,92.641,102.69,101.49
19965,11039,31602.2111,9954.1460,-21125.9547,-23506.3323,-131.9472,-132.1769,1.7500,92.745,104.92,103.81
19988,11052,31637.6367,9965.3045,-21146.5616,-23535.4421,-131.9397,-131.4786,1.7692,92.848,102.51,101.28
20009,11064,31671.1843,9975.8714,-21173.7852,-23556.0808,-131.9514,-132.2583,1.7500,92.953,104.85,103.74
20031,11076,31706.1991,9986.9004,-21195.4521,-23583.6862,-131.9472,-131.7684,1.8333,93.058,104.97,103.77
20054,11088,31742.0950,9998.2070,-21217.8805,-23611.7915,-131.9434,-132.0590,1.9167,93.163,105.02,103.78
20077,11100,31778.2696,10009.6014,-21244.9510,-23636.0997,-131.9504,-132.1678,1.9167,93.268,105.01,103.81
20098,11112,31812.6189,10020.4208,-21266.0586,-23663.3129,-131.9459,-131.8999,1.7500,93.370,102.26,101.07
20119,11124,31846.3322,10031.0399,-21291.0348,-23686.1939,-131.9518,-131.7989,1.7500,93.472,102.35,101.22
20142,11136,31881.7621,10042.1997,-21310.6685,-23716.1844,-131.9420,-132.0328,1.9167,93.575,102.86,101.65
20164,11148,31916.6142,10053.1775,-21335.9208,-23740.3485,-131.9468,-131.6861,1.8333,93.679,103.47,102.31
20185,11160,31950.5325,10063.8612,-21359.0354,-23765.1784,-131.9478,-132.4951,1.7500,93.784,104.88,103.77
20208,11172,31986.6677,10075.2432,-21382.2775,-23792.8743,-131.9456,-131.7166,1.9167,93.888,104.20,102.96
20231,11184,32022.6030,10086.5622,-21408.5343,-23817.5920,-131.9510,-132.1593,1.9167,93.993,105.49,104.31
20254,11196,32057.8474,10097.6635,-21431.0263,-23844.7643,-131.9484,-132.4050,1.9167,94.097,103.70,102.49
20276,11208,32092.3780,10108.5401,-21450.2488,-23873.9149,-131.9392,-131.4649,1.8333,94.202,105.28,104.14
20297,11220,32127.2324,10119.5186,-21477.9794,-23895.8552,-131.9498,-132.1640,1.7500,94.307,105.07,103.91
20318,11232,32160.9403,10130.1360,-21499.1393,-23922.1590,-131.9465,-131.7209,1.7500,94.409,102.01,100.87
20339,11244,32194.6537,10140.7551,-21524.1155,-23945.0400,-131.9524,-131.8526,1.7500,94.511,102.03,100.92
20362,11256,32230.0835,10151.9149,-21543.7492,-23975.0305,-131.9427,-131.8534,1.9167,94.614,103.08,101.87
20384,11268,32264.9356,10162.8927,-21569.0015,-23999.1946,-131.9473,-131.9532,1.8333,94.719,104.05,102.85
20405,11280,32298.8539,10173.5764,-21592.1161,-24024.0245,-131.9484,-132.3627,1.7500,94.824,105.05,103.92
20427,11292,32331.9477,10184.0004,-21617.5445,-24045.6658,-131.9563,-132.1891,1.8333,94.928,104.09,102.86
20450,11304,32367.5582,10195.2170,-21635.2931,-24077.5937,-131.9419,-131.6861,1.9167,95.033,105.24,104.04
20471,11316,32401.7617,10205.9905,-21663.0874,-24098.6010,-131.9536,-132.4442,1.7500,95.138,105.37,104.20
20494,11328,32435.3827,10216.5806,-21679.0554,-24129.4538,-131.9381,-131.3447,1.9167,95.241,102.48,101.25
20513,11340,32469.3691,10227.2857,-21707.7121,-24149.3948,-131.9522,-132.2583,1.5833,95.346,104.89,103.80
20535,11352,32504.3840,10238.3148,-21729.3789,-24177.0001,-131.9481,-131.7684,1.8333,95.451,104.98,103.76
20558,11364,32540.2798,10249.6213,-21751.8073,-24205.1055,-131.9444,-132.0590,1.9167,95.556,105.09,103.85
20581,11376,32576.4545,10261.0157,-21778.8778,-24229.4137,-131.9512,-132.1678,1.9167,95.661,105.06,103.83
20604,11388,32613.2570,10272.6079,-21802.0823,-24258.0407,-131.9479,-131.9532,1.9167,95.764,103.56,102.36
20626,11400,32646.2294,10282.9936,-21820.5923,-24285.7366,-131.9396,-131.6475,1.8333,95.868,103.82,102.63
20645,11412,32677.8159,10292.9428,-21848.5283,-24303.0980,-131.9557,-132.1847,1.5833,95.971,102.88,101.81
20666,11424,32712.3458,10303.8191,-21867.7508,-24332.2486,-131.9466,-131.8563,1.7500,96.074,102.61,101.49
20687,11436,32744.4738,10313.9389,-21889.7041,-24355.7151,-131.9477,-132.3683,1.7500,96.177,103.73,102.54
20709,11448,32779.5384,10324.9836,-21914.4085,-24380.6572,-131.9507,-131.9942,1.8333,96.284,106.24,105.05
20732,11460,32814.9952,10336.1519,-21935.4039,-24409.4603,-131.9443,-131.8370,1.9167,96.387,103.43,102.19
20753,11472,32848.7085,10346.7710,-21960.3800,-24432.3413,-131.9501,-131.8370,1.7500,96.490,102.97,101.83
20773,11484,32880.8998,10356.9107,-21984.0591,-24454.3416,-131.9551,-132.5715,1.6667,96.593,102.68,101.56
20794,11496,32913.8788,10367.2985,-22002.9339,-24481.7193,-131.9477,-131.9649,1.7500,96.698,105.11,103.99
20816,11508,32947.7840,10377.9780,-22022.2348,-24509.9586,-131.9398,-131.5133,1.8333,96.804,105.72,104.51
20837,11521,32982.4418,10388.8947,-22051.8244,-24529.9633,-131.9548,-131.8833,1.6154,96.906,102.98,101.80
20858,11533,33015.4208,10399.2825,-22070.6993,-24557.3411,-131.9474,-132.2261,1.7500,97.011,104.94,103.80
20880,11545,33049.3260,10409.9620,-22090.0002,-24585.5804,-131.9396,-131.2396,1.8333,97.117,105.18,103.96
20899,11557,33079.3617,10419.4227,-22117.5886,-24601.1689,-131.9571,-132.9123,1.5833,97.220,103.83,102.74
20920,11569,33112.9554,10430.0042,-22132.1950,-24633.2091,-131.9388,-131.2627,1.7500,97.325,104.74,103.55
20941,11581,33147.8098,10440.9827,-22159.9257,-24655.1494,-131.9491,-132.0013,1.7500,97.430,104.97,103.81
20964,11594,33183.2353,10452.1411,-22180.5326,-24684.2592,-131.9420,-131.8208,1.7692,97.533,102.35,101.16
20985,11606,33216.7831,10462.7081,-22207.7562,-24704.8979,-131.9531,-132.0499,1.7500,97.638,105.21,104.10
21007,11618,33251.7978,10473.7371,-22229.4231,-24732.5032,-131.9491,-132.0089,1.8333,97.743,105.05,103.85
21030,11630,33287.6936,10485.0437,-22251.8514,-24760.6086,-131.9455,-132.2444,1.9167,97.847,104.60,103.34
21053,11642,33324.5098,10496.6401,-22278.8696,-24785.8262,-131.9510,-131.7163,1.9167,97.953,105.35,104.11
21074,11654,33358.2176,10507.2575,-22300.0295,-24812.1299,-131.9479,-132.0126,1.7500,98.055,102.31,101.18
21095,11666,33391.9310,10517.8766,-22325.0057,-24835.0109,-131.9535,-132.2461,1.7500,98.157,102.33,101.20
21118,11678,33427.3607,10529.0364,-22344.6394,-24865.0014,-131.9442,-131.6139,1.9167,98.260,102.51,101.31
21140,11690,33462.2129,10540.0142,-22369.8918,-24889.1656,-131.9487,-132.1684,1.8333,98.364,103.71,102.54
21161,11702,33496.1312,10550.6979,-22393.0064,-24913.9955,-131.9497,-131.9305,1.7500,98.469,105.30,104.10
21183,11714,33529.2251,10561.1219,-22418.4347,-24935.6367,-131.9573,-132.0667,1.8333,98.573,103.97,102.76
21206,11726,33564.8354,10572.3385,-22436.1833,-24967.5647,-131.9434,-131.7248,1.9167,98.679,105.67,104.45
21227,11738,33599.0390,10583.1120,-22463.9777,-24988.5720,-131.9547,-132.7059,1.7500,98.785,106.33,105.16
21250,11750,33632.6599,10593.7020,-22479.9457,-25019.4248,-131.9398,-131.1755,1.9167,98.887,102.55,101.35
21269,11762,33665.7557,10604.1266,-22507.8523,-25038.8422,-131.9530,-132.2362,1.5833,98.993,105.25,104.14
21291,11774,33701.6612,10615.4363,-22530.2692,-25066.9711,-131.9494,-132.4453,1.8333,99.097,104.43,103.25
21314,11786,33736.4471,10626.3932,-22550.3315,-25095.7104,-131.9421,-131.1872,1.9167,99.201,103.53,102.36
21335,11798,33770.3950,10637.0862,-22577.2860,-25117.1290,-131.9518,-132.6067,1.7500,99.306,105.24,104.05
21358,11810,33808.0810,10648.9566,-22600.8756,-25146.5978,-131.9482,-131.8999,1.9167,99.409,102.72,101.52
21379,11822,33841.7945,10659.5758,-22625.8518,-25169.4788,-131.9537,-132.5447,1.7500,99.511,102.23,101.09
21401,11834,33875.0932,10670.0643,-22649.4186,-25193.0690,-131.9567,-132.1365,1.8333,99.613,102.64,101.46
21424,11846,33910.4984,10681.2163,-22669.0287,-25223.0480,-131.9475,-131.8654,1.9167,99.717,103.36,102.15
21445,11858,33945.9947,10692.3970,-22693.8525,-25248.4634,-131.9500,-132.1769,1.7500,99.822,105.57,104.41
21468,11871,33981.4201,10703.5554,-22714.4594,-25277.5732,-131.9430,-131.5345,1.7692,99.926,103.37,102.13
21489,11883,34014.9680,10714.1224,-22741.6830,-25298.2118,-131.9539,-132.2583,1.7500,100.031,105.72,104.61
21511,11895,34049.9827,10725.1514,-22763.3499,-25325.8172,-131.9499,-131.7684,1.8333,100.136,104.84,103.63
21534,11907,34085.8784,10736.4580,-22785.7782,-25353.9225,-131.9464,-132.0590,1.9167,100.241,104.90,103.68
21557,11919,34122.0533,10747.8524,-22812.8487,-25378.2307,-131.9529,-132.1678,1.9167,100.346,104.69,103.43
21578,11931,34156.4025,10758.6718,-22833.9563,-25405.4439,-131.9487,-131.8999,1.7500,100.448,102.17,100.99
21599,11943,34190.1159,10769.2910,-22858.9325,-25428.3249,-131.9542,-131.7989,1.7500,100.550,102.23,101.12
21622,11955,34225.5456,10780.4507,-22878.5663,-25458.3154,-131.9451,-132.0328,1.9167,100.653,102.86,101.66
21644,11967,34260.3977,10791.4285,-22903.8186,-25482.4796,-131.9495,-131.6861,1.8333,100.757,103.61,102.42
21665,11979,34294.3161,10802.1122,-22926.9332,-25507.3095,-131.9505,-132.4951,1.7500,100.862,104.76,103.61
21688,11991,34330.4513,10813.4942,-22950.1753,-25535.0054,-131.9484,-131.7166,1.9167,100.966,104.22,102.95
21711,12003,34366.3867,10824.8132,-22976.4321,-25559.7230,-131.9534,-132.1593,1.9167,101.071,105.25,104.07
21734,12015,34401.6310,10835.9145,-22998.9241,-25586.8953,-131.9510,-132.4050,1.9167,101.175,103.52,102.35
21756,12027,34436.1613,10846.7910,-23018.1466,-25616.0460,-131.9424,-131.4649,1.8333,101.280,105.95,104.74
21777,12039,34471.0161,10857.7696,-23045.8772,-25637.9863,-131.9523,-132.1640,1.7500,101.386,105.37,104.20
21798,12051,34504.7239,10868.3870,-23067.0371,-25664.2900,-131.9493,-131.7209,1.7500,101.488,102.14,101.01
21819,12063,34538.4374,10879.0062,-23092.0133,-25687.1710,-131.9547,-131.8526,1.7500,101.591,102.67,101.52
21842,12075,34573.8670,10890.1659,-23111.6470,-25717.1615,-131.9457,-131.8534,1.9167,101.692,101.72,100.50
24022,13281,38026.0318,11977.5376,-25421.5297,-28282.6815,-131.9505,-132.0590,1.9167,112.090,105.03,103.78
26201,14486,41476.4295,13064.3528,-27731.9270,-30845.3623,-131.9576,-131.8370,1.7500,122.471,102.42,101.27
28373,15692,44917.4995,14148.2299,-30033.2972,-33403.6154,-131.9589,-132.0013,1.7500,132.853,104.03,102.89
30556,16898,48373.8713,15236.9268,-32345.0880,-35973.0766,-131.9603,-132.1684,1.8333,143.235,103.60,102.45
32737,18103,51827.3595,16324.7155,-34656.7888,-38538.7407,-131.9642,-132.6327,1.9167,153.648,106.16,104.88
34918,19309,55281.4742,17412.7014,-36964.6236,-41108.7236,-131.9617,-132.0590,1.9167,164.367,108.68,107.39
37099,20513,58734.7899,18500.4357,-39278.5745,-43672.1320,-131.9682,-132.4442,1.7500,175.198,109.12,107.88
39280,21717,62188.2170,19588.2051,-41585.4501,-46242.0530,-131.9651,-131.8654,1.9167,185.929,107.45,106.16
41462,22922,65645.2326,20677.1048,-43896.8123,-48812.7654,-131.9648,-132.0328,1.9167,196.657,106.23,104.95
43643,24126,69100.0952,21765.3264,-46212.0839,-51377.0660,-131.9704,-131.8526,1.7500,207.385,104.17,102.97
45825,25330,72554.2397,22853.3217,-48520.9040,-53946.2032,-131.9692,-131.7804,1.8333,218.120,106.93,105.64
48004,26534,76004.3730,23940.0536,-50827.0215,-56512.3763,-131.9681,-131.8370,1.9167,228.851,106.20,104.91
50176,27739,79444.3007,25023.5709,-53125.6372,-59071.5701,-131.9665,-131.2627,1.7500,239.592,107.99,106.77
52352,28944,82890.2759,26108.9931,-55434.6616,-61629.5361,-131.9708,-132.2365,1.7500,250.328,108.14,106.90
54529,30151,86338.2474,27195.0440,-57742.9768,-64190.8248,-131.9731,-132.1678,1.9167,261.078,108.84,107.46
56710,31355,89789.0048,28281.9725,-60045.8251,-66760.7778,-131.9688,-131.3447,1.9167,271.808,105.31,104.05
58889,32559,93244.3113,29370.3339,-62361.5565,-69325.2614,-131.9730,-132.1769,1.7500,282.911,125.33,124.06
61072,33764,96700.6832,30459.0308,-64673.3472,-71894.7226,-131.9732,-131.6861,1.8333,294.893,123.08,121.75
63254,34968,100156.1205,31547.4334,-66983.0002,-74464.8495,-131.9722,-131.8534,1.9167,307.306,122.49,121.17
65434,36172,103608.2863,32634.8055,-69292.8829,-77030.3695,-131.9731,-132.0590,1.9167,319.733,125.71,124.35
67606,37378,107044.4488,33717.1368,-71588.9190,-79586.8198,-131.9716,-131.1755,1.9167,332.142,123.04,121.69
69775,38584,110482.0803,34799.9308,-73896.1961,-82135.1338,-131.9774,-132.0667,1.8333,344.570,125.42,124.06
71958,39788,113938.3265,35888.5882,-76201.0685,-84710.6496,-131.9728,-131.8999,1.8333,356.985,123.56,122.24
74138,40993,117393.1937,36976.8112,-78515.3670,-87275.8309,-131.9753,-131.8999,1.7500,367.872,121.26,119.95
76317,42197,120842.7022,38063.3463,-80825.0143,-89837.9882,-131.9770,-132.1877,1.5833,379.856,126.05,124.83
78500,43402,124300.3327,39152.4397,-83133.4460,-92412.1642,-131.9744,-131.4786,1.7692,392.251,122.10,120.70
80681,44606,127755.2001,40240.6627,-85447.7444,-94977.3455,-131.9766,-132.4951,1.7500,404.674,124.41,123.13
82856,45811,131197.7749,41325.0138,-87746.6070,-97539.8785,-131.9745,-131.5133,1.8333,417.075,125.58,124.24
85028,47016,134637.2945,42408.4026,-90047.6296,-100096.3587,-131.9749,-131.5133,1.8333,428.407,109.15,107.87
87203,48222,138083.2803,43493.8281,-92356.6425,-102654.3483,-131.9773,-132.0089,1.8333,439.145,108.13,106.88
89386,49426,141538.2852,44582.0944,-94665.2273,-105224.8547,-131.9761,-131.7248,1.9167,449.868,108.90,107.60
91565,50630,144990.5159,45669.4870,-96980.2872,-107785.8040,-131.9793,-132.1365,1.5833,461.143,122.33,121.13
93747,51835,148447.5070,46758.3790,-99291.6258,-110356.5049,-131.9788,-131.7989,1.7500,473.549,122.10,120.87
95927,53039,151899.2052,47845.6038,-101598.7138,-112923.9101,-131.9780,-132.4150,1.8333,485.942,114.39,113.14
98109,54244,155354.4822,48933.9558,-103911.9523,-115490.5958,-131.9791,-132.2583,1.7500,496.665,108.49,107.28
100282,55450,158793.7297,50017.2589,-106208.3213,-118050.8968,-131.9772,-131.6861,1.9167,508.235,125.74,124.39
102461,56654,162245.9605,51104.6515,-108523.3812,-120611.8460,-131.9801,-132.1847,1.5833,520.314,106.66,105.57
104637,57859,165692.5553,52190.2688,-110828.5019,-123174.1564,-131.9800,-131.8833,1.6154,532.086,122.73,121.42
106814,59064,169139.7734,53276.0824,-113130.3534,-125740.2466,-131.9782,-132.2444,1.9167,544.208,124.98,123.58
108995,60268,172593.0907,54363.8172,-115444.3043,-128303.6550,-131.9801,-132.7059,1.7500,554.983,108.17,106.98
111178,61472,176049.1742,55452.4233,-117751.4153,-130876.9388,-131.9781,-131.7248,1.9167,565.716,109.38,108.11
113358,62676,179503.5324,56540.4860,-120062.5421,-133444.2885,-131.9784,-132.0328,1.9167,576.439,106.49,105.21
115529,63883,182941.1042,57623.2612,-122365.6126,-135996.3058,-131.9800,-132.2053,1.9167,587.171,108.72,107.40
117712,65087,186397.1779,58711.8642,-124672.7350,-138569.5660,-131.9781,-131.4649,1.8333,597.894,108.72,107.48
119891,66291,189849.6141,59799.3215,-126985.9244,-141132.4744,-131.9798,-132.1873,1.7500,608.607,108.34,107.11
122070,67495,193301.0864,60886.4752,-129293.8862,-143698.7897,-131.9795,-131.8563,1.7500,619.332,105.61,104.41
124246,68700,196746.1308,61971.6041,-131598.6593,-146259.3271,-131.9797,-132.2261,1.7500,630.076,108.35,107.12
126431,69904,200205.8982,63061.3706,-133916.7867,-148827.6544,-131.9812,-131.9912,1.8333,640.819,106.76,105.54
128606,71108,203647.3051,64145.3539,-136211.5549,-151392.3008,-131.9785,-131.1755,1.9167,651.569,104.94,103.65
130779,72315,207093.0915,65230.7165,-138521.4562,-153949.2222,-131.9805,-131.6788,1.8333,662.506,121.93,120.65
132955,73519,210539.4752,66316.2674,-140828.0737,-156509.9018,-131.9810,-132.5447,1.7500,674.378,117.92,116.66
135138,74724,213996.0507,67405.0285,-143138.0028,-159081.3119,-131.9802,-131.8999,1.7500,685.864,117.73,116.46
137321,75928,217452.6345,68493.7922,-145451.7482,-161649.2993,-131.9808,-132.1640,1.7500,697.093,107.45,106.27
139502,77132,220904.9960,69581.2259,-147757.2693,-164219.0067,-131.9795,-131.4775,1.9167,707.821,107.07,105.78
141679,78336,224353.8133,70667.5433,-150067.1221,-166780.0491,-131.9806,-132.3683,1.7500,718.536,107.69,106.55
143856,79540,227800.6317,71753.2310,-152369.2428,-169345.3595,-131.9795,-131.2396,1.8333,729.278,109.50,108.21
146034,80746,231251.4954,72840.1930,-154681.0968,-171907.3540,-131.9807,-131.8999,1.7500,740.007,104.72,103.51
148213,81951,234701.0041,73926.7281,-156990.7441,-174469.5112,-131.9815,-132.1877,1.5833,750.725,108.64,107.52
150396,83157,238158.6342,75015.8214,-159299.1758,-177043.6872,-131.9800,-131.5345,1.7692,761.451,105.77,104.45
152577,84362,241613.5019,76104.0445,-161613.4743,-179608.8685,-131.9811,-132.4951,1.7500,772.187,108.62,107.41
154760,85567,245069.8739,77192.7415,-163925.2650,-182178.3297,-131.9811,-131.9532,1.8333,782.902,106.73,105.38
156941,86773,248523.3631,78280.5304,-166236.9658,-184743.9938,-131.9816,-132.1678,1.9167,794.386,121.45,119.97
159115,87977,251966.8608,79365.1722,-168540.4182,-187303.6390,-131.9817,-132.1399,1.7500,806.417,121.40,120.14
161292,89183,255414.0788,80450.9859,-170842.2698,-189869.7293,-131.9805,-131.3886,1.7692,818.443,118.90,117.56
163473,90387,258868.9466,81539.2090,-173156.5682,-192434.9106,-131.9815,-131.9305,1.7500,830.478,121.45,120.16
165656,91591,262325.3186,82627.9060,-175468.3590,-195004.3718,-131.9814,-131.9532,1.9167,842.524,120.05,118.67
167837,92796,265778.8078,83715.6949,-177780.0598,-197570.0358,-131.9819,-132.1678,1.9167,854.566,121.48,120.10
170018,94000,269229.5639,84802.6230,-180082.9081,-200139.9888,-131.9804,-131.3447,1.9167,866.602,118.78,117.45
172197,95204,272684.8715,85890.9847,-182398.6396,-202704.4724,-131.9817,-132.1769,1.7500,878.649,121.51,120.26
174378,96409,276138.7899,86978.9089,-184708.3334,-205272.5197,-131.9815,-131.8563,1.7500,890.689,118.18,116.87
176552,97615,279580.7632,88063.0705,-187011.4529,-207830.4138,-131.9818,-131.9532,1.8333,902.747,119.93,118.66
178726,98819,283023.3540,89147.4266,-189314.1292,-210389.5374,-131.9817,-131.9649,1.7500,914.771,120.78,119.52
180857,100000,286399.2546,90210.7765,-191572.9455,-212898.4125,-131.9819,-131.9898,1.7500,926.573,122.40,121.11
