generation,path_length_rings,euclid_distance,effective_rings,global_x,global_y,heading_running,heading_windowed,local_clock,elapsed_s,hop_ms,patch_ms
60,37,109.6870,34.5566,53.1601,-96.8900,-60.0564,NaN,1.6216,0.118,117.88,84.16
80,49,142.2361,44.8111,62.2777,-128.9350,-63.3188,-74.1177,1.6667,0.205,86.87,85.91
103,61,177.1540,55.8118,77.9117,-160.1574,-63.3351,-68.6335,1.9167,0.292,87.53,86.44
124,73,210.3034,66.2555,82.2073,-194.7317,-66.5181,-73.4649,1.7500,0.381,88.61,87.57
147,85,246.7234,77.7295,100.2073,-226.5881,-65.6320,-70.0621,1.9167,0.471,89.94,88.85
168,97,280.8662,88.4861,105.3576,-261.5520,-67.6182,-72.4115,1.7500,0.564,92.72,91.63
191,109,316.1208,99.5929,117.6435,-294.6169,-67.8411,-71.9376,1.9167,0.655,91.75,90.60
212,121,351.1596,110.6318,126.3325,-328.8748,-68.6364,-72.4938,1.7500,0.747,91.30,90.26
234,133,384.3028,121.0734,134.5208,-361.2362,-69.2571,-72.8926,1.8333,0.839,92.17,91.06
255,145,417.4735,131.5238,149.2512,-391.1143,-68.8188,-71.9134,1.7500,0.933,93.77,92.73
276,157,451.1205,142.1242,159.9586,-423.0471,-69.0161,-71.8692,1.7500,1.024,91.92,90.85
298,169,486.9607,153.4155,169.2707,-457.8459,-69.4594,-72.1683,1.8333,1.116,91.53,90.42
321,181,519.9237,163.8004,184.7625,-487.2240,-68.9967,-71.3683,1.9167,1.208,92.14,91.00
340,193,552.7632,174.1464,190.8049,-520.0445,-69.6313,-71.9812,1.5833,1.300,92.30,91.31
362,205,588.1960,185.3094,201.6284,-553.8197,-69.7880,-71.9997,1.8333,1.393,92.65,91.63
385,217,621.3594,195.7574,216.3702,-583.7214,-69.4650,-71.4663,1.9167,1.485,92.21,91.13
404,229,654.2402,206.1164,222.4126,-616.5419,-69.9777,-71.9594,1.5833,1.578,92.80,91.79
426,242,689.6415,217.2695,230.3254,-651.3216,-70.3494,-72.2790,1.6923,1.670,91.88,90.81
449,254,725.2231,228.4794,246.4811,-683.3201,-69.9975,-71.7548,1.9167,1.762,91.63,90.52
471,266,759.9752,239.4279,254.7817,-717.2714,-70.2850,-71.9960,1.8333,1.854,92.62,91.50
493,278,793.0801,249.8575,269.5121,-747.1495,-70.0113,-71.4681,1.8333,1.947,92.68,91.58
514,290,827.7444,260.7784,274.6476,-782.1351,-70.5051,-72.4475,1.7500,2.041,94.39,93.37
537,302,864.5676,272.3795,287.8518,-816.5226,-70.4407,-71.6994,1.9167,2.136,94.51,93.36
558,314,897.8184,282.8550,296.9694,-848.5676,-70.5771,-72.4453,1.7500,2.230,94.09,93.04
579,326,930.8967,293.2762,311.2418,-878.6026,-70.3633,-71.5483,1.7500,2.321,91.52,90.46
600,338,964.2815,303.7940,315.5036,-912.4983,-70.8017,-72.2437,1.7500,2.415,94.05,92.97
622,350,999.3375,314.8383,328.5771,-945.0650,-70.7078,-71.8292,1.8333,2.509,94.01,92.87
645,362,1031.7771,325.0583,343.2589,-974.2863,-70.4744,-71.1967,1.9167,2.602,92.14,90.96
664,374,1064.9211,335.5002,347.0329,-1008.0844,-70.8908,-72.2257,1.5833,2.696,94.39,93.37
686,386,1100.8609,346.8230,360.1848,-1041.5624,-70.8144,-72.0622,1.8333,2.790,93.89,92.80
707,398,1133.9238,357.2393,374.4572,-1071.5974,-70.6321,-71.5144,1.7500,2.882,91.97,90.90
728,410,1166.4498,367.4865,378.6406,-1104.5818,-70.9755,-72.5654,1.7500,2.977,95.45,94.40
751,422,1201.7963,378.6224,395.8268,-1136.0288,-70.6896,-71.5907,1.9167,3.071,93.71,92.56
772,434,1236.5302,389.5652,400.9623,-1171.0144,-71.0011,-72.1012,1.7500,3.166,94.68,93.58
795,446,1273.0940,401.0845,414.9166,-1204.8783,-70.9035,-72.2741,1.9167,3.260,94.26,93.10
817,458,1307.2367,411.8410,424.0864,-1237.8328,-70.9962,-72.0163,1.8333,3.355,95.13,94.02
840,470,1345.1496,423.7854,435.5700,-1273.9759,-71.0350,-71.7563,1.9167,3.450,94.83,93.68
862,482,1378.1770,434.1906,441.5977,-1306.8181,-71.2418,-72.6231,1.8333,3.543,92.66,91.53
883,494,1411.2117,444.5981,456.3281,-1336.6962,-71.0656,-71.9763,1.7500,3.635,92.86,91.78
904,506,1446.6818,455.7728,467.1777,-1370.4733,-71.0932,-72.4054,1.7500,3.727,91.95,90.89
927,519,1482.1692,466.9530,482.0841,-1402.8743,-70.9539,-71.5216,1.7692,3.819,91.23,90.09
948,531,1514.7284,477.2107,486.2675,-1435.8587,-71.2115,-72.2362,1.7500,3.913,94.57,93.51
971,543,1550.0471,488.3377,503.4537,-1467.3057,-70.9845,-71.5452,1.9167,4.006,93.13,92.01
992,555,1584.8103,499.2898,508.5893,-1502.2912,-71.2210,-72.4416,1.7500,4.101,94.21,93.15
1015,567,1621.3653,510.8063,522.5435,-1536.1551,-71.1394,-71.6350,1.9167,4.195,94.66,93.54
1037,579,1655.5159,521.5654,531.7134,-1569.1096,-71.2078,-71.9691,1.8333,4.289,94.12,93.01
1058,591,1689.1957,532.1761,542.4208,-1601.0424,-71.2129,-72.3715,1.7500,4.382,92.50,91.40
1080,603,1724.2370,543.2157,551.6691,-1634.9082,-71.2843,-71.9199,1.8333,4.476,93.94,92.88
1103,615,1759.7365,554.3998,566.1157,-1667.4922,-71.1793,-71.7888,1.9167,4.568,91.99,90.85
1124,627,1794.9681,565.4994,574.8047,-1701.7502,-71.2695,-72.3627,1.7500,4.661,93.49,92.43
1146,639,1828.0130,575.9101,580.8324,-1734.5924,-71.4211,-72.2068,1.8333,4.756,95.13,93.99
1167,651,1861.0326,586.3128,595.5627,-1764.4705,-71.2844,-72.3683,1.7500,4.853,96.63,95.53
1189,663,1895.6266,597.2115,611.1967,-1795.6929,-71.1396,-71.3994,1.8333,4.952,99.25,98.12
1208,675,1927.1046,607.1286,612.2641,-1828.5669,-71.4255,-72.4416,1.5833,5.049,96.74,95.70
1229,687,1960.1254,617.5317,626.5365,-1858.6019,-71.3097,-71.9374,1.7500,5.149,99.92,98.84
1250,699,1993.4029,628.0157,635.6540,-1890.6469,-71.3566,-72.0239,1.7500,5.249,100.03,98.92
1273,711,2030.2076,639.6109,648.8583,-1925.0344,-71.3138,-71.4660,1.9167,5.349,100.16,98.97
1296,723,2066.1001,650.9187,657.1098,-1960.1304,-71.4088,-72.1485,1.9167,5.449,99.98,98.81
1318,735,2100.4648,661.7452,668.9001,-1992.4210,-71.3848,-72.0301,1.8333,5.544,95.41,94.27
1340,747,2136.1825,672.9980,679.4316,-2026.5630,-71.4094,-72.4416,1.8333,5.643,98.08,96.97
1363,759,2170.7654,683.8932,695.0656,-2057.7854,-71.2811,-71.4417,1.9167,5.741,98.81,97.61
1384,771,2204.9006,694.6474,699.3612,-2092.3596,-71.4637,-72.5977,1.7500,5.841,100.07,98.95
1407,783,2240.8375,705.9692,717.3612,-2124.2161,-71.2862,-71.4438,1.9167,5.943,101.58,100.40
1428,795,2275.6141,716.9255,722.5115,-2159.1799,-71.4459,-72.2053,1.7500,6.045,101.70,100.54
1451,807,2310.8701,728.0328,734.7974,-2192.2448,-71.4180,-71.9489,1.9167,6.145,100.48,99.27
1472,819,2346.1125,739.1358,743.4864,-2226.5028,-71.4834,-72.1791,1.7500,6.244,99.26,98.15
1494,831,2380.5034,749.9705,754.8169,-2258.9764,-71.4730,-71.9688,1.8333,6.347,102.94,101.82
1517,843,2416.6477,761.3577,767.1812,-2292.9526,-71.4511,-72.1791,1.9167,6.448,100.13,98.92
1538,855,2448.7691,771.4774,776.5271,-2323.6979,-71.4726,-72.0301,1.7500,6.547,99.03,97.94
1558,867,2482.0432,781.9603,786.4246,-2355.4738,-71.4890,-71.6788,1.6667,6.647,100.27,99.21
1581,879,2514.8255,792.2883,801.9164,-2384.8519,-71.3668,-71.6016,1.9167,6.747,99.80,98.62
1600,891,2547.8608,802.6960,807.9588,-2417.6724,-71.4739,-72.4453,1.5833,6.846,99.83,98.74
1622,903,2583.3248,813.8688,818.7823,-2451.4476,-71.4843,-71.6569,1.8333,6.946,99.78,98.64
1645,915,2618.8264,825.0535,832.0273,-2484.4507,-71.4388,-71.8229,1.9167,7.045,98.68,97.53
1667,927,2653.6555,836.0263,840.3279,-2518.4019,-71.5023,-71.9419,1.8333,7.145,99.86,98.70
1689,939,2686.6672,846.4265,855.0583,-2548.2800,-71.4065,-71.6933,1.8333,7.245,99.80,98.62
1710,951,2722.3607,857.6717,860.2722,-2584.1769,-71.5434,-71.9670,1.7500,7.346,101.94,100.80
1733,963,2758.2711,868.9851,873.3980,-2617.6531,-71.5049,-71.8884,1.9167,7.448,101.57,100.35
1754,975,2791.5537,879.4707,882.5156,-2649.6981,-71.5361,-71.9489,1.7500,7.549,101.35,100.24
1777,987,2828.3534,891.0644,895.7198,-2684.0856,-71.5030,-72.2356,1.9167,7.651,101.89,100.70
1800,999,2864.2561,902.3754,903.9714,-2719.1816,-71.5692,-71.9220,1.9167,7.753,101.72,100.49
1822,1011,2898.6182,913.2011,915.7617,-2751.4722,-71.5499,-72.4479,1.8333,7.852,99.13,97.94
1844,1023,2934.3383,924.4546,926.2932,-2785.6141,-71.5658,-71.9801,1.8333,7.954,102.19,101.03
1867,1035,2968.9065,935.3452,941.9271,-2816.8366,-71.4701,-71.6532,1.9167,8.056,101.50,100.31
1888,1047,3003.0615,946.1056,946.2228,-2851.4108,-71.6020,-72.0256,1.7500,8.158,101.69,100.56
1911,1059,3038.9788,957.4213,964.2228,-2883.2672,-71.4696,-71.4570,1.9167,8.260,102.59,101.37
1932,1071,3073.7731,968.3831,969.3730,-2918.2311,-71.5857,-72.0807,1.7500,8.362,101.90,100.74
1955,1083,3109.0261,979.4894,981.6589,-2951.2960,-71.5633,-71.8999,1.9167,8.462,100.39,99.17
1976,1095,3144.2748,990.5944,990.3479,-2985.5539,-71.6106,-72.0660,1.7500,8.561,98.95,97.86
1998,1107,3178.6646,1001.4288,1001.6784,-3018.0276,-71.6014,-72.4899,1.8333,8.663,101.52,100.38
2021,1119,3214.8067,1012.8153,1014.0428,-3052.0037,-71.5834,-72.0019,1.9167,8.763,100.10,98.83
2042,1131,3246.9301,1022.9357,1023.3886,-3082.7491,-71.5984,-72.0424,1.7500,8.862,99.30,98.21
2062,1143,3280.2057,1033.4191,1033.2861,-3114.5250,-71.6095,-72.2854,1.6667,8.963,100.67,99.59
2085,1155,3312.9754,1043.7431,1048.7779,-3143.9031,-71.5156,-71.5692,1.9167,9.062,99.50,98.21
2104,1167,3346.0217,1054.1542,1054.8203,-3176.7236,-71.5956,-72.3662,1.5833,9.163,100.36,99.26
2126,1179,3381.4866,1065.3273,1065.6438,-3210.4988,-71.6023,-71.8456,1.8333,9.263,100.21,99.05
2149,1191,3416.9837,1076.5106,1078.8889,-3243.5018,-71.5662,-71.8229,1.9167,9.362,98.81,97.61
2171,1203,3451.8188,1087.4853,1087.1895,-3277.4531,-71.6137,-71.9419,1.8333,9.461,99.62,98.51
2193,1215,3484.8210,1097.8825,1101.9198,-3307.3312,-71.5388,-71.6933,1.8333,9.561,100.02,98.87
2214,1227,3520.5275,1109.1317,1107.1338,-3343.2281,-71.6433,-71.9670,1.7500,9.663,101.87,100.74
2237,1239,3556.4344,1120.4441,1120.2596,-3376.7043,-71.6125,-71.8884,1.9167,9.765,101.66,100.44
2258,1251,3589.7198,1130.9306,1129.3772,-3408.7493,-71.6357,-71.9489,1.7500,9.867,101.94,100.77
2281,1263,3626.5165,1142.5233,1142.5814,-3443.1368,-71.6089,-72.2356,1.9167,9.969,102.45,101.26
2304,1275,3662.4247,1153.8360,1150.8329,-3478.2328,-71.6596,-71.9220,1.9167,10.071,101.18,99.95
2326,1287,3696.7852,1164.6612,1162.6233,-3510.5234,-71.6437,-72.4479,1.8333,10.170,99.31,98.11
2348,1299,3732.5066,1175.9151,1173.1547,-3544.6653,-71.6553,-71.9801,1.8333,10.272,101.86,100.72
2371,1311,3767.0662,1186.8030,1188.7887,-3575.8877,-71.5790,-71.6532,1.9167,10.373,101.19,100.01
2392,1323,3801.2324,1197.5670,1193.0844,-3610.4620,-71.6823,-72.0256,1.7500,10.475,101.72,100.57
2415,1335,3837.1383,1208.8790,1211.0844,-3642.3184,-71.5766,-71.4570,1.9167,10.576,101.82,100.64
2436,1347,3871.9427,1219.8441,1216.2346,-3677.2823,-71.6678,-72.0807,1.7500,10.678,101.56,100.42
2459,1359,3907.1940,1230.9499,1228.5205,-3710.3472,-71.6493,-71.8999,1.9167,10.779,100.61,99.35
2480,1371,3942.4462,1242.0560,1237.2095,-3744.6051,-71.6862,-72.0660,1.7500,10.876,97.70,96.60
2502,1383,3976.8354,1252.8902,1248.5400,-3777.0787,-71.6782,-72.4899,1.8333,10.978,101.23,100.11
2525,1395,4012.9761,1264.2762,1260.9043,-3811.0549,-71.6632,-72.0019,1.9167,11.077,99.60,98.44
2546,1407,4045.1006,1274.3969,1270.2502,-3841.8003,-71.6745,-72.0424,1.7500,11.177,99.37,98.27
2568,1419,4080.8223,1285.6510,1280.7817,-3875.9422,-71.6849,-72.2955,1.8333,11.278,101.87,100.72
2591,1431,4115.3791,1296.5380,1296.4156,-3907.1646,-71.6148,-71.6206,1.9167,11.380,101.14,99.92
2612,1443,4149.5491,1307.3031,1300.7113,-3941.7389,-71.7091,-72.6016,1.7500,11.481,101.95,100.79
2635,1455,4185.4511,1318.6139,1318.7113,-3973.5953,-71.6120,-71.4461,1.9167,11.583,101.98,100.76
2656,1467,4220.2589,1329.5800,1323.8615,-4008.5592,-71.6954,-72.1396,1.7500,11.685,101.29,100.13
2679,1479,4255.5095,1340.6856,1336.1474,-4041.6240,-71.6782,-71.9070,1.9167,11.784,99.07,97.84
2700,1491,4290.7630,1351.7921,1344.8364,-4075.8820,-71.7118,-72.2737,1.7500,11.883,99.06,97.96
2723,1503,4323.3520,1362.0592,1360.8990,-4104.8915,-71.6303,-71.4680,1.9167,11.983,99.72,98.53
2744,1515,4359.0575,1373.3081,1366.0868,-4140.7865,-71.7143,-72.1087,1.7500,12.085,102.57,101.45
2766,1527,4394.9720,1384.6229,1379.2387,-4174.2646,-71.6885,-71.8754,1.8333,12.187,102.16,100.99
2788,1539,4429.1390,1395.3871,1388.4086,-4207.2191,-71.7098,-72.4536,1.8333,12.288,101.15,99.96
2811,1551,4463.6933,1406.2733,1404.0426,-4238.4415,-71.6450,-71.4312,1.9167,12.390,101.83,100.62
2832,1563,4497.8665,1417.0395,1408.3382,-4273.0158,-71.7318,-72.6327,1.7500,12.492,101.79,100.69
2855,1575,4533.7652,1428.3493,1426.3382,-4304.8722,-71.6420,-71.4906,1.9167,12.594,101.99,100.81
2876,1588,4568.3851,1439.2562,1428.8680,-4340.4999,-71.7526,-72.3627,1.6154,12.693,98.93,97.77
2897,1600,4601.3805,1449.6513,1443.1404,-4370.5349,-71.7009,-71.7888,1.7500,12.794,101.25,100.13
2919,1612,4635.3066,1460.3396,1457.9459,-4401.3696,-71.6468,-71.4570,1.8333,12.896,101.79,100.62
2940,1625,4669.9270,1471.2466,1460.4757,-4436.9973,-71.7550,-72.3160,1.6154,12.995,99.31,98.19
2961,1637,4702.9222,1481.6417,1474.7481,-4467.0323,-71.7044,-71.8884,1.7500,13.097,101.84,100.71
2982,1649,4736.2098,1492.1288,1483.8657,-4499.0774,-71.7214,-71.9489,1.7500,13.199,101.91,100.80
3005,1661,4773.0038,1503.7207,1497.0699,-4533.4649,-71.7003,-72.2356,1.9167,13.301,101.72,100.55
3028,1673,4808.9168,1515.0350,1505.3214,-4568.5608,-71.7383,-71.9220,1.9167,13.402,100.96,99.71
3050,1685,4843.2759,1525.8597,1517.1118,-4600.8514,-71.7255,-72.4479,1.8333,13.501,99.16,97.97
3072,1697,4878.9983,1537.1139,1527.6432,-4634.9934,-71.7338,-71.9801,1.8333,13.603,101.90,100.76
3095,1709,4913.5502,1547.9994,1543.2772,-4666.2158,-71.6748,-71.6532,1.9167,13.704,101.38,100.21
3116,1721,4947.7264,1558.7665,1547.5728,-4700.7901,-71.7535,-72.0256,1.7500,13.806,101.62,100.51
3139,1733,4983.6220,1570.0753,1565.5728,-4732.6465,-71.6716,-71.9419,1.9167,13.907,101.35,100.11
3160,1745,5018.4354,1581.0432,1570.7231,-4767.6103,-71.7413,-71.9199,1.7500,14.009,101.58,100.42
3183,1757,5053.6849,1592.1484,1583.0090,-4800.6752,-71.7265,-71.9804,1.9167,14.109,100.01,98.81
3204,1769,5088.9404,1603.2556,1591.6980,-4834.9332,-71.7546,-72.0551,1.7500,14.208,98.96,97.87
3226,1781,5123.3288,1614.0895,1603.0285,-4867.4068,-71.7479,-72.4442,1.8333,14.309,101.65,100.52
3249,1793,5159.4682,1625.4751,1615.3928,-4901.3830,-71.7357,-71.7623,1.9167,14.410,100.56,99.36
3270,1805,5191.5937,1635.5962,1624.7387,-4932.1283,-71.7441,-72.4479,1.7500,14.510,100.00,98.90
3290,1817,5224.8707,1646.0800,1634.6362,-4963.9042,-71.7502,-71.7334,1.6667,14.610,100.42,99.35
3313,1829,5257.6254,1656.3993,1650.1280,-4993.2823,-71.6901,-71.6143,1.9167,14.711,100.19,99.01
3332,1841,5290.6845,1666.8145,1656.1704,-5026.1028,-71.7396,-72.3960,1.5833,14.811,100.08,99.01
3354,1853,5326.1503,1677.9878,1666.9939,-5059.8781,-71.7429,-71.6569,1.8333,14.911,100.14,99.00
3377,1865,5361.6419,1689.1694,1680.2389,-5092.8811,-71.7190,-71.8229,1.9167,15.012,100.71,99.54
3399,1877,5396.4840,1700.1463,1688.5395,-5126.8323,-71.7484,-71.9419,1.8333,15.111,99.76,98.64
3421,1889,5429.4743,1710.5398,1703.2699,-5156.7104,-71.6995,-71.6933,1.8333,15.211,99.93,98.78
3442,1901,5465.1965,1721.7939,1708.4839,-5192.6073,-71.7658,-71.9670,1.7500,15.313,101.75,100.61
3465,1913,5501.0991,1733.1049,1721.6096,-5226.0835,-71.7450,-71.8884,1.9167,15.415,102.25,101.05
3486,1925,5534.3876,1743.5924,1730.7272,-5258.1285,-71.7593,-71.9489,1.7500,15.517,101.76,100.61
3509,1937,5571.1805,1755.1839,1743.9314,-5292.5160,-71.7410,-72.2356,1.9167,15.619,101.94,100.74
3532,1949,5607.0956,1766.4988,1752.1830,-5327.6120,-71.7733,-71.9220,1.9167,15.721,101.84,100.64
3554,1961,5641.4539,1777.3233,1763.9733,-5359.9026,-71.7621,-72.4479,1.8333,15.820,99.39,98.22
3576,1973,5677.1767,1788.5777,1774.5048,-5394.0445,-71.7690,-71.9801,1.8333,15.922,101.44,100.29
3599,1985,5711.7252,1799.4621,1790.1388,-5425.2670,-71.7181,-71.6532,1.9167,16.023,101.72,100.46
3620,1997,5745.9058,1810.2306,1794.4344,-5459.8412,-71.7855,-72.0256,1.7500,16.125,101.56,100.41
3643,2009,5781.7967,1821.5379,1812.4344,-5491.6976,-71.7148,-71.4570,1.9167,16.227,101.80,100.60
3664,2021,5816.6142,1832.5070,1817.5846,-5526.6615,-71.7747,-72.0807,1.7500,16.328,101.45,100.31
3687,2033,5851.8630,1843.6121,1829.8705,-5559.7264,-71.7617,-71.8999,1.9167,16.429,100.68,99.45
3708,2045,5887.1198,1854.7196,1838.5596,-5593.9844,-71.7857,-72.0660,1.7500,16.528,99.01,97.87
3730,2057,5921.5080,1865.5535,1849.8900,-5626.4580,-71.7798,-72.4899,1.8333,16.629,101.55,100.39
3753,2069,5957.6467,1876.9389,1862.2544,-5660.4342,-71.7690,-72.0019,1.9167,16.730,100.56,99.33
3774,2081,5989.7726,1887.0601,1871.6003,-5691.1795,-71.7761,-72.0424,1.7500,16.829,99.03,97.92
3794,2093,6023.0500,1897.5440,1881.4977,-5722.9554,-71.7812,-72.2854,1.6667,16.929,99.77,98.74
3817,2105,6055.8013,1907.8622,1896.9895,-5752.3335,-71.7289,-71.5692,1.9167,17.028,99.76,98.62
3836,2117,6088.8632,1918.2783,1903.0319,-5785.1540,-71.7717,-72.3662,1.5833,17.130,101.59,100.50
3858,2129,6124.3292,1929.4517,1913.8554,-5818.9292,-71.7744,-71.8456,1.8333,17.230,99.92,98.75
3881,2141,6159.8194,1940.6328,1927.1005,-5851.9323,-71.7534,-71.8229,1.9167,17.329,98.71,97.48
3903,2153,6194.6631,1951.6102,1935.4011,-5885.8835,-71.7788,-71.9419,1.8333,17.428,99.76,98.65
3925,2165,6227.6507,1962.0029,1950.1314,-5915.7616,-71.7360,-71.6933,1.8333,17.528,99.91,98.76
3946,2177,6263.3764,1973.2582,1955.3454,-5951.6585,-71.7936,-71.9670,1.7500,17.630,101.40,100.27
3969,2189,6299.2781,1984.5689,1968.4712,-5985.1347,-71.7753,-71.8884,1.9167,17.731,101.35,100.12
3990,2201,6332.5673,1995.0565,1977.5888,-6017.1797,-71.7876,-71.9489,1.7500,17.832,101.22,100.01
4013,2213,6369.3592,2006.6477,1990.7930,-6051.5672,-71.7715,-72.2356,1.9167,17.935,103.10,101.88
4036,2225,6405.2758,2017.9631,1999.0445,-6086.6632,-71.7996,-71.9220,1.9167,18.037,101.80,100.62
4058,2237,6439.6337,2028.7875,2010.8349,-6118.9538,-71.7897,-72.4479,1.8333,18.136,99.25,98.10
4080,2249,6475.3568,2040.0419,2021.3663,-6153.0957,-71.7956,-71.9801,1.8333,18.238,101.80,100.66
4103,2261,6509.9027,2050.9255,2037.0003,-6184.3182,-71.7507,-71.6532,1.9167,18.340,101.87,100.65
4124,2273,6544.0866,2061.6951,2041.2960,-6218.8924,-71.8098,-72.0256,1.7500,18.442,101.77,100.63
4147,2285,6579.9740,2073.0013,2059.2960,-6250.7488,-71.7475,-71.4570,1.9167,18.544,101.61,100.41
4168,2297,6614.7945,2083.9714,2064.4462,-6285.7127,-71.8000,-72.0807,1.7500,18.645,101.81,100.66
4191,2309,6650.0427,2095.0762,2076.7321,-6318.7776,-71.7884,-71.8999,1.9167,18.746,100.24,99.03
4212,2321,6685.3006,2106.1841,2085.4211,-6353.0355,-71.8094,-72.0660,1.7500,18.845,99.36,98.28
4234,2333,6719.6885,2117.0179,2096.7516,-6385.5092,-71.8041,-72.4899,1.8333,18.946,101.52,100.38
4257,2345,6755.8268,2128.4032,2109.1159,-6419.4853,-71.7944,-72.0019,1.9167,19.047,100.19,98.97
4278,2357,6787.9530,2138.5244,2118.4618,-6450.2307,-71.8006,-72.0424,1.7500,19.147,100.03,98.95
4300,2369,6823.6762,2149.7790,2128.9933,-6484.3726,-71.8061,-72.2955,1.8333,19.250,103.23,102.08
4323,2381,6858.2211,2160.6622,2144.6273,-6515.5950,-71.7635,-71.6206,1.9167,19.351,101.35,100.14
4344,2393,6892.4063,2171.4322,2148.9229,-6550.1693,-71.8195,-72.6016,1.7500,19.453,101.55,100.41
4367,2405,6928.2923,2182.7379,2166.9229,-6582.0257,-71.7603,-71.4461,1.9167,19.555,101.88,100.71
4388,2417,6963.1141,2193.7084,2172.0731,-6616.9896,-71.8101,-72.1396,1.7500,19.656,101.42,100.26
4411,2429,6998.3620,2204.8132,2184.3590,-6650.0544,-71.7990,-71.9070,1.9167,19.757,100.73,99.53
4432,2441,7033.6204,2215.9212,2193.0480,-6684.3124,-71.8189,-72.2737,1.7500,19.856,99.28,98.15
4454,2453,7066.9214,2226.4126,2201.2364,-6716.6738,-71.8377,-72.2068,1.8333,19.956,100.25,99.16
4475,2465,7099.9040,2236.8037,2215.9667,-6746.5519,-71.7999,-71.8999,1.7500,20.058,101.29,100.17
4496,2477,7133.5836,2247.4143,2226.6742,-6778.4846,-71.7983,-71.8256,1.7500,20.158,100.19,99.06
4518,2489,7169.5502,2258.7455,2235.9862,-6813.2835,-71.8145,-72.4442,1.8333,20.258,100.41,99.23
4541,2501,7202.2979,2269.0626,2251.4780,-6842.6616,-71.7704,-71.3785,1.9167,20.358,99.80,98.62
4560,2513,7235.3628,2279.4796,2257.5204,-6875.4821,-71.8062,-72.3960,1.5833,20.458,100.31,99.27
4582,2525,7270.8289,2290.6531,2268.3439,-6909.2573,-71.8083,-71.8924,1.8333,20.558,100.04,98.91
4605,2537,7305.6520,2301.6240,2281.9767,-6941.4319,-71.7855,-71.7563,1.9167,20.658,99.71,98.52
4625,2549,7338.7114,2312.0392,2289.7136,-6973.6886,-71.8068,-71.7807,1.6667,20.758,99.49,98.44
4646,2561,7372.4172,2322.6582,2297.0410,-7006.7592,-71.8330,-72.1308,1.7500,20.856,98.64,97.55
4669,2573,7407.8598,2333.8243,2313.1967,-7038.7577,-71.7914,-71.7604,1.9167,20.955,99.21,98.07
4692,2585,7443.8104,2345.1504,2319.7652,-7074.4410,-71.8292,-72.1259,1.9167,21.057,101.87,100.71
4714,2597,7479.0678,2356.2581,2332.0773,-7107.5078,-71.8186,-71.9489,1.8333,21.159,101.61,100.45
4737,2609,7515.8587,2367.8490,2345.2815,-7141.8953,-71.8048,-72.2356,1.9167,21.261,102.22,101.03
4760,2621,7551.7771,2379.1650,2353.5330,-7176.9912,-71.8284,-71.9220,1.9167,21.364,102.34,101.10
4782,2633,7586.1343,2389.9891,2365.3234,-7209.2818,-71.8199,-72.4479,1.8333,21.463,99.41,98.23
4804,2645,7621.8578,2401.2437,2375.8548,-7243.4238,-71.8247,-71.9801,1.8333,21.564,100.98,99.85
4827,2657,7656.4008,2412.1263,2391.4888,-7274.6462,-71.7865,-71.6532,1.9167,21.666,101.78,100.53
4848,2669,7690.5884,2422.8971,2395.7845,-7309.2205,-71.8366,-72.0256,1.7500,21.767,101.39,100.28
4871,2681,7726.4719,2434.2020,2413.7845,-7341.0769,-71.7834,-71.2013,1.9167,21.869,101.69,100.49
4892,2693,7761.2958,2445.1732,2418.9347,-7376.0407,-71.8280,-72.1290,1.7500,21.970,101.39,100.23
4915,2705,7796.5433,2456.2778,2431.2206,-7409.1056,-71.8180,-72.0292,1.9167,22.070,100.09,98.91
4936,2717,7831.8024,2467.3861,2439.9096,-7443.3636,-71.8358,-72.0660,1.7500,22.169,98.76,97.66
4958,2729,7866.1900,2478.2198,2451.2401,-7475.8372,-71.8311,-72.4899,1.8333,22.270,101.49,100.34
4981,2741,7902.3277,2489.6049,2463.6044,-7509.8134,-71.8227,-72.0019,1.9167,22.370,99.65,98.44
5002,2753,7934.4542,2499.7263,2472.9503,-7540.5587,-71.8279,-72.0424,1.7500,22.469,98.86,97.73
5022,2765,7967.7321,2510.2103,2482.8478,-7572.3346,-71.8315,-72.3392,1.6667,22.570,100.73,99.66
5045,2777,8000.4779,2520.5268,2498.3396,-7601.7127,-71.7917,-71.6238,1.9167,22.669,99.73,98.54
5064,2789,8033.5444,2530.9443,2504.3820,-7634.5332,-71.8239,-71.7227,1.5833,22.769,99.90,98.83
5086,2801,8069.0106,2542.1178,2515.2055,-7668.3085,-71.8257,-72.2097,1.8333,22.869,99.60,98.41
5109,2813,8104.4987,2553.2983,2528.4505,-7701.3115,-71.8095,-71.5874,1.9167,22.968,99.11,97.92
5131,2825,8139.3449,2564.2765,2536.7511,-7735.2627,-71.8286,-71.9419,1.8333,23.068,100.00,98.86
5153,2837,8172.3281,2574.6677,2551.4815,-7765.1408,-71.7958,-71.6933,1.8333,23.168,100.01,98.83
5174,2849,8208.0595,2585.9248,2556.6955,-7801.0377,-71.8395,-71.9670,1.7500,23.270,101.73,100.64
5197,2861,8243.9595,2597.2350,2569.8212,-7834.5139,-71.8254,-71.8884,1.9167,23.371,101.66,100.43
5218,2873,8277.2498,2607.7230,2578.9388,-7866.5589,-71.8346,-71.9489,1.7500,23.473,101.47,100.36
5241,2885,8314.0402,2619.3137,2592.1430,-7900.9464,-71.8220,-72.2356,1.9167,23.574,101.23,100.03
5264,2897,8349.9594,2630.6299,2600.3946,-7936.0424,-71.8433,-71.9220,1.9167,23.676,102.10,100.85
5286,2909,8384.3164,2641.4540,2612.1849,-7968.3330,-71.8355,-72.4479,1.8333,23.776,99.40,98.22
5308,2921,8420.0400,2652.7086,2622.7164,-8002.4750,-71.8399,-71.9801,1.8333,23.878,102.13,100.97
5331,2933,8454.5815,2663.5908,2638.3504,-8033.6974,-71.8051,-71.6532,1.9167,23.980,101.79,100.57
5352,2945,8488.7710,2674.3621,2642.6460,-8068.2716,-71.8505,-72.0256,1.7500,24.082,102.20,101.08
5375,2957,8524.6525,2685.6665,2660.6460,-8100.1281,-71.8022,-71.4570,1.9167,24.184,101.95,100.73
5396,2969,8559.4781,2696.6382,2665.7963,-8135.0919,-71.8425,-72.0807,1.7500,24.285,101.62,100.47
5419,2981,8594.7252,2707.7427,2678.0822,-8168.1568,-71.8334,-71.8999,1.9167,24.386,100.26,99.05
5440,2993,8629.9850,2718.8512,2686.7712,-8202.4148,-71.8495,-72.0660,1.7500,24.485,99.33,98.22
5462,3005,8664.3724,2729.6848,2698.1017,-8234.8884,-71.8452,-72.4899,1.8333,24.587,102.34,101.19
5485,3017,8700.5098,2741.0698,2710.4660,-8268.8646,-71.8375,-72.0019,1.9167,24.688,100.25,99.03
5506,3029,8732.6365,2751.1912,2719.8119,-8299.6099,-71.8422,-72.0424,1.7500,24.787,99.09,97.97
5526,3041,8765.9145,2761.6753,2729.7094,-8331.3858,-71.8454,-72.2854,1.6667,24.887,100.85,99.76
5549,3053,8798.6589,2771.9914,2745.2012,-8360.7639,-71.8092,-71.5692,1.9167,24.988,100.35,99.14
5568,3065,8831.7266,2782.4092,2751.2436,-8393.5844,-71.8384,-72.3662,1.5833,25.088,99.71,98.64
5590,3077,8867.1928,2793.5828,2762.0671,-8427.3596,-71.8400,-71.8456,1.8333,25.187,99.81,98.68
5613,3089,8902.6803,2804.7630,2775.3121,-8460.3627,-71.8252,-71.8229,1.9167,25.286,99.02,97.87
5635,3101,8937.5272,2815.7414,2783.6127,-8494.3139,-71.8425,-71.9419,1.8333,25.386,99.86,98.70
5657,3113,8970.5092,2826.1323,2798.3431,-8524.1920,-71.8126,-71.6933,1.8333,25.486,99.99,98.81
5678,3125,9006.2422,2837.3899,2803.5570,-8560.0889,-71.8523,-71.9670,1.7500,25.588,102.14,101.01
5701,3137,9042.1417,2848.6999,2816.6828,-8593.5651,-71.8394,-71.8884,1.9167,25.690,101.57,100.37
5722,3149,9075.4324,2859.1880,2825.8004,-8625.6101,-71.8477,-71.9489,1.7500,25.792,101.61,100.48
5745,3161,9112.2223,2870.7786,2839.0046,-8659.9976,-71.8362,-72.2356,1.9167,25.894,102.22,100.98
5768,3173,9148.1422,2882.0951,2847.2562,-8695.0936,-71.8556,-71.9220,1.9167,25.995,101.68,100.49
5790,3185,9182.4989,2892.9190,2859.0465,-8727.3842,-71.8485,-72.4479,1.8333,26.095,99.20,98.02
5812,3197,9218.2227,2904.1737,2869.5780,-8761.5261,-71.8524,-71.9801,1.8333,26.197,101.98,100.79
5835,3209,9252.7629,2915.0555,2885.2119,-8792.7486,-71.8206,-71.6532,1.9167,26.298,101.46,100.28
5856,3221,9286.9540,2925.8273,2889.5076,-8827.3228,-71.8620,-72.0256,1.7500,26.400,102.12,101.00
5879,3233,9322.8338,2937.1311,2907.5076,-8859.1792,-71.8178,-71.4570,1.9167,26.503,102.35,101.15
5900,3245,9357.6609,2948.1033,2912.6578,-8894.1431,-71.8546,-72.0807,1.7500,26.604,101.66,100.52
5923,3257,9392.9077,2959.2077,2924.9437,-8927.2080,-71.8462,-71.8999,1.9167,26.705,100.38,99.15
5944,3269,9428.1680,2970.3163,2933.6327,-8961.4659,-71.8609,-72.0660,1.7500,26.804,99.06,97.96
5966,3281,9462.5553,2981.1500,2944.9632,-8993.9396,-71.8569,-72.4899,1.8333,26.906,102.09,100.94
5989,3293,9498.6924,2992.5349,2957.3276,-9027.9157,-71.8499,-72.0019,1.9167,27.006,100.36,99.15
6010,3305,9530.8193,3002.6563,2966.6734,-9058.6611,-71.8541,-72.0424,1.7500,27.105,99.05,97.91
6030,3317,9564.0974,3013.1405,2976.5709,-9090.4370,-71.8570,-72.2854,1.6667,27.206,100.39,99.33
6053,3329,9596.8405,3023.4561,2992.0627,-9119.8151,-71.8237,-71.5692,1.9167,27.306,100.02,98.81
6072,3341,9629.9092,3033.8743,2998.1051,-9152.6356,-71.8505,-72.3662,1.5833,27.406,100.14,99.03
6094,3353,9665.3755,3045.0479,3008.9286,-9186.4108,-71.8519,-71.8456,1.8333,27.506,100.18,99.01
6117,3365,9700.8625,3056.2280,3022.1737,-9219.4138,-71.8383,-71.8229,1.9167,27.605,98.73,97.55
6139,3377,9735.7100,3067.2065,3030.4743,-9253.3651,-71.8541,-71.9419,1.8333,27.704,99.66,98.52
6161,3389,9768.6909,3077.5971,3045.2046,-9283.2432,-71.8266,-71.6933,1.8333,27.804,100.19,99.01
6182,3401,9804.4253,3088.8551,3050.4186,-9319.1401,-71.8631,-71.9670,1.7500,27.906,101.70,100.59
6205,3413,9840.3244,3100.1650,3063.5444,-9352.6163,-71.8511,-71.8884,1.9167,28.008,101.68,100.46
6226,3425,9873.6153,3110.6532,3072.6620,-9384.6613,-71.8588,-71.9489,1.7500,28.110,101.94,100.79
6249,3437,9910.4049,3122.2437,3085.8662,-9419.0488,-71.8481,-72.2356,1.9167,28.212,101.83,100.61
6272,3449,9946.3254,3133.5603,3094.1177,-9454.1448,-71.8659,-71.9220,1.9167,28.313,101.42,100.20
6294,3461,9980.6819,3144.3842,3105.9081,-9486.4354,-71.8593,-72.4479,1.8333,28.412,99.35,98.20
6316,3473,10016.4058,3155.6389,3116.4395,-9520.5773,-71.8629,-71.9801,1.8333,28.514,101.67,100.53
6339,3485,10050.9450,3166.5204,3132.0735,-9551.7997,-71.8336,-71.6532,1.9167,28.615,101.46,100.24
6360,3497,10085.1374,3177.2926,3136.3691,-9586.3740,-71.8716,-72.0256,1.7500,28.717,101.84,100.69
6383,3509,10121.0157,3188.5960,3154.3691,-9618.2304,-71.8309,-71.4570,1.9167,28.819,101.33,100.13
6404,3521,10155.8440,3199.5685,3159.5194,-9653.1943,-71.8648,-72.0807,1.7500,28.921,102.20,101.05
6427,3533,10191.0906,3210.6728,3171.8053,-9686.2592,-71.8570,-71.8999,1.9167,29.021,100.63,99.40
6448,3545,10226.3513,3221.7816,3180.4943,-9720.5171,-71.8705,-72.0660,1.7500,29.121,99.15,98.04
6470,3557,10260.7385,3232.6152,3191.8248,-9752.9907,-71.8668,-72.4899,1.8333,29.222,101.81,100.69
6493,3569,10296.8754,3244.0000,3204.1891,-9786.9669,-71.8603,-72.0019,1.9167,29.323,100.90,99.72
6514,3581,10329.0024,3254.1216,3213.5350,-9817.7123,-71.8641,-72.0424,1.7500,29.423,99.28,98.13
6536,3593,10364.7264,3265.3763,3224.0665,-9851.8542,-71.8675,-72.2955,1.8333,29.525,102.64,101.48
6559,3605,10399.2651,3276.2576,3239.7004,-9883.0766,-71.8392,-71.6206,1.9167,29.627,101.50,100.29
6580,3617,10433.4581,3287.0300,3243.9961,-9917.6509,-71.8760,-72.6016,1.7500,29.729,101.77,100.62
6603,3629,10469.3358,3298.3332,3261.9961,-9949.5073,-71.8366,-71.4461,1.9167,29.831,102.10,100.91
6624,3641,10504.1646,3309.3059,3267.1463,-9984.4712,-71.8694,-72.1396,1.7500,29.933,102.08,100.98
6647,3653,10539.4111,3320.4102,3279.4322,-10017.5360,-71.8618,-71.9070,1.9167,30.033,100.36,99.15
6668,3665,10574.6720,3331.5190,3288.1212,-10051.7940,-71.8749,-72.2737,1.7500,30.132,99.16,98.05
6690,3677,10609.0591,3342.3526,3299.4517,-10084.2676,-71.8713,-71.9511,1.8333,30.234,101.40,100.26
6713,3689,10645.1960,3353.7374,3311.8161,-10118.2438,-71.8649,-71.9491,1.9167,30.334,100.36,99.14
6734,3701,10677.3230,3363.8589,3321.1619,-10148.9891,-71.8686,-71.9556,1.7500,30.433,99.27,98.11
6754,3713,10710.6012,3374.3431,3331.0594,-10180.7650,-71.8712,-72.4442,1.6667,30.534,100.31,99.25
6777,3725,10743.3428,3384.6583,3346.5512,-10210.1431,-71.8414,-71.3785,1.9167,30.634,100.09,98.91
6796,3737,10776.4128,3395.0769,3352.5936,-10242.9637,-71.8653,-72.3960,1.5833,30.734,99.94,98.85
6818,3749,10811.8791,3406.2504,3363.4171,-10276.7389,-71.8665,-71.8924,1.8333,30.834,99.94,98.78
6841,3761,10846.6991,3417.2204,3377.0499,-10308.9135,-71.8509,-71.7563,1.9167,30.933,99.00,97.84
6861,3773,10879.7614,3427.6365,3384.7868,-10341.1702,-71.8651,-71.7807,1.6667,31.031,98.71,97.67
6882,3785,10913.4703,3438.2564,3392.1142,-10374.2407,-71.8826,-72.1308,1.7500,31.130,98.60,97.47
6905,3797,10948.9077,3449.4209,3408.2699,-10406.2393,-71.8543,-71.7604,1.9167,31.229,99.26,98.04
6927,3809,10983.7558,3460.3997,3416.5705,-10440.1906,-71.8684,-71.9351,1.8333,31.329,100.22,99.06
6948,3821,11017.6734,3471.0853,3426.5165,-10472.6233,-71.8717,-71.9374,1.7500,31.431,101.20,100.10
6971,3833,11053.5721,3482.3951,3439.6423,-10506.0995,-71.8610,-72.2074,1.9167,31.532,101.70,100.53
6994,3845,11089.7415,3493.7902,3447.1585,-10541.6974,-71.8814,-71.9670,1.9167,31.634,101.76,100.58
7016,3857,11124.7334,3504.8142,3460.2206,-10574.2405,-71.8696,-72.3960,1.8333,31.734,100.17,99.02
7038,3869,11160.1998,3515.9878,3471.0440,-10608.0158,-71.8707,-71.8924,1.8333,31.835,100.78,99.61
7061,3881,11193.2051,3526.3861,3485.7858,-10637.9174,-71.8466,-71.6016,1.9167,31.936,100.85,99.68
7080,3893,11226.2755,3536.8048,3491.8282,-10670.7380,-71.8695,-71.7826,1.5833,32.036,99.94,98.86
7102,3905,11261.7419,3547.9784,3502.6517,-10704.5132,-71.8706,-71.8606,1.8333,32.136,99.80,98.69
7125,3917,11297.2281,3559.1582,3515.8968,-10737.5162,-71.8589,-71.7604,1.9167,32.234,98.76,97.61
7147,3929,11332.0765,3570.1371,3524.1974,-10771.4674,-71.8725,-71.9351,1.8333,32.335,100.30,99.19
7169,3941,11365.0557,3580.5271,3538.9277,-10801.3455,-71.8487,-71.4813,1.8333,32.434,99.29,98.16
7190,3953,11399.9018,3591.5052,3544.0633,-10836.3311,-71.8790,-72.4937,1.7500,32.536,101.97,100.87
7213,3965,11436.6907,3603.0955,3557.2675,-10870.7186,-71.8697,-71.9419,1.9167,32.637,101.58,100.39
7234,3977,11469.9820,3613.5838,3566.3851,-10902.7637,-71.8762,-72.0364,1.7500,32.739,101.63,100.51
7257,3989,11506.7710,3625.1741,3579.5893,-10937.1512,-71.8670,-72.1310,1.9167,32.841,101.90,100.69
7280,4001,11542.6925,3636.4910,3587.8408,-10972.2471,-71.8823,-72.1640,1.9167,32.942,101.24,100.05
7302,4013,11577.0486,3647.3148,3599.6312,-11004.5377,-71.8765,-71.7765,1.8333,33.042,99.27,98.11
7324,4025,11612.7727,3658.5696,3610.1626,-11038.6797,-71.8796,-72.2955,1.8333,33.143,101.84,100.71
7347,4037,11648.6712,3669.8793,3623.2884,-11072.1559,-71.8694,-71.8869,1.9167,33.245,101.91,100.70
7370,4049,11684.8412,3681.2745,3630.8047,-11107.7537,-71.8887,-72.1697,1.9167,33.346,101.18,100.01
7393,4061,11720.4531,3692.4940,3649.5547,-11139.0865,-71.8492,-71.6533,1.9167,33.450,103.38,102.18
7412,4073,11752.0274,3702.4414,3650.6220,-11171.9605,-71.8942,-72.1087,1.5833,33.549,99.52,98.47
7433,4085,11785.0114,3712.8329,3664.8944,-11201.9955,-71.8736,-71.9419,1.7500,33.651,101.64,100.52
7454,4097,11818.3028,3723.3212,3674.0120,-11234.0405,-71.8799,-72.0364,1.7500,33.753,101.62,100.52
7477,4109,11855.0917,3734.9115,3687.2162,-11268.4280,-71.8710,-72.2828,1.9167,33.854,101.67,100.51
7500,4121,11891.0134,3746.2285,3695.4678,-11303.5240,-71.8858,-72.1611,1.9167,33.957,102.38,101.21
7522,4133,11925.3694,3757.0522,3707.2581,-11335.8146,-71.8802,-72.0424,1.8333,34.056,99.67,98.50
7544,4145,11961.0936,3768.3070,3717.7896,-11369.9565,-71.8831,-72.2955,1.8333,34.159,102.35,101.19
7567,4157,11995.6307,3779.1879,3733.4236,-11401.1790,-71.8585,-71.6206,1.9167,34.260,101.57,100.35
7588,4169,12029.8257,3789.9609,3737.7192,-11435.7532,-71.8904,-72.6016,1.7500,34.362,101.72,100.53
7611,4181,12065.7012,3801.2634,3755.7192,-11467.6096,-71.8561,-71.4647,1.9167,34.464,101.96,100.74
7632,4193,12100.5319,3812.2367,3760.8694,-11502.5735,-71.8845,-72.1396,1.7500,34.565,101.47,100.32
7655,4205,12135.7780,3823.3408,3773.1553,-11535.6384,-71.8779,-71.9070,1.9167,34.666,100.34,99.12
7676,4217,12171.0395,3834.4499,3781.8443,-11569.8964,-71.8892,-72.2737,1.7500,34.765,98.79,97.69
7698,4229,12205.4264,3845.2834,3793.1748,-11602.3700,-71.8860,-71.9511,1.8333,34.866,101.40,100.25
7721,4241,12241.5630,3856.6681,3805.5392,-11636.3462,-71.8805,-71.9491,1.9167,34.966,100.11,98.90
7742,4253,12273.6902,3866.7897,3814.8851,-11667.0915,-71.8837,-71.9556,1.7500,35.065,99.02,97.91
7762,4265,12306.9685,3877.2739,3824.7825,-11698.8674,-71.8859,-72.1769,1.6667,35.166,100.48,99.42
7785,4277,12339.7085,3887.5885,3840.2743,-11728.2455,-71.8599,-71.3460,1.9167,35.266,100.00,98.81
7804,4289,12372.7798,3898.0076,3846.3167,-11761.0660,-71.8806,-72.4453,1.5833,35.365,99.78,98.70
7826,4301,12408.2462,3909.1812,3857.1402,-11794.8412,-71.8816,-71.6569,1.8333,35.465,100.12,98.96
7849,4313,12443.7320,3920.3608,3870.3853,-11827.8443,-71.8709,-71.8229,1.9167,35.565,99.26,98.07
7871,4325,12478.5809,3931.3399,3878.6859,-11861.7955,-71.8832,-71.9419,1.8333,35.665,100.00,98.85
7893,4337,12511.5592,3941.7296,3893.4162,-11891.6736,-71.8616,-71.6933,1.8333,35.765,100.04,98.87
7914,4349,12547.2970,3952.9887,3898.6302,-11927.5705,-71.8901,-71.9670,1.7500,35.866,101.63,100.50
7937,4361,12583.1950,3964.2982,3911.7560,-11961.0467,-71.8806,-71.8884,1.9167,35.968,101.44,100.26
7958,4373,12616.4866,3974.7867,3920.8736,-11993.0917,-71.8865,-71.9489,1.7500,36.068,100.47,99.31
7981,4385,12653.2752,3986.3768,3934.0778,-12027.4792,-71.8781,-72.2356,1.9167,36.203,134.95,133.77
8004,4397,12689.1973,3997.6939,3942.3293,-12062.5752,-71.8920,-71.9220,1.9167,36.308,104.82,103.55
8026,4409,12723.5532,4008.5177,3954.1197,-12094.8658,-71.8867,-72.4479,1.8333,36.408,99.95,98.70
8048,4421,12759.2774,4019.7725,3964.6511,-12129.0077,-71.8894,-71.9801,1.8333,36.510,101.99,100.86
8071,4433,12793.8139,4030.6531,3980.2851,-12160.2302,-71.8664,-71.6532,1.9167,36.610,100.46,99.22
8092,4445,12828.0097,4041.4264,3984.5808,-12194.8044,-71.8962,-72.0256,1.7500,36.712,101.78,100.62
8115,4457,12863.8844,4052.7286,4002.5808,-12226.6608,-71.8641,-71.4570,1.9167,36.813,101.02,99.80
8136,4469,12898.7158,4063.7021,4007.7310,-12261.6247,-71.8907,-72.0807,1.7500,36.916,102.28,101.11
8159,4481,12933.9617,4074.8063,4020.0169,-12294.6896,-71.8845,-71.8999,1.9167,37.015,99.85,98.63
8180,4493,12969.2235,4085.9154,4028.7059,-12328.9475,-71.8951,-72.0660,1.7500,37.118,102.89,101.72
8202,4505,13003.6104,4096.7489,4040.0364,-12361.4211,-71.8921,-72.4899,1.8333,37.226,108.16,107.01
8225,4517,13039.7468,4108.1335,4052.4007,-12395.3973,-71.8868,-72.0019,1.9167,37.326,99.86,98.71
8246,4529,13071.8741,4118.2551,4061.7466,-12426.1427,-71.8898,-72.0424,1.7500,37.426,99.67,98.58
8268,4541,13107.5983,4129.5100,4072.2781,-12460.2846,-71.8924,-72.2955,1.8333,37.528,102.04,100.86
8291,4553,13142.1346,4140.3905,4087.9120,-12491.5070,-71.8700,-71.6206,1.9167,37.630,101.60,100.38
8312,4565,13176.3307,4151.1639,4092.2077,-12526.0813,-71.8990,-72.6016,1.7500,37.731,100.92,99.77
8335,4577,13212.2050,4162.4660,4110.2077,-12557.9377,-71.8677,-71.4461,1.9167,37.833,102.76,101.58
8356,4589,13247.0367,4173.4396,4115.3579,-12592.9016,-71.8936,-72.1396,1.7500,37.935,102.11,100.92
8379,4601,13282.2826,4184.5437,4127.6438,-12625.9664,-71.8876,-71.9070,1.9167,38.035,99.77,98.53
8401,4613,13316.8192,4195.4244,4143.2778,-12657.1889,-71.8654,-71.6227,1.8333,38.138,103.18,101.99
8420,4625,13348.3957,4205.3724,4144.3452,-12690.0629,-71.9050,-72.1544,1.5833,38.237,99.07,97.99
8441,4637,13381.3788,4215.7637,4158.6175,-12720.0978,-71.8868,-71.8884,1.7500,38.339,101.66,100.59
8462,4649,13414.6705,4226.2521,4167.7351,-12752.1429,-71.8923,-71.9489,1.7500,38.440,101.16,100.05
8485,4661,13451.4590,4237.8422,4180.9393,-12786.5304,-71.8844,-72.2356,1.9167,38.543,102.39,101.16
8508,4673,13487.3813,4249.1595,4189.1909,-12821.6264,-71.8975,-71.9220,1.9167,38.644,101.39,100.16
8530,4685,13521.7371,4259.9832,4200.9812,-12853.9170,-71.8925,-72.4479,1.8333,38.744,99.69,98.48
8552,4697,13557.4614,4271.2380,4211.5127,-12888.0589,-71.8950,-71.9801,1.8333,38.846,102.39,101.21
8575,4709,13591.9973,4282.1184,4227.1467,-12919.2813,-71.8733,-71.6532,1.9167,38.947,101.06,99.85
8595,4721,13625.0857,4292.5428,4233.1744,-12952.1235,-71.8922,-71.8350,1.6667,39.048,101.09,99.98
8617,4733,13658.0631,4302.9323,4247.9047,-12982.0017,-71.8724,-71.4813,1.8333,39.162,113.71,112.51
8638,4745,13693.8020,4314.1917,4253.1187,-13017.8985,-71.8984,-72.1287,1.7500,39.268,105.91,104.75
8661,4757,13729.6997,4325.5011,4266.2445,-13051.3747,-71.8897,-71.8884,1.9167,39.370,101.99,100.80
8682,4769,13762.9915,4335.9896,4275.3621,-13083.4198,-71.8951,-71.9489,1.7500,39.471,101.27,100.13
8705,4781,13799.7798,4347.5797,4288.5663,-13117.8073,-71.8874,-72.2356,1.9167,39.573,102.28,101.09
8728,4793,13835.7023,4358.8970,4296.8178,-13152.9032,-71.9001,-71.9220,1.9167,39.675,101.90,100.66
8750,4805,13870.0581,4369.7206,4308.6082,-13185.1938,-71.8952,-72.4479,1.8333,39.774,98.76,97.57
8772,4817,13905.7824,4380.9755,4319.1396,-13219.3358,-71.8977,-71.9801,1.8333,39.876,101.77,100.62
8795,4829,13940.3181,4391.8558,4334.7736,-13250.5582,-71.8765,-71.6532,1.9167,39.977,101.50,100.25
8816,4841,13974.5149,4402.6294,4339.0693,-13285.1325,-71.9039,-72.6826,1.7500,40.079,101.65,100.49
8839,4853,14010.3884,4413.9313,4357.0693,-13316.9889,-71.8743,-71.2573,1.9167,40.181,101.78,100.56
8860,4865,14045.2208,4424.9051,4362.2195,-13351.9527,-71.8988,-72.1396,1.7500,40.282,101.40,100.29
8883,4877,14080.4665,4436.0092,4374.5054,-13385.0176,-71.8930,-71.9070,1.9167,40.383,100.31,99.10
8904,4889,14115.7286,4447.1184,4383.1944,-13419.2756,-71.9027,-72.2737,1.7500,40.481,98.68,97.56
8926,4901,14150.1154,4457.9519,4394.5249,-13451.7492,-71.9000,-71.9511,1.8333,40.583,101.65,100.49
8949,4913,14186.2517,4469.3365,4406.8892,-13485.7254,-71.8951,-71.9491,1.9167,40.683,99.97,98.75
8970,4925,14218.3791,4479.4581,4416.2351,-13516.4707,-71.8978,-71.9556,1.7500,40.782,99.20,98.09
8990,4937,14251.6575,4489.9424,4426.1326,-13548.2466,-71.8997,-72.4442,1.6667,40.882,100.33,99.25
9013,4949,14284.3959,4500.2565,4441.6244,-13577.6247,-71.8773,-71.5692,1.9167,40.982,99.51,98.33
9032,4961,14317.4685,4510.6760,4447.6668,-13610.4452,-71.8951,-72.3662,1.5833,41.081,99.65,98.60
9054,4973,14352.9350,4521.8496,4458.4903,-13644.2205,-71.8960,-71.8456,1.8333,41.182,100.18,99.02
9077,4985,14388.4201,4533.0291,4471.7353,-13677.2235,-71.8867,-71.8229,1.9167,41.281,98.99,97.81
9099,4997,14423.2697,4544.0083,4480.0359,-13711.1747,-71.8973,-71.9419,1.8333,41.381,100.10,99.00
9121,5009,14456.2467,4554.3976,4494.7663,-13741.0528,-71.8786,-71.6933,1.8333,41.481,100.73,99.56
9142,5021,14491.9861,4565.6572,4499.9803,-13776.9497,-71.9031,-71.9670,1.7500,41.584,102.46,101.33
9165,5033,14527.8837,4576.9666,4513.1060,-13810.4259,-71.8949,-71.8884,1.9167,41.686,102.21,100.97
9186,5045,14561.1756,4587.4552,4522.2236,-13842.4709,-71.9000,-71.9489,1.7500,41.788,101.59,100.44
9209,5057,14597.9638,4599.0452,4535.4278,-13876.8584,-71.8927,-72.2356,1.9167,41.890,102.54,101.33
9232,5069,14633.8865,4610.3625,4543.6794,-13911.9544,-71.9047,-71.9220,1.9167,41.994,103.29,102.10
9254,5081,14668.2422,4621.1862,4555.4697,-13944.2450,-71.9001,-72.4479,1.8333,42.095,101.18,100.00
9276,5093,14703.9665,4632.4410,4566.0012,-13978.3870,-71.9024,-71.9801,1.8333,42.200,105.12,103.96
9299,5105,14738.5018,4643.3212,4581.6352,-14009.6094,-71.8823,-71.6532,1.9167,42.305,105.41,104.16
9320,5117,14772.6991,4654.0950,4585.9308,-14044.1836,-71.9082,-72.0256,1.7500,42.413,107.39,106.18
9343,5129,14808.5721,4665.3967,4603.9308,-14076.0401,-71.8803,-71.4570,1.9167,42.521,108.59,107.35
9364,5141,14843.4050,4676.3707,4609.0811,-14111.0039,-71.9034,-72.0807,1.7500,42.630,108.62,107.41
9387,5153,14878.6506,4687.4747,4621.3670,-14144.0688,-71.8979,-71.8999,1.9167,42.737,107.17,105.89
9408,5165,14913.9129,4698.5840,4630.0560,-14178.3268,-71.9071,-72.0660,1.7500,42.842,104.67,103.50
9430,5177,14948.2996,4709.4174,4641.3865,-14210.8004,-71.9045,-72.4899,1.8333,42.948,106.58,105.34
9453,5189,14984.4358,4720.8020,4653.7508,-14244.7766,-71.8999,-72.0019,1.9167,43.051,103.13,101.84
9474,5201,15016.5633,4730.9237,4663.0967,-14275.5219,-71.9024,-72.0424,1.7500,43.153,101.13,99.98
9494,5213,15049.8417,4741.4080,4672.9942,-14307.2978,-71.9042,-72.2854,1.6667,43.255,102.37,101.29
9517,5225,15082.5796,4751.7220,4688.4860,-14336.6759,-71.8829,-71.5692,1.9167,43.358,102.61,101.37
9536,5237,15115.6526,4762.1415,4694.5284,-14369.4964,-71.8998,-72.3662,1.5833,43.461,103.08,102.00
9558,5249,15151.1191,4773.3151,4705.3518,-14403.2716,-71.9006,-71.8456,1.8333,43.564,103.46,102.27
9581,5261,15186.6041,4784.4945,4718.5969,-14436.2747,-71.8918,-71.8229,1.9167,43.667,102.85,101.67
9603,5273,15221.4539,4795.4739,4726.8975,-14470.2259,-71.9018,-71.9419,1.8333,43.770,102.89,101.73
9625,5285,15254.4305,4805.8630,4741.6279,-14500.1040,-71.8841,-71.6933,1.8333,43.873,103.04,101.84
9646,5297,15290.1704,4817.1228,4746.8418,-14536.0009,-71.9073,-71.9670,1.7500,43.975,102.56,101.42
9669,5309,15326.0678,4828.4322,4759.9676,-14569.4771,-71.8996,-71.8884,1.9167,44.077,101.54,100.37
9690,5321,15359.3598,4838.9207,4769.0852,-14601.5221,-71.9044,-71.9489,1.7500,44.179,101.66,100.56
9713,5333,15396.1478,4850.5107,4782.2894,-14635.9096,-71.8974,-72.2356,1.9167,44.281,101.97,100.81
9736,5345,15432.0708,4861.8281,4790.5410,-14671.0056,-71.9088,-71.9220,1.9167,44.383,102.88,101.71
9758,5357,15466.4264,4872.6517,4802.3313,-14703.2962,-71.9044,-72.4479,1.8333,44.485,101.19,100.02
9780,5369,15502.1508,4883.9066,4812.8628,-14737.4381,-71.9066,-71.9801,1.8333,44.589,104.72,103.57
9803,5381,15536.6856,4894.7867,4828.4967,-14768.6606,-71.8876,-71.6532,1.9167,44.694,104.96,103.75
9824,5393,15570.8835,4905.5606,4832.7924,-14803.2348,-71.9121,-72.0256,1.7500,44.800,105.80,104.48
9847,5405,15606.7558,4916.8621,4850.7924,-14835.0912,-71.8856,-71.4570,1.9167,44.907,107.21,105.94
9868,5417,15641.5892,4927.8363,4855.9426,-14870.0551,-71.9075,-72.0807,1.7500,45.016,108.22,107.00
9891,5429,15676.8347,4938.9403,4868.2285,-14903.1200,-71.9023,-71.8999,1.9167,45.122,106.69,105.41
9912,5441,15712.0972,4950.0496,4876.9175,-14937.3779,-71.9110,-72.0660,1.7500,45.227,105.11,103.91
9934,5453,15746.4839,4960.8830,4888.2480,-14969.8516,-71.9085,-72.4899,1.8333,45.336,108.26,107.04
9957,5465,15782.6200,4972.2676,4900.6124,-15003.8277,-71.9041,-72.0019,1.9167,45.442,106.58,105.31
9978,5477,15814.7475,4982.3893,4909.9582,-15034.5731,-71.9066,-72.0424,1.7500,45.548,105.61,104.45
10000,5489,15850.4719,4993.6441,4920.4897,-15068.7150,-71.9087,-72.2955,1.8333,45.656,108.32,107.12
10023,5501,15885.0065,5004.5242,4936.1237,-15099.9374,-71.8901,-71.6206,1.9167,45.764,108.19,106.89
10044,5513,15919.2047,5015.2982,4940.4193,-15134.5117,-71.9141,-72.6016,1.7500,45.873,108.64,107.45
10067,5525,15955.0767,5026.5996,4958.4193,-15166.3681,-71.8881,-71.4461,1.9167,45.981,108.08,106.84
10088,5537,15989.9104,5037.5738,4963.5695,-15201.3320,-71.9095,-72.1396,1.7500,46.089,108.38,107.20
10111,5549,16025.1558,5048.6778,4975.8554,-15234.3969,-71.9045,-71.9070,1.9167,46.196,106.20,104.94
10132,5561,16060.4184,5059.7871,4984.5445,-15268.6548,-71.9130,-72.2737,1.7500,46.300,104.62,103.48
10154,5573,16093.7229,5070.2797,4992.7328,-15301.0162,-71.9210,-72.2068,1.8333,46.406,106.04,104.82
10175,5585,16126.6979,5080.6683,5007.4631,-15330.8943,-71.9042,-71.8999,1.7500,46.513,106.92,105.76
10196,5597,16160.3770,5091.2788,5018.1706,-15362.8271,-71.9033,-71.8256,1.7500,46.619,105.39,104.19
10218,5609,16196.3471,5102.6111,5027.4826,-15397.6259,-71.9102,-72.4442,1.8333,46.723,104.12,102.93
10241,5621,16229.0844,5112.9249,5042.9745,-15427.0040,-71.8905,-71.3785,1.9167,46.825,101.97,100.74
10260,5633,16262.1579,5123.3446,5049.0169,-15459.8245,-71.9062,-72.3960,1.5833,46.926,100.84,99.79
10282,5645,16297.6244,5134.5182,5059.8403,-15493.5997,-71.9069,-71.8924,1.8333,47.026,100.57,99.40
10305,5657,16330.6265,5144.9154,5074.5821,-15523.5014,-71.8903,-71.6016,1.9167,47.126,100.23,99.05
10324,5669,16363.7000,5155.3351,5080.6245,-15556.3219,-71.9059,-71.7826,1.5833,47.226,99.85,98.79
10346,5682,16399.2176,5166.5248,5088.5374,-15591.1016,-71.9174,-72.1308,1.6923,47.325,99.02,97.86
10369,5694,16434.6512,5177.6881,5104.6931,-15623.1001,-71.8984,-71.7604,1.9167,47.425,99.30,98.17
10391,5706,16469.5013,5188.6675,5112.9937,-15657.0514,-71.9077,-71.9351,1.8333,47.526,101.06,99.92
10413,5718,16502.4773,5199.0565,5127.7240,-15686.9295,-71.8913,-71.4681,1.8333,47.627,101.50,100.28
10434,5730,16537.3273,5210.0359,5132.8596,-15721.9151,-71.9121,-72.4475,1.7500,47.730,102.82,101.71
10457,5742,16574.1151,5221.6258,5146.0638,-15756.3026,-71.9056,-71.6994,1.9167,47.832,102.03,100.85
10478,5754,16607.4073,5232.1144,5155.1814,-15788.3476,-71.9100,-72.4453,1.7500,47.934,102.12,100.97
10499,5766,16640.3899,5242.5054,5169.4538,-15818.3826,-71.8954,-71.5483,1.7500,48.033,99.26,98.16
10520,5778,16673.9330,5253.0731,5173.7156,-15852.2783,-71.9177,-72.2437,1.7500,48.135,101.68,100.59
10542,5790,16708.9493,5264.1049,5186.7891,-15884.8450,-71.9097,-71.8292,1.8333,48.236,101.35,100.19
10565,5802,16741.2858,5274.2924,5201.4709,-15914.0663,-71.8930,-71.1967,1.9167,48.336,99.18,97.99
10584,5814,16774.5845,5284.7831,5205.2448,-15947.8644,-71.9166,-72.2257,1.5833,48.437,101.54,100.50
10607,5826,16810.4561,5296.0843,5223.2448,-15979.7208,-71.8920,-71.6116,1.9167,48.537,100.21,99.03
10626,5838,16841.1365,5305.7501,5223.7905,-16011.8186,-71.9242,-72.2751,1.5833,48.638,101.10,100.04
10647,5850,16874.1111,5316.1386,5238.5209,-16041.6967,-71.9081,-72.3531,1.7500,48.740,101.61,100.53
10668,5862,16907.7903,5326.7491,5249.2283,-16073.6295,-71.9073,-71.9347,1.7500,48.840,100.32,99.20
10690,5874,16943.7605,5338.0815,5258.5404,-16108.4283,-71.9139,-72.0902,1.8333,48.942,101.74,100.61
10713,5886,16979.8964,5349.4660,5270.9047,-16142.4045,-71.9098,-72.4004,1.9167,49.042,100.25,99.06
10734,5898,17012.0240,5359.5877,5280.2506,-16173.1498,-71.9120,-72.0667,1.7500,49.142,99.36,98.27
10756,5910,17047.7485,5370.8426,5290.7820,-16207.2918,-71.9140,-71.8292,1.8333,49.243,101.57,100.44
10779,5922,17082.2825,5381.7224,5306.4160,-16238.5142,-71.8967,-71.8517,1.9167,49.345,101.77,100.56
10800,5934,17116.4813,5392.4967,5310.7117,-16273.0885,-71.9190,-72.2059,1.7500,49.448,102.95,101.81
10823,5946,17152.3527,5403.7978,5328.7117,-16304.9449,-71.8948,-71.9847,1.9167,49.554,105.59,104.36
10844,5958,17187.1869,5414.7722,5333.8619,-16339.9087,-71.9147,-71.9829,1.7500,49.659,104.99,103.83
10867,5970,17222.4323,5425.8762,5346.1478,-16372.9736,-71.9100,-72.0239,1.9167,49.763,104.02,102.75
10888,5982,17257.6950,5436.9856,5354.8368,-16407.2316,-71.9179,-72.1200,1.7500,49.866,103.91,102.76
10910,5994,17292.0816,5447.8190,5366.1673,-16439.7052,-71.9156,-72.4320,1.8333,49.973,106.81,105.58
10933,6006,17328.2176,5459.2035,5378.5316,-16473.6814,-71.9116,-71.7576,1.9167,50.079,106.06,104.83
10954,6018,17360.3452,5469.3252,5387.8775,-16504.4267,-71.9138,-72.0189,1.7500,50.187,107.60,106.41
10974,6030,17393.6237,5479.8095,5397.7750,-16536.2026,-71.9153,-72.4878,1.6667,50.293,106.50,105.35
10997,6042,17426.3604,5490.1231,5413.2668,-16565.5807,-71.8969,-71.3886,1.9167,50.400,106.56,105.33
11016,6054,17459.4344,5500.5430,5419.3092,-16598.4012,-71.9115,-72.4162,1.5833,50.507,106.82,105.72
11038,6066,17494.9009,5511.7166,5430.1327,-16632.1765,-71.9122,-71.6019,1.8333,50.613,106.53,105.32
11061,6078,17530.3854,5522.8959,5443.3777,-16665.1795,-71.9045,-71.8111,1.9167,50.719,105.62,104.39
11083,6090,17565.2358,5533.8754,5451.6783,-16699.1307,-71.9132,-72.0653,1.8333,50.826,107.03,105.80
11105,6102,17598.2113,5544.2642,5466.4087,-16729.0088,-71.8978,-71.4813,1.8333,50.933,106.80,105.54
11126,6114,17633.9526,5555.5244,5471.6227,-16764.9057,-71.9179,-72.1287,1.7500,51.042,108.80,107.61
11149,6126,17669.8495,5566.8337,5484.7484,-16798.3819,-71.9111,-71.8884,1.9167,51.150,108.19,106.92
11170,6138,17703.1418,5577.3223,5493.8660,-16830.4269,-71.9153,-71.9489,1.7500,51.258,108.21,107.00
11193,6150,17739.9295,5588.9121,5507.0702,-16864.8144,-71.9092,-72.2356,1.9167,51.366,108.21,106.92
11216,6162,17775.8531,5600.2298,5515.3218,-16899.9104,-71.9191,-71.9220,1.9167,51.477,110.61,109.23
11238,6174,17810.2084,5611.0533,5527.1121,-16932.2010,-71.9153,-72.4479,1.8333,51.583,106.01,104.76
11260,6186,17845.9329,5622.3082,5537.6436,-16966.3430,-71.9171,-71.9801,1.8333,51.691,108.67,107.46
11283,6198,17880.4666,5633.1880,5553.2776,-16997.5654,-71.9006,-71.6532,1.9167,51.799,107.67,106.42
11304,6210,17914.6659,5643.9623,5557.5732,-17032.1396,-71.9219,-72.0256,1.7500,51.907,108.33,107.12
11327,6222,17950.5368,5655.2633,5575.5732,-17063.9961,-71.8988,-71.4570,1.9167,52.016,108.13,106.86
11348,6234,17985.3714,5666.2379,5580.7235,-17098.9599,-71.9178,-72.0807,1.7500,52.124,108.39,107.17
11371,6246,18020.6166,5677.3418,5593.0093,-17132.0248,-71.9133,-71.8999,1.9167,52.231,106.94,105.65
11392,6258,18055.8795,5688.4513,5601.6984,-17166.2828,-71.9209,-72.0660,1.7500,52.336,105.32,104.09
11414,6270,18090.2661,5699.2847,5613.0289,-17198.7564,-71.9187,-72.4899,1.8333,52.445,108.27,107.08
11437,6282,18126.4020,5710.6691,5625.3932,-17232.7326,-71.9148,-72.0019,1.9167,52.551,106.65,105.36
11458,6294,18158.5296,5720.7909,5634.7391,-17263.4779,-71.9169,-72.0424,1.7500,52.657,105.58,104.42
11478,6306,18191.8082,5731.2752,5644.6366,-17295.2538,-71.9184,-72.2854,1.6667,52.764,107.05,105.91
11501,6318,18224.5445,5741.5887,5660.1284,-17324.6319,-71.9007,-71.5692,1.9167,52.871,107.52,106.24
11520,6330,18257.6188,5752.0086,5666.1708,-17357.4524,-71.9147,-72.3662,1.5833,52.978,106.54,105.40
11542,6342,18293.0853,5763.1822,5676.9942,-17391.2276,-71.9153,-71.8456,1.8333,53.085,106.64,105.41
11565,6354,18328.5696,5774.3615,5690.2393,-17424.2307,-71.9080,-71.8229,1.9167,53.190,105.71,104.49
11587,6366,18363.4202,5785.3410,5698.5399,-17458.1819,-71.9163,-71.9419,1.8333,53.296,105.63,104.42
11609,6378,18396.3954,5795.7298,5713.2703,-17488.0600,-71.9015,-71.6933,1.8333,53.403,106.91,105.64
11630,6390,18432.1371,5806.9901,5718.4842,-17523.9569,-71.9208,-71.9670,1.7500,53.511,108.07,106.85
11653,6402,18468.0339,5818.2993,5731.6100,-17557.4331,-71.9143,-71.8884,1.9167,53.619,108.48,107.17
11674,6414,18501.3262,5828.7879,5740.7276,-17589.4781,-71.9183,-71.9489,1.7500,53.727,108.11,106.89
11697,6426,18538.1138,5840.3778,5753.9318,-17623.8656,-71.9125,-72.2356,1.9167,53.836,108.46,107.17
11720,6438,18574.0376,5851.6954,5762.1834,-17658.9616,-71.9219,-71.9220,1.9167,53.944,108.49,107.19
11742,6450,18608.3929,5862.5190,5773.9737,-17691.2522,-71.9182,-72.4479,1.8333,54.051,106.50,105.26
11764,6462,18644.1174,5873.7739,5784.5052,-17725.3941,-71.9200,-71.9801,1.8333,54.159,108.62,107.41
11787,6474,18678.6508,5884.6535,5800.1391,-17756.6166,-71.9042,-71.6532,1.9167,54.267,107.81,106.52
11808,6486,18712.8504,5895.4280,5804.4348,-17791.1908,-71.9245,-72.0256,1.7500,54.376,108.97,107.75
11831,6498,18748.7209,5906.7289,5822.4348,-17823.0472,-71.9024,-71.4570,1.9167,54.485,108.59,107.30
11852,6510,18783.5559,5917.7035,5827.5850,-17858.0111,-71.9206,-72.0807,1.7500,54.593,108.60,107.36
11875,6522,18818.8011,5928.8074,5839.8709,-17891.0760,-71.9163,-71.8999,1.9167,54.701,107.15,105.83
11896,6534,18854.0641,5939.9169,5848.5599,-17925.3339,-71.9235,-72.0660,1.7500,54.806,105.86,104.64
11918,6546,18888.4506,5950.7503,5859.8904,-17957.8076,-71.9214,-72.4899,1.8333,54.915,108.27,107.06
11941,6558,18924.5864,5962.1348,5872.2547,-17991.7837,-71.9178,-72.0019,1.9167,55.022,106.78,105.50
11962,6570,18956.7141,5972.2565,5881.6006,-18022.5291,-71.9198,-72.0424,1.7500,55.128,106.04,104.82
11984,6582,18992.4386,5983.5114,5892.1321,-18056.6710,-71.9215,-72.2955,1.8333,55.236,108.49,107.23
12007,6594,19026.9719,5994.3910,5907.7661,-18087.8934,-71.9059,-71.6206,1.9167,55.345,109.31,107.96
12028,6606,19061.1717,6005.1656,5912.0617,-18122.4677,-71.9259,-72.6016,1.7500,55.454,108.44,107.24
12051,6618,19097.0420,6016.4664,5930.0617,-18154.3241,-71.9043,-71.4461,1.9167,55.565,111.02,109.70
12072,6630,19131.8771,6027.4411,5935.2119,-18189.2880,-71.9221,-72.1396,1.7500,55.673,108.69,107.42
12095,6642,19167.1223,6038.5450,5947.4978,-18222.3529,-71.9179,-71.9070,1.9167,55.780,106.48,105.19
12116,6654,19202.3854,6049.6545,5956.1869,-18256.6108,-71.9250,-72.2737,1.7500,55.887,107.30,106.07
12138,6666,19235.6904,6060.1472,5964.3752,-18288.9722,-71.9317,-72.2068,1.8333,55.994,106.97,105.74
12159,6678,19268.6643,6070.5355,5979.1055,-18318.8503,-71.9176,-71.8999,1.7500,56.102,107.90,106.71
12180,6690,19302.3434,6081.1460,5989.8130,-18350.7831,-71.9168,-71.8256,1.7500,56.209,106.95,105.71
12202,6702,19338.3139,6092.4784,5999.1250,-18385.5819,-71.9226,-72.4442,1.8333,56.316,106.93,105.71
12225,6714,19371.0498,6102.7918,6014.6169,-18414.9600,-71.9060,-71.3785,1.9167,56.424,108.04,106.75
12244,6726,19404.1244,6113.2118,6020.6593,-18447.7805,-71.9191,-72.3960,1.5833,56.531,106.62,105.42
12266,6738,19439.5910,6124.3855,6031.4827,-18481.5557,-71.9197,-71.8924,1.8333,56.638,106.86,105.61
12289,6750,19472.5919,6134.7823,6046.2245,-18511.4574,-71.9058,-71.6016,1.9167,56.744,106.75,105.43
12308,6762,19505.6665,6145.2023,6052.2669,-18544.2779,-71.9188,-71.7826,1.5833,56.850,106.15,104.99
12330,6775,19541.1848,6156.3923,6060.1798,-18579.0576,-71.9284,-72.1308,1.6923,56.956,105.35,104.06
12353,6787,19576.6172,6167.5552,6076.3355,-18611.0561,-71.9125,-71.7604,1.9167,57.061,105.05,103.81
12375,6799,19611.4679,6178.5348,6084.6361,-18645.0074,-71.9203,-71.9351,1.8333,57.168,107.08,105.80
12397,6811,19644.4428,6188.9234,6099.3664,-18674.8855,-71.9065,-71.4681,1.8333,57.274,105.98,104.70
12418,6823,19679.2942,6199.9033,6104.5020,-18709.8711,-71.9239,-72.4475,1.7500,57.383,108.65,107.40
12441,6835,19716.0816,6211.4930,6117.7062,-18744.2586,-71.9184,-71.6994,1.9167,57.490,107.82,106.49
12462,6847,19749.3740,6221.9817,6126.8238,-18776.3036,-71.9221,-72.4453,1.7500,57.599,108.56,107.29
12483,6859,19782.3557,6232.3725,6141.0962,-18806.3386,-71.9098,-71.5483,1.7500,57.704,105.28,104.01
12504,6871,19815.9003,6242.9406,6145.3580,-18840.2343,-71.9285,-72.2437,1.7500,57.813,108.58,107.35
12526,6883,19850.9161,6253.9722,6158.4315,-18872.8010,-71.9218,-71.8292,1.8333,57.921,108.18,106.89
12549,6895,19883.2514,6264.1593,6173.1133,-18902.0223,-71.9077,-71.1967,1.9167,58.027,105.86,104.56
12568,6907,19916.5516,6274.6505,6176.8872,-18935.8204,-71.9276,-72.2257,1.5833,58.136,108.98,107.82
12591,6919,19952.4217,6285.9512,6194.8872,-18967.6768,-71.9069,-71.6116,1.9167,58.244,107.74,106.44
12610,6931,19983.1040,6295.6176,6195.4329,-18999.7746,-71.9340,-72.2751,1.5833,58.350,106.53,105.41
12631,6943,20016.0778,6306.0059,6210.1633,-19029.6527,-71.9204,-72.3531,1.7500,58.458,107.73,106.52
12652,6955,20049.7569,6316.6164,6220.8707,-19061.5855,-71.9196,-71.9347,1.7500,58.564,106.46,105.22
12674,6967,20085.7275,6327.9488,6230.1828,-19096.3843,-71.9252,-72.0902,1.8333,58.673,108.27,107.02
12697,6979,20121.8632,6339.3333,6242.5471,-19130.3605,-71.9217,-72.4004,1.9167,58.778,105.71,104.42
12718,6991,20153.9909,6349.4550,6251.8930,-19161.1058,-71.9236,-72.0667,1.7500,58.884,105.81,104.63
12740,7003,20189.7155,6360.7100,6262.4244,-19195.2478,-71.9252,-71.8292,1.8333,58.993,108.70,107.43
12763,7015,20224.2484,6371.5894,6278.0584,-19226.4702,-71.9106,-71.8517,1.9167,59.101,107.98,106.65
12784,7027,20258.4486,6382.3641,6282.3541,-19261.0445,-71.9294,-72.2059,1.7500,59.209,108.51,107.25
12807,7039,20294.3184,6393.6648,6300.3541,-19292.9009,-71.9090,-71.9847,1.9167,59.317,108.14,106.83
12828,7051,20329.1540,6404.6396,6305.5043,-19327.8647,-71.9258,-71.9829,1.7500,59.426,108.38,107.12
12851,7063,20364.3990,6415.7435,6317.7902,-19360.9296,-71.9218,-72.0239,1.9167,59.533,106.86,105.56
12872,7075,20399.6623,6426.8531,6326.4792,-19395.1876,-71.9284,-72.1200,1.7500,59.638,105.71,104.49
12894,7087,20434.0488,6437.6864,6337.8097,-19427.6612,-71.9265,-72.4320,1.8333,59.747,108.23,106.99
12917,7099,20470.1844,6449.0709,6350.1740,-19461.6374,-71.9231,-71.7576,1.9167,59.853,106.48,105.18
12938,7111,20502.3122,6459.1926,6359.5199,-19492.3827,-71.9249,-72.0189,1.7500,59.959,105.60,104.39
12958,7123,20535.5908,6469.6769,6369.4174,-19524.1586,-71.9262,-72.4878,1.6667,60.065,106.00,104.83
12981,7135,20568.3263,6479.9902,6384.9092,-19553.5367,-71.9105,-71.3886,1.9167,60.172,106.99,105.69
13000,7147,20601.4012,6490.4103,6390.9516,-19586.3572,-71.9229,-72.4162,1.5833,60.278,106.56,105.32
13022,7159,20636.8678,6501.5840,6401.7751,-19620.1325,-71.9234,-71.6019,1.8333,60.385,106.41,105.14
13045,7171,20672.3518,6512.7631,6415.0201,-19653.1355,-71.9169,-71.8111,1.9167,60.490,105.61,104.30
13067,7183,20707.2027,6523.7428,6423.3207,-19687.0867,-71.9242,-72.0653,1.8333,60.597,106.46,105.21
13089,7195,20740.1773,6534.1313,6438.0511,-19716.9648,-71.9112,-71.4813,1.8333,60.703,106.01,104.73
13110,7207,20775.9198,6545.3919,6443.2651,-19752.8617,-71.9282,-72.1287,1.7500,60.811,108.41,107.14
13133,7219,20811.8164,6556.7010,6456.3908,-19786.3379,-71.9225,-71.8884,1.9167,60.920,108.59,107.30
13154,7231,20845.1089,6567.1897,6465.5084,-19818.3829,-71.9260,-71.9489,1.7500,61.028,108.35,107.11
13177,7243,20881.8962,6578.7794,6478.7126,-19852.7704,-71.9208,-72.2356,1.9167,61.137,108.80,107.53
13200,7255,20917.8204,6590.0972,6486.9642,-19887.8664,-71.9292,-71.9220,1.9167,61.245,108.55,107.26
13222,7267,20952.1755,6600.9207,6498.7545,-19920.1570,-71.9259,-72.4479,1.8333,61.352,106.15,104.89
13244,7279,20987.9001,6612.1756,6509.2860,-19954.2990,-71.9275,-71.9801,1.8333,61.460,108.46,107.23
13267,7291,21022.4328,6623.0551,6524.9200,-19985.5214,-71.9134,-71.6532,1.9167,61.568,108.04,106.76
13288,7303,21056.6333,6633.8298,6529.2156,-20020.0956,-71.9315,-72.0256,1.7500,61.676,108.20,106.93
13311,7315,21092.5028,6645.1304,6547.2156,-20051.9521,-71.9118,-71.4570,1.9167,61.785,109.06,107.70
13332,7327,21127.3386,6656.1053,6552.3658,-20086.9159,-71.9280,-72.0807,1.7500,61.894,108.68,107.39
13355,7339,21162.5836,6667.2092,6564.6517,-20119.9808,-71.9241,-71.8999,1.9167,62.000,106.27,104.93
13376,7351,21197.8469,6678.3188,6573.3408,-20154.2388,-71.9305,-72.0660,1.7500,62.106,105.88,104.64
13398,7363,21232.2334,6689.1521,6584.6713,-20186.7124,-71.9287,-72.4899,1.8333,62.215,108.50,107.26
13421,7375,21268.3690,6700.5365,6597.0356,-20220.6886,-71.9254,-72.0019,1.9167,62.321,106.46,105.13
13442,7387,21300.4968,6710.6583,6606.3815,-20251.4339,-71.9271,-72.0424,1.7500,62.426,105.05,103.82
13462,7399,21333.7754,6721.1426,6616.2789,-20283.2098,-71.9283,-72.2854,1.6667,62.533,106.94,105.79
13485,7411,21366.5107,6731.4558,6631.7708,-20312.5879,-71.9133,-71.5692,1.9167,62.640,106.68,105.38
13504,7423,21399.5858,6741.8760,6637.8132,-20345.4084,-71.9252,-72.3662,1.5833,62.746,106.55,105.40
13526,7435,21435.0524,6753.0496,6648.6366,-20379.1836,-71.9257,-71.8456,1.8333,62.853,106.87,105.61
13549,7447,21470.5363,6764.2287,6661.8817,-20412.1867,-71.9194,-71.8229,1.9167,62.959,105.83,104.54
13571,7459,21505.3873,6775.2085,6670.1823,-20446.1379,-71.9265,-71.9419,1.8333,63.066,106.52,105.30
13593,7471,21538.3616,6785.5969,6684.9127,-20476.0160,-71.9139,-71.6933,1.8333,63.172,106.74,105.43
13614,7483,21574.1044,6796.8576,6690.1266,-20511.9129,-71.9303,-71.9670,1.7500,63.280,108.16,106.91
13637,7495,21610.0009,6808.1667,6703.2524,-20545.3891,-71.9248,-71.8884,1.9167,63.388,108.03,106.70
13658,7507,21643.2935,6818.6554,6712.3700,-20577.4341,-71.9281,-71.9489,1.7500,63.496,107.62,106.36
13681,7519,21680.0807,6830.2451,6725.5742,-20611.8216,-71.9231,-72.2356,1.9167,63.605,109.06,107.73
13704,7531,21716.0050,6841.5629,6733.8258,-20646.9176,-71.9312,-71.9220,1.9167,63.713,108.26,106.95
13726,7543,21750.3601,6852.3864,6745.6161,-20679.2082,-71.9280,-72.4479,1.8333,63.820,106.34,105.07
13748,7555,21786.0847,6863.6413,6756.1476,-20713.3501,-71.9296,-71.9801,1.8333,63.928,108.40,107.12
13771,7567,21820.6172,6874.5207,6771.7815,-20744.5726,-71.9160,-71.6532,1.9167,64.037,108.58,107.24
13792,7579,21854.8180,6885.2956,6776.0772,-20779.1468,-71.9334,-72.0256,1.7500,64.145,108.72,107.43
13815,7591,21890.6872,6896.5960,6794.0772,-20811.0032,-71.9145,-71.4570,1.9167,64.254,108.65,107.34
13836,7603,21925.5233,6907.5710,6799.2274,-20845.9671,-71.9300,-72.0807,1.7500,64.363,108.73,107.47
13859,7615,21960.7682,6918.6748,6811.5133,-20879.0320,-71.9263,-71.8999,1.9167,64.469,106.64,105.23
13880,7627,21996.0316,6929.7845,6820.2023,-20913.2899,-71.9325,-72.0660,1.7500,64.575,105.56,104.33
13902,7639,22030.4180,6940.6178,6831.5328,-20945.7636,-71.9307,-72.4899,1.8333,64.684,108.75,107.47
13925,7651,22066.5536,6952.0022,6843.8971,-20979.7397,-71.9275,-72.0019,1.9167,64.791,106.87,105.51
13946,7663,22098.6814,6962.1240,6853.2430,-21010.4851,-71.9292,-72.0424,1.7500,64.897,106.21,104.84
13968,7675,22134.4060,6973.3789,6863.7745,-21044.6270,-71.9307,-72.2955,1.8333,65.005,108.58,107.27
13991,7687,22168.9384,6984.2583,6879.4085,-21075.8494,-71.9173,-71.6206,1.9167,65.114,108.44,107.09
14012,7699,22203.1393,6995.0332,6883.7041,-21110.4237,-71.9345,-72.6016,1.7500,65.222,108.56,107.27
14035,7711,22239.0084,7006.3336,6901.7041,-21142.2801,-71.9158,-71.4461,1.9167,65.331,108.35,107.04
14056,7723,22273.8446,7017.3086,6906.8543,-21177.2440,-71.9312,-72.1396,1.7500,65.439,108.57,107.29
14079,7735,22309.0895,7028.4124,6919.1402,-21210.3089,-71.9275,-71.9070,1.9167,65.546,106.36,105.05
14100,7747,22344.3529,7039.5221,6927.8293,-21244.5668,-71.9336,-72.2737,1.7500,65.651,105.03,103.81
14122,7759,22377.6583,7050.0148,6936.0176,-21276.9282,-71.9393,-72.2068,1.8333,65.757,106.56,105.30
14143,7771,22410.6315,7060.4030,6950.7479,-21306.8063,-71.9272,-71.8999,1.7500,65.864,107.20,105.95
14164,7783,22444.3106,7071.0134,6961.4554,-21338.7391,-71.9265,-71.8256,1.7500,65.971,106.69,105.44
14186,7795,22480.2814,7082.3459,6970.7674,-21373.5379,-71.9315,-72.4442,1.8333,66.078,106.95,105.72
14209,7807,22513.0163,7092.6590,6986.2592,-21402.9160,-71.9172,-71.3785,1.9167,66.185,106.76,105.44
14228,7819,22546.0917,7103.0793,6992.3016,-21435.7365,-71.9285,-72.3960,1.5833,66.291,106.28,105.07
14250,7831,22581.5583,7114.2529,7003.1251,-21469.5117,-71.9289,-71.8924,1.8333,66.398,106.51,105.23
14273,7843,22614.5584,7124.6495,7017.8669,-21499.4134,-71.9169,-71.6016,1.9167,66.504,106.66,105.34
14292,7855,22647.6338,7135.0698,7023.9093,-21532.2339,-71.9282,-71.7826,1.5833,66.611,106.48,105.27
14314,7868,22683.1526,7146.2599,7031.8222,-21567.0136,-71.9364,-72.1308,1.6923,66.716,105.62,104.33
14337,7880,22718.5841,7157.4225,7047.9779,-21599.0121,-71.9227,-71.7604,1.9167,66.820,104.04,102.73
14359,7892,22753.4353,7168.4023,7056.2785,-21632.9634,-71.9294,-71.9351,1.8333,66.928,107.48,106.19
14381,7904,22786.4093,7178.7906,7071.0088,-21662.8415,-71.9175,-71.4681,1.8333,67.034,105.65,104.37
14402,7916,22821.2618,7189.7708,7076.1444,-21697.8271,-71.9325,-72.4475,1.7500,67.142,108.67,107.45
14425,7928,22858.0489,7201.3605,7089.3486,-21732.2145,-71.9277,-71.6994,1.9167,67.251,108.43,107.09
14446,7940,22891.3415,7211.8492,7098.4662,-21764.2596,-71.9309,-72.4453,1.7500,67.359,108.29,107.04
14467,7952,22924.3224,7222.2397,7112.7386,-21794.2946,-71.9203,-71.5483,1.7500,67.464,104.85,103.62
14488,7964,22957.8680,7232.8082,7117.0004,-21828.1903,-71.9364,-72.2437,1.7500,67.572,108.31,107.07
14510,7976,22992.8835,7243.8397,7130.0739,-21860.7570,-71.9306,-71.8292,1.8333,67.680,108.05,106.75
14533,7988,23025.2180,7254.0266,7144.7557,-21889.9783,-71.9184,-71.1967,1.9167,67.786,105.56,104.24
14552,8000,23058.5193,7264.5181,7148.5296,-21923.7764,-71.9356,-72.2257,1.5833,67.894,108.53,107.35
14575,8012,23094.3882,7275.8185,7166.5296,-21955.6328,-71.9177,-71.6116,1.9167,68.001,107.20,105.85
14594,8024,23125.0720,7285.4853,7167.0753,-21987.7306,-71.9410,-72.2751,1.5833,68.108,106.74,105.58
14615,8036,23158.0451,7295.8734,7181.8056,-22017.6087,-71.9293,-72.3531,1.7500,68.216,108.05,106.81
14636,8048,23191.7242,7306.4839,7192.5131,-22049.5415,-71.9286,-71.9347,1.7500,68.323,107.21,105.95
14658,8060,23227.6951,7317.8164,7201.8252,-22084.3403,-71.9334,-72.0902,1.8333,68.432,108.78,107.53
14681,8072,23263.8306,7329.2008,7214.1895,-22118.3165,-71.9304,-72.4004,1.9167,68.539,107.08,105.78
14702,8084,23295.9584,7339.3226,7223.5354,-22149.0618,-71.9320,-72.0667,1.7500,68.646,106.29,105.03
14724,8096,23331.6831,7350.5775,7234.0668,-22183.2038,-71.9334,-71.8292,1.8333,68.755,109.18,107.89
14747,8108,23366.2152,7361.4567,7249.7008,-22214.4262,-71.9207,-71.8517,1.9167,68.863,107.71,106.36
14768,8120,23400.4164,7372.2318,7253.9965,-22249.0005,-71.9370,-72.2059,1.7500,68.972,109.46,108.14
14791,8132,23436.2851,7383.5321,7271.9965,-22280.8569,-71.9193,-71.9847,1.9167,69.081,109.29,107.91
14812,8144,23471.1216,7394.5072,7277.1467,-22315.8207,-71.9339,-71.9829,1.7500,69.190,108.75,107.51
14835,8156,23506.3664,7405.6110,7289.4326,-22348.8856,-71.9304,-72.0239,1.9167,69.298,107.76,106.41
14856,8168,23541.6300,7416.7207,7298.1216,-22383.1436,-71.9361,-72.1200,1.7500,69.404,105.76,104.51
14878,8180,23576.0164,7427.5540,7309.4521,-22415.6172,-71.9344,-72.4320,1.8333,69.512,108.18,106.93
14901,8192,23612.1519,7438.9384,7321.8164,-22449.5934,-71.9315,-71.7576,1.9167,69.618,106.78,105.44
14922,8204,23644.2797,7449.0602,7331.1623,-22480.3387,-71.9331,-72.0189,1.7500,69.724,105.47,104.23
14942,8216,23677.5584,7459.5445,7341.0598,-22512.1146,-71.9341,-72.4878,1.6667,69.831,106.95,105.75
14965,8228,23710.2930,7469.8575,7356.5516,-22541.4927,-71.9206,-71.3886,1.9167,69.938,106.82,105.52
14984,8240,23743.3687,7480.2779,7362.5940,-22574.3132,-71.9313,-72.4162,1.5833,70.044,106.73,105.57
15006,8252,23778.8353,7491.4515,7373.4175,-22608.0885,-71.9317,-71.6019,1.8333,70.151,106.71,105.45
15029,8264,23814.3189,7502.6305,7386.6625,-22641.0915,-71.9261,-71.8111,1.9167,70.257,105.43,104.19
15051,8276,23849.1703,7513.6103,7394.9631,-22675.0427,-71.9324,-72.0653,1.8333,70.363,106.46,105.26
15073,8288,23882.1440,7523.9986,7409.6935,-22704.9208,-71.9210,-71.4813,1.8333,70.470,106.72,105.47
15094,8300,23917.8875,7535.2595,7414.9075,-22740.8177,-71.9359,-72.1287,1.7500,70.578,108.44,107.25
15117,8312,23953.7838,7546.5685,7428.0332,-22774.2939,-71.9308,-71.8884,1.9167,70.687,108.55,107.27
15138,8324,23987.0765,7557.0573,7437.1508,-22806.3389,-71.9339,-71.9489,1.7500,70.795,108.43,107.19
15161,8336,24023.8635,7568.6469,7450.3550,-22840.7264,-71.9294,-72.2356,1.9167,70.904,108.54,107.22
15184,8348,24059.7881,7579.9649,7458.6066,-22875.8224,-71.9366,-71.9220,1.9167,71.012,108.55,107.21
15206,8360,24094.1431,7590.7883,7470.3969,-22908.1130,-71.9338,-72.4479,1.8333,71.118,105.70,104.40
15228,8372,24129.8678,7602.0432,7480.9284,-22942.2550,-71.9351,-71.9801,1.8333,71.227,109.12,107.85
15251,8384,24164.3997,7612.9224,7496.5624,-22973.4774,-71.9228,-71.6532,1.9167,71.335,107.86,106.50
15272,8396,24198.6012,7623.6975,7500.8580,-23008.0516,-71.9386,-72.0256,1.7500,71.443,108.44,107.18
15295,8408,24234.4696,7634.9977,7518.8580,-23039.9081,-71.9215,-71.4570,1.9167,71.552,108.43,107.09
15316,8420,24269.3063,7645.9729,7524.0082,-23074.8719,-71.9355,-72.0807,1.7500,71.661,108.66,107.40
15339,8432,24304.5511,7657.0767,7536.2941,-23107.9368,-71.9322,-71.8999,1.9167,71.767,106.81,105.35
15360,8444,24339.8148,7668.1864,7544.9832,-23142.1948,-71.9377,-72.0660,1.7500,71.873,105.77,104.58
15382,8456,24374.2011,7679.0197,7556.3137,-23174.6684,-71.9361,-72.4899,1.8333,71.981,108.07,106.80
15405,8468,24410.3366,7690.4041,7568.6780,-23208.6446,-71.9332,-72.0019,1.9167,72.088,107.26,105.92
15426,8480,24442.4645,7700.5259,7578.0239,-23239.3899,-71.9347,-72.0424,1.7500,72.194,105.62,104.41
15446,8492,24475.7432,7711.0102,7587.9213,-23271.1658,-71.9358,-72.2854,1.6667,72.301,106.53,105.36
15469,8504,24508.4776,7721.3231,7603.4132,-23300.5439,-71.9226,-71.5692,1.9167,72.407,106.64,105.34
15488,8516,24541.5534,7731.7436,7609.4556,-23333.3644,-71.9330,-72.3662,1.5833,72.514,106.32,105.10
15510,8528,24577.0200,7742.9172,7620.2790,-23367.1396,-71.9334,-71.8456,1.8333,72.620,106.70,105.41
15533,8540,24612.5035,7754.0962,7633.5241,-23400.1427,-71.9279,-71.8229,1.9167,72.726,105.66,104.39
15555,8552,24647.3550,7765.0760,7641.8247,-23434.0939,-71.9341,-71.9419,1.8333,72.832,106.28,105.02
15577,8564,24680.3286,7775.4643,7656.5551,-23463.9720,-71.9231,-71.6933,1.8333,72.939,106.93,105.65
15598,8576,24716.0723,7786.7252,7661.7690,-23499.8689,-71.9374,-71.9670,1.7500,73.047,108.06,106.82
15621,8588,24751.9685,7798.0342,7674.8948,-23533.3451,-71.9326,-71.8884,1.9167,73.156,108.32,107.01
15642,8600,24785.2612,7808.5230,7684.0124,-23565.3901,-71.9355,-71.9489,1.7500,73.263,107.79,106.53
15665,8612,24822.0482,7820.1126,7697.2166,-23599.7776,-71.9311,-72.2356,1.9167,73.372,108.69,107.40
15688,8624,24857.9729,7831.4306,7705.4682,-23634.8736,-71.9381,-71.9220,1.9167,73.480,108.06,106.70
15710,8636,24892.3278,7842.2540,7717.2585,-23667.1642,-71.9354,-72.4479,1.8333,73.585,105.20,103.89
15732,8648,24928.0525,7853.5090,7727.7899,-23701.3061,-71.9367,-71.9801,1.8333,73.694,108.42,107.14
15755,8660,24962.5843,7864.3881,7743.4239,-23732.5286,-71.9248,-71.6532,1.9167,73.801,107.26,105.95
15776,8672,24996.7860,7875.1632,7747.7196,-23767.1028,-71.9400,-72.0256,1.7500,73.910,108.67,107.43
15799,8684,25032.6542,7886.4634,7765.7196,-23798.9592,-71.9235,-71.4570,1.9167,74.018,108.19,106.91
15820,8696,25067.4911,7897.4387,7770.8698,-23833.9231,-71.9371,-72.0807,1.7500,74.126,108.48,107.21
15843,8708,25102.7358,7908.5424,7783.1557,-23866.9880,-71.9338,-71.8999,1.9167,74.233,107.03,105.71
15864,8720,25137.9995,7919.6522,7791.8447,-23901.2459,-71.9392,-72.0660,1.7500,74.339,105.61,104.33
15886,8732,25172.3859,7930.4855,7803.1752,-23933.7196,-71.9376,-72.4899,1.8333,74.447,108.06,106.76
15909,8744,25208.5213,7941.8698,7815.5395,-23967.6957,-71.9348,-72.0019,1.9167,74.555,107.84,106.51
15930,8756,25240.6492,7951.9916,7824.8854,-23998.4411,-71.9363,-72.0424,1.7500,74.661,105.88,104.63
15952,8768,25276.3739,7963.2466,7835.4169,-24032.5830,-71.9376,-72.2955,1.8333,74.769,108.40,107.18
15975,8780,25310.9055,7974.1257,7851.0509,-24063.8054,-71.9259,-71.6206,1.9167,74.878,108.39,107.05
15996,8792,25345.1074,7984.9009,7855.3465,-24098.3797,-71.9409,-72.6016,1.7500,74.987,109.07,107.81
16019,8804,25380.9754,7996.2010,7873.3465,-24130.2361,-71.9245,-71.4461,1.9167,75.095,108.81,107.49
16040,8816,25415.8124,8007.1763,7878.4967,-24165.2000,-71.9380,-72.1396,1.7500,75.204,108.46,107.20
16063,8828,25451.0572,8018.2800,7890.7826,-24198.2649,-71.9347,-71.9070,1.9167,75.310,105.75,104.49
16084,8840,25486.3209,8029.3898,7899.4716,-24232.5228,-71.9401,-72.2737,1.7500,75.415,105.19,104.00
16106,8852,25519.6265,8039.8826,7907.6600,-24264.8842,-71.9451,-72.2068,1.8333,75.521,106.65,105.39
16127,8864,25552.5992,8050.2705,7922.3903,-24294.7623,-71.9345,-71.8999,1.7500,75.630,108.72,107.47
16148,8876,25586.2782,8060.8810,7933.0978,-24326.6951,-71.9338,-71.8256,1.7500,75.737,106.46,105.25
16170,8888,25622.2493,8072.2136,7942.4098,-24361.4939,-71.9382,-72.4442,1.8333,75.843,106.53,105.25
16193,8900,25654.9834,8082.5264,7957.9016,-24390.8720,-71.9256,-71.3785,1.9167,75.950,106.46,105.16
16212,8912,25688.0594,8092.9469,7963.9440,-24423.6925,-71.9355,-72.3960,1.5833,76.056,106.69,105.49
16234,8924,25723.5261,8104.1205,7974.7675,-24457.4677,-71.9359,-71.8924,1.8333,76.163,107.10,105.82
16257,8936,25756.5255,8114.5169,7989.5093,-24487.3694,-71.9254,-71.6016,1.9167,76.270,106.69,105.39
16276,8948,25789.6015,8124.9374,7995.5517,-24520.1899,-71.9352,-71.7826,1.5833,76.376,106.07,104.92
16298,8961,25825.1206,8136.1276,8003.4646,-24554.9696,-71.9425,-72.1308,1.6923,76.482,105.74,104.41
16321,8973,25860.5515,8147.2900,8019.6203,-24586.9681,-71.9304,-71.7604,1.9167,76.587,105.54,104.28
16343,8985,25895.4031,8158.2699,8027.9209,-24620.9194,-71.9363,-71.9351,1.8333,76.694,106.79,105.50
16365,8997,25928.3765,8168.6581,8042.6512,-24650.7975,-71.9258,-71.4681,1.8333,76.800,105.85,104.55
16386,9009,25963.2297,8179.6385,8047.7868,-24685.7831,-71.9390,-72.4475,1.7500,76.909,108.52,107.28
16409,9021,26000.0166,8191.2281,8060.9910,-24720.1705,-71.9348,-71.6994,1.9167,77.018,109.15,107.83
16430,9033,26033.3093,8201.7168,8070.1086,-24752.2156,-71.9376,-72.4453,1.7500,77.126,108.43,107.13
16451,9045,26066.2897,8212.1072,8084.3810,-24782.2506,-71.9282,-71.5483,1.7500,77.232,105.35,104.12
16472,9057,26099.8361,8222.6759,8088.6428,-24816.1463,-71.9424,-72.2437,1.7500,77.339,107.00,105.81
16494,9069,26134.8513,8233.7074,8101.7163,-24848.7130,-71.9373,-71.8292,1.8333,77.447,108.00,106.63
16517,9081,26167.1852,8243.8940,8116.3981,-24877.9343,-71.9266,-71.1967,1.9167,77.552,105.59,104.21
16536,9093,26200.4874,8254.3858,8120.1720,-24911.7324,-71.9417,-72.2257,1.5833,77.660,107.83,106.70
16559,9105,26236.3553,8265.6859,8138.1720,-24943.5888,-71.9259,-71.6116,1.9167,77.769,108.67,107.34
16578,9117,26267.0403,8275.3531,8138.7177,-24975.6866,-71.9464,-72.2751,1.5833,77.875,106.50,105.23
16599,9129,26300.0129,8285.7410,8153.4480,-25005.5647,-71.9361,-72.3531,1.7500,77.983,108.16,106.93
16620,9141,26333.6919,8296.3515,8164.1555,-25037.4975,-71.9355,-71.9347,1.7500,78.090,106.97,105.74
16642,9153,26369.6630,8307.6841,8173.4676,-25072.2963,-71.9397,-72.0902,1.8333,78.198,108.23,106.98
16665,9165,26405.7984,8319.0684,8185.8319,-25106.2725,-71.9371,-72.4004,1.9167,78.305,106.67,105.38
16686,9177,26437.9263,8329.1902,8195.1778,-25137.0178,-71.9385,-72.0667,1.7500,78.410,105.16,103.95
16708,9189,26473.6510,8340.4452,8205.7092,-25171.1598,-71.9397,-71.8292,1.8333,78.521,110.45,109.15
16731,9201,26508.1825,8351.3242,8221.3432,-25202.3822,-71.9285,-71.8517,1.9167,78.629,108.12,106.83
16752,9213,26542.3845,8362.0995,8225.6389,-25236.9565,-71.9428,-72.2059,1.7500,78.737,108.45,107.21
16775,9225,26578.2523,8373.3995,8243.6389,-25268.8129,-71.9272,-71.9847,1.9167,78.846,108.89,107.57
16796,9237,26613.0896,8384.3749,8248.7891,-25303.7767,-71.9400,-71.9829,1.7500,78.955,108.86,107.47
16819,9249,26648.3343,8395.4786,8261.0750,-25336.8416,-71.9370,-72.0239,1.9167,79.063,107.45,106.17
16840,9261,26683.5981,8406.5884,8269.7640,-25371.0996,-71.9420,-72.1200,1.7500,79.168,105.32,104.12
16862,9273,26717.9844,8417.4217,8281.0945,-25403.5732,-71.9405,-72.4320,1.8333,79.277,108.77,107.54
16885,9285,26754.1198,8428.8060,8293.4588,-25437.5494,-71.9379,-71.7576,1.9167,79.382,105.54,104.23
16906,9297,26786.2477,8438.9278,8302.8047,-25468.2947,-71.9393,-72.0189,1.7500,79.488,105.41,104.20
16926,9309,26819.5264,8449.4122,8312.7022,-25500.0706,-71.9402,-72.4878,1.6667,79.594,106.88,105.74
16949,9321,26852.2604,8459.7249,8328.1940,-25529.4487,-71.9282,-71.3886,1.9167,79.701,106.80,105.51
16968,9333,26885.3366,8470.1455,8334.2364,-25562.2692,-71.9377,-72.4162,1.5833,79.808,106.61,105.44
16990,9345,26920.8032,8481.3192,8345.0599,-25596.0445,-71.9381,-71.6019,1.8333,79.915,106.73,105.47
17013,9357,26956.2865,8492.4981,8358.3049,-25629.0475,-71.9331,-71.8111,1.9167,80.020,105.13,103.88
17035,9369,26991.1382,8503.4780,8366.6055,-25662.9987,-71.9387,-72.0653,1.8333,80.126,106.32,105.12
17057,9381,27024.1114,8513.8661,8381.3359,-25692.8768,-71.9286,-71.4813,1.8333,80.232,106.02,104.76
17078,9393,27059.8556,8525.1272,8386.5499,-25728.7737,-71.9417,-72.1287,1.7500,80.340,107.94,106.71
17101,9405,27095.7516,8536.4362,8399.6756,-25762.2499,-71.9372,-71.8884,1.9167,80.450,109.76,108.43
17122,9417,27129.0445,8546.9249,8408.7932,-25794.2949,-71.9399,-71.9489,1.7500,80.558,108.34,107.08
17145,9429,27165.8313,8558.5145,8421.9974,-25828.6824,-71.9359,-72.2356,1.9167,80.666,108.14,106.85
17168,9441,27201.7562,8569.8326,8430.2490,-25863.7784,-71.9423,-71.9220,1.9167,80.774,108.01,106.70
17190,9453,27236.1111,8580.6560,8442.0393,-25896.0690,-71.9398,-72.4479,1.8333,80.880,105.80,104.53
17212,9465,27271.8358,8591.9109,8452.5708,-25930.2110,-71.9410,-71.9801,1.8333,80.989,108.73,107.49
17235,9477,27306.3671,8602.7899,8468.2048,-25961.4334,-71.9301,-71.6532,1.9167,81.097,108.04,106.77
17256,9489,27340.5694,8613.5652,8472.5004,-25996.0076,-71.9440,-72.0256,1.7500,81.205,108.22,107.01
17279,9501,27376.4370,8624.8652,8490.5004,-26027.8641,-71.9289,-71.4570,1.9167,81.314,109.00,107.66
17300,9513,27411.2744,8635.8406,8495.6506,-26062.8279,-71.9413,-72.0807,1.7500,81.423,108.59,107.34
17323,9525,27446.5190,8646.9444,8507.9365,-26095.8928,-71.9383,-71.8999,1.9167,81.530,106.88,105.54
17344,9537,27481.7829,8658.0542,8516.6256,-26130.1508,-71.9433,-72.0660,1.7500,81.635,105.74,104.52
17366,9549,27516.1692,8668.8874,8527.9560,-26162.6244,-71.9418,-72.4899,1.8333,81.743,107.96,106.73
17389,9561,27552.3045,8680.2718,8540.3204,-26196.6006,-71.9392,-72.0019,1.9167,81.849,106.06,104.76
17410,9573,27584.4325,8690.3936,8549.6663,-26227.3459,-71.9406,-72.0424,1.7500,81.954,105.21,103.98
17430,9585,27617.7112,8700.8780,8559.5637,-26259.1218,-71.9415,-72.2854,1.6667,82.061,107.01,105.82
17453,9597,27650.4450,8711.1906,8575.0555,-26288.4999,-71.9299,-71.5692,1.9167,82.168,106.24,104.95
17472,9609,27683.5213,8721.6112,8581.0979,-26321.3204,-71.9390,-72.3662,1.5833,82.274,106.54,105.36
17494,9621,27718.9879,8732.7849,8591.9214,-26355.0956,-71.9394,-71.8456,1.8333,82.380,105.82,104.58
17517,9633,27754.4712,8743.9638,8605.1665,-26388.0987,-71.9345,-71.8229,1.9167,82.486,105.78,104.51
17539,9645,27789.3229,8754.9437,8613.4671,-26422.0499,-71.9400,-71.9419,1.8333,82.592,106.58,105.34
17561,9657,27822.2960,8765.3318,8628.1974,-26451.9280,-71.9302,-71.6933,1.8333,82.699,106.35,105.11
17582,9669,27858.0404,8776.5930,8633.4114,-26487.8249,-71.9429,-71.9670,1.7500,82.809,110.34,109.13
17605,9681,27893.9364,8787.9019,8646.5372,-26521.3011,-71.9386,-71.8884,1.9167,82.917,108.31,107.00
17626,9693,27927.2292,8798.3907,8655.6548,-26553.3461,-71.9412,-71.9489,1.7500,83.026,108.18,106.95
17649,9705,27964.0160,8809.9803,8668.8590,-26587.7336,-71.9373,-72.2356,1.9167,83.134,108.76,107.44
17672,9717,27999.9410,8821.2983,8677.1105,-26622.8296,-71.9435,-71.9220,1.9167,83.243,108.53,107.20
17694,9729,28034.2959,8832.1217,8688.9009,-26655.1202,-71.9411,-72.4479,1.8333,83.348,105.57,104.28
17716,9741,28070.0206,8843.3767,8699.4323,-26689.2621,-71.9422,-71.9801,1.8333,83.457,108.32,107.03
17739,9753,28104.5518,8854.2556,8715.0663,-26720.4846,-71.9317,-71.6532,1.9167,83.566,109.39,108.10
17760,9765,28138.7542,8865.0310,8719.3620,-26755.0588,-71.9452,-72.0256,1.7500,83.675,108.43,107.19
17783,9777,28174.6216,8876.3309,8737.3620,-26786.9152,-71.9305,-71.4570,1.9167,83.783,108.71,107.41
17804,9789,28209.4592,8887.3064,8742.5122,-26821.8791,-71.9425,-72.0807,1.7500,83.892,108.39,107.14
17827,9801,28244.7038,8898.4101,8754.7981,-26854.9440,-71.9396,-71.8999,1.9167,83.999,107.10,105.79
17848,9813,28279.9677,8909.5199,8763.4871,-26889.2019,-71.9444,-72.0660,1.7500,84.105,106.08,104.84
17870,9825,28314.3540,8920.3532,8774.8176,-26921.6756,-71.9430,-72.4899,1.8333,84.214,108.80,107.56
17893,9837,28350.4893,8931.7375,8787.1819,-26955.6517,-71.9405,-72.0019,1.9167,84.320,106.45,105.13
17914,9849,28382.6173,8941.8593,8796.5278,-26986.3971,-71.9418,-72.0424,1.7500,84.426,105.99,104.79
17936,9861,28418.3420,8953.1143,8807.0593,-27020.5390,-71.9430,-72.2955,1.8333,84.535,108.68,107.46
17959,9873,28452.8731,8963.9932,8822.6933,-27051.7614,-71.9325,-71.6206,1.9167,84.643,108.13,106.84
17980,9885,28487.0756,8974.7686,8826.9889,-27086.3357,-71.9459,-72.6016,1.7500,84.751,108.51,107.26
18003,9897,28522.9429,8986.0685,8844.9889,-27118.1921,-71.9313,-71.4461,1.9167,84.860,108.11,106.81
18024,9909,28557.7806,8997.0440,8850.1391,-27153.1560,-71.9433,-72.1396,1.7500,84.968,108.45,107.20
18047,9921,28593.0252,9008.1477,8862.4250,-27186.2209,-71.9404,-71.9070,1.9167,85.074,105.83,104.50
18068,9933,28628.2891,9019.2575,8871.1140,-27220.4788,-71.9451,-72.2737,1.7500,85.179,105.17,103.92
18090,9945,28661.5949,9029.7504,8879.3024,-27252.8402,-71.9496,-72.2068,1.8333,85.286,106.89,105.64
18111,9957,28694.5672,9040.1382,8894.0327,-27282.7183,-71.9401,-71.8999,1.7500,85.394,107.81,106.62
18132,9969,28728.2462,9050.7487,8904.7402,-27314.6511,-71.9396,-71.8256,1.7500,85.500,106.64,105.38
18154,9981,28764.2174,9062.0813,8914.0522,-27349.4499,-71.9434,-72.4442,1.8333,85.607,107.10,105.83
18177,9993,28796.9510,9072.3940,8929.5440,-27378.8280,-71.9322,-71.3785,1.9167,85.714,106.68,105.36
18196,10005,28830.0275,9082.8146,8935.5864,-27411.6485,-71.9410,-72.3960,1.5833,85.821,106.74,105.56
18218,10017,28865.4941,9093.9883,8946.4099,-27445.4237,-71.9414,-71.8924,1.8333,85.928,106.77,105.56
18241,10029,28898.4930,9104.3845,8961.1517,-27475.3254,-71.9320,-71.6016,1.9167,86.034,106.71,105.42
18260,10041,28931.5695,9114.8051,8967.1941,-27508.1459,-71.9408,-71.7826,1.5833,86.142,107.65,106.41
18282,10054,28967.0890,9125.9954,8975.1070,-27542.9256,-71.9472,-72.1308,1.6923,86.248,105.72,104.45
18305,10066,29002.5193,9137.1577,8991.2627,-27574.9241,-71.9365,-71.7604,1.9167,86.353,104.99,103.74
18328,10078,29038.4810,9148.4873,8997.8312,-27610.6074,-71.9460,-72.1259,1.9167,86.461,108.63,107.30
18351,10090,29072.1034,9159.0799,9016.5665,-27639.8625,-71.9287,-71.3101,1.9167,86.567,105.25,103.90
18370,10102,29105.1979,9169.5062,9019.4292,-27673.7391,-71.9441,-72.4475,1.5833,86.675,108.83,107.60
18393,10114,29141.9846,9181.0958,9032.6334,-27708.1265,-71.9403,-71.6994,1.9167,86.784,109.01,107.72
18414,10126,29175.2774,9191.5846,9041.7510,-27740.1716,-71.9428,-72.4453,1.7500,86.892,107.76,106.51
18435,10138,29208.2574,9201.9748,9056.0234,-27770.2066,-71.9345,-71.5483,1.7500,86.997,104.97,103.70
18456,10150,29241.8044,9212.5437,9060.2852,-27804.1023,-71.9471,-72.2437,1.7500,87.106,108.39,107.15
18478,10162,29276.8195,9223.5751,9073.3587,-27836.6690,-71.9426,-71.8292,1.8333,87.213,107.75,106.43
18501,10174,29309.1528,9233.7616,9088.0405,-27865.8903,-71.9330,-71.1967,1.9167,87.319,105.60,104.29
18520,10186,29342.4557,9244.2536,9091.8144,-27899.6884,-71.9464,-72.2257,1.5833,87.428,108.58,107.39
18543,10198,29378.3229,9255.5535,9109.8144,-27931.5448,-71.9323,-71.6116,1.9167,87.534,106.87,105.59
18562,10210,29409.0088,9265.2209,9110.3601,-27963.6426,-71.9507,-72.2751,1.5833,87.641,106.46,105.29
18583,10222,29441.9810,9275.6087,9125.0904,-27993.5207,-71.9415,-72.3531,1.7500,87.749,107.74,106.47
18604,10234,29475.6599,9286.2192,9135.7979,-28025.4535,-71.9409,-71.9347,1.7500,87.855,106.70,105.40
18626,10246,29511.6312,9297.5518,9145.1100,-28060.2523,-71.9447,-72.0902,1.8333,87.964,108.52,107.25
18649,10258,29547.7665,9308.9362,9157.4743,-28094.2285,-71.9423,-72.4004,1.9167,88.070,106.63,105.32
18670,10270,29579.8945,9319.0580,9166.8202,-28124.9738,-71.9435,-72.0667,1.7500,88.176,105.46,104.24
18692,10282,29615.6192,9330.3130,9177.3516,-28159.1158,-71.9446,-71.8292,1.8333,88.287,110.77,109.48
18715,10294,29650.1502,9341.1918,9192.9856,-28190.3382,-71.9346,-71.8517,1.9167,88.395,107.88,106.57
18736,10306,29684.3529,9351.9673,9197.2812,-28224.9125,-71.9474,-72.0126,1.7500,88.503,108.83,107.54
18759,10318,29720.2200,9363.2671,9215.2812,-28256.7689,-71.9335,-72.1455,1.9167,88.612,108.89,107.54
18780,10330,29755.0578,9374.2427,9220.4315,-28291.7327,-71.9449,-71.9829,1.7500,88.721,108.45,107.18
18803,10342,29790.3023,9385.3464,9232.7174,-28324.7976,-71.9422,-72.0239,1.9167,88.827,106.63,105.32
18824,10354,29825.5664,9396.4562,9241.4064,-28359.0556,-71.9467,-72.1200,1.7500,88.932,104.84,103.65
18846,10366,29859.9526,9407.2895,9252.7369,-28391.5292,-71.9453,-72.4320,1.8333,89.041,108.54,107.32
18869,10378,29896.0879,9418.6738,9265.1012,-28425.5054,-71.9430,-71.7576,1.9167,89.148,106.84,105.53
18890,10390,29928.2159,9428.7956,9274.4471,-28456.2507,-71.9442,-72.0189,1.7500,89.253,105.61,104.43
18910,10402,29961.4946,9439.2800,9284.3446,-28488.0266,-71.9451,-72.4878,1.6667,89.360,106.64,105.47
18933,10414,29994.2280,9449.5925,9299.8364,-28517.4047,-71.9343,-71.3886,1.9167,89.466,106.30,105.04
18952,10426,30027.3047,9460.0132,9305.8788,-28550.2252,-71.9428,-72.4162,1.5833,89.575,108.66,107.50
18974,10438,30062.7713,9471.1869,9316.7023,-28584.0005,-71.9431,-71.6019,1.8333,89.681,106.58,105.33
18997,10450,30098.2544,9482.3657,9329.9473,-28617.0035,-71.9386,-71.8111,1.9167,89.787,105.70,104.37
19019,10462,30133.1063,9493.3457,9338.2479,-28650.9547,-71.9436,-72.0653,1.8333,89.894,106.48,105.23
19041,10474,30166.0791,9503.7337,9352.9783,-28680.8328,-71.9346,-71.4813,1.8333,90.000,106.02,104.77
19062,10486,30201.8239,9514.9950,9358.1923,-28716.7297,-71.9463,-72.1287,1.7500,90.108,108.44,107.19
19085,10498,30237.7198,9526.3039,9371.3180,-28750.2059,-71.9423,-71.8884,1.9167,90.216,108.37,107.09
19106,10510,30271.0127,9536.7927,9380.4356,-28782.2509,-71.9447,-71.9489,1.7500,90.324,107.90,106.71
19129,10522,30307.7993,9548.3822,9393.6398,-28816.6384,-71.9411,-72.2356,1.9167,90.432,108.10,106.78
19152,10534,30343.7245,9559.7004,9401.8914,-28851.7344,-71.9469,-71.9220,1.9167,90.540,108.12,106.80
19174,10546,30378.0793,9570.5237,9413.6817,-28884.0250,-71.9446,-72.4479,1.8333,90.646,105.77,104.50
19196,10558,30413.8041,9581.7787,9424.2132,-28918.1669,-71.9457,-71.9801,1.8333,90.755,108.72,107.46
19219,10570,30448.3349,9592.6576,9439.8472,-28949.3894,-71.9359,-71.6532,1.9167,90.863,107.90,106.61
19240,10582,30482.5377,9603.4331,9444.1428,-28983.9636,-71.9484,-72.0256,1.7500,90.971,108.28,107.11
19263,10594,30518.4047,9614.7328,9462.1428,-29015.8201,-71.9348,-71.4570,1.9167,91.080,109.30,108.00
19284,10606,30553.2426,9625.7084,9467.2930,-29050.7839,-71.9459,-72.0807,1.7500,91.189,108.24,106.98
19307,10618,30588.4872,9636.8121,9479.5789,-29083.8488,-71.9433,-71.8999,1.9167,91.296,106.83,105.51
19328,10630,30623.7512,9647.9220,9488.2680,-29118.1068,-71.9477,-72.0660,1.7500,91.401,105.35,104.11
19350,10642,30658.1375,9658.7552,9499.5984,-29150.5804,-71.9463,-72.4899,1.8333,91.509,108.16,106.91
19373,10654,30694.2727,9670.1395,9511.9628,-29184.5566,-71.9441,-72.0019,1.9167,91.616,106.61,105.29
19394,10666,30726.4007,9680.2614,9521.3087,-29215.3019,-71.9453,-72.0424,1.7500,91.721,105.55,104.30
19414,10678,30759.6795,9690.7457,9531.2061,-29247.0778,-71.9461,-72.2854,1.6667,91.827,105.88,104.70
19437,10690,30792.4128,9701.0583,9546.6979,-29276.4559,-71.9356,-71.5692,1.9167,91.934,106.90,105.60
19456,10702,30825.4895,9711.4790,9552.7403,-29309.2764,-71.9438,-72.3662,1.5833,92.041,106.59,105.41
19478,10714,30860.9561,9722.6526,9563.5638,-29343.0516,-71.9442,-71.8456,1.8333,92.147,106.58,105.30
19501,10726,30896.4392,9733.8315,9576.8089,-29376.0547,-71.9398,-71.8229,1.9167,92.252,104.63,103.34
19523,10738,30931.2911,9744.8115,9585.1095,-29410.0059,-71.9447,-71.9419,1.8333,92.358,106.47,105.27
19545,10750,30964.2638,9755.1994,9599.8398,-29439.8840,-71.9359,-71.6933,1.8333,92.465,106.51,105.23
19566,10762,31000.0087,9766.4607,9605.0538,-29475.7809,-71.9473,-71.9670,1.7500,92.574,109.03,107.79
19589,10774,31035.9046,9777.7696,9618.1796,-29509.2571,-71.9434,-71.8884,1.9167,92.682,108.49,107.20
19610,10786,31069.1975,9788.2585,9627.2972,-29541.3021,-71.9457,-71.9489,1.7500,92.790,108.16,106.93
19633,10798,31105.9841,9799.8480,9640.5014,-29575.6896,-71.9422,-72.2356,1.9167,92.900,109.39,108.15
19656,10810,31141.9094,9811.1661,9648.7529,-29610.7856,-71.9478,-71.9220,1.9167,93.008,108.25,106.93
19678,10822,31176.2641,9821.9895,9660.5433,-29643.0762,-71.9456,-72.4479,1.8333,93.114,105.97,104.72
19700,10834,31211.9889,9833.2445,9671.0747,-29677.2181,-71.9467,-71.9801,1.8333,93.222,108.19,106.93
19723,10846,31246.5196,9844.1233,9686.7087,-29708.4406,-71.9371,-71.6532,1.9167,93.330,107.88,106.59
19744,10858,31280.7226,9854.8988,9691.0044,-29743.0148,-71.9493,-72.0256,1.7500,93.438,108.31,107.09
19767,10870,31316.5894,9866.1986,9709.0044,-29774.8712,-71.9361,-71.4570,1.9167,93.547,108.47,107.18
19788,10882,31351.4275,9877.1742,9714.1546,-29809.8351,-71.9469,-72.0807,1.7500,93.655,108.33,107.09
19811,10894,31386.6720,9888.2779,9726.4405,-29842.9000,-71.9443,-71.8999,1.9167,93.762,107.16,105.83
19832,10906,31421.9361,9899.3877,9735.1295,-29877.1579,-71.9486,-72.0660,1.7500,93.868,105.82,104.57
19854,10918,31456.3223,9910.2210,9746.4600,-29909.6316,-71.9473,-72.4899,1.8333,93.976,107.75,106.44
19877,10930,31492.4575,9921.6053,9758.8243,-29943.6077,-71.9451,-72.0019,1.9167,94.082,106.27,104.95
19898,10942,31524.5855,9931.7271,9768.1702,-29974.3531,-71.9462,-72.0424,1.7500,94.188,105.77,104.54
19920,10954,31560.3103,9942.9821,9778.7017,-30008.4950,-71.9473,-72.2955,1.8333,94.296,108.47,107.21
19943,10966,31594.8410,9953.8609,9794.3357,-30039.7174,-71.9379,-71.6206,1.9167,94.405,108.68,107.40
19964,10978,31629.0440,9964.6365,9798.6313,-30074.2917,-71.9499,-72.6016,1.7500,94.514,108.40,107.22
19987,10990,31664.9108,9975.9362,9816.6313,-30106.1481,-71.9368,-71.4461,1.9167,94.624,110.50,109.26
20008,11002,31699.7489,9986.9118,9821.7815,-30141.1120,-71.9475,-72.1396,1.7500,94.733,108.53,107.31
20031,11014,31734.9934,9998.0155,9834.0674,-30174.1769,-71.9449,-71.9070,1.9167,94.839,106.32,104.98
20052,11026,31770.2575,10009.1254,9842.7564,-30208.4348,-71.9492,-72.2737,1.7500,94.944,105.61,104.42
20074,11038,31803.5634,10019.6183,9850.9448,-30240.7962,-71.9532,-72.2068,1.8333,95.051,106.77,105.51
20095,11050,31836.5354,10030.0060,9865.6751,-30270.6743,-71.9447,-71.8999,1.7500,95.159,108.15,106.91
20116,11062,31870.2143,10040.6165,9876.3826,-30302.6071,-71.9442,-71.8256,1.7500,95.266,106.82,105.63
20138,11074,31906.1857,10051.9491,9885.6946,-30337.4059,-71.9476,-72.4442,1.8333,95.373,106.94,105.61
20161,11086,31938.9189,10062.2616,9901.1864,-30366.7840,-71.9375,-71.3785,1.9167,95.480,106.89,105.61
20180,11098,31971.9957,10072.6824,9907.2288,-30399.6045,-71.9455,-72.3960,1.5833,95.587,106.80,105.67
20202,11110,32007.4624,10083.8560,9918.0523,-30433.3797,-71.9458,-71.8924,1.8333,95.693,106.43,105.22
20225,11122,32042.2780,10094.8246,9931.6851,-30465.5543,-71.9405,-71.7563,1.9167,95.799,105.70,104.46
20245,11134,32075.3442,10105.2420,9939.4220,-30497.8111,-71.9452,-71.7807,1.6667,95.906,107.30,106.14
20266,11146,32109.0574,10115.8633,9946.7494,-30530.8816,-71.9510,-72.1308,1.7500,96.012,105.49,104.30
20289,11158,32144.4874,10127.0254,9962.9051,-30562.8801,-71.9413,-71.7604,1.9167,96.118,106.00,104.72
20312,11170,32180.4495,10138.3551,9969.4736,-30598.5634,-71.9499,-72.1259,1.9167,96.226,108.54,107.26
20334,11182,32215.7038,10149.4619,9981.7857,-30631.6302,-71.9473,-71.9489,1.8333,96.334,108.18,106.90
20357,11194,32252.4904,10161.0514,9994.9899,-30666.0177,-71.9439,-72.2356,1.9167,96.443,108.75,107.45
20380,11206,32288.4157,10172.3695,10003.2414,-30701.1136,-71.9493,-71.9220,1.9167,96.551,107.95,106.63
20402,11218,32322.7704,10183.1929,10015.0318,-30733.4042,-71.9472,-72.4479,1.8333,96.658,106.50,105.21
20424,11230,32358.4952,10194.4479,10025.5632,-30767.5462,-71.9482,-71.9801,1.8333,96.766,108.38,107.14
20447,11242,32393.0258,10205.3266,10041.1972,-30798.7686,-71.9390,-71.6532,1.9167,96.874,108.17,106.80
20468,11254,32427.2289,10216.1022,10045.4929,-30833.3429,-71.9507,-72.0256,1.7500,96.983,108.52,107.29
20491,11266,32463.0955,10227.4019,10063.4929,-30865.1993,-71.9379,-71.2013,1.9167,97.091,108.11,106.79
20512,11278,32497.9338,10238.3776,10068.6431,-30900.1632,-71.9484,-72.1290,1.7500,97.199,108.43,107.15
20535,11290,32533.1782,10249.4813,10080.9290,-30933.2280,-71.9459,-72.0292,1.9167,97.305,105.89,104.59
20556,11302,32568.4424,10260.5911,10089.6180,-30967.4860,-71.9500,-72.0660,1.7500,97.410,105.11,103.90
20578,11314,32602.8286,10271.4244,10100.9485,-30999.9596,-71.9488,-72.4899,1.8333,97.518,107.93,106.69
20601,11326,32638.9638,10282.8087,10113.3128,-31033.9358,-71.9466,-72.0019,1.9167,97.625,106.72,105.43
20622,11338,32671.0918,10292.9305,10122.6587,-31064.6811,-71.9478,-72.0424,1.7500,97.731,105.67,104.46
20642,11350,32704.3706,10303.4149,10132.5562,-31096.4570,-71.9485,-72.3392,1.6667,97.837,106.77,105.56
20665,11362,32737.1036,10313.7273,10148.0480,-31125.8351,-71.9387,-71.6238,1.9167,97.944,106.36,105.05
20684,11374,32770.1806,10324.1481,10154.0904,-31158.6557,-71.9464,-71.7227,1.5833,98.050,106.64,105.46
20706,11386,32805.6472,10335.3218,10164.9139,-31192.4309,-71.9467,-72.2097,1.8333,98.157,106.43,105.15
20729,11398,32841.1302,10346.5006,10178.1589,-31225.4339,-71.9426,-71.5874,1.9167,98.262,105.59,104.33
20751,11410,32875.9822,10357.4806,10186.4595,-31259.3851,-71.9472,-71.9419,1.8333,98.369,106.73,105.50
20773,11422,32908.9547,10367.8685,10201.1899,-31289.2632,-71.9389,-71.6933,1.8333,98.476,106.47,105.21
20794,11434,32944.6999,10379.1299,10206.4039,-31325.1601,-71.9497,-71.9670,1.7500,98.584,108.45,107.23
20817,11446,32980.5956,10390.4388,10219.5296,-31358.6363,-71.9460,-71.8884,1.9167,98.693,108.76,107.44
20838,11458,33013.8886,10400.9276,10228.6472,-31390.6814,-71.9482,-71.9489,1.7500,98.801,108.36,107.13
20861,11470,33050.6752,10412.5171,10241.8514,-31425.0688,-71.9449,-72.2356,1.9167,98.910,109.07,107.75
20884,11482,33086.6005,10423.8353,10250.1030,-31460.1648,-71.9502,-71.9220,1.9167,99.019,108.95,107.65
20906,11494,33120.9552,10434.6587,10261.8933,-31492.4554,-71.9481,-72.4479,1.8333,99.125,105.46,104.18
20928,11506,33156.6800,10445.9137,10272.4248,-31526.5974,-71.9491,-71.9801,1.8333,99.233,108.59,107.32
20951,11518,33191.2105,10456.7924,10288.0588,-31557.8198,-71.9401,-71.6532,1.9167,99.341,108.05,106.75
20972,11530,33225.4138,10467.5680,10292.3544,-31592.3941,-71.9515,-72.0256,1.7500,99.449,108.08,106.84
20995,11542,33261.2803,10478.8676,10310.3544,-31624.2505,-71.9391,-71.4570,1.9167,99.558,108.77,107.46
21016,11554,33296.1186,10489.8434,10315.5047,-31659.2143,-71.9493,-72.0807,1.7500,99.666,108.23,106.96
21039,11566,33331.3631,10500.9470,10327.7906,-31692.2792,-71.9468,-71.8999,1.9167,99.773,107.08,105.73
21060,11578,33366.6273,10512.0569,10336.4796,-31726.5372,-71.9509,-72.0660,1.7500,99.879,105.90,104.62
21082,11590,33401.0135,10522.8902,10347.8101,-31759.0108,-71.9496,-72.4899,1.8333,99.988,108.46,107.20
21105,11602,33437.1487,10534.2745,10360.1744,-31792.9870,-71.9475,-72.0019,1.9167,100.094,106.43,105.09
21126,11614,33469.2767,10544.3963,10369.5203,-31823.7323,-71.9486,-72.0424,1.7500,100.200,105.72,104.47
21146,11626,33502.5555,10554.8807,10379.4178,-31855.5082,-71.9494,-72.2854,1.6667,100.307,107.04,105.86
21169,11638,33535.2884,10565.1931,10394.9096,-31884.8863,-71.9398,-71.5692,1.9167,100.414,106.52,105.20
21188,11650,33568.3654,10575.6139,10400.9520,-31917.7068,-71.9473,-72.3662,1.5833,100.521,107.42,106.21
21210,11662,33603.8321,10586.7876,10411.7755,-31951.4821,-71.9476,-71.8456,1.8333,100.628,106.73,105.41
21233,11674,33639.3150,10597.9664,10425.0205,-31984.4851,-71.9436,-71.8229,1.9167,100.734,106.04,104.75
21255,11686,33674.1671,10608.9464,10433.3211,-32018.4363,-71.9481,-71.9419,1.8333,100.840,105.79,104.51
21277,11698,33707.1394,10619.3343,10448.0515,-32048.3144,-71.9400,-71.6933,1.8333,100.946,106.57,105.28
21298,11710,33742.8847,10630.5957,10453.2654,-32084.2113,-71.9505,-71.9670,1.7500,101.055,108.77,107.54
21321,11722,33778.7805,10641.9045,10466.3912,-32117.6875,-71.9469,-71.8884,1.9167,101.163,108.33,106.97
21342,11734,33812.0735,10652.3934,10475.5088,-32149.7325,-71.9490,-71.9489,1.7500,101.271,108.30,107.06
21365,11746,33848.8600,10663.9829,10488.7130,-32184.1200,-71.9458,-72.2356,1.9167,101.380,108.96,107.62
21388,11758,33884.7854,10675.3011,10496.9646,-32219.2160,-71.9510,-71.9220,1.9167,101.488,107.60,106.22
21410,11770,33919.1401,10686.1244,10508.7549,-32251.5066,-71.9489,-72.4479,1.8333,101.594,105.57,104.32
21432,11782,33954.8649,10697.3794,10519.2864,-32285.6485,-71.9499,-71.9801,1.8333,101.702,108.54,107.31
21455,11794,33989.3953,10708.2581,10534.9203,-32316.8710,-71.9411,-71.6532,1.9167,101.810,108.14,106.85
21476,11806,34023.5987,10719.0338,10539.2160,-32351.4452,-71.9523,-72.0256,1.7500,101.919,108.85,107.52
21499,11818,34059.4650,10730.3334,10557.2160,-32383.3016,-71.9401,-71.4570,1.9167,102.028,109.10,107.76
21520,11830,34094.3035,10741.3091,10562.3662,-32418.2655,-71.9501,-72.0807,1.7500,102.137,108.61,107.34
21543,11842,34129.5479,10752.4128,10574.6521,-32451.3304,-71.9477,-71.8999,1.9167,102.245,107.68,106.30
21564,11854,34164.8122,10763.5227,10583.3411,-32485.5883,-71.9516,-72.0660,1.7500,102.350,105.22,103.97
21586,11866,34199.1984,10774.3560,10594.6716,-32518.0620,-71.9504,-72.4899,1.8333,102.457,107.68,106.44
21609,11878,34235.3335,10785.7402,10607.0360,-32552.0382,-71.9484,-72.0019,1.9167,102.564,106.63,105.34
21630,11890,34267.4615,10795.8621,10616.3818,-32582.7835,-71.9495,-72.0424,1.7500,102.670,105.45,104.21
21650,11902,34300.7403,10806.3465,10626.2793,-32614.5594,-71.9502,-72.2854,1.6667,102.777,107.09,105.91
21673,11914,34333.4732,10816.6588,10641.7711,-32643.9375,-71.9408,-71.5692,1.9167,102.883,106.73,105.39
21692,11926,34366.5503,10827.0797,10647.8135,-32676.7580,-71.9482,-72.3662,1.5833,102.990,106.74,105.56
21714,11938,34402.0169,10838.2533,10658.6370,-32710.5332,-71.9485,-71.8456,1.8333,103.097,106.70,105.45
21737,11950,34437.4998,10849.4321,10671.8821,-32743.5362,-71.9445,-71.8229,1.9167,103.202,105.59,104.30
21759,11962,34472.3520,10860.4122,10680.1827,-32777.4875,-71.9489,-71.9419,1.8333,103.309,106.42,105.14
21781,11974,34505.3242,10870.8000,10694.9130,-32807.3656,-71.9410,-71.6933,1.8333,103.416,106.75,105.47
21802,11986,34541.0696,10882.0615,10700.1270,-32843.2625,-71.9513,-71.9670,1.7500,103.524,108.37,107.14
21825,11998,34576.9653,10893.3703,10713.2528,-32876.7387,-71.9478,-71.8884,1.9167,103.632,108.14,106.82
21846,12010,34610.2583,10903.8592,10722.3704,-32908.7837,-71.9499,-71.9489,1.7500,103.740,108.32,107.08
21869,12022,34647.0449,10915.4487,10735.5746,-32943.1712,-71.9467,-72.2356,1.9167,103.849,109.10,107.71
21892,12034,34682.9703,10926.7669,10743.8261,-32978.2672,-71.9517,-71.9220,1.9167,103.958,108.20,106.85
21914,12046,34717.3250,10937.5902,10755.6165,-33010.5578,-71.9497,-72.4479,1.8333,104.064,105.85,104.57
24105,13246,38188.1057,12031.0494,11830.6477,-36310.6528,-71.9504,-72.2356,1.9167,114.810,108.78,107.44
26288,14447,41644.4412,13119.9576,12898.9367,-39597.7519,-71.9542,-71.9347,1.7500,125.544,106.08,104.85
28471,15648,45101.0525,14208.9527,13967.4986,-42885.0520,-71.9571,-72.0239,1.9167,136.287,106.91,105.61
30649,16849,48550.9728,15295.8399,15036.3709,-46165.2139,-71.9567,-71.8111,1.9167,147.002,104.98,103.66
32832,18050,52008.4923,16385.1212,16102.2792,-49454.3334,-71.9625,-71.9801,1.8333,157.744,108.75,107.51
35025,19250,55481.7005,17479.3451,17177.4750,-52756.9277,-71.9628,-72.0019,1.9167,168.462,106.67,105.36
37216,20450,58950.6550,18572.2289,18250.8718,-56055.6343,-71.9635,-71.8256,1.7500,179.203,106.77,105.52
39399,21652,62407.2666,19661.2241,19319.4337,-59342.9344,-71.9651,-71.8999,1.9167,189.931,105.65,104.39
41586,22853,65872.5297,20752.9450,20387.9542,-62639.3464,-71.9691,-72.1308,1.6923,200.683,105.45,104.18
43766,24054,69324.2282,21840.3924,21457.8483,-65921.0458,-71.9678,-71.8292,1.8333,211.429,108.24,106.93
45942,25255,72769.2724,22925.7433,22522.9522,-69197.3066,-71.9689,-72.0667,1.7500,222.166,105.88,104.64
48125,26456,76227.4346,24015.2271,23592.8756,-72485.7942,-71.9693,-71.7576,1.9167,232.902,106.81,105.50
50313,27656,79690.1635,25106.1495,24668.1989,-75777.3263,-71.9666,-71.4813,1.8333,243.620,106.45,105.21
52508,28856,83168.5280,26201.9980,25738.3522,-79086.9847,-71.9714,-72.1396,1.7500,254.353,108.26,107.02
54700,30056,86638.8852,27295.3237,26810.2752,-82387.6460,-71.9729,-72.0256,1.7500,265.099,108.14,106.92
56883,31257,90094.9696,28384.1528,27885.2489,-85672.3047,-71.9693,-71.6206,1.9167,275.846,108.09,106.78
59062,32458,93548.2860,29472.1099,28948.2502,-88957.9491,-71.9731,-72.4442,1.8333,286.570,106.61,105.37
61241,33660,96996.3783,30558.4212,30020.1340,-92235.2087,-71.9701,-71.4681,1.8333,297.287,106.46,105.20
63419,34861,100446.3261,31645.3170,31087.2972,-95515.9560,-71.9704,-71.6116,1.9167,308.021,107.15,105.81
65605,36061,103909.1361,32736.2650,32155.6417,-98809.8451,-71.9724,-71.5874,1.9167,318.746,105.44,104.18
67798,37261,107381.7027,33830.2868,33226.8224,-102113.0714,-71.9744,-71.7765,1.8333,329.480,106.29,105.02
69990,38461,110854.5013,34924.3817,34300.1853,-105415.8314,-71.9751,-72.2854,1.6667,340.245,106.58,105.40
72170,39662,114305.9883,36011.7624,35367.9188,-108698.0117,-71.9752,-71.9489,1.7500,350.983,108.78,107.62
74355,40863,117765.4314,37101.6497,36438.7045,-111987.5656,-71.9750,-71.8999,1.9167,362.486,108.30,106.97
76536,42064,121220.4782,38190.1519,37505.6879,-115273.7336,-71.9761,-72.1396,1.7500,373.549,108.62,107.39
78714,43265,124670.1603,39276.9640,38573.6011,-118553.9573,-71.9758,-71.8924,1.8333,385.335,123.66,122.37
80898,44466,128127.4377,40366.1690,39642.2230,-121841.9379,-71.9764,-72.4479,1.8333,397.651,106.40,105.06
83087,45666,131594.8814,41458.5769,40716.5418,-125138.7555,-71.9757,-72.2074,1.9167,408.398,108.77,107.51
85281,46866,135069.2007,42553.1509,41790.0056,-128443.0819,-71.9764,-71.8884,1.9167,419.166,108.72,107.42
87464,48067,138526.6937,43642.4238,42857.6230,-131731.6160,-71.9773,-72.0807,1.7500,431.325,125.23,123.95
89642,49268,141976.3757,44729.2358,43925.5362,-135011.8397,-71.9771,-71.8456,1.8333,443.728,123.37,122.06
91826,50469,145433.6532,45818.4409,44994.1581,-138299.8202,-71.9775,-72.4479,1.8333,456.139,122.27,120.94
94009,51670,148891.8155,46907.9246,46064.0815,-141588.3078,-71.9775,-72.0019,1.9167,468.558,122.65,121.32
96190,52871,152344.8927,47995.8064,47127.8444,-144873.4522,-71.9793,-72.2068,1.8333,480.977,123.91,122.65
98383,54071,155817.3819,49089.8038,48206.0402,-148174.3145,-71.9778,-71.9070,1.9167,493.392,123.87,122.52
100575,55271,159288.3581,50183.3245,49283.6773,-151473.7673,-71.9764,-71.2573,1.9167,505.814,125.53,124.19
102752,56472,162737.4151,51269.9397,50345.9172,-154755.1797,-71.9782,-72.4162,1.5833,518.220,123.07,121.86
104936,57673,166195.8053,52359.4953,51413.5722,-158044.6448,-71.9790,-71.9220,1.9167,530.631,125.58,124.25
107118,58874,169652.1871,53448.4181,52482.9216,-161331.4468,-71.9790,-72.4899,1.8333,543.048,125.46,124.17
109297,60075,173100.2788,54534.7292,53554.8054,-164608.7064,-71.9772,-71.6933,1.8333,555.462,123.52,122.22
111480,61276,176558.7112,55624.2980,54617.6124,-167899.7933,-71.9797,-72.0256,1.7500,567.884,125.80,124.49
113672,62476,180031.0384,56718.2444,55692.7559,-171201.4782,-71.9794,-71.9801,1.8333,580.297,125.42,124.13
115864,63676,183502.0208,57811.7671,56765.5073,-174502.5272,-71.9797,-71.9220,1.9167,592.718,125.21,123.89
118046,64877,186958.4027,58900.6900,57834.8568,-177789.3292,-71.9797,-72.0902,1.8333,605.147,124.64,123.31
120228,66078,190414.3075,59989.4625,58902.7956,-181076.0884,-71.9800,-72.1200,1.7500,617.563,122.24,120.99
122407,67279,193863.8155,61076.2198,59971.2795,-184355.9436,-71.9796,-72.0653,1.8333,629.961,123.57,122.29
124591,68480,197321.0103,62165.3988,61044.5212,-187642.3342,-71.9785,-71.6532,1.9167,642.375,124.49,123.16
126770,69681,200774.3276,63253.3561,62107.5225,-190927.9786,-71.9801,-72.2854,1.6667,654.772,123.12,121.95
128965,70881,204249.9818,64348.3507,63183.3523,-194232.9390,-71.9799,-72.0019,1.9167,667.196,122.46,121.11
131156,72081,207720.5231,65441.7344,64254.7307,-197533.9708,-71.9805,-72.0660,1.7500,679.584,121.80,120.56
133345,73282,211185.9484,66533.5063,65330.7179,-200828.1234,-71.9794,-71.7604,1.9167,691.998,122.25,120.88
135525,74483,214634.5495,67619.9779,66399.1381,-204107.0455,-71.9789,-71.1967,1.9167,704.407,122.65,121.29
137700,75684,218082.9892,68706.3986,67460.0916,-207388.2270,-71.9806,-71.8292,1.8333,716.820,125.88,124.57
139882,76885,221537.5548,69794.7492,68528.8295,-210673.3180,-71.9805,-72.0189,1.7500,729.225,122.27,121.06
142061,78086,224989.0271,70882.1253,69597.3428,-213955.2291,-71.9803,-71.8884,1.9167,741.629,125.01,123.67
144253,79286,228458.4451,71975.1552,70674.0763,-217253.3377,-71.9794,-71.6933,1.8333,754.037,122.92,121.65
146445,80486,231931.6837,73069.3887,71746.1185,-220556.9899,-71.9800,-71.8229,1.9167,766.452,122.66,121.36
148640,81686,235407.1684,74164.3298,72816.1525,-223863.6574,-71.9813,-72.6016,1.7500,778.900,126.09,124.82
150821,82887,238859.0079,75251.8216,73890.3500,-227144.1056,-71.9797,-71.3785,1.9167,791.307,123.34,122.00
152998,84089,242309.2282,76338.8033,74951.8776,-230426.9727,-71.9812,-72.4475,1.7500,803.518,123.10,121.85
155174,85290,245755.0102,77424.3867,76014.4509,-233704.8323,-71.9820,-72.2751,1.5833,815.603,120.40,119.20
157361,86490,249219.5284,78515.8729,77090.3743,-236998.0519,-71.9809,-71.8884,1.6667,827.678,120.30,119.11
159556,87690,252695.4205,79610.9423,78163.9618,-240303.9917,-71.9813,-72.2955,1.8333,839.759,122.91,121.63
161738,88892,256149.9860,80699.2930,79232.6997,-243589.0827,-71.9813,-72.4479,1.8333,851.859,118.86,117.56
163929,90092,259620.7665,81792.7521,80307.7310,-246889.1777,-71.9809,-72.2356,1.9167,863.967,122.29,121.02
166112,91293,263078.6897,82882.1605,81374.0015,-250178.6020,-71.9817,-72.0660,1.7500,876.150,120.15,118.93
168295,92494,266533.7148,83970.6559,82444.5818,-253463.5769,-71.9813,-71.9070,1.9167,888.332,119.68,118.40
170473,93695,269981.1484,85056.7596,83514.9509,-256740.6375,-71.9804,-71.6016,1.9167,900.498,119.48,118.18
172656,94896,273441.1558,86146.8247,84579.3624,-260032.8582,-71.9817,-71.9801,1.8333,912.617,121.78,120.51
174846,96096,276909.0512,87239.3748,85650.6661,-263331.1318,-71.9820,-71.9670,1.9167,924.682,122.02,120.73
177038,97296,280380.4874,88333.0405,86725.7312,-266631.9054,-71.9817,-71.9489,1.7500,936.796,123.35,122.10
179223,98497,283839.9304,89422.9278,87796.5169,-269921.4593,-71.9816,-71.8999,1.9167,948.897,119.89,118.55
181401,99698,287289.8502,90509.8148,88865.3893,-273201.6211,-71.9812,-71.8229,1.9167,960.975,118.82,117.54
181974,100010,288196.9788,90795.6029,89139.5252,-274066.3626,-71.9826,-72.2068,1.8333,964.124,120.06,118.81
