generation,path_length_rings,euclid_distance,effective_rings,global_x,global_y,heading_running,heading_windowed,local_clock,elapsed_s,hop_ms,patch_ms
60,23,70.3378,22.1435,-68.4088,20.1246,161.8000,NaN,2.6087,0.107,106.69,74.48
83,35,105.9609,33.3582,-103.9629,25.4954,165.0475,171.4098,1.9167,0.184,76.88,75.80
105,47,139.7239,43.9874,-138.0694,28.0908,167.6288,173.4761,1.8333,0.263,79.38,78.34
126,59,174.6979,54.9978,-170.9241,41.1125,165.7654,168.4297,1.7500,0.345,81.60,80.58
148,71,208.9897,65.7934,-204.8883,46.5956,166.5980,169.0234,1.8333,0.426,81.29,80.25
170,83,245.1944,77.1913,-239.7148,56.6091,166.2081,167.9769,1.8333,0.508,81.85,80.83
193,95,277.6311,87.4029,-272.8691,57.2033,167.7203,169.7212,1.9167,0.592,84.04,82.97
214,107,313.4591,98.6821,-306.5490,70.6580,166.6265,168.0195,1.7500,0.678,86.58,85.57
236,119,347.7794,109.4867,-340.4086,76.5926,166.9656,168.2718,1.8333,0.763,84.96,83.92
257,131,382.2496,120.3385,-375.2650,78.6644,167.8414,169.1993,1.7500,0.849,85.57,84.59
278,143,414.9746,130.6409,-405.9220,91.5337,166.9959,168.0539,1.7500,0.936,87.36,86.38
300,155,449.3051,141.4487,-439.7817,97.4682,167.2301,168.2355,1.8333,1.022,86.15,85.08
321,167,481.5938,151.6137,-472.4289,99.3640,167.8687,168.9036,1.7500,1.112,89.63,88.59
342,179,516.5006,162.6029,-505.2951,112.4093,167.2201,168.0726,1.7500,1.201,89.02,88.00
364,191,550.8368,173.4126,-539.1548,118.3439,167.3971,168.2145,1.8333,1.288,86.80,85.73
384,203,583.0646,183.5584,-570.0471,127.8504,167.1478,167.8799,1.6667,1.375,87.11,86.13
405,215,615.9910,193.9242,-603.1943,130.5076,167.5927,168.3376,1.7500,1.464,89.27,88.26
428,227,652.3718,205.3775,-638.5278,139.2195,167.5122,168.2009,1.9167,1.552,87.57,86.44
448,239,683.8517,215.2878,-669.3270,145.7370,167.5370,168.1932,1.6667,1.639,87.62,86.63
470,251,718.9315,226.3316,-703.2798,154.6606,167.4265,168.0354,1.8333,1.729,90.11,89.01
493,263,754.3572,237.4842,-738.7216,158.4416,167.7323,168.1708,1.9167,1.816,86.62,85.57
514,275,789.6369,248.5908,-772.7344,168.0456,167.5757,167.5643,1.7500,1.905,88.40,87.39
537,288,825.0385,259.7358,-808.2477,171.3368,167.8831,168.4517,1.7692,1.990,85.77,84.68
558,300,857.7359,270.0295,-838.9047,184.2061,167.4725,167.7541,1.7500,2.079,88.27,87.28
580,312,893.6216,281.3269,-874.4735,189.5552,167.6323,168.1708,1.8333,2.166,87.88,86.82
601,324,926.5797,291.7027,-907.6207,192.2125,167.9108,167.9924,1.7500,2.252,86.05,85.03
622,336,959.2719,301.9947,-938.2777,205.0818,167.5427,167.9874,1.7500,2.341,88.31,87.31
645,348,994.4606,313.0727,-974.1048,205.9215,167.9407,168.4651,1.9167,2.428,86.94,85.85
666,360,1029.9642,324.2498,-1007.7209,218.4432,167.6502,167.5374,1.7500,2.516,88.15,87.17
689,372,1065.8469,335.5463,-1043.2750,223.8140,167.7770,168.2749,1.9167,2.605,89.35,88.30
710,384,1099.1462,346.0294,-1075.5857,231.9405,167.7196,168.0580,1.7500,2.694,88.45,87.44
731,396,1132.0934,356.4018,-1108.8898,233.7878,167.9867,168.0741,1.7500,2.782,88.15,87.17
752,408,1165.6862,366.9774,-1140.2183,247.8548,167.6309,167.9578,1.7500,2.872,89.88,88.90
775,420,1201.5679,378.2735,-1175.7725,253.2256,167.7439,168.0375,1.9167,2.962,90.45,89.41
797,432,1235.4569,388.9423,-1209.8789,255.8210,167.9621,168.6897,1.8333,3.054,91.59,90.55
818,444,1270.3185,399.9173,-1242.7336,268.8427,167.6967,167.7947,1.7500,3.145,91.28,90.21
841,456,1305.5544,411.0102,-1277.5115,274.7352,167.7693,168.0261,1.9167,3.234,89.44,88.33
862,468,1341.0313,422.1789,-1312.1882,282.2277,167.7703,168.0131,1.7500,3.324,89.07,88.03
885,481,1376.4425,433.3269,-1347.7015,285.5189,167.9496,168.5214,1.7692,3.412,88.28,87.19
905,493,1408.6417,443.4638,-1378.5938,295.0254,167.8338,167.9508,1.6667,3.501,89.05,88.05
926,505,1442.3706,454.0822,-1410.8974,305.2149,167.7085,167.8692,1.7500,3.590,89.36,88.37
949,517,1477.9841,465.2939,-1447.0745,306.3946,167.9624,168.0626,1.9167,3.680,89.31,88.13
970,529,1510.6636,475.5820,-1477.7315,319.2638,167.7275,168.0626,1.7500,3.774,94.16,93.14
992,541,1545.0116,486.3953,-1511.5912,325.1984,167.7794,167.9811,1.8333,3.865,91.07,89.99
1014,553,1580.7388,497.6428,-1546.4247,333.1489,167.7650,167.5584,1.8333,3.958,92.74,91.64
1037,565,1615.2514,508.5079,-1581.2811,335.2207,167.9552,168.5583,1.9167,4.050,92.35,91.20
1058,577,1649.4792,519.2834,-1613.3711,348.7876,167.7269,167.4023,1.7500,4.142,92.39,91.33
1081,589,1685.3201,530.5667,-1649.9596,349.1274,167.9801,168.4984,1.9167,4.236,93.36,92.23
1102,601,1720.1764,541.5401,-1682.8143,362.1491,167.7837,167.7947,1.7500,4.328,92.89,91.80
1125,613,1755.4144,552.6336,-1717.5923,368.0416,167.8360,168.0309,1.9167,4.420,91.43,90.32
1146,625,1790.6886,563.7385,-1751.6050,377.6457,167.7649,167.3835,1.7500,4.509,89.50,88.43
1169,638,1826.3057,574.9513,-1787.7822,378.8253,167.9692,168.5661,1.7692,4.599,89.87,88.74
1190,650,1858.9821,585.2384,-1818.4392,391.6946,167.7782,167.8409,1.7500,4.692,93.04,91.99
1212,662,1894.8785,596.5392,-1854.0080,397.0437,167.8478,167.6338,1.8333,4.785,92.27,91.15
1235,674,1930.7678,607.8377,-1889.5621,402.4146,167.9141,168.3323,1.9167,4.876,91.82,90.71
1258,686,1966.9555,619.2302,-1924.1489,413.7042,167.8035,167.8710,1.9167,4.970,93.45,92.35
1281,698,2002.1940,630.3239,-1958.9269,419.5968,167.8490,168.0084,1.9167,5.061,90.76,89.61
1302,710,2037.6708,641.4926,-1993.6035,427.0893,167.8482,167.6373,1.7500,5.151,90.21,89.11
1325,723,2073.0855,652.6417,-2029.1168,430.3805,167.9659,168.2461,1.7692,5.240,89.35,88.25
1346,735,2105.7611,662.9285,-2059.7738,443.2497,167.7974,167.9905,1.7500,5.332,91.74,90.68
1368,747,2141.6581,674.2295,-2095.3426,448.5989,167.8586,167.6275,1.8333,5.424,92.31,91.15
1389,759,2174.6272,684.6087,-2128.4899,451.2561,167.9739,168.5343,1.7500,5.515,91.20,90.12
1409,771,2206.8241,694.7448,-2159.3822,460.7626,167.8996,168.1802,1.6667,5.606,90.87,89.87
1430,783,2240.5483,705.3618,-2191.6858,470.9521,167.8180,167.9449,1.7500,5.697,91.01,89.98
1453,795,2276.1689,716.5757,-2227.8629,472.1318,167.9811,168.0444,1.9167,5.788,91.11,89.97
1474,807,2308.8420,726.8618,-2258.5199,485.0010,167.8272,168.0780,1.7500,5.883,94.61,93.59
1496,819,2343.1922,737.6758,-2292.3796,490.9356,167.8599,167.5521,1.8333,5.975,92.44,91.35
1518,831,2378.9187,748.9231,-2327.2131,498.8861,167.8491,168.0199,1.8333,6.071,95.83,94.77
1541,843,2413.4362,759.7897,-2362.0695,500.9579,167.9752,168.3468,1.9167,6.167,95.57,94.40
1562,855,2447.6574,770.5631,-2394.1595,514.5248,167.8211,167.9744,1.7500,6.263,96.24,95.13
1585,867,2483.5050,781.8486,-2430.7480,514.8646,167.9915,168.0535,1.9167,6.361,97.53,96.38
1606,879,2518.3569,792.8205,-2463.6027,527.8863,167.8573,168.0801,1.7500,6.457,96.22,95.16
1628,891,2552.7152,803.6371,-2497.5669,533.3694,167.8973,168.0398,1.8333,6.554,96.87,95.75
1650,903,2588.8683,815.0187,-2532.3934,543.3829,167.8422,167.6312,1.8333,6.647,93.73,92.62
1673,916,2624.4905,826.2331,-2568.5706,544.5625,167.9834,168.5214,1.7692,6.741,93.37,92.26
1694,928,2657.1623,836.5188,-2599.2276,557.4318,167.8496,167.8515,1.7500,6.836,95.56,94.52
1716,940,2691.5129,847.3329,-2633.0872,563.3664,167.8778,167.9699,1.8333,6.930,93.41,92.30
1737,952,2726.0322,858.2002,-2667.9436,565.4382,167.9891,168.0626,1.7500,7.023,93.66,92.64
1758,964,2758.7032,868.4855,-2698.6006,578.3075,167.8601,168.0626,1.7500,7.119,95.52,94.43
1780,976,2793.0540,879.2997,-2732.4603,584.2420,167.8872,167.9811,1.8333,7.214,94.94,93.81
1802,988,2828.7803,890.5470,-2767.2938,592.1925,167.8778,167.5584,1.8333,7.311,96.99,95.91
1825,1000,2863.2994,901.4142,-2802.1502,594.2643,167.9837,168.2666,1.9167,7.408,96.86,95.72
1846,1012,2897.5183,912.1868,-2834.2402,607.8313,167.8534,167.9744,1.7500,7.504,96.48,95.38
1869,1024,2931.1219,922.7658,-2868.9435,606.2336,168.0267,168.1852,1.9167,7.599,94.59,93.38
1888,1036,2965.1230,933.4699,-2900.5412,621.0805,167.8727,168.0330,1.5833,7.697,97.90,96.86
1910,1048,3000.1314,944.4911,-2935.2816,626.0419,167.9195,168.1320,1.8333,7.793,96.48,95.29
1933,1060,3036.0230,955.7904,-2970.8357,631.4127,167.9608,168.3650,1.9167,7.889,96.01,94.88
1956,1072,3072.8458,967.3828,-3006.1839,642.2023,167.9015,167.6317,1.9167,7.985,96.16,95.04
1979,1084,3109.2454,978.8420,-3041.8688,649.3939,167.9097,168.2377,1.9167,8.080,94.75,93.64
2000,1096,3141.3750,988.9570,-3073.1680,656.6728,167.8995,167.5521,1.7500,8.174,93.97,92.89
2021,1108,3173.6982,999.1328,-3105.8152,658.5686,167.9896,168.4981,1.7500,8.270,95.90,94.74
2042,1120,3208.5649,1010.1095,-3138.6814,671.6139,167.8839,167.8315,1.7500,8.366,95.63,94.53
2064,1132,3242.9162,1020.9238,-3172.5410,677.5485,167.9069,168.1630,1.8333,8.459,92.92,91.80
2084,1144,3275.1158,1031.0608,-3203.4333,687.0550,167.8575,167.3498,1.6667,8.551,92.87,91.83
2107,1157,3311.4065,1042.4857,-3240.1341,688.9846,167.9584,168.4006,1.7692,8.645,93.24,92.10
2130,1169,3348.4527,1054.1484,-3275.9893,698.4726,167.9277,168.1320,1.9167,8.740,95.75,94.64
2153,1181,3384.3445,1065.4478,-3311.5434,703.8435,167.9646,167.8635,1.9167,8.836,95.54,94.42
2174,1193,3418.7825,1076.2895,-3343.9401,717.0220,167.8618,167.8690,1.7500,8.929,93.40,92.33
2197,1205,3453.3218,1087.1630,-3378.5421,720.3917,167.9279,168.1001,1.9167,9.025,95.30,94.19
2218,1217,3487.2414,1097.8414,-3411.6027,727.9946,167.9194,168.0979,1.7500,9.119,93.98,92.91
2240,1229,3522.7083,1109.0070,-3446.2647,735.5088,167.9178,167.6317,1.8333,9.213,94.53,93.46
2263,1241,3557.5179,1119.9657,-3480.9451,739.7897,167.9673,168.4673,1.9167,9.306,93.17,92.08
2284,1253,3591.2374,1130.5811,-3513.2487,749.9792,167.9158,167.4232,1.7500,9.401,94.20,93.12
2305,1265,3623.5615,1140.7573,-3545.8959,751.8750,167.9945,168.5430,1.7500,9.496,95.55,94.51
2326,1277,3658.4271,1151.7336,-3578.7621,764.9203,167.9018,167.8210,1.7500,9.592,95.47,94.38
2348,1289,3692.7788,1162.5480,-3612.6218,770.8549,167.9218,167.7417,1.8333,9.685,93.30,92.17
2368,1301,3724.9775,1172.6847,-3643.5141,780.3614,167.8783,167.7688,1.6667,9.778,93.12,92.09
2389,1313,3757.9462,1183.0638,-3676.6613,783.0186,167.9448,168.1127,1.7500,9.874,95.61,94.55
2412,1325,3794.3202,1194.5149,-3711.9948,791.7305,167.9276,168.0626,1.9167,9.967,93.30,92.14
2432,1337,3825.8013,1204.4257,-3742.7940,798.2480,167.9286,167.6317,1.6667,10.061,94.49,93.46
2454,1349,3860.8699,1215.4659,-3776.7468,807.1716,167.9045,168.0058,1.8333,10.158,96.12,95.02
2477,1361,3896.3190,1226.6259,-3812.1886,810.9526,167.9593,168.2193,1.9167,10.253,95.60,94.43
2498,1373,3931.5876,1237.7290,-3846.2014,820.5566,167.9258,168.2666,1.7500,10.349,95.93,94.84
2521,1386,3967.0059,1248.8793,-3881.7147,823.8478,167.9866,168.1290,1.7692,10.443,93.95,92.81
2542,1398,3999.6749,1259.1640,-3912.3717,836.7171,167.8977,167.7438,1.7500,10.539,95.64,94.57
2564,1410,4035.5753,1270.4661,-3947.9405,842.0662,167.9293,167.7459,1.8333,10.634,95.66,94.51
2585,1422,4068.5477,1280.8463,-3981.0877,844.7235,167.9904,168.6666,1.7500,10.727,92.98,91.88
2606,1434,4101.2162,1291.1309,-4011.7447,857.5928,167.9036,167.7743,1.7500,10.824,96.54,95.43
2629,1446,4136.4291,1302.2165,-4047.5718,858.4325,167.9962,168.4093,1.9167,10.918,93.83,92.71
2650,1458,4171.9177,1313.3889,-4081.1879,870.9542,167.9241,167.9578,1.7500,11.013,95.49,94.45
2673,1470,4207.8092,1324.6882,-4116.7420,876.3250,167.9538,167.8800,1.9167,11.109,95.47,94.35
2694,1482,4241.1045,1335.1701,-4149.0527,884.4515,167.9376,168.0580,1.7500,11.203,94.56,93.49
2715,1494,4274.0625,1345.5458,-4182.3568,886.2988,168.0066,168.0741,1.7500,11.298,94.37,93.31
2736,1506,4307.6364,1356.1154,-4213.6853,900.3658,167.9102,167.9578,1.7500,11.393,95.62,94.57
2759,1518,4343.5274,1367.4145,-4249.2395,905.7366,167.9392,168.0375,1.9167,11.489,95.67,94.54
2781,1530,4377.4256,1378.0862,-4283.3459,908.3320,167.9992,168.6897,1.8333,11.585,96.23,95.12
2802,1542,4412.2738,1389.0570,-4316.2006,921.3537,167.9225,167.7947,1.7500,11.681,96.31,95.23
2825,1554,4447.5151,1400.1515,-4350.9785,927.2462,167.9420,168.0261,1.9167,11.776,94.32,93.17
2846,1566,4482.9919,1411.3202,-4385.6552,934.7387,167.9410,168.0131,1.7500,11.870,94.30,93.26
2869,1579,4518.4111,1422.4708,-4421.1685,938.0299,167.9942,168.5214,1.7692,11.963,93.46,92.27
2889,1591,4550.6060,1432.6063,-4452.0608,947.5364,167.9581,167.9508,1.6667,12.059,95.29,94.23
2910,1603,4584.3257,1443.2218,-4484.3644,957.7259,167.9178,167.8692,1.7500,12.152,93.42,92.36
2933,1615,4619.9529,1454.4378,-4520.5415,958.9056,167.9974,168.0626,1.9167,12.245,93.13,91.99
2954,1627,4652.6200,1464.7220,-4551.1985,971.7748,167.9209,168.0626,1.7500,12.341,95.74,94.68
2976,1639,4686.9721,1475.5366,-4585.0582,977.7094,167.9365,167.9811,1.8333,12.434,93.22,92.13
2998,1651,4722.6980,1486.7837,-4619.8917,985.6599,167.9305,167.5584,1.8333,12.531,96.46,95.38
3021,1663,4757.2200,1497.6518,-4654.7481,987.7317,167.9939,168.5583,1.9167,12.627,96.26,95.09
3042,1675,4791.4347,1508.4231,-4686.8381,1001.2986,167.9151,167.4023,1.7500,12.723,95.78,94.68
3065,1687,4827.2890,1519.7107,-4723.4266,1001.6384,168.0020,168.4984,1.9167,12.819,95.89,94.77
3086,1699,4862.1365,1530.6812,-4756.2813,1014.6601,167.9324,167.7947,1.7500,12.914,95.82,94.72
3109,1711,4897.3781,1541.7759,-4791.0593,1020.5526,167.9501,168.0309,1.9167,13.009,94.17,93.01
3130,1723,4932.6470,1552.8791,-4825.0720,1030.1567,167.9234,167.3835,1.7500,13.101,92.83,91.78
3153,1736,4968.2744,1564.0952,-4861.2492,1031.3363,167.9974,168.5661,1.7692,13.195,93.54,92.40
3174,1748,5000.9413,1574.3793,-4891.9062,1044.2056,167.9262,167.8409,1.7500,13.291,95.78,94.71
3196,1760,5036.8427,1585.6816,-4927.4750,1049.5547,167.9514,167.6338,1.8333,13.386,95.60,94.50
3219,1772,5072.7352,1596.9812,-4963.0291,1054.9256,167.9759,168.3323,1.9167,13.483,96.28,95.13
3242,1784,5108.9164,1608.3716,-4997.6159,1066.2152,167.9328,167.8710,1.9167,13.578,95.74,94.60
3265,1796,5144.1580,1619.4663,-5032.3939,1072.1078,167.9496,168.0084,1.9167,13.673,94.75,93.56
3286,1808,5179.6348,1630.6350,-5067.0705,1079.6003,167.9487,167.6373,1.7500,13.767,93.80,92.76
3309,1821,5215.0542,1641.7856,-5102.5838,1082.8915,167.9948,168.2461,1.7692,13.860,93.30,92.15
3330,1833,5247.7212,1652.0697,-5133.2408,1095.7607,167.9270,167.9905,1.7500,13.956,95.62,94.54
3353,1845,5283.5765,1663.3575,-5169.8292,1096.1005,168.0063,168.0689,1.9167,14.050,94.05,92.95
3374,1857,5318.4233,1674.3279,-5202.6840,1109.1222,167.9427,168.0951,1.7500,14.146,95.77,94.71
3397,1869,5354.3154,1685.6273,-5238.2381,1114.4930,167.9659,168.1725,1.9167,14.243,97.04,95.81
3420,1881,5390.6889,1697.0783,-5273.5716,1123.2049,167.9537,168.1174,1.9167,14.337,93.97,92.80
3441,1893,5423.0152,1707.2551,-5306.2188,1125.1007,168.0061,168.0930,1.7500,14.433,96.49,95.37
3462,1905,5457.2378,1718.0290,-5338.3235,1138.6460,167.9370,168.0951,1.7500,14.529,95.74,94.64
3485,1917,5493.3568,1729.3999,-5374.2890,1143.1770,167.9692,167.7313,1.9167,14.623,93.80,92.67
3508,1929,5530.4025,1741.0624,-5410.1442,1152.6650,167.9505,168.0820,1.9167,14.720,96.98,95.89
3529,1941,5563.3758,1751.4430,-5443.2914,1155.3223,167.9950,168.3254,1.7500,14.813,93.67,92.59
3550,1953,5596.0425,1761.7270,-5473.9484,1168.1915,167.9314,167.9905,1.7500,14.909,96.01,94.96
3572,1965,5631.9441,1773.0294,-5509.5173,1173.5407,167.9538,167.6275,1.8333,15.004,95.12,94.00
3593,1977,5664.9176,1783.4100,-5542.6645,1176.1979,167.9975,168.5343,1.7500,15.097,92.76,91.68
3613,1989,5697.1122,1793.5454,-5573.5568,1185.7044,167.9686,168.1001,1.6667,15.191,93.25,92.23
3634,2001,5730.8311,1804.1607,-5605.8604,1195.8939,167.9363,167.6312,1.7500,15.285,94.48,93.39
3657,2014,5766.4594,1815.3771,-5642.0376,1197.0735,168.0000,168.5214,1.7692,15.379,93.64,92.43
3678,2026,5799.1255,1825.6609,-5672.6946,1209.9428,167.9386,167.8515,1.7500,15.474,95.80,94.70
3700,2038,5833.4779,1836.4756,-5706.5542,1215.8774,167.9511,167.9699,1.8333,15.568,93.30,92.21
3721,2050,5868.0012,1847.3441,-5741.4106,1217.9492,168.0023,168.0626,1.7500,15.662,94.19,93.14
3742,2062,5900.6670,1857.6279,-5772.0676,1230.8185,167.9420,168.0626,1.7500,15.758,95.84,94.77
3764,2074,5935.0195,1868.4426,-5805.9273,1236.7530,167.9542,167.5315,1.8333,15.852,93.87,92.72
3786,2086,5970.7452,1879.6896,-5840.7608,1244.7035,167.9494,168.0040,1.8333,15.948,95.94,94.83
3809,2098,6005.2684,1890.5581,-5875.6172,1246.7753,167.9995,168.2752,1.9167,16.044,95.95,94.80
3830,2110,6039.4815,1901.3290,-5907.7072,1260.3423,167.9369,167.7972,1.7500,16.141,97.58,96.56
3853,2122,6073.0910,1911.9098,-5942.4105,1258.7446,168.0200,168.1365,1.9167,16.236,94.93,93.80
3872,2134,6107.0875,1922.6124,-5974.0082,1273.5915,167.9453,168.0150,1.5833,16.332,95.80,94.82
3894,2146,6142.0984,1933.6345,-6008.7486,1278.5529,167.9677,167.9553,1.8333,16.430,97.93,96.81
3917,2158,6177.9914,1944.9342,-6044.3027,1283.9237,167.9878,168.3060,1.9167,16.527,97.10,95.91
3940,2170,6214.8120,1956.5259,-6079.6509,1294.7133,167.9583,167.6448,1.9167,16.622,95.42,94.29
3963,2182,6251.2120,1967.9852,-6115.3358,1301.9049,167.9621,168.2239,1.9167,16.717,94.53,93.39
3984,2194,6283.3410,1978.1000,-6146.6350,1309.1838,167.9567,167.9811,1.7500,16.810,93.53,92.42
4005,2206,6315.6672,1988.2768,-6179.2822,1311.0796,168.0016,168.0375,1.7500,16.906,95.58,94.54
4026,2218,6350.5300,1999.2522,-6212.1484,1324.1249,167.9482,167.7698,1.7500,17.001,95.16,94.07
4048,2230,6384.8826,2010.0670,-6246.0080,1330.0595,167.9595,168.1630,1.8333,17.094,92.93,91.82
4068,2242,6417.0790,2020.2029,-6276.9003,1339.5660,167.9340,167.3498,1.6667,17.187,93.44,92.42
4091,2255,6453.3749,2031.6295,-6313.6011,1341.4956,167.9854,168.4006,1.7692,17.282,94.53,93.40
4114,2267,6490.4200,2043.2919,-6349.4563,1350.9836,167.9694,168.1320,1.9167,17.378,95.58,94.45
4137,2279,6526.3130,2054.5916,-6385.0104,1356.3545,167.9883,167.8635,1.9167,17.474,96.04,94.91
4160,2291,6563.4004,2066.2673,-6420.4370,1368.0554,167.9528,168.0489,1.9167,17.570,96.13,94.96
4183,2303,6599.5335,2077.6426,-6456.0434,1374.3357,167.9640,168.0509,1.9167,17.665,95.17,94.01
4204,2315,6631.6625,2087.7574,-6487.3426,1381.6146,167.9588,168.0444,1.7500,17.758,93.25,92.20
4226,2327,6667.3882,2099.0044,-6522.1761,1389.5651,167.9545,167.5464,1.8333,17.854,95.42,94.34
4249,2339,6701.9115,2109.8729,-6557.0325,1391.6368,167.9993,168.5688,1.9167,17.949,95.22,94.10
4270,2351,6736.1243,2120.6437,-6589.1226,1405.2038,167.9432,167.2396,1.7500,18.045,95.87,94.78
4293,2363,6771.9806,2131.9318,-6625.7110,1405.5436,168.0051,168.5539,1.9167,18.140,95.66,94.51
4314,2375,6806.8268,2142.9020,-6658.5657,1418.5653,167.9553,167.8407,1.7500,18.236,95.84,94.74
4337,2387,6842.0689,2153.9968,-6693.3437,1424.4578,167.9678,167.7826,1.9167,18.330,94.28,93.12
4358,2399,6877.3369,2165.0997,-6727.3565,1434.0619,167.9487,167.8584,1.7500,18.423,92.87,91.79
4381,2412,6912.9660,2176.3164,-6763.5336,1435.2415,168.0017,168.3762,1.7692,18.516,92.81,91.69
4402,2424,6945.6313,2186.6000,-6794.1906,1448.1108,167.9504,167.8913,1.7500,18.613,96.76,95.66
4424,2436,6981.5335,2197.9026,-6829.7594,1453.4599,167.9684,167.6535,1.8333,18.710,97.02,95.86
4447,2448,7017.4265,2209.2023,-6865.3136,1458.8308,167.9861,168.3470,1.9167,18.807,97.51,96.27
4470,2460,7053.6067,2220.5924,-6899.9003,1470.1204,167.9548,167.9102,1.9167,18.905,97.96,96.83
4493,2472,7088.8488,2231.6872,-6934.6783,1476.0130,167.9669,168.2810,1.9167,19.000,94.37,93.21
4514,2484,7124.3255,2242.8559,-6969.3549,1483.5055,167.9661,167.7807,1.7500,19.094,94.48,93.41
4537,2497,7159.7458,2254.0067,-7004.8682,1486.7967,167.9996,168.2930,1.7692,19.188,93.72,92.55
4558,2509,7192.4112,2264.2904,-7035.5252,1499.6659,167.9501,167.5759,1.7500,19.284,96.03,94.97
4580,2521,7228.3134,2275.5930,-7071.0940,1505.0151,167.9675,168.1131,1.8333,19.379,95.30,94.17
4601,2533,7261.2876,2285.9738,-7104.2413,1507.6723,168.0015,168.3762,1.7500,19.472,93.01,91.92
4621,2545,7293.4818,2296.1091,-7135.1336,1517.1788,167.9789,168.1802,1.6667,19.565,93.01,91.99
4642,2557,7327.1999,2306.7241,-7167.4372,1527.3683,167.9536,167.9449,1.7500,19.659,93.85,92.81
4664,2569,7361.5849,2317.5491,-7201.2254,1533.7926,167.9596,167.5558,1.8333,19.754,94.69,93.57
4687,2581,7397.7182,2328.9244,-7236.8318,1540.0729,167.9696,168.2377,1.9167,19.848,94.34,93.20
4708,2593,7429.8471,2339.0391,-7268.1310,1547.3518,167.9650,167.5521,1.7500,19.942,93.46,92.37
4730,2605,7465.5728,2350.2862,-7302.9645,1555.3023,167.9610,168.0199,1.8333,20.038,96.55,95.39
4753,2617,7500.0965,2361.1548,-7337.8209,1557.3741,168.0011,168.3468,1.9167,20.134,95.57,94.42
4774,2629,7534.3088,2371.9254,-7369.9109,1570.9410,167.9509,167.9744,1.7500,20.230,96.01,94.92
4797,2641,7570.1656,2383.2137,-7406.4994,1571.2808,168.0062,168.0535,1.9167,20.326,96.11,95.00
4818,2653,7605.0114,2394.1837,-7439.3541,1584.3025,167.9617,168.0801,1.7500,20.422,95.85,94.78
4841,2665,7640.2537,2405.2786,-7474.1321,1590.1950,167.9728,168.0196,1.9167,20.516,94.23,93.10
4862,2677,7675.5214,2416.3815,-7508.1449,1599.7991,167.9556,167.6312,1.7500,20.609,93.18,92.04
4885,2690,7711.1510,2427.5983,-7544.3220,1600.9787,168.0032,168.5214,1.7692,20.703,93.58,92.39
4906,2702,7743.8159,2437.8817,-7574.9790,1613.8480,167.9572,167.8515,1.7500,20.799,95.86,94.80
4928,2714,7779.7183,2449.1844,-7610.5478,1619.1971,167.9733,168.0511,1.8333,20.894,95.90,94.77
4951,2726,7815.6114,2460.4841,-7646.1019,1624.5680,167.9891,167.8741,1.9167,20.990,95.81,94.71
4974,2738,7851.7913,2471.8741,-7680.6887,1635.8576,167.9610,168.0801,1.9167,21.086,95.83,94.70
4997,2750,7887.0335,2482.9690,-7715.4667,1641.7502,167.9719,168.0196,1.9167,21.180,93.90,92.76
5018,2762,7922.5102,2494.1377,-7750.1433,1649.2427,167.9711,167.6373,1.7500,21.274,94.31,93.25
5041,2775,7957.9307,2505.2886,-7785.6566,1652.5339,168.0012,168.2461,1.7692,21.368,93.40,92.27
5062,2787,7990.5958,2515.5721,-7816.3136,1665.4031,167.9567,167.9905,1.7500,21.463,95.56,94.53
5084,2799,8026.4981,2526.8748,-7851.8824,1670.7523,167.9723,168.1131,1.8333,21.559,95.30,94.19
5105,2811,8059.4726,2537.2557,-7885.0297,1673.4095,168.0029,168.3762,1.7500,21.652,93.73,92.64
5125,2823,8091.6667,2547.3909,-7915.9220,1682.9160,167.9826,168.1802,1.6667,21.745,92.89,91.88
5146,2835,8125.3845,2558.0058,-7948.2256,1693.1055,167.9597,167.9449,1.7500,21.838,93.33,92.29
5169,2847,8161.0144,2569.2227,-7984.4027,1694.2852,168.0046,168.0444,1.9167,21.932,93.22,92.09
5190,2859,8193.6790,2579.5061,-8015.0597,1707.1544,167.9611,168.0780,1.7500,22.027,95.79,94.74
5212,2871,8228.0319,2590.3209,-8048.9194,1713.0890,167.9699,167.5521,1.8333,22.121,93.60,92.48
5234,2883,8263.7575,2601.5679,-8083.7529,1721.0395,167.9663,168.0199,1.8333,22.217,96.21,95.11
5257,2895,8298.2815,2612.4367,-8118.6093,1723.1113,168.0025,168.3468,1.9167,22.313,95.60,94.48
5278,2907,8332.4933,2623.2071,-8150.6993,1736.6782,167.9571,167.9744,1.7500,22.409,95.94,94.83
5301,2919,8368.3506,2634.4956,-8187.2878,1737.0180,168.0071,168.0535,1.9167,22.505,95.68,94.55
5322,2931,8403.1961,2645.4655,-8220.1425,1750.0397,167.9668,168.0801,1.7500,22.600,95.81,94.69
5344,2943,8437.5573,2656.2830,-8254.1067,1755.5228,167.9785,168.0398,1.8333,22.695,94.63,93.53
5366,2955,8473.7060,2667.6632,-8288.9332,1765.5363,167.9613,167.6312,1.8333,22.788,93.50,92.37
5388,2967,8507.0156,2678.1496,-8321.0531,1774.6257,167.9465,167.7730,1.8333,22.883,94.83,93.71
5409,2979,8539.9802,2688.5274,-8354.2935,1776.8079,167.9788,168.0626,1.7500,22.979,95.64,94.56
5430,2991,8573.6588,2699.1300,-8387.3019,1783.5013,167.9810,168.1010,1.7500,23.073,94.10,93.06
5452,3003,8609.3662,2710.3713,-8422.0161,1791.9250,167.9743,167.6448,1.8333,23.167,94.43,93.38
5475,3015,8642.3590,2720.7580,-8455.2826,1794.1090,168.0061,168.6114,1.9167,23.262,94.82,93.68
5494,3027,8675.4410,2731.1728,-8486.7272,1805.2864,167.9770,168.0351,1.5833,23.357,94.78,93.76
5516,3039,8710.9079,2742.3383,-8521.3892,1812.8006,167.9762,167.6448,1.8333,23.452,94.77,93.63
5539,3051,8745.7198,2753.2977,-8556.0696,1817.0816,167.9961,168.1630,1.9167,23.545,93.07,91.95
5560,3063,8779.4368,2763.9123,-8588.3732,1827.2711,167.9749,168.1630,1.7500,23.639,93.62,92.50
5580,3075,8811.6323,2774.0480,-8619.2655,1836.7776,167.9563,167.3498,1.6667,23.732,93.13,92.10
5601,3087,8844.6054,2784.4285,-8652.4127,1839.4348,167.9842,168.2749,1.7500,23.827,95.47,94.41
5624,3099,8882.5283,2796.3673,-8689.4554,1847.5613,167.9827,168.1437,1.9167,23.921,94.22,93.06
5647,3111,8917.7711,2807.4623,-8724.2334,1853.4538,167.9922,168.3191,1.9167,24.018,96.53,95.41
5669,3123,8952.8376,2818.5018,-8758.1862,1862.3774,167.9815,167.7157,1.8333,24.114,96.53,95.38
5692,3135,8988.7770,2829.8161,-8792.7206,1872.7577,167.9627,168.0330,1.9167,24.210,96.08,94.92
5714,3147,9023.7626,2840.8302,-8827.4349,1877.7172,167.9778,167.6040,1.8333,24.305,94.30,93.17
5736,3159,9059.2294,2851.9957,-8862.0968,1885.2314,167.9770,168.1076,1.8333,24.400,94.77,93.67
5759,3171,9092.2224,2862.3825,-8895.3633,1887.4155,168.0072,168.3776,1.9167,24.496,96.04,94.82
5778,3183,9125.3043,2872.7972,-8926.8079,1898.5928,167.9796,168.2174,1.5833,24.590,94.09,93.05
5800,3196,9159.9538,2883.7054,-8959.9731,1909.2084,167.9578,168.1051,1.6923,24.684,94.71,93.55
5823,3209,9196.2513,2895.1325,-8996.6739,1911.1380,167.9938,168.1889,1.7692,24.779,94.63,93.53
5846,3221,9233.2960,2906.7948,-9032.5291,1920.6260,167.9825,168.0019,1.9167,24.875,95.82,94.76
5869,3233,9269.1894,2918.0946,-9068.0832,1925.9969,167.9958,168.2764,1.9167,24.971,96.40,95.24
5890,3245,9302.7458,2928.6587,-9099.5686,1939.2539,167.9562,167.3043,1.7500,25.065,94.18,93.10
5911,3257,9335.7189,2939.0392,-9132.7159,1941.9111,167.9827,168.0581,1.7500,25.163,97.58,96.51
5932,3269,9369.0135,2949.5209,-9165.0265,1950.0376,167.9753,167.9636,1.7500,25.261,97.99,96.85
5955,3281,9405.5313,2961.0173,-9201.3306,1954.8848,167.9925,167.9449,1.9167,25.362,101.45,100.29
5978,3293,9441.7269,2972.4123,-9235.9288,1966.1981,167.9690,167.8913,1.9167,25.461,98.85,97.66
6000,3305,9476.0799,2983.2272,-9269.7885,1972.1326,167.9766,168.2461,1.8333,25.558,96.54,95.38
6021,3317,9508.4072,2993.4043,-9302.4357,1974.0284,168.0064,168.3017,1.7500,25.659,101.05,99.99
6042,3329,9543.2686,3004.3793,-9335.3019,1987.0737,167.9708,167.8106,1.7500,25.760,101.03,99.93
6064,3341,9577.6216,3015.1942,-9369.1616,1993.0083,167.9783,167.7902,1.8333,25.857,96.69,95.58
6084,3353,9609.8169,3025.3298,-9400.0539,2002.5148,167.9612,167.6840,1.6667,25.954,97.27,96.24
6105,3365,9642.7903,3035.7104,-9433.2011,2005.1720,167.9868,168.3191,1.7500,26.054,99.97,98.86
6128,3377,9679.1634,3047.1612,-9468.5346,2013.8839,167.9799,168.0088,1.9167,26.150,96.46,95.30
6148,3389,9710.6445,3057.0720,-9499.3338,2020.4014,167.9802,168.0240,1.6667,26.247,97.19,96.17
6170,3401,9745.7114,3068.1116,-9533.2866,2029.3250,167.9704,167.4585,1.8333,26.347,99.48,98.33
6193,3413,9781.1637,3079.2726,-9568.7284,2033.1060,167.9920,168.1650,1.9167,26.444,96.71,95.57
6214,3425,9816.4306,3090.3752,-9602.7412,2042.7100,167.9785,168.2666,1.7500,26.543,99.15,98.06
6237,3438,9851.8514,3101.5263,-9638.2545,2046.0012,168.0028,168.1290,1.7692,26.641,98.22,97.09
6258,3450,9884.5158,3111.8095,-9668.9115,2058.8705,167.9668,167.7438,1.7500,26.740,99.01,97.92
6280,3462,9920.4185,3123.1123,-9704.4803,2064.2196,167.9794,167.7459,1.8333,26.839,98.90,97.76
6301,3474,9953.3932,3133.4933,-9737.6275,2066.8769,168.0042,168.6891,1.7500,26.936,96.54,95.39
6322,3486,9986.0575,3143.7766,-9768.2846,2079.7462,167.9685,167.7638,1.7500,27.035,99.92,98.79
6345,3498,10021.2747,3154.8635,-9804.1116,2080.5859,168.0065,168.4548,1.9167,27.134,98.47,97.31
6366,3510,10056.7605,3166.0350,-9837.7277,2093.1076,167.9765,167.7459,1.7500,27.233,99.14,98.06
6389,3522,10092.6537,3177.3348,-9873.2818,2098.4784,167.9887,168.2749,1.9167,27.332,98.90,97.75
6410,3534,10125.9481,3187.8164,-9905.5925,2106.6049,167.9818,168.0580,1.7500,27.430,97.77,96.64
6431,3546,10158.9082,3198.1928,-9938.8966,2108.4522,168.0107,168.0741,1.7500,27.527,97.35,96.28
6452,3558,10192.4781,3208.7612,-9970.2251,2122.5192,167.9700,167.9578,1.7500,27.625,98.41,97.33
6475,3570,10228.3710,3220.0609,-10005.7793,2127.8900,167.9820,168.0375,1.9167,27.723,97.20,96.02
6497,3582,10262.2713,3230.7332,-10039.8857,2130.4854,168.0075,168.6897,1.8333,27.819,96.47,95.37
6518,3594,10297.1163,3241.7030,-10072.7404,2143.5071,167.9746,167.7947,1.7500,27.915,96.17,95.09
6541,3606,10332.3589,3252.7980,-10107.5184,2149.3996,167.9828,168.0261,1.9167,28.009,93.85,92.74
6562,3618,10367.8356,3263.9666,-10142.1950,2156.8921,167.9822,168.0131,1.7500,28.104,94.50,93.44
6585,3631,10403.2567,3275.1178,-10177.7083,2160.1833,168.0052,168.5214,1.7692,28.197,93.07,91.96
6605,3643,10435.4505,3285.2529,-10208.6006,2169.6898,167.9894,167.9508,1.6667,28.290,93.08,92.06
6626,3655,10469.1679,3295.8677,-10240.9042,2179.8793,167.9717,167.8692,1.7500,28.383,93.26,92.23
6648,3667,10503.5531,3306.6928,-10274.6924,2186.3036,167.9758,167.5680,1.8333,28.477,94.23,93.13
6671,3679,10539.6867,3318.0682,-10310.2988,2192.5839,167.9827,168.2239,1.9167,28.573,95.61,94.46
6692,3691,10571.8155,3328.1829,-10341.5980,2199.8628,167.9795,167.9811,1.7500,28.670,96.84,95.76
6714,3703,10607.5410,3339.4299,-10376.4315,2207.8133,167.9767,167.5584,1.8333,28.771,101.55,100.39
6737,3715,10642.0656,3350.2988,-10411.2879,2209.8851,168.0048,168.5583,1.9167,28.873,101.66,100.44
6758,3727,10676.2766,3361.0690,-10443.3779,2223.4520,167.9694,167.4023,1.7500,28.975,101.69,100.57
6781,3739,10712.1347,3372.3577,-10479.9664,2223.7918,168.0084,168.4984,1.9167,29.076,101.82,100.66
6802,3751,10746.9796,3383.3275,-10512.8211,2236.8135,167.9769,167.7947,1.7500,29.177,100.73,99.59
6825,3763,10782.2222,3394.4224,-10547.5991,2242.7060,167.9848,168.0309,1.9167,29.277,99.44,98.24
6846,3775,10817.4894,3405.5251,-10581.6119,2252.3101,167.9725,167.3835,1.7500,29.374,97.85,96.76
6869,3788,10853.1201,3416.7422,-10617.7890,2253.4897,168.0062,168.5661,1.7692,29.473,98.64,97.45
6890,3800,10885.7839,3427.0254,-10648.4460,2266.3590,167.9735,167.8409,1.7500,29.575,101.64,100.51
6912,3812,10921.6868,3438.3282,-10684.0148,2271.7081,167.9849,167.6338,1.8333,29.676,101.51,100.32
6935,3824,10957.5803,3449.6281,-10719.5689,2277.0790,167.9962,168.3323,1.9167,29.778,102.04,100.88
6958,3836,10993.7595,3461.0179,-10754.1557,2288.3686,167.9761,167.8710,1.9167,29.880,101.97,100.80
6981,3848,11029.0021,3472.1128,-10788.9337,2294.2612,167.9838,168.0084,1.9167,29.981,100.25,99.08
7002,3860,11064.4787,3483.2815,-10823.6103,2301.7537,167.9833,167.6373,1.7500,30.081,99.98,98.87
7025,3873,11099.8998,3494.4326,-10859.1236,2305.0449,168.0048,168.2461,1.7692,30.180,98.99,97.79
7046,3885,11132.5638,3504.7158,-10889.7806,2317.9141,167.9728,167.9905,1.7500,30.282,102.01,100.91
7068,3897,11168.4667,3516.0186,-10925.3494,2323.2633,167.9840,168.1131,1.8333,30.383,101.61,100.43
7089,3909,11201.4417,3526.3997,-10958.4967,2325.9205,168.0060,168.3762,1.7500,30.482,99.08,97.93
7109,3921,11233.6355,3536.5348,-10989.3890,2335.4270,167.9913,168.1802,1.6667,30.582,99.29,98.20
7130,3933,11267.3527,3547.1495,-11021.6926,2345.6165,167.9748,167.9449,1.7500,30.681,99.16,98.07
7153,3945,11302.9835,3558.3667,-11057.8697,2346.7962,168.0072,168.0444,1.9167,30.780,99.16,97.99
7174,3957,11335.6472,3568.6498,-11088.5267,2359.6654,167.9757,168.0780,1.7500,30.882,102.05,100.96
7196,3969,11370.0003,3579.4647,-11122.3864,2365.6000,167.9820,167.5521,1.8333,30.981,99.12,97.98
7218,3981,11405.7258,3590.7117,-11157.2199,2373.5505,167.9794,168.0199,1.8333,31.083,102.06,100.95
7241,3993,11440.2506,3601.5807,-11192.0763,2375.6223,168.0056,168.3468,1.9167,31.185,101.48,100.27
7262,4005,11474.4614,3612.3508,-11224.1663,2389.1892,167.9726,167.9744,1.7500,31.287,102.11,100.95
7285,4017,11510.3197,3623.6396,-11260.7548,2389.5290,168.0089,168.0535,1.9167,31.389,102.28,101.10
7306,4029,11545.1645,3634.6093,-11293.6095,2402.5507,167.9796,168.0801,1.7500,31.491,101.91,100.74
7328,4041,11579.5260,3645.4269,-11327.5737,2408.0338,167.9881,168.0398,1.8333,31.591,100.43,99.26
7350,4053,11615.6742,3656.8069,-11362.4002,2418.0473,167.9755,167.6312,1.8333,31.690,99.11,97.96
7373,4066,11651.3051,3668.0241,-11398.5774,2419.2269,168.0069,168.5214,1.7692,31.790,99.41,98.23
7394,4078,11683.9687,3678.3072,-11429.2344,2432.0962,167.9764,167.8515,1.7500,31.892,101.75,100.64
7416,4090,11719.8717,3689.6100,-11464.8032,2437.4453,167.9870,168.0511,1.8333,31.993,101.65,100.51
7439,4102,11755.7653,3700.9099,-11500.3573,2442.8162,167.9975,167.8741,1.9167,32.095,101.90,100.74
7462,4114,11791.9443,3712.2997,-11534.9441,2454.1058,167.9788,168.0801,1.9167,32.197,101.77,100.61
7485,4126,11828.0651,3723.6711,-11570.9095,2458.6368,167.9936,168.1567,1.9167,32.297,99.73,98.56
7508,4138,11865.1098,3735.3334,-11606.7647,2468.1248,167.9848,167.6275,1.9167,32.398,101.43,100.28
7529,4150,11898.0848,3745.7145,-11639.9120,2470.7821,168.0055,168.2461,1.7500,32.498,99.83,98.71
7550,4162,11930.7486,3755.9976,-11670.5690,2483.6514,167.9757,167.9905,1.7500,32.600,102.34,101.19
7573,4174,11966.6073,3767.2865,-11707.1574,2483.9911,168.0106,168.0689,1.9167,32.701,101.10,99.87
7594,4186,12001.4518,3778.2561,-11740.0121,2497.0128,167.9824,168.0951,1.7500,32.804,102.71,101.59
7617,4198,12037.3451,3789.5559,-11775.5663,2502.3836,167.9926,168.1725,1.9167,32.907,102.51,101.34
7640,4210,12073.7180,3801.0067,-11810.8998,2511.0955,167.9870,168.1174,1.9167,33.007,99.99,98.78
7661,4222,12106.0459,3811.1841,-11843.5470,2512.9913,168.0104,168.0930,1.7500,33.108,101.88,100.72
7682,4234,12140.2659,3821.9571,-11875.6517,2526.5366,167.9794,168.0951,1.7500,33.210,101.82,100.68
7705,4246,12175.5085,3833.0521,-11910.4297,2532.4292,167.9863,167.5950,1.9167,33.311,100.47,99.24
7726,4258,12210.9852,3844.2207,-11945.1064,2539.9216,167.9858,168.0933,1.7500,33.411,100.40,99.28
7749,4271,12246.4064,3855.3719,-11980.6196,2543.2129,168.0053,168.3051,1.7692,33.511,99.61,98.40
7770,4283,12279.0701,3865.6550,-12011.2766,2556.0821,167.9763,167.9905,1.7500,33.612,101.54,100.42
7792,4295,12314.9731,3876.9578,-12046.8454,2561.4313,167.9864,167.6275,1.8333,33.714,101.48,100.33
7813,4307,12347.9482,3887.3389,-12079.9927,2564.0885,168.0064,168.5343,1.7500,33.813,98.90,97.78
7833,4319,12380.1420,3897.4741,-12110.8850,2573.5950,167.9931,168.1001,1.6667,33.912,99.17,98.08
7854,4331,12413.8590,3908.0888,-12143.1886,2583.7845,167.9781,167.6312,1.7500,34.011,99.49,98.35
7876,4343,12447.1679,3918.5749,-12175.3085,2592.8739,167.9680,167.7730,1.8333,34.111,100.15,98.98
7897,4355,12480.1338,3928.9532,-12208.5489,2595.0561,167.9900,167.9239,1.7500,34.213,101.59,100.44
7918,4367,12514.0528,3939.6314,-12241.6095,2602.6590,167.9874,168.0351,1.7500,34.313,100.26,99.12
7940,4379,12549.5197,3950.7970,-12276.2715,2610.1732,167.9868,167.6448,1.8333,34.414,100.73,99.61
7963,4391,12584.3319,3961.7565,-12310.9519,2614.4541,168.0006,168.4557,1.9167,34.513,99.30,98.13
7984,4403,12618.0485,3972.3710,-12343.2555,2624.6436,167.9858,167.5315,1.7500,34.612,98.89,97.75
8005,4415,12650.3763,3982.5483,-12375.9027,2626.5394,168.0082,168.4867,1.7500,34.714,101.98,100.89
8026,4427,12685.2370,3993.5231,-12408.7689,2639.5847,167.9814,167.7743,1.7500,34.816,101.84,100.72
8048,4439,12719.5903,4004.3380,-12442.6286,2645.5193,167.9870,167.9874,1.8333,34.916,99.69,98.49
8068,4451,12751.7850,4014.4735,-12473.5209,2655.0258,167.9742,167.2945,1.6667,35.015,99.25,98.15
8089,4463,12784.7592,4024.8543,-12506.6681,2657.6830,167.9935,168.2592,1.7500,35.117,102.42,101.28
8112,4475,12821.1321,4036.3051,-12542.0016,2666.3949,167.9882,168.0242,1.9167,35.217,99.56,98.33
8132,4487,12852.6132,4046.2159,-12572.8008,2672.9124,167.9884,168.0375,1.6667,35.318,100.81,99.75
8154,4499,12887.6799,4057.2554,-12606.7536,2681.8360,167.9810,167.5163,1.8333,35.420,102.18,101.02
8177,4511,12923.1326,4068.4165,-12642.1954,2685.6170,167.9973,168.3978,1.9167,35.520,99.94,98.72
8198,4523,12958.3993,4079.5191,-12676.2082,2695.2210,167.9871,167.9987,1.7500,35.623,102.73,101.59
8221,4536,12993.8205,4090.6702,-12711.7215,2698.5122,168.0055,167.9874,1.7692,35.722,99.62,98.38
8242,4548,13026.4841,4100.9533,-12742.3785,2711.3815,167.9781,167.6915,1.7500,35.825,102.46,101.36
8264,4560,13062.3872,4112.2562,-12777.9473,2716.7306,167.9877,168.1708,1.8333,35.926,101.23,100.02
8285,4572,13095.3623,4122.6373,-12811.0945,2719.3879,168.0065,168.7458,1.7500,36.025,98.76,97.60
8306,4584,13128.0258,4132.9203,-12841.7516,2732.2572,167.9793,167.7743,1.7500,36.127,102.23,101.10
8329,4596,13163.2438,4144.0075,-12877.5786,2733.0969,168.0082,168.4093,1.9167,36.228,101.01,99.82
8350,4608,13198.7291,4155.1789,-12911.1947,2745.6186,167.9854,167.9578,1.7500,36.331,102.67,101.57
8373,4620,13234.6226,4166.4787,-12946.7488,2750.9894,167.9947,167.8800,1.9167,36.433,102.53,101.36
8394,4632,13267.9169,4176.9603,-12979.0595,2759.1159,167.9894,168.0580,1.7500,36.535,102.12,100.96
8415,4644,13300.8773,4187.3368,-13012.3636,2760.9632,168.0115,168.0741,1.7500,36.636,100.73,99.64
8436,4656,13334.4465,4197.9050,-13043.6921,2775.0302,167.9803,167.9578,1.7500,36.738,101.80,100.63
8459,4668,13370.3398,4209.2048,-13079.2463,2780.4010,167.9895,168.0375,1.9167,36.839,101.50,100.28
8481,4680,13404.2404,4219.8772,-13113.3527,2782.9964,168.0090,168.6897,1.8333,36.942,102.60,101.41
8502,4692,13439.0849,4230.8469,-13146.2074,2796.0181,167.9838,167.7947,1.7500,37.044,102.63,101.42
8525,4704,13474.3277,4241.9419,-13180.9854,2801.9106,167.9901,168.0261,1.9167,37.145,100.47,99.27
8546,4716,13509.8044,4253.1105,-13215.6620,2809.4031,167.9896,168.0131,1.7500,37.245,100.22,99.10
8569,4729,13545.2258,4264.2618,-13251.1753,2812.6943,168.0072,168.5214,1.7692,37.344,98.70,97.51
8589,4741,13577.4194,4274.3969,-13282.0676,2822.2008,167.9951,167.9508,1.6667,37.443,98.98,97.89
8610,4753,13611.1363,4285.0115,-13314.3712,2832.3903,167.9814,167.8692,1.7500,37.543,100.03,98.92
8632,4765,13645.5217,4295.8366,-13348.1594,2838.8146,167.9846,167.5680,1.8333,37.644,101.29,100.13
8655,4777,13681.6555,4307.2121,-13383.7658,2845.0949,167.9899,168.2239,1.9167,37.744,100.08,98.90
8676,4789,13713.7842,4317.3268,-13415.0650,2852.3738,167.9873,167.9811,1.7500,37.843,99.00,97.88
8698,4801,13749.5096,4328.5737,-13449.8985,2860.3243,167.9852,167.5584,1.8333,37.945,101.90,100.75
8721,4813,13784.0347,4339.4428,-13484.7549,2862.3961,168.0069,168.5583,1.9167,38.046,101.08,99.89
8742,4825,13818.2450,4350.2128,-13516.8449,2875.9630,167.9795,167.4023,1.7500,38.148,101.63,100.48
8765,4837,13854.1038,4361.5017,-13553.4334,2876.3028,168.0097,168.4984,1.9167,38.250,102.31,101.10
8786,4849,13888.9482,4372.4713,-13586.2881,2889.3245,167.9853,167.7947,1.7500,38.352,101.78,100.67
8809,4861,13924.1911,4383.5663,-13621.0661,2895.2170,167.9913,168.0309,1.9167,38.452,100.37,99.15
8830,4873,13959.4579,4394.6689,-13655.0789,2904.8211,167.9818,167.3835,1.7500,38.551,98.78,97.65
8853,4886,13995.0892,4405.8862,-13691.2560,2906.0007,168.0079,168.5661,1.7692,38.650,98.91,97.75
8874,4898,14027.7524,4416.1692,-13721.9130,2918.8700,167.9825,167.8409,1.7500,38.752,102.28,101.15
8896,4910,14063.6557,4427.4721,-13757.4818,2924.2191,167.9914,167.6338,1.8333,38.853,101.02,99.86
8919,4922,14099.5493,4438.7720,-13793.0359,2929.5900,168.0001,168.3323,1.9167,38.955,102.01,100.82
8942,4934,14135.7281,4450.1617,-13827.6227,2940.8796,167.9845,167.8710,1.9167,39.057,101.85,100.63
8965,4946,14170.9709,4461.2567,-13862.4007,2946.7722,167.9905,168.0084,1.9167,39.157,99.83,98.65
8986,4958,14206.4475,4472.4254,-13897.0773,2954.2647,167.9900,167.6373,1.7500,39.257,100.16,99.03
9009,4971,14241.8689,4483.5766,-13932.5906,2957.5559,168.0068,168.2461,1.7692,39.357,99.47,98.28
9030,4983,14274.5323,4493.8596,-13963.2476,2970.4251,167.9818,167.9905,1.7500,39.460,102.97,101.89
9052,4995,14310.4355,4505.1625,-13998.8164,2975.7743,167.9905,168.1131,1.8333,39.563,103.14,101.97
9073,5007,14343.4108,4515.5437,-14031.9637,2978.4315,168.0077,168.3762,1.7500,39.663,100.19,99.02
9093,5019,14375.6044,4525.6787,-14062.8560,2987.9380,167.9962,168.1802,1.6667,39.764,100.63,99.51
9114,5031,14409.3212,4536.2934,-14095.1596,2998.1275,167.9833,167.9449,1.7500,39.863,99.48,98.35
9137,5043,14444.9526,4547.5107,-14131.3367,2999.3072,168.0086,168.0444,1.9167,39.962,99.09,97.89
9158,5055,14477.6158,4557.7936,-14161.9937,3012.1764,167.9840,168.0780,1.7500,40.064,102.05,100.94
9180,5067,14511.9691,4568.6086,-14195.8534,3018.1110,167.9889,167.5521,1.8333,40.163,99.02,97.85
9202,5079,14547.6945,4579.8556,-14230.6869,3026.0615,167.9868,168.0199,1.8333,40.266,102.34,101.21
9225,5091,14582.2197,4590.7247,-14265.5433,3028.1333,168.0074,168.3468,1.9167,40.367,101.83,100.58
9246,5103,14616.4298,4601.4946,-14297.6333,3041.7002,167.9815,167.9744,1.7500,40.470,102.33,101.21
9269,5115,14652.2889,4612.7836,-14334.2218,3042.0400,168.0100,168.0535,1.9167,40.572,101.89,100.68
9290,5127,14687.1331,4623.7532,-14367.0765,3055.0617,167.9869,168.0801,1.7500,40.674,102.28,101.12
9312,5139,14721.4949,4634.5708,-14401.0407,3060.5448,167.9936,168.0398,1.8333,40.774,100.49,99.29
9334,5151,14757.6428,4645.9508,-14435.8672,3070.5583,167.9837,167.6312,1.8333,40.874,99.34,98.16
9357,5164,14793.2742,4657.1681,-14472.0444,3071.7379,168.0084,168.5214,1.7692,40.973,99.64,98.46
9378,5176,14825.9373,4667.4510,-14502.7014,3084.6072,167.9843,167.8515,1.7500,41.075,101.56,100.44
9400,5188,14861.8406,4678.7540,-14538.2702,3089.9563,167.9927,168.0511,1.8333,41.176,101.18,100.03
9423,5200,14897.7343,4690.0539,-14573.8243,3095.3272,168.0010,167.8741,1.9167,41.279,102.56,101.37
9446,5212,14933.9130,4701.4435,-14608.4111,3106.6168,167.9862,168.0801,1.9167,41.381,102.11,100.92
9469,5224,14970.0341,4712.8151,-14644.3765,3111.1478,167.9979,168.1567,1.9167,41.480,99.59,98.32
9492,5236,15007.0786,4724.4773,-14680.2317,3120.6358,167.9909,167.6275,1.9167,41.582,101.57,100.35
9513,5248,15040.0539,4734.8585,-14713.3790,3123.2931,168.0073,168.2461,1.7500,41.682,99.96,98.82
9534,5260,15072.7172,4745.1414,-14744.0360,3136.1624,167.9836,167.9905,1.7500,41.784,102.13,100.99
9557,5272,15108.5764,4756.4305,-14780.6244,3136.5021,168.0113,168.0689,1.9167,41.885,101.16,99.97
9578,5284,15143.4205,4767.4000,-14813.4791,3149.5238,167.9889,168.0951,1.7500,41.988,102.54,101.45
9601,5296,15179.3141,4778.6999,-14849.0333,3154.8946,167.9970,168.1725,1.9167,42.090,102.62,101.40
9624,5308,15215.6869,4790.1506,-14884.3668,3163.6065,167.9926,168.1174,1.9167,42.190,99.62,98.40
9645,5320,15248.0150,4800.3281,-14917.0140,3165.5023,168.0111,168.0930,1.7500,42.292,101.98,100.87
9666,5332,15282.2345,4811.1010,-14949.1187,3179.0476,167.9864,168.0951,1.7500,42.394,102.30,101.14
9689,5344,15317.4774,4822.1960,-14983.8967,3184.9402,167.9920,167.5950,1.9167,42.494,99.31,98.10
9710,5356,15352.9541,4833.3646,-15018.5734,3192.4326,167.9915,168.0933,1.7500,42.595,101.12,100.00
9733,5369,15388.3755,4844.5159,-15054.0866,3195.7239,168.0071,168.3051,1.7692,42.694,99.29,98.08
9754,5381,15421.0387,4854.7988,-15084.7436,3208.5931,167.9840,167.9905,1.7500,42.797,102.78,101.66
9776,5393,15456.9420,4866.1018,-15120.3124,3213.9423,167.9920,167.6275,1.8333,42.899,101.91,100.75
9797,5405,15489.9174,4876.4829,-15153.4597,3216.5995,168.0079,168.5343,1.7500,42.998,98.93,97.80
9817,5417,15522.1110,4886.6180,-15184.3520,3226.1060,167.9973,168.1001,1.6667,43.097,98.97,97.89
9838,5429,15555.8277,4897.2326,-15216.6556,3236.2955,167.9853,167.6312,1.7500,43.196,99.15,98.02
9860,5441,15589.1362,4907.7187,-15248.7755,3245.3849,167.9772,167.7730,1.8333,43.296,100.48,99.32
9881,5453,15622.1027,4918.0971,-15282.0159,3247.5671,167.9948,167.9239,1.7500,43.398,101.74,100.60
9902,5465,15656.0217,4928.7754,-15315.0765,3255.1700,167.9927,168.0351,1.7500,43.498,100.19,99.08
9924,5477,15691.4885,4939.9409,-15349.7385,3262.6842,167.9922,167.6448,1.8333,43.600,101.45,100.28
9947,5489,15726.3010,4950.9004,-15384.4189,3266.9651,168.0032,168.4557,1.9167,43.698,98.72,97.55
9968,5501,15760.0174,4961.5149,-15416.7225,3277.1546,167.9914,167.5315,1.7500,43.797,99.03,97.87
9989,5513,15792.3454,4971.6923,-15449.3697,3279.0504,168.0093,168.4867,1.7500,43.899,102.12,101.01
10010,5525,15827.2058,4982.6669,-15482.2359,3292.0957,167.9879,167.7743,1.7500,44.001,101.40,100.22
10032,5537,15861.5592,4993.4820,-15516.0956,3298.0303,167.9924,167.9874,1.8333,44.099,97.86,96.72
10052,5549,15893.7535,5003.6173,-15546.9879,3307.5368,167.9820,167.2945,1.6667,44.197,98.75,97.68
10073,5561,15926.7281,5013.9982,-15580.1351,3310.1940,167.9975,168.2592,1.7500,44.299,101.87,100.72
10096,5573,15963.1009,5025.4490,-15615.4686,3318.9059,167.9933,168.0242,1.9167,44.399,99.56,98.36
10116,5585,15994.5821,5035.3598,-15646.2678,3325.4234,167.9934,168.0375,1.6667,44.499,100.47,99.40
10138,5597,16029.6486,5046.3993,-15680.2206,3334.3470,167.9874,167.5163,1.8333,44.602,102.37,101.18
10161,5609,16065.1017,5057.5605,-15715.6624,3338.1280,168.0005,168.3978,1.9167,44.701,99.16,98.00
10182,5621,16100.3681,5068.6630,-15749.6752,3347.7320,167.9923,167.9987,1.7500,44.800,99.19,98.09
10205,5634,16135.7896,5079.8142,-15785.1885,3351.0232,168.0071,167.9874,1.7692,44.898,97.70,96.51
10226,5646,16168.4528,5090.0971,-15815.8455,3363.8925,167.9850,167.6915,1.7500,44.999,101.33,100.23
10248,5658,16204.3560,5101.4001,-15851.4143,3369.2416,167.9927,168.1708,1.8333,45.098,98.82,97.69
10269,5670,16237.3314,5111.7813,-15884.5615,3371.8989,168.0079,168.7458,1.7500,45.194,96.45,95.36
10290,5682,16269.9945,5122.0642,-15915.2186,3384.7682,167.9860,167.7743,1.7500,45.294,99.93,98.82
10313,5694,16305.2129,5133.1515,-15951.0456,3385.6079,168.0093,168.4093,1.9167,45.393,99.01,97.84
10334,5706,16340.6979,5144.3228,-15984.6617,3398.1296,167.9909,167.9578,1.7500,45.493,99.93,98.83
10357,5718,16376.5915,5155.6227,-16020.2158,3403.5004,167.9984,167.8800,1.9167,45.592,99.25,98.09
10378,5730,16409.8858,5166.1043,-16052.5265,3411.6269,167.9941,168.0580,1.7500,45.690,98.02,96.95
10399,5742,16442.8464,5176.4808,-16085.8306,3413.4742,168.0119,168.0741,1.7500,45.788,97.95,96.89
10420,5754,16476.4152,5187.0488,-16117.1591,3427.5412,167.9867,167.9578,1.7500,45.887,98.48,97.35
10443,5766,16512.3087,5198.3487,-16152.7133,3432.9120,167.9941,168.0375,1.9167,45.985,98.60,97.43
10465,5778,16546.2095,5209.0212,-16186.8197,3435.5074,168.0099,168.6897,1.8333,46.085,99.19,98.08
10486,5790,16581.0537,5219.9908,-16219.6744,3448.5291,167.9895,167.7947,1.7500,46.186,101.08,99.90
10509,5802,16616.2966,5231.0858,-16254.4524,3454.4216,167.9946,168.0261,1.9167,46.285,99.17,97.91
10530,5814,16651.7733,5242.2545,-16289.1290,3461.9141,167.9942,168.0131,1.7500,46.383,98.05,96.94
10553,5827,16687.1949,5253.4058,-16324.6423,3465.2053,168.0085,168.5214,1.7692,46.480,97.18,95.97
10573,5839,16719.3884,5263.5408,-16355.5346,3474.7118,167.9986,167.9508,1.6667,46.577,97.29,96.20
10594,5851,16753.1051,5274.1554,-16387.8382,3484.9013,167.9875,167.8692,1.7500,46.674,96.42,95.34
10616,5863,16787.4905,5284.9805,-16421.6264,3491.3256,167.9900,167.5680,1.8333,46.772,98.13,97.01
10639,5875,16823.6244,5296.3560,-16457.2328,3497.6059,167.9944,168.2239,1.9167,46.870,97.53,96.38
10660,5887,16855.7530,5306.4707,-16488.5320,3504.8848,167.9923,167.9811,1.7500,46.967,97.45,96.34
10682,5899,16891.4784,5317.7176,-16523.3655,3512.8353,167.9905,167.5584,1.8333,47.067,99.79,98.69
10705,5911,16926.0038,5328.5868,-16558.2219,3514.9071,168.0082,168.5583,1.9167,47.165,98.69,97.53
10726,5923,16960.2137,5339.3566,-16590.3119,3528.4740,167.9859,167.4023,1.7500,47.265,99.40,98.32
10749,5935,16996.0730,5350.6457,-16626.9004,3528.8138,168.0104,168.4984,1.9167,47.364,99.43,98.31
10770,5947,17030.9170,5361.6152,-16659.7551,3541.8355,167.9905,167.7947,1.7500,47.465,100.75,99.63
10793,5959,17066.1600,5372.7103,-16694.5331,3547.7280,167.9955,168.0309,1.9167,47.563,98.00,96.81
10814,5971,17101.4266,5383.8128,-16728.5459,3557.3321,167.9877,167.3835,1.7500,47.660,96.60,95.47
10837,5984,17137.0583,5395.0302,-16764.7230,3558.5117,168.0090,168.5661,1.7692,47.757,97.17,95.98
10858,5996,17169.7212,5405.3131,-16795.3800,3571.3810,167.9883,167.8409,1.7500,47.856,99.02,97.95
10880,6008,17205.6246,5416.6160,-16830.9488,3576.7301,167.9955,167.6338,1.8333,47.956,100.08,98.91
10903,6020,17241.5184,5427.9160,-16866.5029,3582.1010,168.0026,168.3323,1.9167,48.055,99.30,98.17
10926,6032,17277.6968,5439.3056,-16901.0897,3593.3906,167.9898,167.8710,1.9167,48.154,98.88,97.72
10949,6044,17312.9398,5450.4006,-16935.8677,3599.2832,167.9947,168.0084,1.9167,48.252,97.56,96.38
10970,6056,17348.4164,5461.5693,-16970.5443,3606.7757,167.9943,167.6373,1.7500,48.349,97.00,95.91
10993,6069,17383.8380,5472.7206,-17006.0576,3610.0669,168.0081,168.2461,1.7692,48.445,96.10,94.96
11014,6081,17416.5010,5483.0034,-17036.7146,3622.9361,167.9876,167.9905,1.7500,48.544,98.81,97.75
11036,6093,17452.4044,5494.3064,-17072.2834,3628.2853,167.9947,168.1131,1.8333,48.642,98.88,97.77
11057,6105,17485.3799,5504.6877,-17105.4307,3630.9425,168.0088,168.3762,1.7500,48.739,96.52,95.41
11077,6117,17517.5734,5514.8227,-17136.3230,3640.4490,167.9994,168.1802,1.6667,48.835,96.44,95.37
11098,6129,17551.2900,5525.4372,-17168.6266,3650.6385,167.9888,167.9449,1.7500,48.932,96.67,95.58
11121,6141,17586.9217,5536.6547,-17204.8037,3651.8182,168.0095,168.0444,1.9167,49.028,96.40,95.25
11142,6153,17619.5845,5546.9375,-17235.4607,3664.6874,167.9893,168.0780,1.7500,49.127,98.95,97.87
11164,6165,17653.9380,5557.7525,-17269.3204,3670.6220,167.9933,167.5521,1.8333,49.225,97.67,96.51
11186,6177,17689.6633,5568.9995,-17304.1539,3678.5725,167.9916,168.0199,1.8333,49.325,99.77,98.60
11209,6189,17724.1888,5579.8687,-17339.0103,3680.6443,168.0085,168.3468,1.9167,49.424,99.27,98.08
11230,6201,17758.3986,5590.6385,-17371.1003,3694.2112,167.9872,167.9744,1.7500,49.525,100.77,99.69
11253,6213,17794.2580,5601.9276,-17407.6888,3694.5510,168.0107,168.0535,1.9167,49.625,100.62,99.41
11274,6225,17829.1020,5612.8971,-17440.5435,3707.5727,167.9917,168.0801,1.7500,49.726,100.80,99.67
11296,6237,17863.4639,5623.7148,-17474.5077,3713.0558,167.9971,168.0398,1.8333,49.825,98.48,97.32
11318,6249,17899.6116,5635.0947,-17509.3342,3723.0693,167.9890,167.6312,1.8333,49.922,97.32,96.18
11341,6262,17935.2433,5646.3121,-17545.5114,3724.2489,168.0093,168.5214,1.7692,50.020,97.72,96.53
11362,6274,17967.9061,5656.5949,-17576.1684,3737.1182,167.9895,167.8515,1.7500,50.121,100.84,99.64
11384,6286,18003.8096,5667.8979,-17611.7372,3742.4673,167.9964,168.0511,1.8333,50.222,101.38,100.23
11407,6298,18039.7034,5679.1979,-17647.2913,3747.8382,168.0032,167.8741,1.9167,50.323,101.06,99.89
11430,6310,18075.8818,5690.5874,-17681.8781,3759.1278,167.9910,168.0801,1.9167,50.423,99.57,98.41
11453,6322,18112.0031,5701.9590,-17717.8435,3763.6588,168.0006,168.1567,1.9167,50.520,97.77,96.58
11476,6334,18149.0475,5713.6212,-17753.6987,3773.1468,167.9949,167.6275,1.9167,50.621,100.16,98.95
11497,6346,18182.0230,5724.0025,-17786.8460,3775.8041,168.0084,168.2461,1.7500,50.720,99.43,98.17
11518,6358,18214.6859,5734.2853,-17817.5030,3788.6734,167.9888,167.9905,1.7500,50.824,103.48,102.36
11541,6370,18250.5455,5745.5745,-17854.0914,3789.0131,168.0117,168.0689,1.9167,50.924,100.83,99.65
11562,6382,18285.3894,5756.5439,-17886.9461,3802.0348,167.9932,168.0951,1.7500,51.026,102.04,100.94
11585,6394,18321.2831,5767.8439,-17922.5003,3807.4056,167.9999,168.1725,1.9167,51.129,102.38,101.16
11608,6406,18357.6558,5779.2946,-17957.8338,3816.1175,167.9962,168.1174,1.9167,51.229,100.31,99.13
11629,6418,18389.9842,5789.4721,-17990.4810,3818.0133,168.0116,168.0930,1.7500,51.331,101.83,100.71
11650,6430,18424.2034,5800.2449,-18022.5857,3831.5586,167.9911,168.0951,1.7500,51.433,102.46,101.33
11673,6442,18459.4463,5811.3399,-18057.3637,3837.4512,167.9957,167.5950,1.9167,51.534,100.29,99.13
11694,6454,18494.9230,5822.5086,-18092.0404,3844.9436,167.9953,168.0933,1.7500,51.634,100.56,99.49
11717,6467,18530.3446,5833.6599,-18127.5536,3848.2349,168.0082,168.3051,1.7692,51.734,100.22,99.03
11738,6479,18563.0075,5843.9427,-18158.2106,3861.1041,167.9890,167.9905,1.7500,51.837,102.28,101.20
11760,6491,18598.9109,5855.2457,-18193.7794,3866.4533,167.9957,167.6275,1.8333,51.938,101.61,100.44
11781,6503,18631.8865,5865.6269,-18226.9267,3869.1105,168.0089,168.5343,1.7500,52.038,99.73,98.60
11801,6515,18664.0800,5875.7620,-18257.8190,3878.6170,168.0001,168.1001,1.6667,52.139,101.01,99.92
11822,6527,18697.7965,5886.3765,-18290.1226,3888.8065,167.9901,167.6312,1.7500,52.240,101.06,99.94
11844,6539,18731.1048,5896.8625,-18322.2425,3897.8959,167.9833,167.7730,1.8333,52.341,100.96,99.80
11865,6551,18764.0717,5907.2411,-18355.4829,3900.0781,167.9980,167.9239,1.7500,52.443,102.25,101.14
11886,6563,18797.9907,5917.9193,-18388.5435,3907.6810,167.9963,168.0351,1.7500,52.543,100.07,98.98
11908,6575,18833.4575,5929.0848,-18423.2055,3915.1952,167.9958,167.6448,1.8333,52.645,101.18,100.07
11931,6587,18868.2701,5940.0444,-18457.8859,3919.4761,168.0050,168.4557,1.9167,52.744,99.74,98.60
11952,6599,18901.9863,5950.6589,-18490.1895,3929.6656,167.9951,167.5315,1.7500,52.843,99.01,97.90
11973,6611,18934.3145,5960.8363,-18522.8367,3931.5614,168.0101,168.4867,1.7500,52.945,101.79,100.73
11994,6623,18969.1746,5971.8109,-18555.7029,3944.6067,167.9922,167.7743,1.7500,53.047,101.67,100.54
12016,6635,19003.5281,5982.6259,-18589.5626,3950.5413,167.9959,167.9874,1.8333,53.146,99.50,98.33
12036,6647,19035.7223,5992.7612,-18620.4549,3960.0478,167.9873,167.2945,1.6667,53.245,98.96,97.92
12057,6659,19068.6972,6003.1422,-18653.6021,3962.7050,168.0002,168.2592,1.7500,53.347,101.81,100.70
12080,6671,19105.0699,6014.5929,-18688.9356,3971.4169,167.9966,168.0242,1.9167,53.447,99.45,98.25
12100,6683,19136.5511,6024.5037,-18719.7348,3977.9344,167.9967,168.0375,1.6667,53.546,99.84,98.78
12122,6695,19171.6174,6035.5432,-18753.6876,3986.8580,167.9918,167.5163,1.8333,53.649,102.22,101.05
12145,6707,19207.0707,6046.7045,-18789.1294,3990.6390,168.0027,168.3978,1.9167,53.750,101.82,100.64
12166,6719,19242.3370,6057.8069,-18823.1422,4000.2430,167.9958,167.9987,1.7500,53.852,101.81,100.71
12189,6732,19277.7587,6068.9582,-18858.6555,4003.5342,168.0082,167.9874,1.7692,53.952,99.98,98.79
12210,6744,19310.4216,6079.2410,-18889.3125,4016.4035,167.9897,167.6915,1.7500,54.055,102.80,101.72
12232,6756,19346.3250,6090.5440,-18924.8813,4021.7526,167.9962,168.1708,1.8333,54.157,101.57,100.40
12253,6768,19379.3006,6100.9253,-18958.0285,4024.4099,168.0089,168.7458,1.7500,54.257,99.97,98.84
12274,6780,19411.9633,6111.2081,-18988.6856,4037.2792,167.9905,167.7743,1.7500,54.359,102.13,101.02
12297,6792,19447.1821,6122.2955,-19024.5126,4038.1189,168.0100,168.4093,1.9167,54.459,100.38,99.22
12318,6804,19482.6668,6133.4667,-19058.1287,4050.6406,167.9946,167.9578,1.7500,54.561,102.04,100.95
12341,6816,19518.5606,6144.7667,-19093.6828,4056.0114,168.0008,167.8800,1.9167,54.663,101.94,100.79
12362,6828,19551.8547,6155.2482,-19125.9935,4064.1379,167.9972,168.0580,1.7500,54.765,101.56,100.43
12383,6840,19584.8156,6165.6248,-19159.2976,4065.9852,168.0122,168.0741,1.7500,54.865,100.63,99.56
12404,6852,19618.3840,6176.1927,-19190.6261,4080.0522,167.9910,167.9578,1.7500,54.967,101.96,100.83
12427,6864,19654.2776,6187.4926,-19226.1803,4085.4230,167.9973,168.0375,1.9167,55.069,101.59,100.42
12449,6876,19688.1787,6198.1652,-19260.2867,4088.0184,168.0105,168.6897,1.8333,55.171,102.13,100.95
12470,6888,19723.0226,6209.1347,-19293.1414,4101.0401,167.9934,167.7947,1.7500,55.273,102.25,101.04
12493,6900,19758.2656,6220.2298,-19327.9194,4106.9326,167.9976,168.0261,1.9167,55.373,100.23,99.03
12514,6912,19793.7422,6231.3984,-19362.5960,4114.4251,167.9973,168.0131,1.7500,55.474,100.13,99.03
12537,6925,19829.1640,6242.5498,-19398.1093,4117.7163,168.0093,168.5214,1.7692,55.574,100.05,98.91
12557,6937,19861.3575,6252.6848,-19429.0016,4127.2228,168.0010,167.9508,1.6667,55.673,99.54,98.46
12578,6949,19895.0739,6263.2993,-19461.3052,4137.4123,167.9916,167.8692,1.7500,55.774,101.11,100.03
12601,6961,19930.7058,6274.5168,-19497.4823,4138.5920,168.0100,168.0626,1.9167,55.874,99.58,98.41
12622,6973,19963.3685,6284.7996,-19528.1393,4151.4612,167.9921,168.0626,1.7500,55.976,102.25,101.15
12644,6985,19997.7220,6295.6146,-19561.9990,4157.3958,167.9957,167.9811,1.8333,56.076,100.25,99.12
12666,6997,20033.4473,6306.8616,-19596.8325,4165.3463,167.9941,167.5584,1.8333,56.178,101.98,100.84
12689,7009,20067.9729,6317.7308,-19631.6889,4167.4181,168.0091,168.5583,1.9167,56.280,101.96,100.75
12710,7021,20102.1825,6328.5005,-19663.7789,4180.9850,167.9902,167.4023,1.7500,56.383,102.36,101.25
12733,7033,20138.0421,6339.7897,-19700.3674,4181.3248,168.0110,168.4984,1.9167,56.485,102.74,101.58
12754,7045,20172.8860,6350.7591,-19733.2221,4194.3465,167.9942,167.7947,1.7500,56.587,102.09,100.96
12777,7057,20208.1290,6361.8542,-19768.0001,4200.2390,167.9983,168.0309,1.9167,56.688,100.62,99.38
12798,7069,20243.3955,6372.9567,-19802.0129,4209.8431,167.9918,167.3835,1.7500,56.789,100.48,99.30
12821,7082,20279.0274,6384.1742,-19838.1900,4211.0227,168.0098,168.5661,1.7692,56.888,99.24,98.04
12842,7094,20311.6901,6394.4570,-19868.8470,4223.8920,167.9922,167.8409,1.7500,56.991,103.53,102.43
12864,7106,20347.5936,6405.7600,-19904.4158,4229.2411,167.9983,167.6338,1.8333,57.094,103.19,102.05
12887,7118,20383.4875,6417.0600,-19939.9699,4234.6120,168.0043,168.3323,1.9167,57.197,102.42,101.25
12910,7130,20419.6657,6428.4495,-19974.5567,4245.9016,167.9935,167.8710,1.9167,57.299,101.97,100.82
12933,7142,20454.9087,6439.5446,-20009.3347,4251.7942,167.9976,168.0084,1.9167,57.399,100.26,99.10
12954,7154,20490.3854,6450.7132,-20044.0113,4259.2867,167.9973,167.6373,1.7500,57.499,99.81,98.68
12977,7167,20525.8071,6461.8646,-20079.5246,4262.5779,168.0089,168.2461,1.7692,57.598,99.55,98.31
12998,7179,20558.4699,6472.1474,-20110.1816,4275.4471,167.9916,167.9905,1.7500,57.702,103.27,102.17
13020,7191,20594.3734,6483.4504,-20145.7504,4280.7963,167.9976,167.6275,1.8333,57.805,102.78,101.63
13041,7203,20627.3490,6493.8317,-20178.8977,4283.4535,168.0096,168.5343,1.7500,57.904,99.23,98.12
13061,7215,20659.5425,6503.9667,-20209.7900,4292.9600,168.0016,168.1802,1.6667,58.004,100.35,99.29
13082,7227,20693.2589,6514.5812,-20242.0936,4303.1495,167.9926,167.9449,1.7500,58.104,99.59,98.46
13105,7239,20728.8909,6525.7987,-20278.2707,4304.3292,168.0102,168.0444,1.9167,58.203,99.32,98.15
13126,7251,20761.5534,6536.0814,-20308.9277,4317.1984,167.9930,168.0780,1.7500,58.307,103.61,102.43
13148,7263,20795.9069,6546.8965,-20342.7874,4323.1330,167.9964,167.5521,1.8333,58.408,100.88,99.69
13170,7275,20831.6323,6558.1434,-20377.6209,4331.0835,167.9950,168.0199,1.8333,58.511,103.52,102.29
13193,7287,20866.1579,6569.0127,-20412.4773,4333.1553,168.0093,168.3468,1.9167,58.613,102.25,101.05
13214,7299,20900.3674,6579.7824,-20444.5673,4346.7222,167.9912,167.9744,1.7500,58.718,104.57,103.41
13237,7311,20936.2271,6591.0716,-20481.1558,4347.0620,168.0111,168.0535,1.9167,58.821,103.43,102.17
13258,7323,20971.0709,6602.0410,-20514.0105,4360.0837,167.9950,168.0801,1.7500,58.924,103.22,102.10
13280,7335,21005.4329,6612.8587,-20547.9747,4365.5668,167.9996,168.0398,1.8333,59.025,100.92,99.71
13302,7347,21041.5804,6624.2386,-20582.8012,4375.5803,167.9927,167.6312,1.8333,59.127,101.13,99.89
13325,7360,21077.2124,6635.4561,-20618.9784,4376.7599,168.0100,168.5214,1.7692,59.229,102.83,101.53
13346,7372,21109.8750,6645.7388,-20649.6354,4389.6292,167.9931,167.8515,1.7500,59.336,106.17,105.04
13368,7384,21144.2285,6656.5539,-20683.4950,4395.5638,167.9965,167.9699,1.8333,59.437,101.21,100.05
13389,7396,21178.7543,6667.4232,-20718.3514,4397.6356,168.0106,168.0626,1.7500,59.538,101.29,100.15
13410,7408,21211.4168,6677.7059,-20749.0085,4410.5049,167.9938,168.0626,1.7500,59.639,101.45,100.29
13432,7420,21245.7703,6688.5209,-20782.8681,4416.4394,167.9971,167.9811,1.8333,59.739,99.29,98.10
13454,7432,21281.4957,6699.7679,-20817.7016,4424.3899,167.9957,167.5584,1.8333,59.843,104.17,103.02
13477,7444,21316.0214,6710.6371,-20852.5580,4426.4617,168.0097,168.2666,1.9167,59.945,102.17,100.94
13498,7456,21350.2308,6721.4068,-20884.6480,4440.0287,167.9920,167.9744,1.7500,60.047,102.07,100.92
13521,7468,21383.8441,6731.9889,-20919.3513,4438.4310,168.0155,168.1852,1.9167,60.147,99.88,98.68
13540,7480,21417.8375,6742.6905,-20950.9490,4453.2779,167.9942,168.0330,1.5833,60.250,103.26,102.17
13562,7492,21452.8501,6753.7131,-20985.6894,4458.2393,168.0006,168.1320,1.8333,60.353,102.33,101.16
13585,7504,21488.7441,6765.0131,-21021.2435,4463.6101,168.0063,168.3650,1.9167,60.456,103.01,101.84
13608,7516,21525.5631,6776.6043,-21056.5918,4474.3997,167.9977,167.6317,1.9167,60.557,100.88,99.69
13631,7528,21561.9633,6788.0637,-21092.2766,4481.5913,167.9988,168.2377,1.9167,60.657,100.33,99.17
13652,7540,21594.0919,6798.1784,-21123.5758,4488.8702,167.9972,167.5521,1.7500,60.756,99.49,98.37
13673,7552,21626.4202,6808.3558,-21156.2230,4490.7660,168.0102,168.4981,1.7500,60.859,102.22,101.14
13694,7564,21661.2802,6819.3303,-21189.0892,4503.8113,167.9945,167.8315,1.7500,60.961,102.48,101.29
13716,7576,21695.6337,6830.1454,-21222.9488,4509.7459,167.9978,168.1630,1.8333,61.061,100.09,98.90
13736,7588,21727.8277,6840.2806,-21253.8411,4519.2524,167.9902,167.3498,1.6667,61.160,99.08,98.01
13759,7601,21764.1274,6851.7084,-21290.5419,4521.1820,168.0054,168.4006,1.7692,61.259,98.90,97.74
13782,7613,21801.1717,6863.3705,-21326.3971,4530.6700,168.0005,168.1320,1.9167,61.361,101.37,100.23
13805,7625,21837.0657,6874.6705,-21361.9512,4536.0409,168.0062,167.8635,1.9167,61.462,101.60,100.41
13826,7637,21870.6196,6885.2339,-21393.4366,4549.2979,167.9893,167.8456,1.7500,61.561,99.18,98.03
13847,7649,21903.5946,6895.6149,-21426.5839,4551.9551,168.0006,168.1116,1.7500,61.664,102.37,101.27
13868,7661,21936.8888,6906.0965,-21458.8945,4560.0816,167.9974,168.0511,1.7500,61.766,102.14,101.04
13891,7673,21973.4074,6917.5932,-21495.1986,4564.9288,168.0047,167.8406,1.9167,61.868,102.25,101.09
13914,7685,22009.6018,6928.9878,-21529.7968,4576.2421,167.9946,168.0780,1.9167,61.970,101.59,100.39
13936,7697,22043.9553,6939.8028,-21563.6565,4582.1766,167.9978,167.4232,1.8333,62.069,99.34,98.20
13958,7709,22079.6806,6951.0497,-21598.4900,4590.1271,167.9964,168.0669,1.8333,62.171,102.03,100.89
13981,7721,22114.2064,6961.9190,-21633.3464,4592.1989,168.0100,168.3139,1.9167,62.272,101.45,100.25
14002,7733,22148.4157,6972.6887,-21665.4364,4605.7659,167.9929,167.5558,1.7500,62.375,102.06,100.94
14025,7745,22182.0291,6983.2707,-21700.1397,4604.1682,168.0156,168.5995,1.9167,62.474,99.63,98.46
14044,7757,22216.0225,6993.9724,-21731.7374,4619.0151,167.9950,167.8713,1.5833,62.576,101.87,100.82
14067,7769,22251.9162,7005.2724,-21767.2915,4624.3859,168.0005,168.1116,1.9167,62.678,101.95,100.77
14088,7781,22285.2104,7015.7539,-21799.6022,4632.5124,167.9974,167.5753,1.7500,62.780,102.29,101.18
14111,7793,22321.7290,7027.2506,-21835.9063,4637.3596,168.0046,168.3341,1.9167,62.883,102.54,101.36
14134,7805,22357.9233,7038.6452,-21870.5045,4648.6728,167.9946,167.8913,1.9167,62.986,103.21,102.02
14156,7817,22392.2769,7049.4602,-21904.3642,4654.6074,167.9978,168.2461,1.8333,63.087,101.24,100.09
14177,7829,22424.6052,7059.6377,-21937.0114,4656.5032,168.0104,168.1774,1.7500,63.191,104.05,102.93
14198,7841,22459.4651,7070.6122,-21969.8776,4669.5485,167.9953,167.8210,1.7500,63.294,102.55,101.40
14220,7853,22493.8187,7081.4273,-22003.7372,4675.4831,167.9984,167.7417,1.8333,63.394,100.35,99.16
14240,7865,22526.0127,7091.5625,-22034.6295,4684.9896,167.9911,168.0511,1.6667,63.495,100.65,99.54
14263,7878,22562.3125,7102.9902,-22071.3303,4686.9192,168.0057,168.1771,1.7692,63.595,99.80,98.64
14286,7890,22599.3567,7114.6524,-22107.1855,4696.4072,168.0011,168.1246,1.9167,63.697,102.50,101.35
14309,7902,22635.2507,7125.9524,-22142.7396,4701.7781,168.0065,168.0669,1.9167,63.799,102.29,101.08
14332,7914,22672.3359,7137.6274,-22178.1662,4713.4790,167.9962,168.0489,1.9167,63.901,102.00,100.77
14355,7926,22708.4699,7149.0030,-22213.7726,4719.7593,167.9994,168.0509,1.9167,64.003,101.58,100.38
14376,7938,22740.5985,7159.1176,-22245.0718,4727.0382,167.9978,168.0444,1.7500,64.104,100.52,99.39
14398,7950,22776.3238,7170.3646,-22279.9053,4734.9887,167.9965,167.5464,1.8333,64.206,102.35,101.23
14421,7962,22810.8495,7181.2338,-22314.7617,4737.0605,168.0096,168.5688,1.9167,64.308,101.63,100.45
14442,7974,22845.0589,7192.0035,-22346.8517,4750.6274,167.9930,167.2396,1.7500,64.411,103.04,101.88
14465,7986,22880.9187,7203.2928,-22383.4402,4750.9672,168.0113,168.5539,1.9167,64.514,103.29,102.05
14486,7998,22915.7624,7214.2622,-22416.2949,4763.9889,167.9965,167.8604,1.7500,64.617,102.75,101.58
14509,8010,22951.0055,7225.3573,-22451.0729,4769.8814,168.0001,168.0930,1.9167,64.717,100.78,99.57
14530,8022,22986.2719,7236.4597,-22485.0857,4779.4855,167.9944,167.6510,1.7500,64.817,99.51,98.37
14553,8035,23021.9040,7247.6773,-22521.2628,4780.6651,168.0102,168.5343,1.7692,64.916,99.56,98.39
14574,8047,23054.5665,7257.9600,-22551.9198,4793.5344,167.9948,167.8913,1.7500,65.019,102.42,101.30
14596,8059,23090.4701,7269.2630,-22587.4886,4798.8835,168.0001,167.6535,1.8333,65.122,102.72,101.53
14619,8071,23126.3640,7280.5630,-22623.0427,4804.2544,168.0054,168.3470,1.9167,65.224,102.11,100.95
14642,8083,23162.5422,7291.9525,-22657.6295,4815.5440,167.9959,167.9102,1.9167,65.326,101.98,100.84
14665,8095,23197.7853,7303.0476,-22692.4075,4821.4366,167.9995,168.2810,1.9167,65.426,100.43,99.27
14686,8107,23233.2619,7314.2163,-22727.0841,4828.9291,167.9992,167.7807,1.7500,65.527,100.50,99.41
14709,8120,23268.6838,7325.3677,-22762.5974,4832.2203,168.0095,168.2930,1.7692,65.626,99.59,98.40
14730,8132,23301.3463,7335.6504,-22793.2544,4845.0895,167.9942,167.5759,1.7500,65.729,102.73,101.64
14752,8144,23337.2499,7346.9534,-22828.8232,4850.4387,167.9995,168.1131,1.8333,65.832,102.75,101.60
14773,8156,23370.2256,7357.3347,-22861.9705,4853.0959,168.0100,168.3762,1.7500,65.933,101.30,100.15
14793,8168,23402.4190,7367.4697,-22892.8628,4862.6024,168.0030,168.1802,1.6667,66.034,101.43,100.33
14814,8180,23436.1353,7378.0842,-22925.1664,4872.7919,167.9950,167.9449,1.7500,66.138,103.08,101.92
14837,8192,23471.7675,7389.3018,-22961.3435,4873.9716,168.0106,168.0444,1.9167,66.240,102.95,101.73
14858,8204,23504.4299,7399.5844,-22992.0005,4886.8408,167.9954,168.0780,1.7500,66.345,104.38,103.25
14880,8216,23538.7834,7410.3995,-23025.8602,4892.7754,167.9984,167.5521,1.8333,66.447,102.44,101.26
14902,8228,23574.5088,7421.6464,-23060.6937,4900.7259,167.9971,168.0199,1.8333,66.552,104.72,103.47
14925,8240,23609.0345,7432.5157,-23095.5501,4902.7977,168.0098,168.3468,1.9167,66.656,104.50,103.28
14946,8252,23643.2438,7443.2854,-23127.6401,4916.3646,167.9938,167.9744,1.7500,66.762,105.99,104.86
14969,8264,23679.1037,7454.5747,-23164.2286,4916.7044,168.0114,168.0535,1.9167,66.868,105.45,104.21
14990,8276,23713.9474,7465.5440,-23197.0833,4929.7261,167.9971,168.0801,1.7500,66.973,105.54,104.35
15013,8288,23749.1905,7476.6391,-23231.8613,4935.6186,168.0007,168.0196,1.9167,67.077,103.29,102.04
15034,8300,23784.4569,7487.7416,-23265.8740,4945.2227,167.9951,167.6312,1.7500,67.179,102.08,100.94
15057,8313,23820.0890,7498.9592,-23302.0512,4946.4023,168.0104,168.5214,1.7692,67.280,101.52,100.29
15078,8325,23852.7515,7509.2419,-23332.7082,4959.2716,167.9955,167.8515,1.7500,67.386,105.63,104.49
15100,8337,23888.6551,7520.5449,-23368.2770,4964.6207,168.0007,168.0511,1.8333,67.491,105.11,103.94
15123,8349,23924.5491,7531.8449,-23403.8311,4969.9916,168.0058,167.8741,1.9167,67.596,105.20,103.99
15146,8361,23960.7272,7543.2344,-23438.4179,4981.2812,167.9966,168.0801,1.9167,67.702,105.56,104.35
15169,8373,23995.9703,7554.3295,-23473.1959,4987.1738,168.0001,168.0196,1.9167,67.805,103.11,101.88
15190,8385,24031.4469,7565.4981,-23507.8725,4994.6663,167.9998,167.6373,1.7500,67.908,103.38,102.23
15213,8398,24066.8688,7576.6495,-23543.3858,4997.9575,168.0097,168.2461,1.7692,68.011,102.48,101.27
15234,8410,24099.5313,7586.9322,-23574.0428,5010.8267,167.9949,167.9905,1.7500,68.116,105.12,103.96
15257,8422,24135.3913,7598.2216,-23610.6312,5011.1665,168.0122,168.0689,1.9167,68.219,103.44,102.21
15278,8434,24170.2349,7609.1909,-23643.4860,5024.1882,167.9982,168.0951,1.7500,68.325,105.11,103.98
15301,8446,24206.1287,7620.4909,-23679.0401,5029.5590,168.0032,168.1725,1.9167,68.430,105.47,104.27
15324,8458,24242.5014,7631.9416,-23714.3736,5038.2709,168.0004,168.1174,1.9167,68.533,102.75,101.51
15345,8470,24274.8299,7642.1191,-23747.0208,5040.1667,168.0121,168.0930,1.7500,68.637,104.76,103.63
15366,8482,24309.0488,7652.8918,-23779.1255,5053.7120,167.9966,168.0951,1.7500,68.742,104.87,103.68
15389,8494,24345.1703,7664.2635,-23815.0910,5058.2430,168.0037,167.7313,1.9167,68.845,102.18,100.99
15412,8506,24382.2146,7675.9256,-23850.9462,5067.7310,167.9995,168.0820,1.9167,68.949,104.90,103.71
15433,8518,24415.1903,7686.3069,-23884.0934,5070.3883,168.0095,168.3254,1.7500,69.052,102.63,101.44
15454,8530,24447.8528,7696.5896,-23914.7504,5083.2575,167.9950,167.9905,1.7500,69.157,105.17,104.06
15476,8542,24483.7565,7707.8927,-23950.3193,5088.6067,168.0000,167.6275,1.8333,69.262,104.29,103.08
15497,8554,24516.7322,7718.2740,-23983.4665,5091.2639,168.0101,168.5343,1.7500,69.364,102.06,100.88
15517,8566,24548.9256,7728.4090,-24014.3588,5100.7704,168.0033,168.1001,1.6667,69.466,102.31,101.23
15538,8578,24582.6419,7739.0235,-24046.6624,5110.9599,167.9957,167.6312,1.7500,69.568,102.25,101.15
15561,8591,24618.2741,7750.2411,-24082.8396,5112.1395,168.0106,168.5214,1.7692,69.670,102.11,100.90
15582,8603,24650.9364,7760.5237,-24113.4966,5125.0088,167.9961,167.8515,1.7500,69.775,104.93,103.77
15604,8615,24685.2900,7771.3388,-24147.3562,5130.9434,167.9990,167.9699,1.8333,69.877,102.14,100.95
15625,8627,24719.8159,7782.2081,-24182.2126,5133.0152,168.0111,168.0626,1.7500,69.980,102.68,101.57
15646,8639,24752.4782,7792.4908,-24212.8696,5145.8845,167.9967,168.0626,1.7500,70.085,104.75,103.59
15668,8651,24786.8318,7803.3058,-24246.7293,5151.8190,167.9995,167.5315,1.8333,70.187,101.78,100.56
15689,8663,24819.1603,7813.4834,-24279.3765,5153.7148,168.0109,168.4867,1.7500,70.291,104.74,103.61
15710,8675,24854.0201,7824.4578,-24312.2427,5166.7601,167.9973,167.7743,1.7500,70.396,104.71,103.57
15732,8687,24888.3736,7835.2729,-24346.1024,5172.6947,168.0001,167.9874,1.8333,70.498,101.96,100.77
15752,8699,24920.5675,7845.4081,-24376.9947,5182.2012,167.9935,167.2945,1.6667,70.600,102.02,100.94
15773,8711,24953.5428,7855.7892,-24410.1419,5184.8584,168.0034,168.2592,1.7500,70.705,105.49,104.28
15796,8723,24989.9155,7867.2399,-24445.4754,5193.5703,168.0007,167.8840,1.9167,70.808,102.40,101.15
15816,8735,25022.9844,7877.6506,-24477.2790,5202.9984,167.9947,167.8132,1.6667,70.910,102.04,100.94
15839,8747,25057.5308,7888.5264,-24511.8810,5206.3680,168.0036,167.7784,1.9167,71.015,104.89,103.68
15861,8759,25091.6850,7899.2787,-24545.2598,5213.6061,168.0033,168.3195,1.8333,71.118,103.35,102.14
15882,8771,25127.1826,7910.4539,-24579.6820,5222.3964,168.0000,167.9987,1.7500,71.221,103.34,102.25
15905,8784,25162.6044,7921.6053,-24615.1953,5225.6876,168.0095,167.9874,1.7692,71.324,102.22,100.98
15926,8796,25195.2669,7931.8880,-24645.8523,5238.5569,167.9953,167.6915,1.7500,71.428,104.61,103.45
15948,8808,25231.1705,7943.1910,-24681.4211,5243.9060,168.0002,168.1708,1.8333,71.531,103.14,101.96
15969,8820,25264.1463,7953.5724,-24714.5684,5246.5633,168.0100,167.9874,1.7500,71.633,101.14,99.96
15990,8832,25296.8087,7963.8550,-24745.2254,5259.4326,167.9959,167.9874,1.7500,71.737,104.05,102.92
16013,8844,25332.0278,7974.9426,-24781.0524,5260.2723,168.0109,168.4651,1.9167,71.840,103.33,102.16
16034,8856,25367.5123,7986.1137,-24814.6685,5272.7940,167.9990,167.5374,1.7500,71.945,105.03,103.90
16057,8868,25403.4062,7997.4137,-24850.2226,5278.1648,168.0038,168.2749,1.9167,72.052,106.72,105.50
16078,8880,25436.7003,8007.8952,-24882.5333,5286.2913,168.0010,168.0580,1.7500,72.156,104.77,103.62
16099,8892,25469.6613,8018.2719,-24915.8374,5288.1386,168.0126,168.0741,1.7500,72.260,103.30,102.14
16120,8904,25503.2294,8028.8397,-24947.1660,5302.2055,167.9963,167.9578,1.7500,72.363,103.18,101.99
16143,8916,25539.1232,8040.1397,-24982.7201,5307.5764,168.0011,168.0375,1.9167,72.467,104.25,103.06
16165,8928,25573.0244,8050.8123,-25016.8265,5310.1718,168.0113,168.6897,1.8333,72.572,104.73,103.57
16186,8940,25607.8680,8061.7817,-25049.6812,5323.1935,167.9980,167.7947,1.7500,72.677,105.47,104.29
16209,8952,25643.1111,8072.8768,-25084.4592,5329.0860,168.0013,168.0261,1.9167,72.781,103.56,102.32
16230,8964,25678.5878,8084.0454,-25119.1358,5336.5785,168.0010,168.2437,1.7500,72.884,103.49,102.38
16253,8977,25714.0097,8095.1968,-25154.6491,5339.8697,168.0103,168.2666,1.7692,72.987,102.83,101.60
16273,8989,25746.2031,8105.3318,-25185.5414,5349.3762,168.0039,168.0279,1.6667,73.090,102.85,101.72
16294,9001,25779.9193,8115.9463,-25217.8450,5359.5657,167.9967,167.8692,1.7500,73.193,103.26,102.10
16316,9013,25814.3048,8126.7714,-25251.6332,5365.9900,167.9983,167.5680,1.8333,73.297,103.76,102.56
16339,9025,25850.4389,8138.1470,-25287.2396,5372.2703,168.0011,168.2239,1.9167,73.401,103.63,102.41
16360,9037,25882.5675,8148.2616,-25318.5388,5379.5492,167.9998,167.9811,1.7500,73.504,103.10,101.97
16382,9049,25918.2928,8159.5085,-25353.3723,5387.4997,167.9986,167.5584,1.8333,73.610,105.86,104.66
16405,9061,25952.8187,8170.3778,-25388.2287,5389.5715,168.0101,168.5583,1.9167,73.715,105.36,104.15
16426,9073,25987.0278,8181.1475,-25420.3187,5403.1384,167.9955,167.4023,1.7500,73.821,105.96,104.80
16449,9085,26022.8878,8192.4368,-25456.9072,5403.4782,168.0116,168.4984,1.9167,73.927,106.06,104.86
16470,9097,26057.7314,8203.4061,-25489.7619,5416.4999,167.9986,167.7947,1.7500,74.033,105.78,104.57
16493,9109,26092.9746,8214.5012,-25524.5399,5422.3924,168.0018,168.0309,1.9167,74.137,104.10,102.84
16514,9121,26128.2409,8225.6037,-25558.5527,5431.9965,167.9967,167.3835,1.7500,74.239,102.21,101.05
16537,9134,26163.8732,8236.8213,-25594.7298,5433.1761,168.0106,168.5661,1.7692,74.341,102.27,101.03
16558,9146,26196.5355,8247.1039,-25625.3868,5446.0454,167.9970,167.8409,1.7500,74.447,105.50,104.34
16580,9158,26232.4392,8258.4070,-25660.9556,5451.3945,168.0018,167.6338,1.8333,74.552,105.09,103.87
16603,9170,26268.3331,8269.7070,-25696.5097,5456.7654,168.0064,168.3323,1.9167,74.657,105.11,103.91
16626,9182,26304.5112,8281.0965,-25731.0965,5468.0550,167.9980,167.8710,1.9167,74.762,105.16,103.96
16649,9194,26339.7543,8292.1916,-25765.8745,5473.9476,168.0012,168.0084,1.9167,74.866,103.48,102.29
16670,9206,26375.2310,8303.3603,-25800.5511,5481.4401,168.0010,167.6373,1.7500,74.969,103.17,101.96
16693,9219,26410.6529,8314.5117,-25836.0644,5484.7313,168.0100,168.2461,1.7692,75.071,102.49,101.27
16714,9231,26443.3153,8324.7943,-25866.7214,5497.6005,167.9965,167.9905,1.7500,75.176,104.94,103.81
16736,9243,26479.2189,8336.0974,-25902.2902,5502.9497,168.0012,168.1131,1.8333,75.281,104.52,103.30
16757,9255,26512.1947,8346.4787,-25935.4375,5505.6069,168.0105,168.3762,1.7500,75.383,102.25,101.08
16777,9267,26544.3881,8356.6137,-25966.3298,5515.1134,168.0043,168.1802,1.6667,75.485,102.27,101.15
16798,9279,26578.1043,8367.2281,-25998.6334,5525.3029,167.9972,167.9449,1.7500,75.588,102.47,101.36
16821,9291,26613.7366,8378.4458,-26034.8105,5526.4826,168.0110,168.0444,1.9167,75.690,102.37,101.11
16842,9303,26646.3989,8388.7284,-26065.4675,5539.3518,167.9976,168.0780,1.7500,75.795,104.48,103.30
16864,9315,26680.7525,8399.5435,-26099.3272,5545.2864,168.0002,167.5521,1.8333,75.899,104.52,103.29
16886,9327,26716.4778,8410.7904,-26134.1607,5553.2369,167.9991,168.0199,1.8333,76.005,105.64,104.48
16909,9339,26751.0037,8421.6597,-26169.0171,5555.3087,168.0103,168.3468,1.9167,76.109,104.50,103.30
16930,9351,26785.2128,8432.4293,-26201.1071,5568.8756,167.9961,167.9744,1.7500,76.215,106.05,104.87
16953,9363,26821.0728,8443.7187,-26237.6956,5569.2154,168.0117,168.0535,1.9167,76.322,106.01,104.68
16974,9375,26855.9164,8454.6880,-26270.5503,5582.2371,167.9991,168.0801,1.7500,76.427,105.43,104.28
16997,9387,26891.1596,8465.7831,-26305.3283,5588.1296,168.0022,168.0196,1.9167,76.530,103.46,102.20
17018,9399,26926.4259,8476.8855,-26339.3410,5597.7337,167.9973,167.6312,1.7500,76.633,102.49,101.36
17040,9411,26959.7339,8487.3715,-26371.4610,5606.8231,167.9926,167.7730,1.8333,76.736,103.39,102.22
17061,9423,26992.7014,8497.7502,-26404.7013,5609.0053,168.0027,168.0626,1.7500,76.842,105.74,104.57
17082,9435,27026.3801,8508.3528,-26437.7097,5615.6987,168.0034,168.1010,1.7500,76.945,102.82,101.66
17104,9447,27062.0870,8519.5939,-26472.4239,5624.1224,168.0012,167.6448,1.8333,77.049,104.56,103.38
17127,9459,27095.0812,8529.9811,-26505.6904,5626.3064,168.0113,168.6114,1.9167,77.154,104.77,103.55
17146,9471,27128.1621,8540.3955,-26537.1350,5637.4838,168.0020,168.0351,1.5833,77.258,103.55,102.46
17168,9483,27163.6289,8551.5610,-26571.7970,5644.9980,168.0017,167.6448,1.8333,77.362,104.14,102.93
17191,9495,27198.4417,8562.5207,-26606.4774,5649.2790,168.0081,168.1630,1.9167,77.464,102.30,101.12
17212,9507,27232.1577,8573.1350,-26638.7810,5659.4685,168.0012,168.1630,1.7500,77.566,102.09,100.95
17232,9519,27264.3515,8583.2702,-26669.6733,5668.9750,167.9952,167.3498,1.6667,77.668,102.11,101.04
17253,9531,27297.3269,8593.6513,-26702.8205,5671.6322,168.0042,168.2749,1.7500,77.774,105.16,104.01
17276,9543,27335.2496,8605.5901,-26739.8632,5679.7587,168.0037,168.1437,1.9167,77.877,103.74,102.48
17299,9555,27370.4929,8616.6852,-26774.6412,5685.6512,168.0067,168.3191,1.9167,77.983,105.31,104.06
17321,9567,27405.5589,8627.7246,-26808.5940,5694.5748,168.0032,167.7157,1.8333,78.087,103.95,102.73
17344,9579,27441.4969,8639.0385,-26843.1284,5704.9551,167.9970,168.0330,1.9167,78.192,105.38,104.17
17366,9591,27476.4837,8650.0529,-26877.8427,5709.9146,168.0020,167.6040,1.8333,78.295,103.50,102.29
17388,9603,27511.9504,8661.2184,-26912.5046,5717.4288,168.0017,168.1076,1.8333,78.399,104.05,102.86
17411,9615,27544.9447,8671.6055,-26945.7712,5719.6129,168.0116,168.3984,1.9167,78.503,103.52,102.32
17430,9627,27578.0255,8682.0199,-26977.2157,5730.7902,168.0025,168.2174,1.5833,78.606,103.23,102.15
17452,9640,27612.6731,8692.9276,-27010.3809,5741.4058,167.9952,168.1051,1.6923,78.709,102.36,101.20
17475,9653,27648.9731,8704.3554,-27047.0817,5743.3354,168.0071,168.1889,1.7692,78.810,101.31,100.13
17498,9665,27686.0174,8716.0175,-27082.9369,5752.8234,168.0033,168.0019,1.9167,78.915,105.17,103.99
17521,9677,27721.9114,8727.3176,-27118.4910,5758.1943,168.0078,168.2764,1.9167,79.020,104.76,103.57
17544,9689,27758.7302,8738.9088,-27153.8392,5768.9839,168.0011,167.5854,1.9167,79.125,105.25,104.03
17567,9701,27795.1305,8750.3682,-27189.5241,5776.1755,168.0019,167.9981,1.9167,79.229,103.63,102.44
17588,9713,27827.2590,8760.4828,-27220.8232,5783.4544,168.0007,167.9576,1.7500,79.331,102.05,100.92
17609,9725,27861.7850,8771.3521,-27255.6796,5785.5262,168.0114,168.1474,1.7500,79.433,102.74,101.63
17630,9737,27894.4472,8781.6347,-27286.3366,5798.3955,167.9986,167.8913,1.7500,79.538,104.85,103.72
17652,9749,27928.8009,8792.4498,-27320.1963,5804.3300,168.0012,168.2461,1.8333,79.640,101.61,100.38
17673,9761,27961.1294,8802.6274,-27352.8435,5806.2258,168.0113,168.3017,1.7500,79.745,105.28,104.14
17694,9773,27995.9891,8813.6018,-27385.7097,5819.2711,167.9991,167.8106,1.7500,79.849,104.20,103.03
17716,9785,28030.3427,8824.4169,-27419.5694,5825.2057,168.0016,167.7902,1.8333,79.952,102.32,101.11
17736,9797,28062.5365,8834.5520,-27450.4617,5834.7122,167.9958,167.6840,1.6667,80.054,101.78,100.66
17757,9809,28095.5119,8844.9332,-27483.6089,5837.3694,168.0045,168.3191,1.7500,80.159,105.56,104.38
17780,9821,28131.8845,8856.3839,-27518.9424,5846.0813,168.0021,168.0088,1.9167,80.262,102.78,101.54
17800,9833,28164.9534,8866.7945,-27550.7460,5855.5094,167.9968,167.7925,1.6667,80.364,101.81,100.72
17823,9845,28199.4998,8877.6704,-27585.3480,5858.8790,168.0047,167.7157,1.9167,80.469,104.98,103.77
17845,9857,28233.6541,8888.4227,-27618.7268,5866.1171,168.0045,168.0881,1.8333,80.571,102.51,101.33
17866,9869,28269.1516,8899.5979,-27653.1490,5874.9074,168.0015,168.2666,1.7500,80.676,104.76,103.63
17889,9882,28304.5735,8910.7493,-27688.6623,5878.1986,168.0100,168.1290,1.7692,80.777,101.08,99.89
17910,9894,28337.2359,8921.0319,-27719.3193,5891.0679,167.9974,167.7438,1.7500,80.883,105.65,104.50
17932,9906,28373.1396,8932.3350,-27754.8881,5896.4170,168.0017,167.7459,1.8333,80.987,104.78,103.57
17953,9918,28406.1154,8942.7164,-27788.0354,5899.0743,168.0104,168.4079,1.7500,81.090,102.35,101.16
17974,9930,28438.7777,8952.9990,-27818.6924,5911.9436,167.9979,167.8229,1.7500,81.195,105.38,104.22
17997,9942,28473.9969,8964.0866,-27854.5194,5912.7833,168.0112,168.4651,1.9167,81.299,103.74,102.49
18018,9954,28509.4814,8975.2577,-27888.1355,5925.3050,168.0006,167.5374,1.7500,81.404,105.21,104.05
18041,9966,28545.3753,8986.5577,-27923.6896,5930.6758,168.0049,168.2749,1.9167,81.509,105.16,103.91
18062,9978,28578.6694,8997.0392,-27956.0003,5938.8023,168.0024,168.0580,1.7500,81.613,103.89,102.71
18083,9990,28611.6304,9007.4159,-27989.3044,5940.6496,168.0127,168.0741,1.7500,81.717,104.17,103.01
18104,10002,28645.1984,9017.9837,-28020.6330,5954.7165,167.9982,167.9578,1.7500,81.821,103.91,102.75
18127,10014,28681.0923,9029.2836,-28056.1871,5960.0874,168.0025,168.0375,1.9167,81.927,105.63,104.38
18149,10026,28714.9935,9039.9563,-28090.2935,5962.6828,168.0115,168.6897,1.8333,82.032,105.08,103.87
18170,10038,28749.8371,9050.9256,-28123.1482,5975.7045,167.9998,167.7947,1.7500,82.135,103.14,102.01
18193,10050,28785.0802,9062.0208,-28157.9262,5981.5970,168.0027,168.0261,1.9167,82.236,101.10,99.92
18214,10062,28820.5569,9073.1894,-28192.6028,5989.0895,168.0024,168.2437,1.7500,82.336,100.14,99.05
18237,10075,28855.9788,9084.3408,-28228.1161,5992.3807,168.0107,168.2666,1.7692,82.435,98.94,97.77
18257,10087,28888.1722,9094.4758,-28259.0084,6001.8872,168.0050,168.0279,1.6667,82.535,99.24,98.17
18278,10099,28921.8883,9105.0902,-28291.3120,6012.0767,167.9985,167.8692,1.7500,82.634,99.42,98.36
18300,10111,28956.2739,9115.9154,-28325.1002,6018.5010,168.0000,167.5680,1.8333,82.736,102.41,101.29
18323,10123,28992.4080,9127.2910,-28360.7066,6024.7813,168.0025,168.2239,1.9167,82.838,101.45,100.27
18344,10135,29024.5365,9137.4056,-28392.0058,6032.0602,168.0013,167.9811,1.7500,82.937,99.66,98.55
18366,10147,29060.2618,9148.6525,-28426.8393,6040.0107,168.0002,167.5584,1.8333,83.040,102.44,101.29
18389,10159,29094.7878,9159.5218,-28461.6957,6042.0825,168.0105,168.5583,1.9167,83.142,102.24,101.04
18410,10171,29128.9968,9170.2914,-28493.7857,6055.6494,167.9975,167.4023,1.7500,83.245,103.28,102.13
18433,10183,29164.8570,9181.5808,-28530.3742,6055.9892,168.0118,168.4984,1.9167,83.348,102.63,101.47
18454,10195,29199.7005,9192.5501,-28563.2289,6069.0109,168.0002,167.7947,1.7500,83.450,102.22,101.06
18477,10207,29234.9436,9203.6452,-28598.0069,6074.9034,168.0031,168.0309,1.9167,83.551,100.31,99.16
18498,10219,29270.2099,9214.7476,-28632.0197,6084.5075,167.9985,167.3835,1.7500,83.650,99.64,98.53
18521,10232,29305.8423,9225.9653,-28668.1968,6085.6871,168.0110,168.5661,1.7692,83.751,100.51,99.29
18542,10244,29338.5045,9236.2479,-28698.8538,6098.5564,167.9988,167.8409,1.7500,83.853,102.47,101.36
18564,10256,29374.4082,9247.5510,-28734.4226,6103.9055,168.0031,167.6338,1.8333,83.955,102.02,100.87
18587,10268,29410.3023,9258.8510,-28769.9767,6109.2764,168.0072,168.3323,1.9167,84.058,102.58,101.40
18610,10280,29446.4802,9270.2405,-28804.5635,6120.5660,167.9997,167.8710,1.9167,84.160,102.35,101.17
18633,10292,29481.7234,9281.3356,-28839.3415,6126.4586,168.0026,168.0084,1.9167,84.262,101.44,100.23
18654,10304,29517.2000,9292.5042,-28874.0181,6133.9511,168.0023,167.6373,1.7500,84.362,100.23,99.09
18677,10317,29552.6220,9303.6557,-28909.5314,6137.2423,168.0104,168.2461,1.7692,84.461,99.61,98.42
18698,10329,29585.2843,9313.9383,-28940.1884,6150.1115,167.9984,167.9905,1.7500,84.564,102.86,101.74
18720,10341,29621.1880,9325.2414,-28975.7572,6155.4607,168.0025,168.1131,1.8333,84.667,102.52,101.38
18741,10353,29654.1639,9335.6227,-29008.9045,6158.1179,168.0108,168.3762,1.7500,84.767,99.89,98.73
18761,10365,29686.3572,9345.7577,-29039.7968,6167.6244,168.0053,168.1802,1.6667,84.866,99.72,98.66
18782,10377,29720.0733,9356.3721,-29072.1004,6177.8139,167.9990,167.9449,1.7500,84.968,101.52,100.42
18805,10389,29755.7057,9367.5898,-29108.2775,6178.9936,168.0113,168.0444,1.9167,85.068,100.02,98.83
18826,10401,29788.3679,9377.8724,-29138.9345,6191.8628,167.9993,168.0780,1.7500,85.171,103.00,101.91
18848,10413,29822.7215,9388.6875,-29172.7942,6197.7974,168.0017,167.5521,1.8333,85.270,99.13,97.99
18870,10425,29858.4468,9399.9344,-29207.6277,6205.7479,168.0006,168.0199,1.8333,85.372,102.23,101.11
18893,10437,29892.9728,9410.8037,-29242.4841,6207.8197,168.0106,168.3468,1.9167,85.474,101.39,100.24
18914,10449,29927.1818,9421.5733,-29274.5741,6221.3866,167.9980,167.9744,1.7500,85.577,103.44,102.30
18937,10461,29963.0420,9432.8627,-29311.1626,6221.7264,168.0119,168.0535,1.9167,85.680,103.06,101.88
18958,10473,29997.8855,9443.8320,-29344.0173,6234.7481,168.0006,168.0801,1.7500,85.783,102.64,101.50
18981,10485,30033.1286,9454.9271,-29378.7953,6240.6406,168.0034,168.0196,1.9167,85.885,102.28,101.13
19002,10497,30068.3949,9466.0295,-29412.8080,6250.2447,167.9990,167.6312,1.7500,85.986,101.18,100.07
19024,10509,30101.7028,9476.5154,-29444.9280,6259.3341,167.9948,167.7730,1.8333,86.089,102.42,101.26
19045,10521,30134.6705,9486.8942,-29478.1683,6261.5163,168.0039,168.0626,1.7500,86.191,102.52,101.41
19066,10533,30168.3491,9497.4968,-29511.1767,6268.2097,168.0045,168.1010,1.7500,86.292,101.16,100.05
19088,10545,30204.0561,9508.7379,-29545.8909,6276.6334,168.0025,167.6448,1.8333,86.394,101.36,100.21
19111,10557,30237.0504,9519.1251,-29579.1574,6278.8174,168.0116,168.6114,1.9167,86.494,100.50,99.36
19130,10569,30270.1311,9529.5394,-29610.6020,6289.9948,168.0032,168.0351,1.5833,86.595,100.99,99.98
19152,10581,30305.5979,9540.7050,-29645.2640,6297.5090,168.0030,167.6448,1.8333,86.698,102.47,101.33
19175,10593,30340.4108,9551.6647,-29679.9444,6301.7900,168.0087,168.1630,1.9167,86.799,100.87,99.63
19196,10605,30374.1267,9562.2790,-29712.2480,6311.9795,168.0025,168.1630,1.7500,86.900,100.95,99.85
19216,10617,30406.3205,9572.4141,-29743.1403,6321.4860,167.9971,167.3498,1.6667,86.999,99.82,98.76
19237,10629,30439.2960,9582.7953,-29776.2875,6324.1432,168.0052,168.2749,1.7500,87.102,102.71,101.59
19260,10641,30477.2187,9594.7340,-29813.3302,6332.2697,168.0047,168.1437,1.9167,87.203,100.66,99.46
19283,10653,30512.4620,9605.8292,-29848.1082,6338.1622,168.0075,168.3191,1.9167,87.305,102.30,101.14
19305,10665,30547.5280,9616.8686,-29882.0610,6347.0858,168.0043,167.7157,1.8333,87.406,100.55,99.43
19328,10677,30583.4659,9628.1824,-29916.5954,6357.4661,167.9988,168.0330,1.9167,87.509,103.40,102.27
19350,10689,30618.4527,9639.1969,-29951.3097,6362.4256,168.0032,167.6040,1.8333,87.609,100.14,98.98
19372,10701,30653.9195,9650.3624,-29985.9716,6369.9398,168.0029,168.1076,1.8333,87.710,100.90,99.76
19395,10713,30686.9138,9660.7495,-30019.2382,6372.1239,168.0118,168.3984,1.9167,87.812,101.70,100.59
19414,10725,30719.9946,9671.1639,-30050.6827,6383.3012,168.0036,168.2174,1.5833,87.914,102.08,100.94
19436,10738,30754.6421,9682.0715,-30083.8479,6393.9168,167.9971,168.1051,1.6923,88.013,99.29,98.17
19459,10751,30790.9423,9693.4994,-30120.5487,6395.8464,168.0078,168.1889,1.7692,88.112,98.79,97.67
19482,10763,30827.9864,9705.1615,-30156.4039,6405.3344,168.0044,168.0019,1.9167,88.214,102.06,100.93
19505,10775,30863.8805,9716.4616,-30191.9580,6410.7053,168.0084,168.2764,1.9167,88.316,102.18,100.96
19526,10787,30897.4339,9727.0248,-30223.4434,6423.9623,167.9965,167.3043,1.7500,88.416,99.60,98.46
19547,10799,30930.4093,9737.4060,-30256.5907,6426.6195,168.0044,168.0581,1.7500,88.517,101.69,100.60
19568,10811,30963.7034,9747.8875,-30288.9013,6434.7460,168.0021,167.9636,1.7500,88.619,101.73,100.62
19591,10823,31000.2222,9759.3842,-30325.2054,6439.5932,168.0073,167.9449,1.9167,88.721,102.30,101.13
19614,10835,31036.4163,9770.7787,-30359.8036,6450.9065,168.0002,167.8913,1.9167,88.823,101.47,100.30
19636,10847,31070.7699,9781.5938,-30393.6633,6456.8410,168.0024,168.2461,1.8333,88.922,98.88,97.71
19657,10859,31103.0985,9791.7714,-30426.3105,6458.7368,168.0115,168.3017,1.7500,89.024,102.13,101.03
19678,10871,31137.9581,9802.7458,-30459.1767,6471.7821,168.0006,167.8106,1.7500,89.125,101.47,100.33
19700,10883,31172.3117,9813.5609,-30493.0364,6477.7167,168.0029,167.7902,1.8333,89.224,98.93,97.76
19720,10895,31204.5055,9823.6960,-30523.9287,6487.2232,167.9976,167.6840,1.6667,89.323,98.90,97.80
19741,10907,31237.4810,9834.0772,-30557.0759,6489.8804,168.0055,168.3191,1.7500,89.426,102.51,101.37
19764,10919,31273.8536,9845.5279,-30592.4094,6498.5923,168.0033,168.0088,1.9167,89.527,100.82,99.61
19784,10931,31305.3348,9855.4387,-30623.2086,6505.1098,168.0034,168.0240,1.6667,89.627,100.05,99.00
19806,10943,31340.4009,9866.4781,-30657.1614,6514.0334,168.0003,167.4585,1.8333,89.729,102.15,100.99
19829,10955,31375.8546,9877.6395,-30692.6032,6517.8143,168.0070,168.1650,1.9167,89.829,99.80,98.63
19850,10967,31411.1207,9888.7419,-30726.6160,6527.4184,168.0028,168.2666,1.7500,89.930,101.65,100.55
19873,10980,31446.5427,9899.8933,-30762.1293,6530.7096,168.0103,168.1290,1.7692,90.030,99.47,98.28
19894,10992,31479.2049,9910.1759,-30792.7863,6543.5789,167.9990,167.7438,1.7500,90.132,102.16,101.08
19916,11004,31515.1086,9921.4790,-30828.3551,6548.9280,168.0029,167.7459,1.8333,90.234,101.85,100.69
19937,11016,31548.0845,9931.8604,-30861.5024,6551.5853,168.0107,168.6891,1.7500,90.334,100.27,99.14
19958,11028,31580.7467,9942.1430,-30892.1594,6564.4546,167.9995,167.7638,1.7500,90.438,103.53,102.39
19981,11040,31615.9661,9953.2306,-30927.9864,6565.2943,168.0115,168.4548,1.9167,90.538,100.70,99.48
20002,11052,31651.4504,9964.4017,-30961.6025,6577.8160,168.0019,167.7459,1.7500,90.640,102.29,101.19
20025,11064,31687.3444,9975.7017,-30997.1566,6583.1868,168.0058,168.2749,1.9167,90.743,102.95,101.77
20046,11076,31720.6384,9986.1832,-31029.4673,6591.3133,168.0036,168.0580,1.7500,90.845,101.38,100.19
20067,11088,31753.5996,9996.5599,-31062.7714,6593.1606,168.0128,168.0741,1.7500,90.946,101.57,100.46
20088,11100,31787.1674,10007.1276,-31094.1000,6607.2275,167.9997,167.9578,1.7500,91.049,102.31,101.21
20111,11112,31823.0613,10018.4276,-31129.6541,6612.5984,168.0036,168.0375,1.9167,91.152,103.66,102.44
20133,11124,31856.9626,10029.1003,-31163.7605,6615.1938,168.0118,168.6897,1.8333,91.254,102.06,100.88
20154,11136,31891.8061,10040.0696,-31196.6152,6628.2155,168.0011,167.7947,1.7500,91.357,102.68,101.48
20177,11148,31927.0493,10051.1648,-31231.3932,6634.1080,168.0038,168.0261,1.9167,91.459,101.68,100.47
20198,11160,31962.5259,10062.3334,-31266.0698,6641.6005,168.0036,168.0131,1.7500,91.559,100.11,99.00
20221,11173,31997.9480,10073.4848,-31301.5831,6644.8917,168.0110,168.5214,1.7692,91.658,99.32,98.15
20241,11185,32030.1413,10083.6198,-31332.4754,6654.3982,168.0058,167.9508,1.6667,91.759,101.03,99.89
20262,11197,32063.8573,10094.2342,-31364.7790,6664.5877,168.0000,167.8692,1.7500,91.860,100.80,99.70
20284,11209,32098.2429,10105.0594,-31398.5672,6671.0120,168.0014,167.5680,1.8333,91.962,102.05,100.89
20307,11221,32134.3770,10116.4350,-31434.1736,6677.2923,168.0036,168.2239,1.9167,92.063,100.88,99.68
20328,11233,32166.5056,10126.5496,-31465.4728,6684.5712,168.0025,167.9811,1.7500,92.163,99.68,98.57
20350,11245,32202.2309,10137.7965,-31500.3063,6692.5217,168.0016,167.5584,1.8333,92.265,102.11,100.96
20373,11257,32236.7569,10148.6658,-31535.1627,6694.5935,168.0108,168.5583,1.9167,92.367,102.55,101.32
20394,11269,32270.9658,10159.4354,-31567.2527,6708.1604,167.9991,167.4023,1.7500,92.471,103.52,102.29
20417,11281,32306.8261,10170.7248,-31603.8412,6708.5002,168.0120,168.4984,1.9167,92.577,106.25,105.04
20438,11293,32341.6695,10181.6941,-31636.6959,6721.5219,168.0015,167.7947,1.7500,92.683,105.64,104.44
20461,11305,32376.9127,10192.7892,-31671.4739,6727.4144,168.0041,168.0309,1.9167,92.787,104.57,103.35
20482,11317,32412.1789,10203.8916,-31705.4867,6737.0185,168.0000,167.3835,1.7500,92.889,101.71,100.54
20505,11330,32447.8114,10215.1093,-31741.6638,6738.1981,168.0113,168.5661,1.7692,92.992,102.82,101.60
20526,11342,32480.4735,10225.3919,-31772.3208,6751.0674,168.0003,167.8409,1.7500,93.097,105.02,103.88
20548,11354,32516.3773,10236.6950,-31807.8896,6756.4165,168.0041,167.6338,1.8333,93.202,105.11,103.89
20571,11366,32552.2714,10247.9950,-31843.4437,6761.7874,168.0079,168.3323,1.9167,93.306,104.56,103.37
20594,11378,32588.4493,10259.3844,-31878.0305,6773.0770,168.0011,167.8710,1.9167,93.411,104.86,103.67
20617,11390,32623.6925,10270.4796,-31912.8085,6778.9696,168.0037,168.0084,1.9167,93.515,103.29,102.06
20638,11402,32659.1691,10281.6482,-31947.4851,6786.4621,168.0034,167.6373,1.7500,93.618,103.43,102.27
20661,11415,32694.5911,10292.7997,-31982.9984,6789.7533,168.0107,168.2461,1.7692,93.721,102.77,101.53
20682,11427,32727.2533,10303.0823,-32013.6554,6802.6225,167.9998,167.9905,1.7500,93.826,105.09,103.92
20704,11439,32763.1571,10314.3854,-32049.2242,6807.9717,168.0036,168.1131,1.8333,93.931,104.81,103.65
20725,11451,32796.1330,10324.7667,-32082.3715,6810.6289,168.0111,168.3762,1.7500,94.033,102.12,100.96
20745,11463,32828.3263,10334.9017,-32113.2638,6820.1354,168.0061,168.1802,1.6667,94.136,102.70,101.55
20766,11475,32862.0423,10345.5161,-32145.5674,6830.3249,168.0004,167.9449,1.7500,94.239,103.46,102.31
20789,11487,32897.6748,10356.7338,-32181.7445,6831.5046,168.0115,168.0444,1.9167,94.342,102.97,101.76
20810,11499,32930.3369,10367.0163,-32212.4015,6844.3738,168.0007,168.0780,1.7500,94.447,105.10,103.99
20832,11511,32964.6906,10377.8314,-32246.2612,6850.3084,168.0028,167.5521,1.8333,94.549,102.23,101.06
20854,11523,33000.4159,10389.0784,-32281.0947,6858.2589,168.0019,168.0199,1.8333,94.655,105.20,104.02
20877,11535,33034.9419,10399.9477,-32315.9511,6860.3307,168.0110,168.3468,1.9167,94.759,104.50,103.27
20898,11547,33069.1508,10410.7173,-32348.0411,6873.8976,167.9995,167.9744,1.7500,94.864,104.96,103.78
20921,11559,33105.0111,10422.0067,-32384.6296,6874.2374,168.0121,168.0535,1.9167,94.969,105.30,104.10
20942,11571,33139.8545,10432.9760,-32417.4843,6887.2591,168.0019,168.0801,1.7500,95.074,105.18,104.01
20964,11583,33174.2166,10443.7937,-32451.4485,6892.7422,168.0048,168.0398,1.8333,95.178,103.57,102.35
20986,11595,33210.3639,10455.1735,-32486.2750,6902.7557,168.0004,167.6312,1.8333,95.280,102.14,100.94
21008,11607,33243.6718,10465.6594,-32518.3950,6911.8451,167.9966,167.7730,1.8333,95.384,103.54,102.32
21029,11619,33276.6395,10476.0382,-32551.6353,6914.0273,168.0048,168.0626,1.7500,95.489,104.95,103.79
21050,11631,33310.3182,10486.6408,-32584.6437,6920.7207,168.0053,168.1010,1.7500,95.592,102.95,101.79
21072,11643,33346.0252,10497.8819,-32619.3579,6929.1444,168.0036,167.6448,1.8333,95.696,104.18,103.00
21095,11655,33379.0195,10508.2691,-32652.6244,6931.3284,168.0118,168.6114,1.9167,95.799,103.53,102.35
21114,11667,33412.1002,10518.6834,-32684.0690,6942.5058,168.0042,168.0351,1.5833,95.902,103.06,101.96
21136,11679,33447.5670,10529.8490,-32718.7310,6950.0200,168.0040,167.6448,1.8333,96.006,104.00,102.81
21159,11691,33482.3800,10540.8087,-32753.4114,6954.3010,168.0092,168.1630,1.9167,96.108,101.58,100.33
21180,11703,33516.0958,10551.4230,-32785.7150,6964.4905,168.0036,168.1630,1.7500,96.210,101.64,100.52
21200,11715,33548.2895,10561.5581,-32816.6073,6973.9970,167.9987,167.3498,1.6667,96.311,101.29,100.20
21221,11727,33581.2651,10571.9393,-32849.7545,6976.6542,168.0060,168.2749,1.7500,96.416,104.96,103.85
21244,11739,33619.1878,10583.8780,-32886.7972,6984.7807,168.0056,168.1437,1.9167,96.519,103.63,102.40
21267,11751,33654.4311,10594.9732,-32921.5752,6990.6732,168.0081,168.3191,1.9167,96.625,105.26,104.06
21289,11763,33689.4971,10606.0126,-32955.5280,6999.5968,168.0052,167.7157,1.8333,96.729,104.06,102.87
21312,11775,33725.4349,10617.3264,-32990.0624,7009.9771,168.0002,168.0330,1.9167,96.833,104.49,103.28
21334,11787,33760.4218,10628.3408,-33024.7767,7014.9366,168.0042,167.6040,1.8333,96.936,103.02,101.82
21356,11799,33795.8886,10639.5064,-33059.4386,7022.4508,168.0039,168.1076,1.8333,97.040,103.68,102.52
21379,11811,33828.8829,10649.8935,-33092.7052,7024.6349,168.0120,168.3776,1.9167,97.143,102.81,101.65
21398,11823,33861.9636,10660.3079,-33124.1497,7035.8122,168.0046,168.2174,1.5833,97.246,103.00,101.95
21420,11836,33896.6111,10671.2155,-33157.3149,7046.4278,167.9987,168.1051,1.6923,97.348,102.03,100.85
21443,11849,33932.9114,10682.6434,-33194.0157,7048.3574,168.0084,168.1889,1.7692,97.450,102.20,101.00
21466,11861,33969.9555,10694.3055,-33229.8709,7057.8454,168.0053,168.0019,1.9167,97.555,104.98,103.76
21489,11873,34005.8496,10705.6056,-33265.4250,7063.2163,168.0089,168.2764,1.9167,97.660,104.98,103.77
21510,11885,34039.4029,10716.1687,-33296.9104,7076.4733,167.9981,167.3043,1.7500,97.762,102.00,100.87
21531,11897,34072.3784,10726.5500,-33330.0577,7079.1305,168.0053,168.0581,1.7500,97.867,104.72,103.60
21552,11909,34105.6725,10737.0315,-33362.3683,7087.2570,168.0032,167.9636,1.7500,97.972,105.23,104.07
21575,11921,34142.1913,10748.5282,-33398.6724,7092.1042,168.0079,167.9449,1.9167,98.077,105.48,104.26
21598,11933,34178.3853,10759.9227,-33433.2706,7103.4175,168.0014,167.8913,1.9167,98.183,105.41,104.20
21620,11945,34212.7390,10770.7378,-33467.1303,7109.3520,168.0035,168.2461,1.8333,98.285,102.03,100.86
21641,11957,34245.0676,10780.9154,-33499.7775,7111.2478,168.0117,168.3017,1.7500,98.389,104.58,103.43
21662,11969,34279.9271,10791.8897,-33532.6437,7124.2931,168.0018,167.8106,1.7500,98.494,104.60,103.46
21684,11981,34314.2808,10802.7048,-33566.5034,7130.2277,168.0039,167.7902,1.8333,98.596,101.63,100.44
21704,11993,34346.4745,10812.8399,-33597.3957,7139.7342,167.9991,167.6840,1.6667,98.698,102.02,100.91
21725,12005,34379.4501,10823.2212,-33630.5429,7142.3914,168.0062,168.3191,1.7500,98.802,104.61,103.49
21748,12017,34415.8227,10834.6719,-33665.8764,7151.1033,168.0043,168.0088,1.9167,98.905,103.00,101.76
21768,12029,34447.3038,10844.5827,-33696.6756,7157.6208,168.0043,168.0240,1.6667,99.008,102.63,101.50
21790,12041,34482.3699,10855.6221,-33730.6284,7166.5444,168.0015,167.4585,1.8333,99.113,105.27,104.06
21813,12053,34517.8237,10866.7835,-33766.0702,7170.3253,168.0076,168.1650,1.9167,99.216,102.62,101.41
21834,12065,34553.0898,10877.8859,-33800.0830,7179.9294,168.0038,168.2666,1.7500,99.320,104.48,103.33
21857,12078,34588.5118,10889.0373,-33835.5963,7183.2206,168.0107,168.1290,1.7692,99.423,102.43,101.22
21878,12090,34621.1739,10899.3199,-33866.2533,7196.0899,168.0004,167.7438,1.7500,99.528,105.08,103.96
24056,13296,38071.1055,11985.4156,-37241.0339,7912.2495,168.0021,167.9578,1.7500,109.922,105.95,104.85
26237,14503,41525.3972,13072.8839,-40621.3571,8623.3004,168.0119,168.0626,1.9167,120.311,102.74,101.51
28429,15710,44997.1102,14165.8368,-44016.7376,9347.3108,168.0082,168.1802,1.6667,130.710,102.25,101.15
30624,16919,48473.0025,15260.1053,-47416.5592,10070.5267,168.0069,167.6275,1.8333,141.113,104.30,103.11
32806,18125,51927.3893,16347.6036,-50795.1651,10790.1193,168.0049,167.9905,1.7500,151.492,105.19,104.07
34992,19331,55390.5798,17437.8734,-54183.3134,11507.1592,168.0078,168.1076,1.8333,161.870,103.76,102.58
37172,20539,58842.3327,18524.5425,-57559.7101,12224.4764,168.0077,167.9636,1.7500,172.252,104.68,103.51
39352,21745,62294.4521,19611.3269,-60936.6852,12940.8337,168.0085,168.0242,1.9167,182.642,101.73,100.50
41530,22952,65743.3141,20697.0859,-64309.9022,13659.2070,168.0069,167.7743,1.7500,193.039,105.75,104.58
43721,24158,69212.2706,21789.1710,-67704.6568,14372.8950,168.0129,168.5539,1.9167,203.445,105.51,104.29
45913,25367,72683.2630,22881.8970,-71099.8395,15094.3679,168.0125,168.3468,1.9167,213.828,104.81,103.59
48095,26574,76140.7465,23970.3701,-74481.5875,15814.0728,168.0113,168.3323,1.9167,224.492,109.08,107.79
50285,27781,79607.9912,25061.9163,-77872.8519,16535.9551,168.0100,168.0626,1.7500,235.215,107.32,106.07
52461,28987,83054.5859,26146.9614,-81244.4381,17251.0930,168.0106,168.2749,1.7500,245.683,105.37,104.22
54652,30195,86524.9535,27239.4907,-84638.8709,17973.0895,168.0099,167.6275,1.8333,256.337,107.58,106.30
56828,31401,89969.9979,28324.0479,-88008.7479,18688.8128,168.0099,167.5315,1.7500,267.067,106.01,104.77
59010,32607,93425.9348,29412.0341,-91389.0629,19407.8200,168.0092,168.0626,1.9167,277.814,108.73,107.38
61192,33815,96882.3166,30500.1604,-94770.1916,20125.1372,168.0097,167.5680,1.8333,289.711,107.29,106.00
63374,35021,100338.2216,31588.1367,-98150.5781,20843.6547,168.0093,167.3835,1.7500,300.441,105.34,104.06
65558,36229,103795.2651,32676.4713,-101532.2138,21561.7697,168.0094,167.9905,1.7500,311.179,108.77,107.53
67737,37435,107244.9234,33762.4810,-104907.9765,22271.9889,168.0129,168.3468,1.9167,321.903,108.87,107.53
69919,38642,110702.4069,34850.9542,-108289.7245,22991.6938,168.0121,167.8741,1.9167,332.636,109.03,107.70
72104,39848,114162.3280,35940.1947,-111673.7340,23712.4841,168.0110,168.1174,1.9167,343.376,104.38,103.07
74281,41055,117610.7216,37025.8062,-115047.1862,24427.4946,168.0116,168.1001,1.6667,354.100,104.96,103.76
76465,42262,121068.8192,38114.4727,-118430.4686,25142.9299,168.0130,167.9874,1.7500,364.823,105.74,104.46
78645,43468,124519.6664,39200.8567,-121806.1937,25859.0494,168.0133,168.6897,1.8333,375.564,108.94,107.62
80824,44675,127971.1781,40287.4498,-125181.3730,26580.9378,168.0109,167.9811,1.7500,386.298,106.00,104.78
83006,45882,131427.1149,41375.4360,-128561.6880,27299.9450,168.0104,167.8409,1.7500,397.034,108.13,106.84
85189,47089,134884.7442,42463.9551,-131945.2057,28012.0175,168.0131,168.3762,1.7500,407.770,105.69,104.39
87369,48295,138335.5914,43550.3390,-135320.9308,28728.1370,168.0134,168.0535,1.9167,418.515,109.30,107.94
89553,49502,141795.3053,44639.5144,-138704.5525,29449.7558,168.0121,168.1567,1.9167,429.254,106.12,104.77
91741,50709,145261.1494,45730.6196,-142095.4547,30166.6012,168.0133,168.0626,1.7500,440.732,119.10,117.90
93916,51915,148706.2858,46815.2057,-145463.9881,30889.0954,168.0106,167.7925,1.6667,452.796,118.83,117.63
96097,53122,152157.2995,47901.6420,-148841.2284,31598.8803,168.0133,168.4548,1.9167,464.872,120.30,118.99
98277,54328,155610.3515,48988.7201,-152218.1022,32320.2050,168.0117,168.0261,1.9167,476.960,121.85,120.53
100457,55535,159062.0286,50075.3653,-155595.3387,33033.2014,168.0132,168.5583,1.9167,489.028,121.06,119.69
102639,56742,162519.5121,51163.8384,-158977.0868,33752.9064,168.0126,168.3323,1.9167,501.122,122.12,120.77
104818,57949,165971.2516,52250.5033,-162352.6774,34473.9549,168.0111,167.9449,1.7500,513.191,119.09,117.87
107014,59156,169448.2281,53345.1132,-165754.0698,35194.9936,168.0116,168.0951,1.7500,525.288,122.26,121.02
109188,60362,172890.6659,54428.8497,-169120.9648,35912.2111,168.0108,168.1051,1.6923,537.347,118.57,117.29
111372,61569,176348.7634,55517.5162,-172504.2471,36627.6464,168.0118,168.2461,1.8333,549.410,118.46,117.15
113549,62775,179795.8175,56602.7060,-175876.6541,37341.1307,168.0126,168.1650,1.9167,561.481,119.14,117.80
115729,63982,183249.2764,57689.9121,-179254.6745,38059.0142,168.0124,167.8800,1.9167,573.566,121.89,120.58
117909,65189,186701.8493,58776.8394,-182632.5679,38773.2301,168.0133,168.5214,1.7692,585.653,118.41,117.06
120089,66395,190152.6966,59863.2233,-186008.2930,39489.3496,168.0135,168.4984,1.9167,597.719,124.36,123.03
122281,67602,193623.6890,60955.9493,-189403.4757,40210.8224,168.0133,168.3468,1.9167,609.805,121.59,120.27
124460,68809,197076.7410,62043.0274,-192780.3495,40932.1471,168.0121,167.6448,1.8333,621.876,121.16,119.86
126639,70015,200527.1163,63129.2628,-196156.0338,41646.1870,168.0128,168.3191,1.9167,633.970,122.51,121.20
128822,71223,203984.6097,64217.7391,-199537.7965,42365.8702,168.0124,168.0019,1.9167,646.064,122.16,120.89
131002,72429,207436.5501,65304.4672,-202914.0363,43084.8289,168.0118,167.7743,1.7500,658.168,121.52,120.27
133181,73636,210887.1045,66390.7589,-206290.4559,43796.2674,168.0133,167.9874,1.7692,670.260,119.59,118.23
135359,74842,214336.1306,67476.5695,-209664.5650,44511.2294,168.0136,168.0741,1.7500,682.349,120.33,119.11
137550,76049,217805.8804,68568.9043,-213057.1872,45238.7786,168.0118,167.8913,1.7500,694.440,122.59,121.36
139733,77257,221263.5097,69657.4234,-216440.7049,45950.8511,168.0134,168.3762,1.7500,706.509,118.88,117.60
141913,78463,224714.3570,70743.8074,-219816.4300,46666.9706,168.0135,168.0535,1.9167,718.574,122.37,121.01
144090,79669,228163.4148,71829.6280,-223189.3365,47387.7500,168.0124,168.0351,1.5833,730.652,119.98,118.77
146278,80876,231628.2393,72920.4122,-226578.2610,48109.0002,168.0120,168.0951,1.7500,742.756,122.57,121.30
148456,82083,235077.1088,74006.1736,-229951.3848,48827.8485,168.0114,167.7730,1.8333,754.846,120.72,119.41
150637,83289,238528.0355,75092.5825,-233329.2820,49534.1208,168.0139,168.1365,1.9167,766.920,119.22,117.90
152830,84497,242004.6445,76187.0767,-236728.5100,50263.5839,168.0121,167.8303,1.7500,779.020,122.38,121.08
155013,85704,245460.0924,77274.9090,-240109.8299,50975.5040,168.0135,168.6897,1.8333,791.116,123.08,121.79
157206,86912,248934.4550,78368.6960,-243507.1727,51703.0296,168.0121,168.0801,1.9167,803.201,122.14,120.79
159385,88119,252385.6503,79455.1896,-246884.3538,52413.9681,168.0135,168.0444,1.9167,815.259,118.47,117.15
161566,89325,255840.3078,80542.7730,-250262.3513,53137.7303,168.0120,167.6312,1.8333,827.332,118.97,117.67
163750,90532,259297.3512,81631.1077,-253643.9870,53855.8453,168.0120,167.9905,1.7500,839.426,122.21,120.94
165933,91739,262754.9806,82719.6268,-257027.5047,54567.9178,168.0134,168.3051,1.7692,851.516,119.58,118.20
168118,92945,266215.3659,83809.0135,-260411.6481,55290.3128,168.0126,168.0351,1.8333,863.684,121.10,119.83
170306,94153,269680.1904,84899.7977,-263800.5726,56011.5630,168.0122,168.0058,1.8333,875.748,122.51,121.20
172494,95361,273146.5234,85991.0568,-267191.2630,56731.7597,168.0122,167.9449,1.7500,887.857,119.70,118.50
174677,96567,276601.5483,87078.7560,-270571.4249,57447.0974,168.0127,168.0309,1.9167,899.999,120.88,119.52
176861,97775,280061.1963,88167.9105,-273956.4164,58161.9473,168.0134,168.2461,1.7692,912.134,120.15,118.87
179038,98981,283508.9895,89253.3331,-277327.9797,58882.9638,168.0124,168.0199,1.8333,924.241,122.71,121.43
180893,100007,286446.6764,90178.1656,-280202.7235,59487.8449,168.0135,168.5343,1.7500,934.522,117.94,116.63
