generation,path_length_rings,euclid_distance,effective_rings,global_x,global_y,heading_running,heading_windowed,local_clock,elapsed_s,hop_ms,patch_ms
60,25,98.5532,23.0269,-87.0714,40.5795,156.1577,NaN,2.4000,0.106,105.75,64.15
82,37,144.7881,33.8296,-132.0714,52.7038,158.9686,164.9209,1.8333,0.170,64.25,63.09
102,49,187.7967,43.8785,-174.0714,63.0961,160.6081,165.4895,1.6667,0.235,64.96,63.89
123,61,233.2176,54.4911,-219.0714,71.7564,162.2721,166.7109,1.7500,0.300,65.45,64.35
144,73,277.4427,64.8242,-261.0714,85.6128,162.1875,165.4895,1.7500,0.373,72.20,71.11
165,85,322.9819,75.4644,-306.0714,94.2731,163.1669,166.2242,1.7500,0.445,71.94,70.81
186,97,367.1965,85.7951,-348.0714,108.1295,162.9952,165.4895,1.7500,0.519,74.30,73.19
207,109,412.7907,96.4481,-393.0714,116.7897,163.6724,166.0148,1.7500,0.591,72.32,71.18
229,121,456.9588,106.7680,-437.3214,122.6663,164.5251,166.8099,1.8333,0.664,73.19,72.05
248,133,499.6918,116.7525,-476.3214,141.7189,163.6128,165.4348,1.5833,0.738,73.79,72.69
270,145,546.8153,127.7629,-522.0714,153.1628,163.8149,165.4895,1.8333,0.814,75.48,74.33
291,157,591.9214,138.3018,-566.9286,160.3384,164.3581,165.9868,1.7500,0.890,76.78,75.65
313,169,636.6736,148.7582,-611.3214,167.6996,164.7974,166.3700,1.8333,0.969,78.35,77.16
332,181,679.3540,158.7304,-650.3214,186.7522,164.1092,165.4517,1.5833,1.048,79.21,78.17
352,193,722.1214,168.7229,-692.1071,196.1548,164.2995,165.5797,1.6667,1.129,80.59,79.48
374,205,769.1976,179.7223,-737.3214,209.2689,164.2705,165.4568,1.8333,1.209,80.21,79.04
394,217,812.4433,189.8266,-779.3214,219.6612,164.3680,165.4958,1.6667,1.289,80.39,79.27
414,229,855.6911,199.9314,-821.3214,230.0535,164.4557,165.5304,1.6667,1.369,80.10,78.99
436,241,902.2943,210.8202,-866.3214,242.1778,164.4797,165.4951,1.8333,1.450,80.76,79.58
456,253,945.5444,220.9255,-908.3214,252.5701,164.5539,165.5261,1.6667,1.531,80.49,79.36
478,265,992.1482,231.8145,-953.3214,264.6945,164.5712,165.5261,1.8333,1.612,81.28,80.09
498,277,1035.4000,241.9202,-995.3214,275.0868,164.6351,165.5261,1.6667,1.693,81.38,80.26
518,289,1077.9895,251.8712,-1035.6786,288.9432,164.4933,165.1063,1.6667,1.772,79.01,77.90
539,301,1122.9371,262.3732,-1080.8929,294.0156,164.8607,165.7372,1.7500,1.853,80.44,79.31
560,313,1167.8435,272.8655,-1122.6786,311.4599,164.5700,165.1063,1.7500,1.931,78.27,77.15
579,325,1206.6252,281.9268,-1163.3214,309.7278,165.1628,166.1103,1.5833,2.009,77.74,76.71
596,337,1245.2104,290.9422,-1197.6786,330.5124,164.6431,165.1244,1.4167,2.087,78.21,77.19
617,350,1287.3468,300.7873,-1241.3214,330.5124,165.1575,165.5055,1.6154,2.164,76.78,75.63
636,362,1330.4984,310.8696,-1281.0714,348.8845,164.8312,165.5639,1.5833,2.242,78.72,77.64
658,374,1377.1030,321.7588,-1326.0714,361.0089,164.8343,165.5055,1.8333,2.320,77.74,76.52
678,386,1420.3594,331.8656,-1368.0714,371.4012,164.8729,165.2407,1.6667,2.399,78.43,77.31
699,398,1466.0640,342.5444,-1413.0714,380.0614,165.0051,165.1646,1.7500,2.477,78.50,77.35
720,410,1510.2210,352.8617,-1455.0714,393.9178,164.9096,165.5639,1.7500,2.557,80.27,79.15
741,422,1555.9275,363.5409,-1500.0714,402.5781,165.0331,165.6683,1.7500,2.636,78.36,77.22
762,434,1600.0833,373.8579,-1542.0714,416.4345,164.9422,165.5639,1.7500,2.717,81.40,80.29
783,446,1645.7914,384.5375,-1587.0714,425.0948,165.0580,165.7306,1.7500,2.796,79.21,78.03
805,458,1690.0701,394.8832,-1631.3214,430.9714,165.2523,166.0691,1.8333,2.876,79.57,78.40
824,470,1732.6562,404.8334,-1670.3214,450.0239,164.9713,165.5055,1.5833,2.956,80.66,79.58
846,482,1779.8090,415.8506,-1716.0714,461.4678,164.9974,165.5000,1.8333,3.036,79.59,78.41
867,494,1823.1981,425.9884,-1760.3214,463.8803,165.2842,166.1352,1.7500,3.115,79.37,78.21
884,506,1861.7428,434.9944,-1794.6786,484.6649,164.9341,165.3087,1.4167,3.193,77.94,76.92
905,519,1903.9193,444.8489,-1838.3214,484.6649,165.2755,166.2961,1.6154,3.271,77.14,76.02
924,531,1947.0487,454.9260,-1878.0714,503.0370,165.0499,165.3077,1.5833,3.350,79.32,78.28
946,543,1993.6533,465.8151,-1923.0714,515.1614,165.0469,165.7212,1.8333,3.427,77.35,76.19
966,555,2036.9127,475.9227,-1965.0714,525.5537,165.0693,164.9335,1.6667,3.507,79.38,78.28
987,567,2082.6272,486.6038,-2010.0714,534.2140,165.1581,165.9237,1.7500,3.584,77.61,76.47
1008,579,2126.7769,496.9193,-2052.0714,548.0704,165.0871,164.9790,1.7500,3.663,78.64,77.49
1029,591,2172.4924,507.6007,-2097.0714,556.7306,165.1718,165.7099,1.7500,3.739,76.19,75.05
1050,603,2216.6414,517.9161,-2139.0714,570.5870,165.1034,165.5448,1.7500,3.817,77.74,76.63
1071,615,2261.8403,528.4768,-2183.9286,577.7627,165.2198,165.8054,1.7500,3.894,77.41,76.25
1093,627,2306.6460,538.9456,-2228.3214,585.1239,165.3243,165.8811,1.8333,3.973,78.40,77.22
1112,639,2349.2161,548.8920,-2267.3214,604.1764,165.1158,165.4870,1.5833,4.053,80.34,79.25
1134,651,2396.3707,559.9097,-2313.0714,615.6203,165.1323,165.3161,1.8333,4.134,81.11,79.93
1155,663,2439.7750,570.0510,-2357.3214,618.0328,165.3442,166.1103,1.7500,4.214,79.69,78.51
1172,675,2478.2993,579.0522,-2391.6786,638.8175,165.0803,165.1244,1.4167,4.293,78.96,77.96
1193,688,2520.4959,588.9114,-2435.3214,638.8175,165.3357,165.5055,1.6154,4.371,78.73,77.62
1212,700,2563.6137,598.9858,-2475.0714,657.1896,165.1634,165.5639,1.5833,4.452,80.15,79.09
1234,712,2610.2180,609.8749,-2520.0714,669.3139,165.1591,165.5055,1.8333,4.532,80.59,79.37
1254,724,2653.4788,619.9827,-2562.0714,679.7062,165.1744,164.9335,1.6667,4.612,80.30,79.17
1275,736,2699.1985,630.6651,-2607.0714,688.3665,165.2412,165.9237,1.7500,4.691,78.87,77.72
1296,748,2743.3441,640.9797,-2649.0714,702.2229,165.1848,164.9790,1.7500,4.772,80.55,79.42
1317,760,2789.0643,651.6621,-2694.0714,710.8831,165.2492,165.7099,1.7500,4.851,79.12,77.95
1339,772,2833.3577,662.0112,-2738.3214,716.7597,165.3621,166.1103,1.8333,4.930,78.75,77.59
1358,784,2875.9194,671.9557,-2777.3214,735.8123,165.1912,165.4870,1.5833,5.009,79.19,78.12
1380,796,2923.0748,682.9736,-2823.0714,747.2562,165.2035,165.3161,1.8333,5.088,79.27,78.06
1401,808,2968.2805,693.5358,-2867.9286,754.4318,165.2907,165.8054,1.7500,5.167,78.76,77.54
1423,820,3013.0904,704.0056,-2912.3214,761.7931,165.3697,165.8811,1.8333,5.245,77.61,76.40
1442,832,3055.6502,713.9497,-2951.3214,780.8456,165.2087,165.4870,1.5833,5.324,79.67,78.60
1462,844,3098.4521,723.9503,-2993.1071,790.2482,165.2379,165.2867,1.6667,5.404,79.82,78.67
1484,856,3145.5157,734.9467,-3038.3214,803.3623,165.2167,164.9209,1.8333,5.484,79.88,78.68
1504,868,3188.3178,744.9473,-3080.1071,812.7648,165.2450,165.6066,1.6667,5.565,80.94,79.78
1526,880,3235.3813,755.9437,-3125.3214,825.8789,165.2243,165.4870,1.8333,5.646,81.52,80.28
1546,892,3278.6429,766.0517,-3167.3214,836.2712,165.2359,164.9209,1.6667,5.726,79.94,78.85
1566,904,3321.9047,776.1598,-3209.3214,846.6636,165.2472,165.7374,1.6667,5.807,80.58,79.39
1588,916,3368.5086,787.0487,-3254.3214,858.7879,165.2427,164.9661,1.8333,5.887,80.58,79.38
1608,928,3411.7705,797.1568,-3296.3214,869.1802,165.2536,165.5261,1.6667,5.967,79.41,78.31
1628,940,3454.3268,807.1001,-3336.6786,883.0366,165.2017,165.3335,1.6667,6.045,78.60,77.52
1649,952,3499.3432,817.6181,-3381.8929,888.1091,165.3105,165.7372,1.7500,6.125,79.75,78.63
1670,964,3544.1922,828.0970,-3423.6786,905.5533,165.2090,165.1063,1.7500,6.204,78.68,77.54
1691,976,3589.2094,838.6152,-3468.8929,910.6257,165.3150,165.7372,1.7500,6.285,80.62,79.50
1712,988,3634.0577,849.0940,-3510.6786,928.0699,165.2159,165.1063,1.7500,6.363,78.07,76.93
1731,1000,3672.9329,858.1772,-3551.3214,926.3379,165.4038,165.5448,1.5833,6.442,78.94,77.91
1748,1012,3711.4367,867.1735,-3585.6786,947.1225,165.2270,165.3503,1.4167,6.519,77.27,76.29
1769,1025,3753.6533,877.0374,-3629.3214,947.1225,165.3969,166.0773,1.6154,6.598,78.82,77.67
1788,1037,3796.7592,887.1091,-3669.0714,965.4946,165.2798,165.2407,1.5833,6.678,79.93,78.85
1809,1049,3842.4840,897.7926,-3714.0714,974.1549,165.3254,165.1646,1.7500,6.755,77.77,76.61
1830,1061,3886.6251,908.1062,-3756.0714,988.0113,165.2847,165.5639,1.7500,6.835,79.24,78.11
1851,1073,3932.3502,918.7898,-3801.0714,996.6715,165.3292,165.6683,1.7500,6.911,76.64,75.48
1872,1085,3976.4912,929.1033,-3843.0714,1010.5279,165.2893,165.5639,1.7500,6.990,78.33,77.16
1893,1097,4022.2164,939.7869,-3888.0714,1019.1882,165.3327,165.6683,1.7500,7.066,76.74,75.58
1915,1109,4066.5161,950.1375,-3932.3214,1025.0648,165.4105,166.1352,1.8333,7.145,78.75,77.53
1934,1121,4109.0668,960.0794,-3971.3214,1044.1173,165.2904,165.5055,1.5833,7.225,80.38,79.29
1956,1133,4156.2232,971.0975,-4017.0714,1055.5612,165.2979,165.5000,1.8333,7.306,80.66,79.48
1977,1145,4201.4352,981.6612,-4061.9286,1062.7369,165.3585,165.8271,1.7500,7.387,80.44,79.27
1999,1157,4246.2491,992.1319,-4106.3214,1070.0981,165.4139,166.0691,1.8333,7.466,79.15,77.95
2018,1169,4288.7989,1002.0737,-4145.3214,1089.1507,165.2987,165.7004,1.5833,7.545,79.61,78.54
2038,1181,4331.6031,1012.0748,-4187.1071,1098.5532,165.3187,165.3533,1.6667,7.626,80.28,79.15
2060,1193,4378.6650,1023.0708,-4232.3214,1111.6673,165.3027,165.7004,1.8333,7.706,80.02,78.84
2080,1205,4421.9274,1033.1790,-4274.3214,1122.0596,165.3105,165.2911,1.6667,7.785,79.70,78.57
2100,1217,4465.1900,1043.2872,-4316.3214,1132.4519,165.3181,165.7650,1.6667,7.865,79.32,78.21
2122,1229,4511.7936,1054.1761,-4361.3214,1144.5763,165.3140,164.9209,1.8333,7.944,79.26,78.05
2142,1241,4555.0561,1064.2844,-4403.3214,1154.9686,165.3215,165.7374,1.6667,8.021,77.24,76.12
2164,1253,4601.6597,1075.1733,-4448.3214,1167.0929,165.3175,164.9661,1.8333,8.099,77.48,76.31
2184,1265,4644.9223,1085.2815,-4490.3214,1177.4853,165.3248,165.5261,1.6667,8.177,78.55,77.42
2204,1277,4687.4744,1095.2238,-4530.6786,1191.3417,165.2859,165.1063,1.6667,8.254,77.09,75.96
2225,1289,4732.4988,1105.7437,-4575.8929,1196.4141,165.3655,165.7372,1.7500,8.333,79.06,77.94
2246,1301,4777.3404,1116.2209,-4617.6786,1213.8583,165.2897,165.1063,1.7500,8.409,76.10,75.00
2267,1313,4822.3652,1126.7409,-4662.8929,1218.9308,165.3679,165.7372,1.7500,8.488,78.38,77.27
2288,1325,4867.2064,1137.2180,-4704.6786,1236.3750,165.2934,165.1063,1.7500,8.565,77.31,76.14
2307,1337,4906.0927,1146.3037,-4745.3214,1234.6429,165.4335,165.5448,1.5833,8.643,78.42,77.33
2324,1349,4944.5862,1155.2977,-4779.6786,1255.4275,165.3005,165.3503,1.4167,8.720,76.98,75.98
2345,1362,4986.8129,1165.1639,-4823.3214,1255.4275,165.4278,166.0773,1.6154,8.798,77.88,76.69
2364,1374,5029.9127,1175.2342,-4863.0714,1273.7997,165.3391,165.2407,1.5833,8.878,79.65,78.57
2385,1386,5075.6403,1185.9184,-4908.0714,1282.4599,165.3731,165.1646,1.7500,8.957,78.62,77.49
2406,1398,5119.7789,1196.2313,-4950.0714,1296.3163,165.3418,165.5639,1.7500,9.036,79.71,78.59
2427,1410,5165.5067,1206.9156,-4995.0714,1304.9766,165.3751,165.6683,1.7500,9.115,78.71,77.57
2448,1422,5209.6452,1217.2285,-5037.0714,1318.8330,165.3443,165.5639,1.7500,9.195,79.79,78.65
2469,1434,5255.3730,1227.9128,-5082.0714,1327.4932,165.3771,165.7306,1.7500,9.274,79.06,77.90
2491,1446,5299.6761,1238.2641,-5126.3214,1333.3698,165.4364,166.0691,1.8333,9.354,79.71,78.54
2510,1458,5342.2209,1248.2047,-5165.3214,1352.4224,165.3438,165.5055,1.5833,9.433,79.42,78.39
2532,1470,5389.3778,1259.2228,-5211.0714,1363.8663,165.3492,165.5000,1.8333,9.513,80.09,78.93
2553,1482,5432.8064,1269.3699,-5255.3214,1366.2788,165.4426,166.1352,1.7500,9.593,79.92,78.75
2570,1494,5471.2968,1278.3631,-5289.6786,1387.0634,165.3223,165.3087,1.4167,9.673,80.29,79.28
2591,1507,5513.5265,1288.2301,-5333.3214,1387.0634,165.4373,166.2961,1.6154,9.757,83.72,82.56
2610,1519,5556.6244,1298.2998,-5373.0714,1405.4355,165.3570,165.3077,1.5833,9.842,85.37,84.24
2632,1531,5603.2278,1309.1887,-5418.0714,1417.5599,165.3533,165.7212,1.8333,9.928,85.35,84.12
2652,1543,5646.4908,1319.2970,-5460.0714,1427.9522,165.3591,165.3077,1.6667,10.013,84.85,83.74
2673,1555,5692.2193,1329.9815,-5505.0714,1436.6124,165.3892,165.9544,1.7500,10.095,82.56,81.38
2694,1567,5736.3571,1340.2942,-5547.0714,1450.4688,165.3611,164.9335,1.7500,10.180,85.22,84.06
2715,1579,5782.0857,1350.9787,-5592.0714,1459.1291,165.3908,165.9237,1.7500,10.266,85.14,83.94
2736,1591,5826.2234,1361.2914,-5634.0714,1472.9855,165.3631,164.9790,1.7500,10.353,87.83,86.63
2757,1603,5871.9522,1371.9759,-5679.0714,1481.6457,165.3923,165.7099,1.7500,10.441,87.68,86.47
2779,1615,5916.2564,1382.3275,-5723.3214,1487.5223,165.4453,165.8811,1.8333,10.530,88.99,87.75
2798,1627,5958.7991,1392.2676,-5762.3214,1506.5749,165.3622,165.4870,1.5833,10.620,89.87,88.72
2820,1639,6005.9562,1403.2858,-5808.0714,1518.0188,165.3669,165.3161,1.8333,10.710,90.45,89.18
2841,1651,6049.3868,1413.4333,-5852.3214,1520.4313,165.4507,166.1103,1.7500,10.799,88.90,87.66
2858,1663,6087.8743,1422.4259,-5886.6786,1541.2159,165.3425,165.1244,1.4167,10.887,87.77,86.69
2879,1676,6130.1068,1432.2934,-5930.3214,1541.2159,165.4458,165.5055,1.6154,10.975,88.40,87.22
2898,1688,6173.2030,1442.3628,-5970.0714,1559.5880,165.3734,165.5639,1.5833,11.064,89.04,87.91
2920,1700,6219.8063,1453.2516,-6015.0714,1571.7124,165.3700,165.5055,1.8333,11.154,89.05,87.75
2940,1712,6263.0694,1463.3600,-6057.0714,1582.1047,165.3751,164.9335,1.6667,11.243,89.86,88.70
2961,1724,6308.7987,1474.0446,-6102.0714,1590.7649,165.4022,165.9237,1.7500,11.333,89.68,88.48
2982,1736,6352.9358,1484.3572,-6144.0714,1604.6214,165.3767,164.9790,1.7500,11.423,90.37,89.15
3003,1748,6398.6652,1495.0418,-6189.0714,1613.2816,165.4034,165.7099,1.7500,11.511,87.75,86.52
3024,1760,6442.8022,1505.3544,-6231.0714,1627.1380,165.3783,165.5448,1.7500,11.601,89.98,88.77
3045,1772,6488.0194,1515.9194,-6275.9286,1634.3137,165.4170,165.8054,1.7500,11.690,88.66,87.41
3067,1784,6532.8368,1526.3909,-6320.3214,1641.6749,165.4525,165.8811,1.8333,11.779,89.17,87.92
3086,1796,6575.3778,1536.3306,-6359.3214,1660.7274,165.3772,165.4870,1.5833,11.869,89.97,88.81
3108,1808,6622.5350,1547.3488,-6405.0714,1672.1713,165.3813,165.3161,1.8333,11.960,90.73,89.46
3129,1820,6665.9672,1557.4967,-6449.3214,1674.5838,165.4572,166.1103,1.7500,12.049,88.90,87.67
3146,1832,6704.4525,1566.4887,-6483.6786,1695.3684,165.3590,165.1244,1.4167,12.136,87.60,86.54
3167,1845,6746.6872,1576.3568,-6527.3214,1695.3684,165.4527,165.5055,1.6154,12.224,88.18,86.97
3186,1857,6789.7820,1586.4259,-6567.0714,1713.7406,165.3869,165.5639,1.5833,12.314,89.66,88.51
3208,1869,6836.3852,1597.3147,-6612.0714,1725.8649,165.3837,165.5055,1.8333,12.403,89.21,87.95
3228,1881,6879.6485,1607.4231,-6654.0714,1736.2572,165.3882,164.9335,1.6667,12.493,90.12,88.94
3249,1893,6925.3784,1618.1079,-6699.0714,1744.9175,165.4128,165.9237,1.7500,12.582,88.21,86.98
3270,1905,6969.5149,1628.4203,-6741.0714,1758.7739,165.3895,164.9790,1.7500,12.672,90.00,88.78
3291,1917,7015.2449,1639.1051,-6786.0714,1767.4341,165.4138,165.7099,1.7500,12.760,88.83,87.60
3313,1929,7059.5507,1649.4571,-6830.3214,1773.3107,165.4581,166.1103,1.8333,12.849,88.53,87.30
3332,1941,7102.0905,1659.3965,-6869.3214,1792.3633,165.3883,165.4870,1.5833,12.937,87.67,86.49
3354,1953,7149.2478,1670.4147,-6915.0714,1803.8072,165.3921,165.3161,1.8333,13.022,85.46,84.21
3375,1965,7194.4659,1680.9799,-6959.9286,1810.9828,165.4269,165.8054,1.7500,13.108,85.78,84.59
3397,1977,7239.2839,1691.4516,-7004.3214,1818.3441,165.4589,165.8811,1.8333,13.193,85.18,83.97
3416,1989,7281.8234,1701.3909,-7043.3214,1837.3966,165.3908,165.4870,1.5833,13.280,86.60,85.49
3436,2001,7324.6298,1711.3926,-7085.1071,1846.7992,165.4021,165.2867,1.6667,13.366,86.27,85.08
3458,2013,7371.6898,1722.3881,-7130.3214,1859.9133,165.3920,164.9209,1.8333,13.450,84.58,83.36
3478,2025,7414.4962,1732.3898,-7172.1071,1869.3158,165.4031,165.6066,1.6667,13.535,84.37,83.24
3500,2037,7461.5562,1743.3853,-7217.3214,1882.4299,165.3932,165.4870,1.8333,13.617,82.25,81.03
3520,2049,7504.8195,1753.4937,-7259.3214,1892.8222,165.3973,164.9209,1.6667,13.699,81.44,80.32
3540,2061,7548.0829,1763.6022,-7301.3214,1903.2145,165.4013,165.7374,1.6667,13.778,79.92,78.76
3562,2073,7594.6860,1774.4909,-7346.3214,1915.3389,165.3984,164.9661,1.8333,13.859,80.43,79.28
3582,2085,7637.9494,1784.5994,-7388.3214,1925.7312,165.4024,165.5261,1.6667,13.939,80.57,79.41
3602,2097,7680.4967,1794.5405,-7428.6786,1939.5876,165.3782,165.3335,1.6667,14.018,78.20,77.07
3623,2109,7725.5298,1805.0625,-7473.8929,1944.6600,165.4265,165.7372,1.7500,14.097,79.76,78.69
3644,2121,7770.3631,1815.5377,-7515.6786,1962.1043,165.3795,165.1063,1.7500,14.176,78.35,77.25
3665,2133,7815.3963,1826.0597,-7560.8929,1967.1767,165.4272,165.7372,1.7500,14.256,79.92,78.79
3686,2145,7860.2295,1836.5349,-7602.6786,1984.6209,165.3807,165.1063,1.7500,14.334,78.01,76.86
3705,2157,7899.1284,1845.6236,-7643.3214,1982.8889,165.4673,165.5448,1.5833,14.412,78.81,77.70
3722,2169,7937.6101,1854.6148,-7677.6786,2003.6735,165.3843,165.3503,1.4167,14.491,78.27,77.25
3743,2182,7979.8483,1864.4837,-7721.3214,2003.6735,165.4634,166.0773,1.6154,14.570,78.99,77.89
3762,2194,8022.9409,1874.5523,-7761.0714,2022.0456,165.4076,165.2407,1.5833,14.650,80.33,79.26
3783,2206,8068.6718,1885.2372,-7806.0714,2030.7059,165.4286,165.1646,1.7500,14.730,80.28,79.13
3804,2218,8112.8074,1895.5495,-7848.0714,2044.5623,165.4085,165.5639,1.7500,14.814,84.02,82.88
3825,2230,8158.5383,1906.2345,-7893.0714,2053.2225,165.4293,165.6683,1.7500,14.899,84.66,83.47
3846,2242,8202.6739,1916.5467,-7935.0714,2067.0789,165.4094,165.5639,1.7500,14.985,85.67,84.48
3867,2254,8248.4048,1927.2317,-7980.0714,2075.7392,165.4300,165.6683,1.7500,15.068,83.49,82.26
3889,2266,8292.7119,1937.5840,-8024.3214,2081.6158,165.4676,166.1352,1.8333,15.152,83.35,82.16
3908,2278,8335.2494,1947.5228,-8063.3214,2100.6683,165.4081,165.5055,1.5833,15.233,81.29,80.20
3930,2290,8382.4069,1958.5411,-8109.0714,2112.1122,165.4111,165.5000,1.8333,15.314,81.29,80.12
3951,2302,8427.6263,1969.1066,-8153.9286,2119.2879,165.4407,165.8271,1.7500,15.395,80.66,79.54
3973,2314,8472.4450,1979.5785,-8198.3214,2126.6491,165.4680,166.0691,1.8333,15.475,79.84,78.64
3992,2326,8514.9824,1989.5173,-8237.3214,2145.7017,165.4098,165.7004,1.5833,15.555,80.24,79.18
4012,2338,8557.7893,1999.5191,-8279.1071,2155.1042,165.4193,165.3533,1.6667,15.635,80.19,79.06
4034,2350,8604.8489,2010.5145,-8324.3214,2168.2183,165.4106,165.7004,1.8333,15.715,80.32,79.17
4054,2362,8648.1123,2020.6230,-8366.3214,2178.6106,165.4141,165.2911,1.6667,15.796,80.34,79.26
4074,2374,8691.3759,2030.7314,-8408.3214,2189.0029,165.4175,165.7650,1.6667,15.878,81.90,80.75
4096,2386,8737.9788,2041.6202,-8453.3214,2201.1273,165.4149,164.9209,1.8333,15.962,83.94,82.75
4116,2398,8781.2424,2051.7287,-8495.3214,2211.5196,165.4182,165.7374,1.6667,16.047,84.98,83.86
4138,2410,8827.8453,2062.6174,-8540.3214,2223.6439,165.4156,164.9661,1.8333,16.132,85.75,84.51
4158,2422,8871.1089,2072.7259,-8582.3214,2234.0362,165.4190,165.5261,1.6667,16.217,85.20,84.04
4178,2434,8913.6551,2082.6668,-8622.6786,2247.8927,165.3981,165.1063,1.6667,16.300,82.28,81.13
4199,2446,8958.6901,2093.1892,-8667.8929,2252.9651,165.4396,165.7372,1.7500,16.385,85.67,84.53
4220,2458,9003.5216,2103.6640,-8709.6786,2270.4093,165.3990,165.1063,1.7500,16.469,83.33,82.14
4241,2470,9048.5567,2114.1864,-8754.8929,2275.4817,165.4401,165.7372,1.7500,16.556,87.32,86.14
4262,2482,9093.3880,2124.6612,-8796.6786,2292.9260,165.3999,165.1063,1.7500,16.639,83.21,82.03
4281,2494,9132.2897,2133.7505,-8837.3214,2291.1939,165.4747,165.5448,1.5833,16.722,82.87,81.77
4298,2506,9170.7688,2142.7411,-8871.6786,2311.9785,165.4028,165.3503,1.4167,16.801,79.01,77.98
4319,2519,9213.0095,2152.6106,-8915.3214,2311.9785,165.4712,166.0773,1.6154,16.879,78.19,77.09
4338,2531,9256.1006,2162.6788,-8955.0714,2330.3506,165.4228,165.2407,1.5833,16.960,80.30,79.21
4359,2543,9301.8321,2173.3640,-9000.0714,2339.0109,165.4410,165.1646,1.7500,17.039,79.23,78.08
4380,2555,9345.9671,2183.6760,-9042.0714,2352.8673,165.4235,165.5639,1.7500,17.119,80.48,79.38
4401,2567,9391.6987,2194.3612,-9087.0714,2361.5276,165.4414,165.6683,1.7500,17.198,78.74,77.61
4422,2579,9435.8336,2204.6733,-9129.0714,2375.3840,165.4241,165.5639,1.7500,17.279,81.21,80.05
4443,2591,9481.5652,2215.3584,-9174.0714,2384.0442,165.4419,165.7306,1.7500,17.358,79.14,77.98
4465,2603,9525.8732,2225.7109,-9218.3214,2389.9208,165.4746,166.0691,1.8333,17.438,79.13,77.95
4484,2615,9568.4091,2235.6494,-9257.3214,2408.9734,165.4227,165.5055,1.5833,17.517,79.73,78.68
4506,2627,9615.5666,2246.6677,-9303.0714,2420.4173,165.4253,165.5000,1.8333,17.598,80.27,79.10
4527,2639,9659.0038,2256.8168,-9347.3214,2422.8298,165.4775,166.1352,1.7500,17.677,79.71,78.56
4544,2651,9697.4820,2265.8071,-9381.6786,2443.6144,165.4096,165.3087,1.4167,17.757,79.74,78.69
4565,2664,9739.7236,2275.6769,-9425.3214,2443.6144,165.4742,166.2961,1.6154,17.840,83.28,82.15
4584,2676,9782.8141,2285.7449,-9465.0714,2461.9865,165.4285,165.3077,1.5833,17.927,86.19,85.07
4606,2688,9829.4170,2296.6336,-9510.0714,2474.1109,165.4261,165.7212,1.8333,18.012,85.67,84.43
4626,2700,9872.6806,2306.7421,-9552.0714,2484.5032,165.4290,165.3077,1.6667,18.097,84.73,83.58
4647,2712,9918.4125,2317.4273,-9597.0714,2493.1634,165.4460,165.9544,1.7500,18.179,82.41,81.26
4668,2724,9962.5472,2327.7394,-9639.0714,2507.0198,165.4296,164.9335,1.7500,18.266,87.01,85.83
4689,2736,10008.2790,2338.4246,-9684.0714,2515.6801,165.4464,165.9237,1.7500,18.351,84.79,83.60
4710,2748,10052.4137,2348.7366,-9726.0714,2529.5365,165.4301,164.9790,1.7500,18.439,87.44,86.27
4731,2760,10098.1456,2359.4218,-9771.0714,2538.1967,165.4468,165.7099,1.7500,18.526,87.51,86.31
4753,2772,10142.4539,2369.7744,-9815.3214,2544.0733,165.4775,165.8811,1.8333,18.616,89.47,88.24
4772,2784,10184.9891,2379.7127,-9854.3214,2563.1259,165.4287,165.4870,1.5833,18.705,89.42,88.22
4794,2796,10232.1467,2390.7310,-9900.0714,2574.5698,165.4311,165.3161,1.8333,18.795,90.42,89.11
4815,2808,10275.5845,2400.8802,-9944.3214,2576.9823,165.4802,166.1103,1.7500,18.885,89.28,88.03
4832,2820,10314.0618,2409.8704,-9978.6786,2597.7669,165.4163,165.1244,1.4167,18.972,87.70,86.64
4853,2833,10356.3043,2419.7403,-10022.3214,2597.7669,165.4771,165.5055,1.6154,19.061,88.52,87.33
4872,2845,10399.3942,2429.8083,-10062.0714,2616.1390,165.4340,165.5639,1.5833,19.151,89.83,88.68
4894,2857,10445.9971,2440.6970,-10107.0714,2628.2634,165.4317,165.5055,1.8333,19.240,89.23,87.97
4914,2869,10489.2608,2450.8055,-10149.0714,2638.6557,165.4345,164.9335,1.6667,19.330,89.90,88.69
4935,2881,10534.9929,2461.4907,-10194.0714,2647.3159,165.4504,165.9237,1.7500,19.418,88.62,87.39
4956,2893,10579.1273,2471.8027,-10236.0714,2661.1723,165.4349,164.9790,1.7500,19.509,90.61,89.39
4977,2905,10624.8594,2482.4880,-10281.0714,2669.8326,165.4508,165.7099,1.7500,19.597,88.06,86.83
4998,2917,10668.9938,2492.7999,-10323.0714,2683.6890,165.4354,165.5448,1.7500,19.688,90.72,89.47
5019,2929,10714.2148,2503.3658,-10367.9286,2690.8646,165.4586,165.8054,1.7500,19.776,88.35,87.10
5041,2941,10759.0346,2513.8379,-10412.3214,2698.2259,165.4800,165.8811,1.8333,19.866,89.37,88.13
5060,2953,10801.5693,2523.7761,-10451.3214,2717.2784,165.4340,165.4870,1.5833,19.956,90.18,89.03
5082,2965,10848.7269,2534.7944,-10497.0714,2728.7223,165.4363,165.3161,1.8333,20.046,90.67,89.43
5103,2977,10892.1653,2544.9437,-10541.3214,2731.1348,165.4825,166.1103,1.7500,20.135,88.58,87.35
5120,2989,10930.6417,2553.9337,-10575.6786,2751.9194,165.4222,165.1244,1.4167,20.223,87.63,86.56
5141,3002,10972.8850,2563.8038,-10619.3214,2751.9194,165.4796,165.5055,1.6154,20.311,88.76,87.57
5160,3014,11015.9745,2573.8716,-10659.0714,2770.2915,165.4389,165.5639,1.5833,20.401,89.94,88.83
5182,3026,11062.5773,2584.7603,-10704.0714,2782.4159,165.4367,165.5055,1.8333,20.490,89.04,87.78
5202,3038,11105.8410,2594.8688,-10746.0714,2792.8082,165.4393,164.9335,1.6667,20.581,90.57,89.38
5223,3050,11151.5733,2605.5542,-10791.0714,2801.4685,165.4544,165.9237,1.7500,20.669,87.83,86.62
5244,3062,11195.7075,2615.8661,-10833.0714,2815.3249,165.4397,164.9790,1.7500,20.760,91.49,90.29
5265,3074,11241.4398,2626.5514,-10878.0714,2823.9851,165.4547,165.7099,1.7500,20.848,88.04,86.83
5287,3086,11285.7488,2636.9041,-10922.3214,2829.8617,165.4822,166.1103,1.8333,20.938,89.65,88.42
5306,3098,11328.2829,2646.8422,-10961.3214,2848.9143,165.4384,165.4870,1.5833,21.029,90.57,89.41
5328,3110,11375.4406,2657.8605,-11007.0714,2860.3582,165.4405,165.3161,1.8333,21.118,89.83,88.59
5349,3122,11420.6619,2668.4264,-11051.9286,2867.5338,165.4622,165.8054,1.7500,21.209,90.82,89.58
5371,3134,11465.4819,2678.8986,-11096.3214,2874.8950,165.4823,165.8811,1.8333,21.300,90.41,89.14
5390,3146,11508.0160,2688.8366,-11135.3214,2893.9476,165.4392,165.4870,1.5833,21.390,90.42,89.29
5410,3158,11550.8236,2698.8386,-11177.1071,2903.3502,165.4461,165.2867,1.6667,21.480,90.20,89.02
5432,3170,11597.8825,2709.8339,-11222.3214,2916.4643,165.4396,164.9209,1.8333,21.570,89.85,88.60
5452,3182,11640.6901,2719.8358,-11264.1071,2925.8668,165.4465,165.6066,1.6667,21.660,90.35,88.98
5474,3194,11687.7491,2730.8311,-11309.3214,2938.9809,165.4399,165.4870,1.8333,21.750,89.29,88.01
5494,3206,11731.0128,2740.9396,-11351.3214,2949.3732,165.4424,164.9209,1.6667,21.840,90.37,89.17
5514,3218,11774.2766,2751.0482,-11393.3214,2959.7655,165.4448,165.7374,1.6667,21.930,89.78,88.59
5536,3230,11820.8793,2761.9369,-11438.3214,2971.8899,165.4427,164.9661,1.8333,22.019,89.10,87.83
5556,3242,11864.1431,2772.0454,-11480.3214,2982.2822,165.4451,165.5261,1.6667,22.109,89.84,88.62
5576,3254,11906.6877,2781.9859,-11520.6786,2996.1386,165.4294,165.3335,1.6667,22.196,87.24,86.06
5597,3266,11951.7257,2792.5090,-11565.8929,3001.2110,165.4604,165.7372,1.7500,22.286,89.99,88.79
5618,3278,11996.5543,2802.9831,-11607.6786,3018.6553,165.4299,165.1063,1.7500,22.374,88.12,86.88
5639,3290,12041.5923,2813.5062,-11652.8929,3023.7277,165.4606,165.7372,1.7500,22.464,89.50,88.32
5660,3302,12086.4208,2823.9804,-11694.6786,3041.1719,165.4303,165.1063,1.7500,22.551,87.59,86.40
5679,3314,12125.3268,2833.0707,-11735.3214,3039.4399,165.4865,165.5448,1.5833,22.640,88.50,87.32
5696,3326,12163.8018,2842.0603,-11769.6786,3060.2245,165.4323,165.3503,1.4167,22.727,87.38,86.29
5717,3339,12206.0465,2851.9308,-11813.3214,3060.2245,165.4838,166.0773,1.6154,22.817,89.81,88.61
5736,3351,12249.1351,2861.9984,-11853.0714,3078.5966,165.4473,165.2407,1.5833,22.907,90.18,89.02
5757,3363,12294.8678,2872.6838,-11898.0714,3087.2568,165.4609,165.1646,1.7500,22.995,88.10,86.87
5778,3375,12339.0016,2882.9956,-11940.0714,3101.1133,165.4476,165.5639,1.7500,23.086,90.87,89.67
5799,3387,12384.7343,2893.6810,-11985.0714,3109.7735,165.4611,165.6683,1.7500,23.174,88.10,86.85
5820,3399,12428.8682,2903.9928,-12027.0714,3123.6299,165.4479,165.5639,1.7500,23.264,89.89,88.67
5841,3411,12474.6009,2914.6782,-12072.0714,3132.2902,165.4613,165.6683,1.7500,23.352,87.61,86.36
5863,3423,12518.9103,2925.0311,-12116.3214,3138.1668,165.4861,166.1352,1.8333,23.441,89.21,87.95
5882,3435,12561.4435,2934.9690,-12155.3214,3157.2193,165.4466,165.5055,1.5833,23.531,90.39,89.21
5904,3447,12608.6013,2945.9873,-12201.0714,3168.6632,165.4485,165.5000,1.8333,23.622,90.97,89.72
5925,3459,12653.8231,2956.5533,-12245.9286,3175.8389,165.4680,165.8271,1.7500,23.712,89.85,88.64
5947,3471,12698.6435,2967.0256,-12290.3214,3183.2001,165.4862,166.0691,1.8333,23.802,89.65,88.47
5966,3483,12741.1766,2976.9634,-12329.3214,3202.2526,165.4472,165.7004,1.5833,23.892,90.03,88.92
5986,3495,12783.9844,2986.9654,-12371.1071,3211.6552,165.4534,165.3533,1.6667,23.982,89.84,88.66
6008,3507,12831.0432,2997.9606,-12416.3214,3224.7693,165.4475,165.7004,1.8333,24.072,90.24,88.97
6028,3519,12874.3070,3008.0692,-12458.3214,3235.1616,165.4497,165.2911,1.6667,24.162,90.57,89.42
6048,3531,12917.5708,3018.1777,-12500.3214,3245.5539,165.4518,165.7650,1.6667,24.252,89.89,88.70
6070,3543,12964.1735,3029.0664,-12545.3214,3257.6783,165.4499,164.9209,1.8333,24.343,90.19,88.92
6090,3555,13007.4373,3039.1750,-12587.3214,3268.0706,165.4521,165.7374,1.6667,24.433,90.08,88.91
6112,3567,13054.0401,3050.0636,-12632.3214,3280.1949,165.4502,164.9661,1.8333,24.523,89.99,88.70
6132,3579,13097.3039,3060.1722,-12674.3214,3290.5872,165.4524,165.5261,1.6667,24.613,90.11,88.93
6152,3591,13139.8481,3070.1126,-12714.6786,3304.4436,165.4381,165.1063,1.6667,24.700,87.75,86.58
6173,3603,13184.8868,3080.6359,-12759.8929,3309.5161,165.4661,165.7372,1.7500,24.791,90.32,89.08
6194,3615,13229.7146,3091.1098,-12801.6786,3326.9603,165.4384,165.1063,1.7500,24.879,88.21,86.97
6215,3627,13274.7534,3101.6331,-12846.8929,3332.0327,165.4663,165.7372,1.7500,24.969,89.58,88.37
6236,3639,13319.5811,3112.1071,-12888.6786,3349.4770,165.4388,165.1063,1.7500,25.056,87.00,85.79
6255,3651,13358.4884,3121.1977,-12929.3214,3347.7449,165.4898,165.5448,1.5833,25.145,89.22,88.11
6272,3663,13396.9622,3130.1871,-12963.6786,3368.5295,165.4406,165.3503,1.4167,25.232,87.05,85.98
6293,3676,13439.2081,3140.0578,-13007.3214,3368.5295,165.4873,166.0773,1.6154,25.320,87.92,86.73
6312,3688,13482.2959,3150.1252,-13047.0714,3386.9016,165.4541,165.2407,1.5833,25.410,90.47,89.33
6333,3700,13528.0289,3160.8107,-13092.0714,3395.5619,165.4664,165.1646,1.7500,25.498,88.02,86.75
6354,3712,13572.1625,3171.1224,-13134.0714,3409.4183,165.4543,165.5639,1.7500,25.589,90.77,89.56
6375,3724,13617.8955,3181.8079,-13179.0714,3418.0786,165.4666,165.6683,1.7500,25.677,88.39,87.15
6396,3736,13662.0290,3192.1197,-13221.0714,3431.9350,165.4545,165.5639,1.7500,25.768,90.45,89.21
6417,3748,13707.7620,3202.8051,-13266.0714,3440.5952,165.4667,165.7306,1.7500,25.857,88.89,87.64
6439,3760,13752.0719,3213.1581,-13310.3214,3446.4718,165.4893,166.0691,1.8333,25.946,89.49,88.26
6458,3772,13794.6044,3223.0958,-13349.3214,3465.5244,165.4533,165.5055,1.5833,26.036,89.47,88.24
6480,3784,13841.7621,3234.1141,-13395.0714,3476.9683,165.4550,165.5000,1.8333,26.126,90.81,89.54
6501,3796,13885.2026,3244.2640,-13439.3214,3479.3808,165.4912,166.1352,1.7500,26.215,88.47,87.24
6518,3808,13923.6760,3253.2532,-13473.6786,3500.1654,165.4438,165.3087,1.4167,26.303,88.04,86.97
6539,3821,13965.9223,3263.1240,-13517.3214,3500.1654,165.4888,166.2961,1.6154,26.391,88.17,86.89
6558,3833,14009.0099,3273.1914,-13557.0714,3518.5375,165.4568,165.3077,1.5833,26.481,89.77,88.59
6580,3845,14055.6126,3284.0801,-13602.0714,3530.6619,165.4550,165.7212,1.8333,26.570,89.21,87.92
6600,3857,14098.8764,3294.1886,-13644.0714,3541.0542,165.4570,165.3077,1.6667,26.660,90.22,89.07
6621,3869,14144.6095,3304.8741,-13689.0714,3549.7144,165.4688,165.9544,1.7500,26.749,88.26,87.08
6642,3881,14188.7430,3315.1859,-13731.0714,3563.5708,165.4572,164.9335,1.7500,26.839,90.08,88.86
6663,3893,14234.4761,3325.8714,-13776.0714,3572.2311,165.4690,165.9237,1.7500,26.927,87.89,86.65
6684,3905,14278.6095,3336.1831,-13818.0714,3586.0875,165.4574,164.9790,1.7500,27.017,89.94,88.59
6705,3917,14324.3427,3346.8686,-13863.0714,3594.7477,165.4691,165.7099,1.7500,27.105,88.03,86.83
6727,3929,14368.6527,3357.2216,-13907.3214,3600.6243,165.4907,165.8811,1.8333,27.195,90.10,88.84
6746,3941,14411.1848,3367.1592,-13946.3214,3619.6769,165.4562,165.4870,1.5833,27.284,89.65,88.47
6768,3953,14458.3426,3378.1776,-13992.0714,3631.1208,165.4578,165.3161,1.8333,27.375,90.18,88.92
6789,3965,14501.7834,3388.3275,-14036.3214,3633.5333,165.4925,166.1103,1.7500,27.463,88.53,87.30
6806,3977,14540.2563,3397.3166,-14070.6786,3654.3179,165.4471,165.1244,1.4167,27.550,86.77,85.66
6827,3990,14582.5031,3407.1875,-14114.3214,3654.3179,165.4902,165.5055,1.6154,27.638,88.21,87.01
6846,4002,14625.5904,3417.2548,-14154.0714,3672.6900,165.4596,165.5639,1.5833,27.728,89.51,88.35
6868,4014,14672.1930,3428.1435,-14199.0714,3684.8144,165.4579,165.5055,1.8333,27.817,89.23,87.98
6888,4026,14715.4569,3438.2521,-14241.0714,3695.2067,165.4597,164.9335,1.6667,27.907,89.83,88.63
6909,4038,14761.1902,3448.9376,-14286.0714,3703.8669,165.4711,165.9237,1.7500,27.994,87.19,85.99
6930,4050,14805.3235,3459.2493,-14328.0714,3717.7233,165.4599,164.9790,1.7500,28.084,90.16,88.99
6951,4062,14851.0567,3469.9348,-14373.0714,3726.3836,165.4712,165.7099,1.7500,28.173,88.72,87.49
6973,4074,14895.3669,3480.2879,-14417.3214,3732.2602,165.4920,166.1103,1.8333,28.263,90.17,88.94
6992,4086,14937.8988,3490.2254,-14456.3214,3751.3128,165.4587,165.4870,1.5833,28.352,89.45,88.27
7014,4098,14985.0566,3501.2438,-14502.0714,3762.7567,165.4603,165.3161,1.8333,28.443,90.75,89.50
7035,4110,15030.2792,3511.8100,-14546.9286,3769.9323,165.4767,165.8054,1.7500,28.534,91.09,89.85
7057,4122,15075.1001,3522.2823,-14591.3214,3777.2935,165.4920,165.8811,1.8333,28.624,90.00,88.72
7076,4134,15117.6319,3532.2199,-14630.3214,3796.3461,165.4591,165.4870,1.5833,28.715,90.45,89.27
7096,4146,15160.4399,3542.2219,-14672.1071,3805.7486,165.4643,165.3826,1.6667,28.805,90.45,89.24
7118,4158,15207.4985,3553.2171,-14717.3214,3818.8627,165.4593,164.9209,1.8333,28.895,89.59,88.32
7138,4170,15250.3065,3563.2191,-14759.1071,3828.2653,165.4645,165.6066,1.6667,28.985,89.93,88.72
7160,4182,15297.3650,3574.2143,-14804.3214,3841.3794,165.4594,165.4870,1.8333,29.075,90.02,88.71
7180,4194,15340.6289,3584.3229,-14846.3214,3851.7717,165.4613,164.9209,1.6667,29.164,89.82,88.58
7200,4206,15383.8928,3594.4315,-14888.3214,3862.1640,165.4631,165.7374,1.6667,29.254,89.52,88.27
7222,4218,15430.4955,3605.3201,-14933.3214,3874.2884,165.4614,164.9661,1.8333,29.343,89.46,88.22
7242,4230,15473.7594,3615.4287,-14975.3214,3884.6807,165.4632,165.5261,1.6667,29.433,89.62,88.46
7262,4242,15516.3029,3625.3689,-15015.6786,3898.5371,165.4511,165.3335,1.6667,29.521,87.86,86.64
7283,4254,15561.3429,3635.8925,-15060.8929,3903.6095,165.4748,165.7372,1.7500,29.613,91.74,90.54
7304,4266,15606.1694,3646.3662,-15102.6786,3921.0537,165.4513,165.1063,1.7500,29.701,88.57,87.32
7325,4278,15651.2094,3656.8897,-15147.8929,3926.1262,165.4749,165.7372,1.7500,29.791,90.32,89.06
7346,4290,15696.0360,3667.3634,-15189.6786,3943.5704,165.4515,165.1063,1.7500,29.879,87.88,86.66
7365,4302,15734.9451,3676.4545,-15230.3214,3941.8383,165.4948,165.5448,1.5833,29.967,88.07,86.97
7382,4314,15773.4171,3685.4434,-15264.6786,3962.6230,165.4530,165.3503,1.4167,30.055,87.72,86.67
7403,4327,15815.6647,3695.3145,-15308.3214,3962.6230,165.4927,166.0773,1.6154,30.144,88.62,87.39
7422,4339,15858.7515,3705.3817,-15348.0714,3980.9951,165.4644,165.2407,1.5833,30.234,90.17,89.03
7444,4351,15905.3541,3716.2704,-15393.0714,3993.1194,165.4628,164.9335,1.8333,30.324,89.88,88.60
7464,4363,15948.6181,3726.3790,-15435.0714,4003.5117,165.4645,165.5639,1.6667,30.414,90.16,88.99
7485,4375,15994.3515,3737.0645,-15480.0714,4012.1720,165.4750,165.6683,1.7500,30.502,87.82,86.63
7506,4387,16038.4846,3747.3762,-15522.0714,4026.0284,165.4647,165.5639,1.7500,30.592,90.69,89.46
7527,4399,16084.2181,3758.0618,-15567.0714,4034.6886,165.4751,165.6683,1.7500,30.681,88.47,87.22
7549,4411,16128.5286,3768.4149,-15611.3214,4040.5652,165.4943,166.1352,1.8333,30.771,89.95,88.71
7568,4423,16171.0599,3778.3523,-15650.3214,4059.6178,165.4635,165.5055,1.5833,30.861,89.80,88.65
7590,4435,16218.2177,3789.3707,-15696.0714,4071.0617,165.4650,165.5000,1.8333,30.952,91.67,90.39
7611,4447,16263.4406,3799.9369,-15740.9286,4078.2373,165.4802,165.8271,1.7500,31.042,89.82,88.60
7633,4459,16308.2617,3810.4093,-15785.3214,4085.5986,165.4942,166.0691,1.8333,31.132,89.56,88.32
7652,4471,16350.7930,3820.3467,-15824.3214,4104.6511,165.4638,165.7004,1.5833,31.222,90.30,89.16
7672,4483,16393.6012,3830.3488,-15866.1071,4114.0537,165.4687,165.3533,1.6667,31.311,88.95,87.75
7694,4495,16440.6596,3841.3440,-15911.3214,4127.1678,165.4640,165.7004,1.8333,31.401,89.85,88.61
7714,4507,16483.9235,3851.4525,-15953.3214,4137.5601,165.4656,165.2911,1.6667,31.491,89.93,88.75
7734,4519,16527.1875,3861.5611,-15995.3214,4147.9524,165.4673,165.7650,1.6667,31.582,90.81,89.64
7756,4531,16573.7901,3872.4498,-16040.3214,4160.0767,165.4658,164.9209,1.8333,31.672,90.02,88.75
7776,4543,16617.0540,3882.5584,-16082.3214,4170.4690,165.4674,165.7374,1.6667,31.761,89.57,88.37
7798,4555,16663.6566,3893.4470,-16127.3214,4182.5934,165.4659,164.9661,1.8333,31.851,90.14,88.87
7818,4567,16706.9206,3903.5556,-16169.3214,4192.9857,165.4675,165.5261,1.6667,31.941,89.99,88.79
7838,4579,16749.4638,3913.4958,-16209.6786,4206.8421,165.4563,165.3335,1.6667,32.029,87.78,86.58
7859,4591,16794.5043,3924.0194,-16254.8929,4211.9146,165.4783,165.7372,1.7500,32.119,90.22,89.01
7880,4603,16839.3304,3934.4930,-16296.6786,4229.3588,165.4565,165.1063,1.7500,32.208,88.41,87.18
7901,4615,16884.3709,3945.0167,-16341.8929,4234.4312,165.4783,165.7372,1.7500,32.298,90.14,88.96
7922,4627,16929.1969,3955.4902,-16383.6786,4251.8754,165.4566,165.1063,1.7500,32.386,88.10,86.92
7941,4639,16968.1067,3964.5815,-16424.3214,4250.1434,165.4968,165.5448,1.5833,32.474,87.98,86.91
7958,4651,17006.5781,3973.5703,-16458.6786,4270.9280,165.4580,165.3503,1.4167,32.562,87.57,86.47
7979,4664,17048.8263,3983.4415,-16502.3214,4270.9280,165.4948,166.0773,1.6154,32.650,88.17,86.97
7998,4676,17091.9127,3993.5086,-16542.0714,4289.3001,165.4685,165.2407,1.5833,32.739,89.46,88.30
8019,4688,17137.6464,4004.1943,-16587.0714,4297.9604,165.4783,165.1646,1.7500,32.828,88.38,87.16
8040,4700,17181.7793,4014.5059,-16629.0714,4311.8168,165.4687,165.5639,1.7500,32.918,90.50,89.29
8061,4712,17227.5129,4025.1915,-16674.0714,4320.4770,165.4783,165.6683,1.7500,33.006,88.43,87.21
8082,4724,17271.6458,4035.5031,-16716.0714,4334.3334,165.4688,165.5639,1.7500,33.096,90.02,88.81
8103,4736,17317.3795,4046.1887,-16761.0714,4342.9937,165.4784,165.7306,1.7500,33.185,88.40,87.18
8125,4748,17361.6902,4056.5419,-16805.3214,4348.8703,165.4962,166.0691,1.8333,33.274,89.43,88.19
8144,4760,17404.2211,4066.4792,-16844.3214,4367.9228,165.4677,165.5055,1.5833,33.364,89.72,88.50
8166,4772,17451.3790,4077.4976,-16890.0714,4379.3667,165.4690,165.5000,1.8333,33.455,90.66,89.42
8187,4784,17496.6021,4088.0639,-16934.9286,4386.5424,165.4831,165.8271,1.7500,33.546,91.14,89.91
8209,4796,17541.4234,4098.5363,-16979.3214,4393.9036,165.4962,166.0691,1.8333,33.635,89.22,87.93
8228,4808,17583.9542,4108.4736,-17018.3214,4412.9562,165.4679,165.7004,1.5833,33.725,90.10,88.95
8248,4820,17626.7625,4118.4757,-17060.1071,4422.3587,165.4724,165.3533,1.6667,33.816,90.43,89.23
8270,4832,17673.8208,4129.4709,-17105.3214,4435.4728,165.4680,165.7004,1.8333,33.906,90.18,88.89
8290,4844,17717.0848,4139.5795,-17147.3214,4445.8651,165.4695,165.2911,1.6667,33.996,90.05,88.85
8310,4856,17760.3487,4149.6880,-17189.3214,4456.2574,165.4711,165.7650,1.6667,34.085,89.58,88.32
8332,4868,17806.9513,4160.5767,-17234.3214,4468.3818,165.4696,164.9209,1.8333,34.176,90.48,89.21
8352,4880,17850.2153,4170.6853,-17276.3214,4478.7741,165.4712,165.7374,1.6667,34.266,89.72,88.51
8374,4892,17896.8179,4181.5739,-17321.3214,4490.8984,165.4697,164.9661,1.8333,34.356,89.96,88.71
8394,4904,17940.0819,4191.6825,-17363.3214,4501.2908,165.4713,165.5261,1.6667,34.445,89.59,88.40
8414,4916,17982.6249,4201.6226,-17403.6786,4515.1472,165.4608,165.1063,1.6667,34.533,88.33,87.10
8435,4928,18027.6657,4212.1464,-17448.8929,4520.2196,165.4813,165.7372,1.7500,34.624,90.43,89.21
8456,4940,18072.4914,4222.6199,-17490.6786,4537.6638,165.4609,165.1063,1.7500,34.712,87.93,86.70
8475,4952,18111.4018,4231.7113,-17531.3214,4535.9318,165.4985,166.1103,1.5833,34.801,88.72,87.59
8492,4964,18149.8726,4240.6999,-17565.6786,4556.7164,165.4621,165.1244,1.4167,34.888,87.65,86.57
8513,4977,18192.1214,4250.5713,-17609.3214,4556.7164,165.4966,165.5055,1.6154,34.977,88.52,87.31
8532,4989,18235.2074,4260.6383,-17649.0714,4575.0885,165.4720,165.5639,1.5833,35.067,90.10,88.93
8554,5001,18281.8100,4271.5270,-17694.0714,4587.2128,165.4706,165.5055,1.8333,35.156,89.66,88.37
8574,5013,18325.0740,4281.6356,-17736.0714,4597.6052,165.4721,165.2407,1.6667,35.247,90.55,89.34
8595,5025,18370.8078,4292.3212,-17781.0714,4606.2654,165.4812,165.1646,1.7500,35.336,88.61,87.37
8616,5037,18414.9406,4302.6328,-17823.0714,4620.1218,165.4722,165.5639,1.7500,35.425,89.69,88.46
8637,5049,18460.6744,4313.3185,-17868.0714,4628.7821,165.4812,165.6683,1.7500,35.513,87.62,86.39
8658,5061,18504.8071,4323.6300,-17910.0714,4642.6385,165.4723,165.5639,1.7500,35.603,90.43,89.21
8679,5073,18550.5410,4334.3157,-17955.0714,4651.2987,165.4813,165.7306,1.7500,35.691,87.96,86.69
8701,5085,18594.8519,4344.6689,-17999.3214,4657.1753,165.4979,166.0691,1.8333,35.781,89.63,88.39
8720,5097,18637.3824,4354.6061,-18038.3214,4676.2279,165.4712,165.5055,1.5833,35.871,89.88,88.70
8742,5109,18684.5403,4365.6245,-18084.0714,4687.6718,165.4725,165.5000,1.8333,35.962,90.77,89.51
8763,5121,18727.9827,4375.7748,-18128.3214,4690.0843,165.4993,166.1352,1.7500,36.051,89.20,87.96
8780,5133,18766.4532,4384.7634,-18162.6786,4710.8689,165.4641,165.3087,1.4167,36.138,87.41,86.35
8801,5146,18808.7023,4394.6348,-18206.3214,4710.8689,165.4975,166.2961,1.6154,36.227,88.94,87.75
8820,5158,18851.7881,4404.7018,-18246.0714,4729.2410,165.4737,165.3077,1.5833,36.317,90.03,88.88
8842,5170,18898.3907,4415.5904,-18291.0714,4741.3654,165.4723,165.7212,1.8333,36.407,89.64,88.37
8862,5182,18941.6547,4425.6990,-18333.0714,4751.7577,165.4737,164.9335,1.6667,36.496,89.66,88.47
8883,5194,18987.3886,4436.3847,-18378.0714,4760.4179,165.4825,165.9237,1.7500,36.585,88.31,87.10
8904,5206,19031.5212,4446.6963,-18420.0714,4774.2743,165.4738,164.9790,1.7500,36.675,90.28,89.06
8925,5218,19077.2551,4457.3819,-18465.0714,4782.9346,165.4825,165.7099,1.7500,36.763,88.24,86.93
8947,5230,19121.5662,4467.7352,-18509.3214,4788.8112,165.4987,166.1103,1.8333,36.853,89.61,88.36
8966,5242,19164.0965,4477.6723,-18548.3214,4807.8637,165.4728,165.4870,1.5833,36.943,90.08,88.93
8988,5254,19211.2544,4488.6907,-18594.0714,4819.3077,165.4740,165.3161,1.8333,37.034,90.87,89.63
9009,5266,19256.4779,4499.2572,-18638.9286,4826.4833,165.4868,165.8054,1.7500,37.124,90.50,89.24
9031,5278,19301.2993,4509.7296,-18683.3214,4833.8445,165.4986,165.8811,1.8333,37.213,88.95,87.65
9050,5290,19343.8296,4519.6668,-18722.3214,4852.8971,165.4729,165.4870,1.5833,37.303,90.14,89.00
9070,5302,19386.6380,4529.6689,-18764.1071,4862.2996,165.4770,165.3826,1.6667,37.394,90.21,89.01
9092,5314,19433.6962,4540.6640,-18809.3214,4875.4137,165.4730,164.9209,1.8333,37.484,90.18,88.92
9112,5326,19476.5045,4550.6662,-18851.1071,4884.8163,165.4771,165.6066,1.6667,37.574,90.39,89.22
9134,5338,19523.5627,4561.6613,-18896.3214,4897.9304,165.4731,165.4870,1.8333,37.665,90.69,89.42
9154,5350,19566.8267,4571.7699,-18938.3214,4908.3227,165.4745,164.9209,1.6667,37.755,90.18,88.95
9174,5362,19610.0908,4581.8785,-18980.3214,4918.7150,165.4759,165.7374,1.6667,37.846,90.39,89.20
9196,5374,19656.6933,4592.7671,-19025.3214,4930.8394,165.4745,164.9661,1.8333,37.936,90.57,89.34
9216,5386,19699.9573,4602.8757,-19067.3214,4941.2317,165.4759,165.5261,1.6667,38.027,90.60,89.36
9236,5398,19742.5000,4612.8158,-19107.6786,4955.0881,165.4664,165.3335,1.6667,38.115,88.61,87.43
9257,5410,19787.5414,4623.3396,-19152.8929,4960.1605,165.4850,165.7372,1.7500,38.206,90.51,89.31
9278,5422,19832.3666,4633.8130,-19194.6786,4977.6047,165.4665,165.1063,1.7500,38.294,88.22,87.01
9299,5434,19877.4080,4644.3369,-19239.8929,4982.6772,165.4850,165.7372,1.7500,38.384,90.30,89.10
9320,5446,19922.2332,4654.8102,-19281.6786,5000.1214,165.4666,165.1063,1.7500,38.472,87.74,86.51
9339,5458,19961.1444,4663.9018,-19322.3214,4998.3893,165.5007,165.5448,1.5833,38.561,88.82,87.69
9356,5470,19999.6144,4672.8903,-19356.6786,5019.1739,165.4677,165.3503,1.4167,38.649,87.82,86.77
9377,5483,20041.8639,4682.7618,-19400.3214,5019.1739,165.4990,166.0773,1.6154,38.737,88.72,87.53
9396,5495,20084.9495,4692.8287,-19440.0714,5037.5461,165.4766,165.2407,1.5833,38.828,90.15,89.00
9418,5507,20131.5520,4703.7174,-19485.0714,5049.6704,165.4753,164.9335,1.8333,38.917,89.17,87.93
9438,5519,20174.8161,4713.8260,-19527.0714,5060.0627,165.4767,165.5639,1.6667,39.008,91.70,90.54
9459,5531,20220.5501,4724.5117,-19572.0714,5068.7230,165.4849,165.6683,1.7500,39.097,88.26,87.02
9480,5543,20264.6826,4734.8232,-19614.0714,5082.5794,165.4767,165.5639,1.7500,39.187,90.51,89.26
9501,5555,20310.4167,4745.5089,-19659.0714,5091.2396,165.4849,165.6683,1.7500,39.276,88.68,87.44
9523,5567,20354.7279,4755.8622,-19703.3214,5097.1162,165.5001,166.1352,1.8333,39.365,89.27,88.06
9542,5579,20397.2578,4765.7993,-19742.3214,5116.1688,165.4757,165.5055,1.5833,39.456,90.43,89.29
9564,5591,20444.4158,4776.8177,-19788.0714,5127.6127,165.4768,165.5000,1.8333,39.546,90.63,89.35
9585,5603,20489.6394,4787.3841,-19832.9286,5134.7883,165.4889,165.8271,1.7500,39.636,90.10,88.87
9607,5615,20534.4610,4797.8567,-19877.3214,5142.1496,165.5000,166.0691,1.8333,39.726,89.52,88.26
9626,5627,20576.9910,4807.7937,-19916.3214,5161.2021,165.4759,165.7004,1.5833,39.816,89.80,88.66
9646,5639,20619.7994,4817.7959,-19958.1071,5170.6047,165.4797,165.3533,1.6667,39.906,89.97,88.74
9668,5651,20666.8575,4828.7910,-20003.3214,5183.7188,165.4759,165.7004,1.8333,39.996,90.76,89.51
9688,5663,20710.1216,4838.8996,-20045.3214,5194.1111,165.4772,165.2911,1.6667,40.088,91.43,90.23
9708,5675,20753.3856,4849.0082,-20087.3214,5204.5034,165.4785,165.7650,1.6667,40.177,89.61,88.41
9730,5687,20799.9881,4859.8968,-20132.3214,5216.6277,165.4773,164.9209,1.8333,40.268,90.19,88.92
9750,5699,20843.2522,4870.0054,-20174.3214,5227.0200,165.4786,165.7374,1.6667,40.358,89.92,88.70
9772,5711,20889.8547,4880.8940,-20219.3214,5239.1444,165.4773,164.9661,1.8333,40.448,90.22,88.96
9792,5723,20933.1187,4891.0026,-20261.3214,5249.5367,165.4786,165.5261,1.6667,40.538,89.83,88.63
9812,5735,20975.6613,4900.9427,-20301.6786,5263.3931,165.4696,165.3335,1.6667,40.626,88.07,86.87
9833,5747,21020.7030,4911.4666,-20346.8929,5268.4655,165.4872,165.7372,1.7500,40.716,90.15,88.92
9854,5759,21065.5278,4921.9399,-20388.6786,5285.9098,165.4697,165.1063,1.7500,40.804,87.75,86.54
9875,5771,21110.5696,4932.4639,-20433.8929,5290.9822,165.4872,165.7372,1.7500,40.894,90.75,89.56
9896,5783,21155.3944,4942.9371,-20475.6786,5308.4264,165.4698,165.1063,1.7500,40.981,87.11,85.91
9915,5795,21194.3061,4952.0288,-20516.3214,5306.6944,165.5019,165.5448,1.5833,41.070,89.02,87.90
9932,5807,21232.7757,4961.0172,-20550.6786,5327.4790,165.4708,165.3503,1.4167,41.158,87.90,86.82
9953,5820,21275.0256,4970.8889,-20594.3214,5327.4790,165.5003,166.0773,1.6154,41.247,88.79,87.57
9972,5832,21318.1109,4980.9557,-20634.0714,5345.8511,165.4792,165.2407,1.5833,41.337,89.80,88.66
9993,5844,21363.8451,4991.6414,-20679.0714,5354.5114,165.4870,165.1646,1.7500,41.425,88.15,86.85
10014,5856,21407.9775,5001.9529,-20721.0714,5368.3678,165.4793,165.5639,1.7500,41.516,91.21,90.03
10035,5868,21453.7116,5012.6387,-20766.0714,5377.0280,165.4870,165.6683,1.7500,41.604,87.83,86.65
10056,5880,21497.8441,5022.9502,-20808.0714,5390.8844,165.4793,165.5639,1.7500,41.695,90.42,89.21
10077,5892,21543.5782,5033.6359,-20853.0714,5399.5447,165.4870,165.7306,1.7500,41.783,88.58,87.30
10099,5904,21587.8896,5043.9892,-20897.3214,5405.4213,165.5014,166.0691,1.8333,41.872,89.27,88.04
10118,5916,21630.4192,5053.9262,-20936.3214,5424.4738,165.4784,165.5055,1.5833,41.962,89.21,88.04
10140,5928,21677.5772,5064.9446,-20982.0714,5435.9177,165.4794,165.5000,1.8333,42.053,91.00,89.74
10161,5940,21721.0204,5075.0951,-21026.3214,5438.3302,165.5025,166.1352,1.7500,42.141,88.76,87.50
10178,5952,21759.4898,5084.0834,-21060.6786,5459.1149,165.4722,165.3087,1.4167,42.230,88.42,87.32
10199,5965,21801.7399,5093.9551,-21104.3214,5459.1149,165.5009,166.2961,1.6154,42.318,88.58,87.38
10218,5977,21844.8251,5104.0219,-21144.0714,5477.4870,165.4804,165.3077,1.5833,42.408,89.79,88.64
10240,5989,21891.4276,5114.9106,-21189.0714,5489.6113,165.4792,165.7212,1.8333,42.498,89.67,88.41
10260,6001,21934.6917,5125.0192,-21231.0714,5500.0036,165.4804,165.3077,1.6667,42.588,90.13,88.94
10281,6013,21980.4259,5135.7049,-21276.0714,5508.6639,165.4880,165.9544,1.7500,42.676,88.32,87.12
10302,6025,22024.5582,5146.0164,-21318.0714,5522.5203,165.4805,164.9335,1.7500,42.766,89.85,88.60
10323,6037,22070.2924,5156.7022,-21363.0714,5531.1805,165.4880,165.9237,1.7500,42.855,88.59,87.37
10344,6049,22114.4248,5167.0136,-21405.0714,5545.0369,165.4805,164.9790,1.7500,42.945,90.03,88.83
10365,6061,22160.1590,5177.6994,-21450.0714,5553.6972,165.4880,165.7099,1.7500,43.033,88.23,87.01
10387,6073,22204.4704,5188.0527,-21494.3214,5559.5738,165.5019,165.8811,1.8333,43.122,89.40,88.15
10406,6085,22247.0000,5197.9897,-21533.3214,5578.6264,165.4796,165.4870,1.5833,43.212,89.78,88.63
10428,6097,22294.1579,5209.0081,-21579.0714,5590.0703,165.4806,165.3161,1.8333,43.302,90.32,89.08
10449,6109,22337.6012,5219.1586,-21623.3214,5592.4828,165.5030,166.1103,1.7500,43.391,88.72,87.51
10466,6121,22376.0704,5228.1469,-21657.6786,5613.2674,165.4735,165.1244,1.4167,43.479,87.75,86.69
10487,6134,22418.3208,5238.0186,-21701.3214,5613.2674,165.5015,165.5055,1.6154,43.567,88.55,87.37
10506,6146,22461.4058,5248.0854,-21741.0714,5631.6395,165.4815,165.5639,1.5833,43.657,89.93,88.79
10528,6158,22508.0083,5258.9740,-21786.0714,5643.7638,165.4804,165.5055,1.8333,43.747,90.07,88.83
10548,6170,22551.2724,5269.0827,-21828.0714,5654.1561,165.4816,164.9335,1.6667,43.839,91.28,90.11
10569,6182,22597.0066,5279.7684,-21873.0714,5662.8164,165.4889,165.9237,1.7500,43.927,88.72,87.47
10590,6194,22641.1390,5290.0799,-21915.0714,5676.6728,165.4816,164.9790,1.7500,44.018,90.30,89.05
10611,6206,22686.8732,5300.7657,-21960.0714,5685.3331,165.4889,165.7099,1.7500,44.106,88.40,87.17
10632,6218,22731.0055,5311.0771,-22002.0714,5699.1895,165.4816,165.5448,1.7500,44.197,90.55,89.35
10653,6230,22776.2295,5321.6437,-22046.9286,5706.3651,165.4924,165.8054,1.7500,44.285,88.51,87.23
10675,6242,22821.0513,5332.1162,-22091.3214,5713.7263,165.5025,165.8811,1.8333,44.376,90.54,89.29
10694,6254,22863.5807,5342.0532,-22130.3214,5732.7789,165.4807,165.4870,1.5833,44.466,90.21,89.06
10716,6266,22910.7387,5353.0716,-22176.0714,5744.2228,165.4817,165.3161,1.8333,44.557,90.74,89.48
10737,6278,22954.1821,5363.2221,-22220.3214,5746.6353,165.5035,166.1103,1.7500,44.646,88.92,87.69
10754,6290,22992.6511,5372.2104,-22254.6786,5767.4199,165.4748,165.1244,1.4167,44.733,87.50,86.42
10775,6303,23034.9016,5382.0822,-22298.3214,5767.4199,165.5021,165.5055,1.6154,44.822,88.37,87.19
10794,6315,23077.9866,5392.1489,-22338.0714,5785.7920,165.4826,165.5639,1.5833,44.911,89.90,88.77
10816,6327,23124.5891,5403.0375,-22383.0714,5797.9164,165.4815,165.5055,1.8333,45.002,90.19,88.95
10836,6339,23167.8531,5413.1461,-22425.0714,5808.3087,165.4826,164.9335,1.6667,45.092,90.32,89.14
10857,6351,23213.5874,5423.8319,-22470.0714,5816.9689,165.4898,165.9237,1.7500,45.180,88.44,87.22
10878,6363,23257.7197,5434.1434,-22512.0714,5830.8253,165.4827,164.9790,1.7500,45.271,90.24,88.99
10899,6375,23303.4540,5444.8292,-22557.0714,5839.4856,165.4898,165.7099,1.7500,45.359,88.60,87.35
10921,6387,23347.7656,5455.1825,-22601.3214,5845.3622,165.5030,166.1103,1.8333,45.449,89.32,88.07
10940,6399,23390.2949,5465.1194,-22640.3214,5864.4147,165.4818,165.4870,1.5833,45.537,88.81,87.63
10962,6411,23437.4528,5476.1379,-22686.0714,5875.8586,165.4827,165.3161,1.8333,45.627,89.56,88.33
10983,6423,23482.6769,5486.7044,-22730.9286,5883.0343,165.4932,165.8054,1.7500,45.716,88.77,87.49
11005,6435,23527.4987,5497.1770,-22775.3214,5890.3955,165.5029,165.8811,1.8333,45.804,88.19,86.93
11024,6447,23570.0280,5507.1139,-22814.3214,5909.4481,165.4818,165.4870,1.5833,45.893,89.33,88.16
11044,6459,23612.8366,5517.1161,-22856.1071,5918.8506,165.4851,165.2867,1.6667,45.982,89.23,88.04
11066,6471,23659.8946,5528.1111,-22901.3214,5931.9647,165.4818,164.9209,1.8333,46.071,88.44,87.19
11086,6483,23702.7031,5538.1133,-22943.1071,5941.3673,165.4852,165.6066,1.6667,46.159,88.16,86.96
11108,6495,23749.7611,5549.1084,-22988.3214,5954.4814,165.4819,165.4870,1.8333,46.246,87.36,86.10
11128,6507,23793.0252,5559.2170,-23030.3214,5964.8737,165.4830,164.9209,1.6667,46.333,87.00,85.82
11148,6519,23836.2893,5569.3256,-23072.3214,5975.2660,165.4841,165.7374,1.6667,46.420,86.66,85.48
11170,6531,23882.8918,5580.2142,-23117.3214,5987.3903,165.4830,164.9661,1.8333,46.507,86.78,85.55
11190,6543,23926.1559,5590.3228,-23159.3214,5997.7827,165.4841,165.5261,1.6667,46.593,86.44,85.28
11210,6555,23968.6981,5600.2628,-23199.6786,6011.6391,165.4763,165.3335,1.6667,46.679,85.69,84.53
11231,6567,24013.7404,5610.7869,-23244.8929,6016.7115,165.4916,165.7372,1.7500,46.766,86.88,85.72
11252,6579,24058.5646,5621.2600,-23286.6786,6034.1557,165.4763,165.1063,1.7500,46.851,84.77,83.59
11273,6591,24103.6070,5631.7841,-23331.8929,6039.2282,165.4916,165.7372,1.7500,46.938,87.01,85.83
11294,6603,24148.4312,5642.2572,-23373.6786,6056.6724,165.4764,165.1063,1.7500,47.022,84.61,83.42
11313,6615,24187.3438,5651.3491,-23414.3214,6054.9403,165.5045,165.5448,1.5833,47.107,84.89,83.79
11330,6627,24225.8125,5660.3373,-23448.6786,6075.7249,165.4772,165.3503,1.4167,47.192,84.74,83.71
11351,6640,24268.0634,5670.2092,-23492.3214,6075.7249,165.5031,166.0773,1.6154,47.277,85.56,84.42
11370,6652,24311.1481,5680.2759,-23532.0714,6094.0970,165.4846,165.2407,1.5833,47.365,87.46,86.39
11392,6664,24357.7506,5691.1645,-23577.0714,6106.2214,165.4835,164.9335,1.8333,47.451,86.35,85.13
11412,6676,24401.0147,5701.2731,-23619.0714,6116.6137,165.4846,165.5639,1.6667,47.538,87.20,86.05
11433,6688,24446.7490,5711.9589,-23664.0714,6125.2740,165.4914,165.6683,1.7500,47.624,85.67,84.47
11454,6700,24490.8812,5722.2704,-23706.0714,6139.1304,165.4846,165.5639,1.7500,47.712,87.57,86.40
11475,6712,24536.6156,5732.9562,-23751.0714,6147.7906,165.4914,165.6683,1.7500,47.797,85.74,84.53
11497,6724,24580.9273,5743.3095,-23795.3214,6153.6672,165.5040,166.1352,1.8333,47.883,85.97,84.77
11516,6736,24623.4564,5753.2464,-23834.3214,6172.7198,165.4838,165.5055,1.5833,47.970,86.15,85.04
11538,6748,24670.6144,5764.2648,-23880.0714,6184.1637,165.4847,165.5000,1.8333,48.057,87.33,86.11
11559,6760,24715.8386,5774.8314,-23924.9286,6191.3393,165.4946,165.8271,1.7500,48.144,86.87,85.68
11581,6772,24760.6604,5785.3040,-23969.3214,6198.7005,165.5039,166.0691,1.8333,48.230,86.44,85.23
11600,6784,24803.1895,5795.2409,-24008.3214,6217.7531,165.4838,165.7004,1.5833,48.316,86.31,85.21
11620,6796,24845.9981,5805.2431,-24050.1071,6227.1557,165.4870,165.3533,1.6667,48.404,87.24,86.08
11642,6808,24893.0561,5816.2381,-24095.3214,6240.2698,165.4838,165.7004,1.8333,48.490,86.52,85.27
11662,6820,24936.3202,5826.3467,-24137.3214,6250.6621,165.4849,165.2911,1.6667,48.577,87.17,86.04
11682,6832,24979.5843,5836.4554,-24179.3214,6261.0544,165.4860,165.7650,1.6667,48.665,88.08,86.94
11704,6844,25026.1868,5847.3440,-24224.3214,6273.1787,165.4849,164.9209,1.8333,48.754,88.62,87.37
11724,6856,25069.4509,5857.4526,-24266.3214,6283.5710,165.4860,165.7374,1.6667,48.843,88.50,87.29
11746,6868,25116.0533,5868.3412,-24311.3214,6295.6954,165.4849,164.9661,1.8333,48.931,88.46,87.22
11766,6880,25159.3174,5878.4498,-24353.3214,6306.0877,165.4860,165.5261,1.6667,49.019,87.68,86.48
11786,6892,25201.8595,5888.3897,-24393.6786,6319.9441,165.4785,165.3335,1.6667,49.104,85.49,84.27
11807,6904,25246.9020,5898.9139,-24438.8929,6325.0165,165.4931,165.7372,1.7500,49.194,89.72,88.53
11828,6916,25291.7261,5909.3870,-24480.6786,6342.4608,165.4785,165.1063,1.7500,49.281,86.93,85.72
11849,6928,25336.7686,5919.9111,-24525.8929,6347.5332,165.4931,165.7372,1.7500,49.370,89.55,88.36
11870,6940,25381.5926,5930.3842,-24567.6786,6364.9774,165.4786,165.1063,1.7500,49.458,87.50,86.29
11889,6952,25420.5056,5939.4762,-24608.3214,6363.2454,165.5053,165.5448,1.5833,49.547,88.86,87.73
11906,6964,25458.9740,5948.4643,-24642.6786,6384.0300,165.4794,165.3503,1.4167,49.634,87.40,86.33
11927,6977,25501.2251,5958.3362,-24686.3214,6384.0300,165.5040,166.0773,1.6154,49.722,88.10,86.92
11946,6989,25544.3096,5968.4029,-24726.0714,6402.4021,165.4864,165.2407,1.5833,49.812,89.70,88.56
11967,7001,25590.0441,5979.0887,-24771.0714,6411.0623,165.4929,165.1646,1.7500,49.900,88.23,86.99
11988,7013,25634.1762,5989.4001,-24813.0714,6424.9188,165.4864,165.5639,1.7500,49.990,90.23,89.04
12009,7025,25679.9107,6000.0859,-24858.0714,6433.5790,165.4929,165.6683,1.7500,50.078,87.76,86.55
12030,7037,25724.0428,6010.3973,-24900.0714,6447.4354,165.4864,165.5639,1.7500,50.168,90.27,89.08
12051,7049,25769.7772,6021.0832,-24945.0714,6456.0957,165.4928,165.7306,1.7500,50.257,88.81,87.58
12073,7061,25814.0890,6031.4366,-24989.3214,6461.9723,165.5048,166.0691,1.8333,50.347,89.28,88.05
12092,7073,25856.6179,6041.3734,-25028.3214,6481.0248,165.4856,165.5055,1.5833,50.436,89.90,88.78
12114,7085,25903.7759,6052.3918,-25074.0714,6492.4687,165.4864,165.5000,1.8333,50.528,91.60,90.36
12135,7097,25947.2199,6062.5425,-25118.3214,6494.8812,165.5058,166.1352,1.7500,50.617,88.89,87.66
12152,7109,25985.6881,6071.5305,-25152.6786,6515.6658,165.4804,165.3087,1.4167,50.704,87.30,86.25
12173,7122,26027.9394,6081.4025,-25196.3214,6515.6658,165.5044,166.2961,1.6154,50.791,86.93,85.76
12192,7134,26071.0238,6091.4691,-25236.0714,6534.0380,165.4872,165.3077,1.5833,50.879,87.67,86.56
12214,7146,26117.6263,6102.3577,-25281.0714,6546.1623,165.4862,165.7212,1.8333,50.967,87.82,86.59
12234,7158,26160.8904,6112.4664,-25323.0714,6556.5546,165.4872,165.3077,1.6667,51.055,88.83,87.67
12255,7170,26206.6249,6123.1522,-25368.0714,6565.2149,165.4935,165.9544,1.7500,51.143,87.50,86.30
12276,7182,26250.7570,6133.4636,-25410.0714,6579.0713,165.4872,164.9335,1.7500,51.233,90.16,88.97
12297,7194,26296.4915,6144.1494,-25455.0714,6587.7315,165.4935,165.9237,1.7500,51.321,87.98,86.74
12318,7206,26340.6235,6154.4608,-25497.0714,6601.5879,165.4872,164.9790,1.7500,51.411,90.23,89.03
12339,7218,26386.3581,6165.1467,-25542.0714,6610.2482,165.4935,165.7099,1.7500,51.500,88.68,87.46
12361,7230,26430.6699,6175.5001,-25586.3214,6616.1248,165.5052,165.8811,1.8333,51.589,89.41,88.18
12380,7242,26473.1987,6185.4369,-25625.3214,6635.1773,165.4864,165.4870,1.5833,51.679,89.59,88.39
12402,7254,26520.3567,6196.4553,-25671.0714,6646.6213,165.4873,165.3161,1.8333,51.769,90.21,88.98
12423,7266,26563.8008,6206.6060,-25715.3214,6649.0338,165.5061,166.1103,1.7500,51.858,88.38,87.15
12440,7278,26602.2689,6215.5940,-25749.6786,6669.8184,165.4813,165.1244,1.4167,51.946,87.90,86.84
12461,7291,26644.5203,6225.4660,-25793.3214,6669.8184,165.5048,165.5055,1.6154,52.033,87.63,86.43
12480,7303,26687.6046,6235.5326,-25833.0714,6688.1905,165.4880,165.5639,1.5833,52.122,88.67,87.55
12502,7315,26734.2071,6246.4212,-25878.0714,6700.3148,165.4870,165.5055,1.8333,52.210,88.28,87.03
12522,7327,26777.4712,6256.5299,-25920.0714,6710.7071,165.4880,164.9335,1.6667,52.299,89.03,87.87
12543,7339,26823.2057,6267.2157,-25965.0714,6719.3674,165.4942,165.9237,1.7500,52.386,86.58,85.37
12564,7351,26867.3378,6277.5271,-26007.0714,6733.2238,165.4880,164.9790,1.7500,52.474,88.38,87.17
12585,7363,26913.0723,6288.2129,-26052.0714,6741.8841,165.4942,165.7099,1.7500,52.561,86.75,85.52
12606,7375,26957.2043,6298.5243,-26094.0714,6755.7405,165.4880,165.5448,1.7500,52.649,88.45,87.28
12627,7387,27002.4287,6309.0910,-26138.9286,6762.9161,165.4971,165.8054,1.7500,52.737,87.30,86.07
12649,7399,27047.2508,6319.5636,-26183.3214,6770.2773,165.5056,165.8811,1.8333,52.825,88.55,87.33
12668,7411,27089.7795,6329.5004,-26222.3214,6789.3299,165.4872,165.4870,1.5833,52.916,90.66,89.50
12690,7423,27136.9375,6340.5188,-26268.0714,6800.7738,165.4880,165.3161,1.8333,53.006,90.47,89.23
12711,7435,27180.3816,6350.6695,-26312.3214,6803.1863,165.5065,166.1103,1.7500,53.095,88.56,87.34
12728,7447,27218.8496,6359.6575,-26346.6786,6823.9709,165.4822,165.1244,1.4167,53.183,87.95,86.90
12749,7460,27261.1011,6369.5295,-26390.3214,6823.9709,165.5052,165.5055,1.6154,53.271,88.36,87.16
12768,7472,27304.1854,6379.5961,-26430.0714,6842.3430,165.4888,165.5639,1.5833,53.361,89.83,88.66
12790,7484,27350.7879,6390.4847,-26475.0714,6854.4674,165.4878,165.5055,1.8333,53.451,89.57,88.28
12810,7496,27394.0520,6400.5934,-26517.0714,6864.8597,165.4888,164.9335,1.6667,53.541,90.25,89.06
12831,7508,27439.7866,6411.2792,-26562.0714,6873.5199,165.4948,165.9237,1.7500,53.629,88.23,87.01
12852,7520,27483.9186,6421.5906,-26604.0714,6887.3763,165.4888,164.9790,1.7500,53.719,90.26,89.07
12873,7532,27529.6531,6432.2764,-26649.0714,6896.0366,165.4948,165.7099,1.7500,53.807,88.05,86.80
12895,7544,27573.9651,6442.6299,-26693.3214,6901.9132,165.5060,166.1103,1.8333,53.897,89.33,88.12
12914,7556,27616.4937,6452.5666,-26732.3214,6920.9657,165.4880,165.4870,1.5833,53.988,91.01,89.87
12936,7568,27663.6517,6463.5851,-26778.0714,6932.4096,165.4888,165.3161,1.8333,54.078,90.52,89.26
12957,7580,27708.8762,6474.1517,-26822.9286,6939.5853,165.4977,165.8054,1.7500,54.169,90.45,89.23
12979,7592,27753.6982,6484.6243,-26867.3214,6946.9465,165.5059,165.8811,1.8333,54.259,90.12,88.87
12998,7604,27796.2268,6494.5611,-26906.3214,6965.9991,165.4880,165.4870,1.5833,54.349,90.40,89.25
13018,7616,27839.0355,6504.5633,-26948.1071,6975.4016,165.4908,165.2867,1.6667,54.440,90.63,89.43
13040,7628,27886.0934,6515.5583,-26993.3214,6988.5157,165.4880,164.9209,1.8333,54.530,90.07,88.79
13060,7640,27928.9021,6525.5606,-27035.1071,6997.9183,165.4908,165.6066,1.6667,54.620,90.05,88.82
13082,7652,27975.9600,6536.5556,-27080.3214,7011.0324,165.4880,165.4870,1.8333,54.710,90.40,89.14
13102,7664,28019.2241,6546.6642,-27122.3214,7021.4247,165.4890,164.9209,1.6667,54.801,90.17,88.99
13122,7676,28062.4882,6556.7728,-27164.3214,7031.8170,165.4899,165.7374,1.6667,54.890,89.65,88.47
13144,7688,28109.0907,6567.6614,-27209.3214,7043.9413,165.4890,164.9661,1.8333,54.980,90.07,88.82
13164,7700,28152.3548,6577.7701,-27251.3214,7054.3336,165.4899,165.5261,1.6667,55.071,90.41,89.22
13184,7712,28194.8966,6587.7099,-27291.6786,7068.1901,165.4832,165.3335,1.6667,55.159,88.07,86.91
13205,7724,28239.9396,6598.2342,-27336.8929,7073.2625,165.4962,165.7372,1.7500,55.249,90.37,89.19
13226,7736,28284.7632,6608.7072,-27378.6786,7090.7067,165.4832,165.1063,1.7500,55.338,89.18,87.91
13247,7748,28329.8062,6619.2314,-27423.8929,7095.7791,165.4962,165.7372,1.7500,55.429,90.96,89.72
13268,7760,28374.6298,6629.7044,-27465.6786,7113.2234,165.4832,165.1063,1.7500,55.517,88.02,86.81
13287,7772,28413.5434,6638.7965,-27506.3214,7111.4913,165.5072,165.5448,1.5833,55.606,88.68,87.57
13304,7784,28452.0111,6647.7845,-27540.6786,7132.2759,165.4839,165.3503,1.4167,55.693,87.49,86.43
13325,7797,28494.2629,6657.6565,-27584.3214,7132.2759,165.5059,166.0773,1.6154,55.783,89.30,88.11
13344,7809,28537.3470,6667.7231,-27624.0714,7150.6480,165.4902,165.2407,1.5833,55.873,89.93,88.78
13366,7821,28583.9494,6678.6117,-27669.0714,7162.7724,165.4893,164.9335,1.8333,55.963,90.02,88.77
13386,7833,28627.2136,6688.7204,-27711.0714,7173.1647,165.4902,165.5639,1.6667,56.053,90.49,89.32
13407,7845,28672.9482,6699.4062,-27756.0714,7181.8250,165.4960,165.6683,1.7500,56.142,88.63,87.40
13428,7857,28717.0801,6709.7176,-27798.0714,7195.6814,165.4902,165.5639,1.7500,56.233,91.17,89.96
13449,7869,28762.8148,6720.4034,-27843.0714,7204.3416,165.4960,165.6683,1.7500,56.321,88.31,87.12
13471,7881,28807.1268,6730.7569,-27887.3214,7210.2182,165.5067,166.1352,1.8333,56.412,90.71,89.49
13490,7893,28849.6553,6740.6936,-27926.3214,7229.2708,165.4894,165.5055,1.5833,56.502,90.28,89.12
13512,7905,28896.8133,6751.7121,-27972.0714,7240.7147,165.4902,165.5000,1.8333,56.593,90.74,89.50
13533,7917,28942.0378,6762.2787,-28016.9286,7247.8903,165.4987,165.8271,1.7500,56.683,90.38,89.16
13555,7929,28986.8600,6772.7514,-28061.3214,7255.2515,165.5066,166.0691,1.8333,56.773,89.44,88.18
13574,7941,29029.3884,6782.6881,-28100.3214,7274.3041,165.4894,165.7004,1.5833,56.863,90.17,89.04
13594,7953,29072.1971,6792.6903,-28142.1071,7283.7067,165.4921,165.3533,1.6667,56.954,90.74,89.52
13616,7965,29119.2550,6803.6853,-28187.3214,7296.8208,165.4894,165.7004,1.8333,57.044,90.30,89.04
13636,7977,29162.5191,6813.7940,-28229.3214,7307.2131,165.4903,165.2911,1.6667,57.134,89.87,88.67
13656,7989,29205.7833,6823.9026,-28271.3214,7317.6054,165.4912,165.7650,1.6667,57.224,90.14,88.92
13678,8001,29252.3857,6834.7912,-28316.3214,7329.7297,165.4903,164.9209,1.8333,57.314,90.17,88.88
13698,8013,29295.6498,6844.8998,-28358.3214,7340.1220,165.4912,165.7374,1.6667,57.404,89.58,88.40
13720,8025,29342.2523,6855.7884,-28403.3214,7352.2464,165.4903,164.9661,1.8333,57.494,89.75,88.51
13740,8037,29385.5164,6865.8971,-28445.3214,7362.6387,165.4912,165.5261,1.6667,57.584,90.20,88.99
13760,8049,29428.0581,6875.8369,-28485.6786,7376.4951,165.4848,165.3335,1.6667,57.672,88.46,87.28
13781,8061,29473.1013,6886.3612,-28530.8929,7381.5675,165.4973,165.7372,1.7500,57.762,90.30,89.10
13802,8073,29517.9247,6896.8341,-28572.6786,7399.0118,165.4848,165.1063,1.7500,57.851,88.17,86.97
13823,8085,29562.9678,6907.3584,-28617.8929,7404.0842,165.4973,165.7372,1.7500,57.942,91.37,90.16
13844,8097,29607.7913,6917.8314,-28659.6786,7421.5284,165.4848,165.1063,1.7500,58.030,87.82,86.59
13863,8109,29646.7051,6926.9236,-28700.3214,7419.7964,165.5078,165.5448,1.5833,58.119,88.86,87.75
13880,8121,29685.1726,6935.9114,-28734.6786,7440.5810,165.4855,165.3503,1.4167,58.207,88.29,87.21
13901,8134,29727.4246,6945.7836,-28778.3214,7440.5810,165.5066,166.0773,1.6154,58.296,88.83,87.62
13920,8146,29770.5086,6955.8501,-28818.0714,7458.9531,165.4915,165.2407,1.5833,58.386,90.57,89.46
13941,8158,29816.2433,6966.5360,-28863.0714,7467.6133,165.4971,165.1646,1.7500,58.475,88.33,87.11
13962,8170,29860.3752,6976.8474,-28905.0714,7481.4697,165.4915,165.5639,1.7500,58.566,91.07,89.87
13983,8182,29906.1099,6987.5332,-28950.0714,7490.1300,165.4970,165.6683,1.7500,58.654,88.43,87.20
14004,8194,29950.2418,6997.8446,-28992.0714,7503.9864,165.4915,165.5639,1.7500,58.745,90.52,89.33
14025,8206,29995.9765,7008.5305,-29037.0714,7512.6467,165.4970,165.7306,1.7500,58.834,88.82,87.61
14047,8218,30040.2886,7018.8839,-29081.3214,7518.5233,165.5073,166.0691,1.8333,58.924,90.38,89.11
14066,8230,30082.8169,7028.8206,-29120.3214,7537.5758,165.4908,165.5055,1.5833,59.014,90.13,88.98
14088,8242,30129.9749,7039.8391,-29166.0714,7549.0197,165.4915,165.5000,1.8333,59.105,90.57,89.28
14109,8254,30173.4194,7049.9898,-29210.3214,7551.4322,165.5081,166.1352,1.7500,59.194,89.04,87.82
14126,8266,30211.8868,7058.9777,-29244.6786,7572.2168,165.4862,165.3087,1.4167,59.282,88.04,86.97
14147,8279,30254.1389,7068.8499,-29288.3214,7572.2168,165.5070,166.2961,1.6154,59.370,88.65,87.47
14166,8291,30297.2229,7078.9164,-29328.0714,7590.5889,165.4921,165.3077,1.5833,59.460,89.41,88.29
14188,8303,30343.8253,7089.8050,-29373.0714,7602.7133,165.4913,165.7212,1.8333,59.550,89.72,88.47
14208,8315,30387.0894,7099.9136,-29415.0714,7613.1056,165.4921,165.3077,1.6667,59.640,90.19,89.02
14229,8327,30432.8242,7110.5995,-29460.0714,7621.7659,165.4976,165.9544,1.7500,59.728,88.11,86.90
14250,8339,30476.9560,7120.9109,-29502.0714,7635.6223,165.4921,164.9335,1.7500,59.819,90.75,89.56
14271,8351,30522.6907,7131.5967,-29547.0714,7644.2825,165.4975,165.9237,1.7500,59.906,87.93,86.67
14292,8363,30566.8226,7141.9081,-29589.0714,7658.1389,165.4921,164.9790,1.7500,59.998,91.14,89.93
14313,8375,30612.5573,7152.5940,-29634.0714,7666.7992,165.4975,165.7099,1.7500,60.087,88.96,87.69
14335,8387,30656.8695,7162.9475,-29678.3214,7672.6758,165.5076,165.8811,1.8333,60.177,90.39,89.14
14354,8399,30699.3977,7172.8841,-29717.3214,7691.7283,165.4914,165.4870,1.5833,60.267,90.25,89.11
14376,8411,30746.5557,7183.9026,-29763.0714,7703.1722,165.4921,165.3161,1.8333,60.358,91.12,89.85
14397,8423,30790.0003,7194.0534,-29807.3214,7705.5847,165.5084,166.1103,1.7500,60.447,88.68,87.45
14414,8435,30828.4676,7203.0412,-29841.6786,7726.3694,165.4870,165.1244,1.4167,60.535,87.66,86.59
14435,8448,30870.7198,7212.9134,-29885.3214,7726.3694,165.5073,165.5055,1.6154,60.624,89.08,87.89
14454,8460,30913.8037,7222.9799,-29925.0714,7744.7415,165.4927,165.5639,1.5833,60.714,90.18,89.05
14476,8472,30960.4061,7233.8685,-29970.0714,7756.8658,165.4919,165.5055,1.8333,60.804,89.60,88.35
14496,8484,31003.6702,7243.9771,-30012.0714,7767.2581,165.4927,164.9335,1.6667,60.894,90.54,89.33
14517,8496,31049.4050,7254.6630,-30057.0714,7775.9184,165.4980,165.9237,1.7500,60.983,88.47,87.25
14538,8508,31093.5368,7264.9744,-30099.0714,7789.7748,165.4927,164.9790,1.7500,61.074,91.51,90.30
14559,8520,31139.2716,7275.6602,-30144.0714,7798.4350,165.4980,165.7099,1.7500,61.163,89.00,87.79
14580,8532,31183.4034,7285.9716,-30186.0714,7812.2914,165.4927,165.5448,1.7500,61.254,90.57,89.39
14601,8544,31228.6281,7296.5383,-30230.9286,7819.4671,165.5006,165.8054,1.7500,61.343,88.98,87.76
14623,8556,31273.4503,7307.0110,-30275.3214,7826.8283,165.5079,165.8811,1.8333,61.433,89.92,88.68
14642,8568,31315.9785,7316.9476,-30314.3214,7845.8809,165.4920,165.4870,1.5833,61.522,89.86,88.71
14664,8580,31363.1365,7327.9661,-30360.0714,7857.3248,165.4927,165.3161,1.8333,61.613,90.70,89.46
14685,8592,31406.5812,7338.1169,-30404.3214,7859.7373,165.5086,166.1103,1.7500,61.702,88.84,87.63
14702,8604,31445.0484,7347.1047,-30438.6786,7880.5219,165.4876,165.1244,1.4167,61.790,87.91,86.85
14723,8617,31487.3007,7356.9769,-30482.3214,7880.5219,165.5075,165.5055,1.6154,61.879,88.67,87.48
14742,8629,31530.3845,7367.0434,-30522.0714,7898.8940,165.4933,165.5639,1.5833,61.970,91.11,89.84
14764,8641,31576.9869,7377.9320,-30567.0714,7911.0183,165.4924,165.5055,1.8333,62.059,89.75,88.52
14784,8653,31620.2511,7388.0406,-30609.0714,7921.4107,165.4933,164.9335,1.6667,62.151,91.25,90.05
14805,8665,31665.9859,7398.7265,-30654.0714,7930.0709,165.4985,165.9237,1.7500,62.239,88.64,87.41
14826,8677,31710.1176,7409.0379,-30696.0714,7943.9273,165.4933,164.9790,1.7500,62.330,90.47,89.26
14847,8689,31755.8524,7419.7237,-30741.0714,7952.5876,165.4985,165.7099,1.7500,62.418,88.51,87.28
14869,8701,31800.1647,7430.0773,-30785.3214,7958.4642,165.5082,166.1103,1.8333,62.508,89.78,88.55
14888,8713,31842.6927,7440.0139,-30824.3214,7977.5167,165.4926,165.4870,1.5833,62.598,89.97,88.84
14910,8725,31889.8508,7451.0323,-30870.0714,7988.9606,165.4932,165.3161,1.8333,62.689,90.80,89.55
14931,8737,31935.0755,7461.5990,-30914.9286,7996.1363,165.5009,165.8054,1.7500,62.779,90.64,89.38
14953,8749,31979.8978,7472.0717,-30959.3214,8003.4975,165.5081,165.8811,1.8333,62.871,91.69,90.40
14972,8761,32022.4259,7482.0084,-30998.3214,8022.5500,165.4925,165.4870,1.5833,62.961,90.17,89.04
14992,8773,32065.2347,7492.0106,-31040.1071,8031.9526,165.4950,165.2867,1.6667,63.052,90.75,89.56
15014,8785,32112.2924,7503.0056,-31085.3214,8045.0667,165.4925,164.9209,1.8333,63.143,90.46,89.20
15034,8797,32155.1012,7513.0078,-31127.1071,8054.4693,165.4950,165.6066,1.6667,63.233,90.48,89.28
15056,8809,32202.1590,7524.0028,-31172.3214,8067.5834,165.4925,165.4870,1.8333,63.323,90.41,89.15
15076,8821,32245.4232,7534.1115,-31214.3214,8077.9757,165.4933,164.9209,1.6667,63.414,90.27,89.05
15096,8833,32288.6873,7544.2201,-31256.3214,8088.3680,165.4942,165.7374,1.6667,63.504,90.07,88.89
15118,8845,32335.2897,7555.1087,-31301.3214,8100.4923,165.4933,164.9661,1.8333,63.594,90.00,88.76
15138,8857,32378.5539,7565.2173,-31343.3214,8110.8846,165.4942,165.5261,1.6667,63.684,90.07,88.93
15158,8869,32421.0955,7575.1571,-31383.6786,8124.7410,165.4883,165.3335,1.6667,63.772,87.80,86.61
15179,8881,32466.1389,7585.6815,-31428.8929,8129.8135,165.4996,165.7372,1.7500,63.862,90.70,89.50
15200,8893,32510.9620,7596.1544,-31470.6786,8147.2577,165.4883,165.1063,1.7500,63.950,88.07,86.84
15221,8905,32556.0055,7606.6787,-31515.8929,8152.3301,165.4996,165.7372,1.7500,64.041,90.83,89.61
15242,8917,32600.8286,7617.1516,-31557.6786,8169.7744,165.4883,165.1063,1.7500,64.129,87.77,86.56
15261,8929,32639.7430,7626.2439,-31598.3214,8168.0423,165.5091,165.5448,1.5833,64.218,88.71,87.60
15278,8941,32678.2100,7635.2317,-31632.6786,8188.8269,165.4889,165.3503,1.4167,64.306,88.02,86.97
15299,8954,32720.4624,7645.1039,-31676.3214,8188.8269,165.5081,166.0773,1.6154,64.394,87.90,86.72
15318,8966,32763.5461,7655.1704,-31716.0714,8207.1990,165.4944,165.2407,1.5833,64.484,90.13,89.02
15339,8978,32809.2810,7665.8563,-31761.0714,8215.8593,165.4994,165.1646,1.7500,64.572,88.10,86.88
15360,8990,32853.4127,7676.1676,-31803.0714,8229.7157,165.4944,165.5639,1.7500,64.662,90.46,89.27
15381,9002,32899.1475,7686.8535,-31848.0714,8238.3759,165.4994,165.6683,1.7500,64.750,88.20,86.98
15402,9014,32943.2793,7697.1649,-31890.0714,8252.2324,165.4943,165.5639,1.7500,64.841,90.29,89.10
15423,9026,32989.0141,7707.8508,-31935.0714,8260.8926,165.4994,165.6683,1.7500,64.929,88.19,86.95
15445,9038,33033.3264,7718.2043,-31979.3214,8266.7692,165.5087,166.1352,1.8333,65.018,89.26,88.05
15464,9050,33075.8544,7728.1409,-32018.3214,8285.8218,165.4937,165.5055,1.5833,65.108,89.53,88.41
15486,9062,33123.0124,7739.1593,-32064.0714,8297.2657,165.4943,165.5000,1.8333,65.200,92.27,91.04
15507,9074,33168.2372,7749.7261,-32108.9286,8304.4413,165.5017,165.8271,1.7500,65.290,90.43,89.20
15529,9086,33213.0595,7760.1988,-32153.3214,8311.8025,165.5086,166.0691,1.8333,65.382,91.06,89.81
15548,9098,33255.5875,7770.1354,-32192.3214,8330.8551,165.4936,165.7004,1.5833,65.472,90.11,88.94
15568,9110,33298.3963,7780.1376,-32234.1071,8340.2577,165.4960,165.3533,1.6667,65.562,90.35,89.16
15590,9122,33345.4541,7791.1326,-32279.3214,8353.3718,165.4936,165.7004,1.8333,65.652,90.25,88.99
15610,9134,33388.7182,7801.2412,-32321.3214,8363.7641,165.4944,165.2911,1.6667,65.742,89.63,88.43
15630,9146,33431.9824,7811.3499,-32363.3214,8374.1564,165.4952,165.7650,1.6667,65.832,89.69,88.54
15652,9158,33478.5848,7822.2385,-32408.3214,8386.2807,165.4944,164.9209,1.8333,65.921,89.60,88.38
15672,9170,33521.8490,7832.3471,-32450.3214,8396.6730,165.4952,165.7374,1.6667,66.012,90.41,89.21
15694,9182,33568.4514,7843.2357,-32495.3214,8408.7974,165.4944,164.9661,1.8333,66.103,91.66,90.38
15714,9194,33611.7156,7853.3443,-32537.3214,8419.1897,165.4952,165.5261,1.6667,66.194,90.37,89.19
15734,9206,33654.2571,7863.2841,-32577.6786,8433.0461,165.4895,165.1063,1.6667,66.282,88.36,87.18
15755,9218,33699.3006,7873.8085,-32622.8929,8438.1185,165.5004,165.7372,1.7500,66.372,90.31,89.11
15776,9230,33744.1236,7884.2814,-32664.6786,8455.5627,165.4895,165.1063,1.7500,66.461,88.61,87.40
15797,9242,33789.1672,7894.8057,-32709.8929,8460.6352,165.5004,165.7372,1.7500,66.551,90.57,89.38
15818,9254,33833.9902,7905.2786,-32751.6786,8478.0794,165.4895,165.1063,1.7500,66.640,88.08,86.81
15837,9266,33872.9047,7914.3709,-32792.3214,8476.3474,165.5096,165.5448,1.5833,66.728,88.50,87.39
15854,9278,33911.3716,7923.3587,-32826.6786,8497.1320,165.4901,165.3503,1.4167,66.817,89.00,87.92
15875,9291,33953.6242,7933.2310,-32870.3214,8497.1320,165.5086,166.0773,1.6154,66.906,89.34,88.13
15894,9303,33996.7078,7943.2974,-32910.0714,8515.5041,165.4954,165.2407,1.5833,66.996,89.84,88.70
15915,9315,34042.4427,7953.9833,-32955.0714,8524.1643,165.5002,165.1646,1.7500,67.085,88.44,87.22
15936,9327,34086.5744,7964.2946,-32997.0714,8538.0207,165.4953,165.5639,1.7500,67.175,90.34,89.15
15957,9339,34132.3092,7974.9806,-33042.0714,8546.6810,165.5002,165.6683,1.7500,67.263,88.05,86.83
15978,9351,34176.4409,7985.2919,-33084.0714,8560.5374,165.4953,165.5639,1.7500,67.353,89.99,88.79
15999,9363,34222.1758,7995.9778,-33129.0714,8569.1977,165.5002,165.7306,1.7500,67.443,90.04,88.84
16021,9375,34266.4882,8006.3313,-33173.3214,8575.0743,165.5092,166.0691,1.8333,67.532,89.41,88.20
16040,9387,34309.0160,8016.2679,-33212.3214,8594.1268,165.4947,165.5055,1.5833,67.622,89.86,88.72
16062,9399,34356.1741,8027.2863,-33258.0714,8605.5707,165.4953,165.5000,1.8333,67.713,90.63,89.39
16083,9411,34399.6190,8037.4372,-33302.3214,8607.9832,165.5099,166.1352,1.7500,67.802,89.39,88.15
16100,9423,34438.0858,8046.4249,-33336.6786,8628.7678,165.4907,165.3087,1.4167,67.890,87.69,86.61
16121,9436,34480.3385,8056.2972,-33380.3214,8628.7678,165.5089,166.2961,1.6154,67.978,87.89,86.65
16140,9448,34523.4221,8066.3637,-33420.0714,8647.1399,165.4958,165.3077,1.5833,68.066,88.54,87.39
16162,9460,34570.0244,8077.2523,-33465.0714,8659.2643,165.4951,165.7212,1.8333,68.155,88.72,87.49
16182,9472,34613.2886,8087.3609,-33507.0714,8669.6566,165.4958,165.3077,1.6667,68.244,88.97,87.81
16203,9484,34659.0235,8098.0468,-33552.0714,8678.3169,165.5006,165.9544,1.7500,68.331,87.21,86.00
16224,9496,34703.1552,8108.3581,-33594.0714,8692.1733,165.4958,164.9335,1.7500,68.420,88.94,87.76
16245,9508,34748.8901,8119.0441,-33639.0714,8700.8335,165.5006,165.9237,1.7500,68.507,86.53,85.32
16266,9520,34793.0218,8129.3554,-33681.0714,8714.6899,165.4958,164.9790,1.7500,68.595,88.18,86.99
16287,9532,34838.7567,8140.0413,-33726.0714,8723.3502,165.5005,165.7099,1.7500,68.681,85.75,84.55
16309,9544,34883.0690,8150.3948,-33770.3214,8729.2268,165.5094,165.8811,1.8333,68.767,86.56,85.34
16328,9556,34925.5968,8160.3314,-33809.3214,8748.2793,165.4951,165.4870,1.5833,68.854,86.65,85.52
16350,9568,34972.7549,8171.3499,-33855.0714,8759.7232,165.4958,165.3161,1.8333,68.941,87.01,85.80
16371,9580,35016.1999,8181.5007,-33899.3214,8762.1357,165.5101,166.1103,1.7500,69.026,85.27,84.09
16388,9592,35054.6666,8190.4884,-33933.6786,8782.9204,165.4912,165.1244,1.4167,69.110,84.15,83.13
16409,9605,35096.9194,8200.3608,-33977.3214,8782.9204,165.5091,165.5055,1.6154,69.196,85.21,84.05
16428,9617,35140.0029,8210.4272,-34017.0714,8801.2925,165.4963,165.5639,1.5833,69.282,86.63,85.51
16450,9629,35186.6053,8221.3158,-34062.0714,8813.4168,165.4955,165.5055,1.8333,69.368,86.10,84.90
16470,9641,35229.8695,8231.4244,-34104.0714,8823.8091,165.4963,164.9335,1.6667,69.456,88.08,86.95
16491,9653,35275.6044,8242.1103,-34149.0714,8832.4694,165.5010,165.9237,1.7500,69.541,85.05,83.87
16512,9665,35319.7360,8252.4217,-34191.0714,8846.3258,165.4963,164.9790,1.7500,69.628,86.65,85.47
16533,9677,35365.4710,8263.1076,-34236.0714,8854.9860,165.5009,165.7099,1.7500,69.713,84.95,83.75
16554,9689,35409.6026,8273.4189,-34278.0714,8868.8424,165.4963,165.5448,1.7500,69.800,86.78,85.61
16575,9701,35454.8275,8283.9857,-34322.9286,8876.0181,165.5032,165.8054,1.7500,69.885,85.20,83.98
16597,9713,35499.6499,8294.4584,-34367.3214,8883.3793,165.5096,165.8811,1.8333,69.971,86.27,85.03
16616,9725,35542.1777,8304.3949,-34406.3214,8902.4319,165.4956,165.4870,1.5833,70.058,86.65,85.53
16638,9737,35589.3357,8315.4134,-34452.0714,8913.8758,165.4962,165.3161,1.8333,70.145,87.23,86.01
16659,9749,35632.7808,8325.5643,-34496.3214,8916.2883,165.5103,166.1103,1.7500,70.230,85.27,84.08
16676,9761,35671.2474,8334.5519,-34530.6786,8937.0729,165.4918,165.1244,1.4167,70.315,84.85,83.82
16697,9774,35713.5003,8344.4243,-34574.3214,8937.0729,165.5093,165.5055,1.6154,70.400,85.07,83.92
16716,9786,35756.5837,8354.4907,-34614.0714,8955.4450,165.4967,165.5639,1.5833,70.487,86.26,85.15
16738,9798,35803.1861,8365.3793,-34659.0714,8967.5693,165.4960,165.5055,1.8333,70.573,86.35,85.13
16758,9810,35846.4503,8375.4879,-34701.0714,8977.9616,165.4967,164.9335,1.6667,70.660,86.74,85.59
16779,9822,35892.1852,8386.1739,-34746.0714,8986.6219,165.5013,165.9237,1.7500,70.745,84.91,83.72
16800,9834,35936.3169,8396.4852,-34788.0714,9000.4783,165.4967,164.9790,1.7500,70.832,87.16,86.00
16821,9846,35982.0518,8407.1711,-34833.0714,9009.1386,165.5013,165.7099,1.7500,70.917,84.85,83.63
16843,9858,36026.3642,8417.5246,-34877.3214,9015.0152,165.5099,166.1103,1.8333,71.003,86.57,85.34
16862,9870,36068.8919,8427.4612,-34916.3214,9034.0677,165.4961,165.4870,1.5833,71.091,87.66,86.54
16884,9882,36116.0500,8438.4796,-34962.0714,9045.5116,165.4967,165.3161,1.8333,71.180,89.03,87.81
16905,9894,36161.2750,8449.0464,-35006.9286,9052.6873,165.5035,165.8054,1.7500,71.269,88.87,87.65
16927,9906,36206.0974,8459.5191,-35051.3214,9060.0485,165.5098,165.8811,1.8333,71.357,88.22,86.99
16946,9918,36248.6251,8469.4557,-35090.3214,9079.1010,165.4960,165.4870,1.5833,71.445,88.11,86.97
16966,9930,36291.4340,8479.4579,-35132.1071,9088.5036,165.4982,165.2867,1.6667,71.534,89.34,88.19
16988,9942,36338.4916,8490.4529,-35177.3214,9101.6177,165.4960,164.9209,1.8333,71.622,87.85,86.62
17008,9954,36381.3005,8500.4552,-35219.1071,9111.0203,165.4982,165.6066,1.6667,71.711,89.15,87.92
17030,9966,36428.3582,8511.4501,-35264.3214,9124.1344,165.4960,165.4870,1.8333,71.801,89.50,88.23
17050,9978,36471.6224,8521.5588,-35306.3214,9134.5267,165.4967,164.9209,1.6667,71.891,89.88,88.69
17070,9990,36514.8866,8531.6674,-35348.3214,9144.9190,165.4974,165.7374,1.6667,71.981,89.69,88.48
17092,10002,36561.4890,8542.5560,-35393.3214,9157.0433,165.4967,164.9661,1.8333,72.070,89.92,88.68
17112,10014,36604.7532,8552.6646,-35435.3214,9167.4356,165.4974,165.5261,1.6667,72.160,89.99,88.76
17132,10026,36647.2945,8562.6044,-35475.6786,9181.2920,165.4922,165.3335,1.6667,72.248,87.65,86.48
17153,10038,36692.3383,8573.1288,-35520.8929,9186.3645,165.5023,165.7372,1.7500,72.338,90.16,88.98
17174,10050,36737.1611,8583.6016,-35562.6786,9203.8087,165.4922,165.1063,1.7500,72.426,87.75,86.54
17195,10062,36782.2049,8594.1261,-35607.8929,9208.8811,165.5022,165.7372,1.7500,72.517,90.64,89.43
17216,10074,36827.0276,8604.5989,-35649.6786,9226.3254,165.4922,165.1063,1.7500,72.605,88.00,86.77
17235,10086,36865.9426,8613.6913,-35690.3214,9224.5933,165.5107,165.5448,1.5833,72.693,88.65,87.52
17252,10098,36904.4091,8622.6790,-35724.6786,9245.3779,165.4928,165.3503,1.4167,72.781,87.67,86.62
17273,10111,36946.6620,8632.5513,-35768.3214,9245.3779,165.5097,166.0773,1.6154,72.869,88.11,86.89
17292,10123,36989.7454,8642.6177,-35808.0714,9263.7500,165.4976,165.2407,1.5833,72.959,90.21,89.08
17313,10135,37035.4804,8653.3036,-35853.0714,9272.4103,165.5020,165.1646,1.7500,73.047,88.14,86.89
17334,10147,37079.6120,8663.6149,-35895.0714,9286.2667,165.4976,165.5639,1.7500,73.137,89.49,88.28
17355,10159,37125.3470,8674.3009,-35940.0714,9294.9269,165.5020,165.6683,1.7500,73.224,86.67,85.46
17376,10171,37169.4785,8684.6122,-35982.0714,9308.7833,165.4975,165.5639,1.7500,73.312,88.82,87.64
17397,10183,37215.2135,8695.2981,-36027.0714,9317.4436,165.5020,165.6683,1.7500,73.400,87.17,85.98
17419,10195,37259.5260,8705.6517,-36071.3214,9323.3202,165.5103,166.1352,1.8333,73.488,88.47,87.27
17438,10207,37302.0536,8715.5882,-36110.3214,9342.3728,165.4969,165.5055,1.5833,73.578,90.16,89.06
17460,10219,37349.2117,8726.6066,-36156.0714,9353.8167,165.4975,165.5000,1.8333,73.669,90.77,89.52
17481,10231,37394.4367,8737.1734,-36200.9286,9360.9923,165.5041,165.8271,1.7500,73.759,90.31,89.10
17503,10243,37439.2591,8747.6461,-36245.3214,9368.3535,165.5102,166.0691,1.8333,73.849,89.65,88.39
17522,10255,37481.7867,8757.5827,-36284.3214,9387.4061,165.4969,165.7004,1.5833,73.939,89.67,88.45
17542,10267,37524.5956,8767.5849,-36326.1071,9396.8086,165.4990,165.3533,1.6667,74.029,90.14,88.92
17564,10279,37571.6533,8778.5799,-36371.3214,9409.9227,165.4969,165.7004,1.8333,74.119,89.94,88.69
17584,10291,37614.9175,8788.6886,-36413.3214,9420.3150,165.4976,165.2911,1.6667,74.209,90.05,88.86
17604,10303,37658.1817,8798.7972,-36455.3214,9430.7074,165.4983,165.7650,1.6667,74.298,89.32,88.15
17626,10315,37704.7841,8809.6858,-36500.3214,9442.8317,165.4975,164.9209,1.8333,74.387,89.15,87.88
17646,10327,37748.0483,8819.7944,-36542.3214,9453.2240,165.4982,165.7374,1.6667,74.476,88.40,87.21
17668,10339,37794.6506,8830.6830,-36587.3214,9465.3484,165.4975,164.9661,1.8333,74.564,88.11,86.89
17688,10351,37837.9149,8840.7917,-36629.3214,9475.7407,165.4982,165.5261,1.6667,74.653,88.86,87.66
17708,10363,37880.4561,8850.7314,-36669.6786,9489.5971,165.4932,165.1063,1.6667,74.740,87.13,85.96
17729,10375,37925.5001,8861.2559,-36714.8929,9494.6695,165.5029,165.7372,1.7500,74.828,88.72,87.55
17750,10387,37970.3227,8871.7286,-36756.6786,9512.1137,165.4932,165.1063,1.7500,74.915,86.25,85.05
17771,10399,38015.3666,8882.2531,-36801.8929,9517.1862,165.5029,165.7372,1.7500,75.003,88.38,87.21
17792,10411,38060.1893,8892.7259,-36843.6786,9534.6304,165.4932,165.1063,1.7500,75.089,85.93,84.78
17811,10423,38099.1043,8901.8183,-36884.3214,9532.8984,165.5110,165.5448,1.5833,75.178,88.86,87.76
17828,10435,38137.5707,8910.8060,-36918.6786,9553.6830,165.4937,165.3503,1.4167,75.265,87.26,86.17
17849,10448,38179.8238,8920.6784,-36962.3214,9553.6830,165.5101,166.0773,1.6154,75.354,88.66,87.47
17868,10460,38222.9071,8930.7447,-37002.0714,9572.0551,165.4984,165.2407,1.5833,75.444,90.37,89.22
17889,10472,38268.6421,8941.4307,-37047.0714,9580.7153,165.5027,165.1646,1.7500,75.533,88.55,87.35
17910,10484,38312.7736,8951.7420,-37089.0714,9594.5717,165.4983,165.5639,1.7500,75.623,90.10,88.95
17931,10496,38358.5087,8962.4279,-37134.0714,9603.2320,165.5026,165.6683,1.7500,75.711,88.19,87.00
17952,10508,38402.6402,8972.7392,-37176.0714,9617.0884,165.4983,165.5639,1.7500,75.802,91.32,90.12
17973,10520,38448.3752,8983.4251,-37221.0714,9625.7486,165.5026,165.7306,1.7500,75.891,88.59,87.35
17995,10532,38492.6878,8993.7787,-37265.3214,9631.6252,165.5106,166.0691,1.8333,75.980,88.81,87.56
18014,10544,38535.2153,9003.7152,-37304.3214,9650.6778,165.4977,165.5055,1.5833,76.070,90.05,88.90
18036,10556,38582.3733,9014.7337,-37350.0714,9662.1217,165.4983,165.5000,1.8333,76.161,91.44,90.19
18057,10568,38625.8187,9024.8846,-37394.3214,9664.5342,165.5112,166.1352,1.7500,76.250,88.75,87.54
18074,10580,38664.2849,9033.8722,-37428.6786,9685.3188,165.4942,165.3087,1.4167,76.337,87.43,86.38
18095,10593,38706.5381,9043.7446,-37472.3214,9685.3188,165.5103,166.2961,1.6154,76.424,87.13,85.95
18114,10605,38749.6214,9053.8110,-37512.0714,9703.6909,165.4988,165.3077,1.5833,76.513,88.55,87.40
18136,10617,38796.2237,9064.6996,-37557.0714,9715.8153,165.4981,165.7212,1.8333,76.601,88.29,87.04
18156,10629,38839.4879,9074.8082,-37599.0714,9726.2076,165.4987,165.3077,1.6667,76.690,88.93,87.77
18177,10641,38885.2230,9085.4942,-37644.0714,9734.8678,165.5030,165.9544,1.7500,76.777,87.20,85.99
18198,10653,38929.3545,9095.8055,-37686.0714,9748.7243,165.4987,164.9335,1.7500,76.867,89.16,87.98
18219,10665,38975.0895,9106.4914,-37731.0714,9757.3845,165.5029,165.9237,1.7500,76.953,86.67,85.45
18240,10677,39019.2211,9116.8027,-37773.0714,9771.2409,165.4987,164.9790,1.7500,77.042,88.24,87.05
18261,10689,39064.9561,9127.4886,-37818.0714,9779.9012,165.5029,165.7099,1.7500,77.127,85.83,84.63
18283,10701,39109.2687,9137.8422,-37862.3214,9785.7778,165.5108,165.8811,1.8333,77.214,86.35,85.16
18302,10713,39151.7961,9147.7787,-37901.3214,9804.8303,165.4981,165.4870,1.5833,77.300,86.62,85.52
18324,10725,39198.9542,9158.7972,-37947.0714,9816.2742,165.4986,165.3161,1.8333,77.387,87.11,85.91
18345,10737,39242.3995,9168.9481,-37991.3214,9818.6867,165.5114,166.1103,1.7500,77.473,85.10,83.94
18362,10749,39280.8658,9177.9357,-38025.6786,9839.4713,165.4946,165.1244,1.4167,77.556,83.94,82.89
18383,10762,39323.1190,9187.8082,-38069.3214,9839.4713,165.5105,165.5055,1.6154,77.642,85.21,84.02
18402,10774,39366.2022,9197.8745,-38109.0714,9857.8435,165.4991,165.5639,1.5833,77.728,86.64,85.54
18424,10786,39412.8046,9208.7631,-38154.0714,9869.9678,165.4984,165.5055,1.8333,77.814,86.15,84.91
18444,10798,39456.0688,9218.8717,-38196.0714,9880.3601,165.4991,164.9335,1.6667,77.902,87.05,85.88
18465,10810,39501.8038,9229.5577,-38241.0714,9889.0204,165.5033,165.9237,1.7500,77.987,85.24,84.05
18486,10822,39545.9353,9239.8690,-38283.0714,9902.8768,165.4991,164.9790,1.7500,78.074,87.24,86.06
18507,10834,39591.6704,9250.5549,-38328.0714,9911.5370,165.5032,165.7099,1.7500,78.159,84.89,83.69
18528,10846,39635.8019,9260.8662,-38370.0714,9925.3934,165.4990,165.5448,1.7500,78.246,87.03,85.88
18549,10858,39681.0270,9271.4330,-38414.9286,9932.5691,165.5052,165.8054,1.7500,78.331,85.55,84.31
18571,10870,39725.8495,9281.9058,-38459.3214,9939.9303,165.5110,165.8811,1.8333,78.418,86.17,84.99
18590,10882,39768.3770,9291.8422,-38498.3214,9958.9828,165.4985,165.4870,1.5833,78.505,86.93,85.82
18612,10894,39815.5350,9302.8607,-38544.0714,9970.4268,165.4990,165.3161,1.8333,78.592,87.33,86.11
18633,10906,39858.9804,9313.0117,-38588.3214,9972.8393,165.5116,166.1103,1.7500,78.677,85.60,84.40
18650,10918,39897.4466,9321.9992,-38622.6786,9993.6239,165.4950,165.1244,1.4167,78.762,84.60,83.57
18671,10931,39939.6999,9331.8717,-38666.3214,9993.6239,165.5107,165.5055,1.6154,78.847,85.26,84.11
18690,10943,39982.7831,9341.9380,-38706.0714,10011.9960,165.4995,165.5639,1.5833,78.934,86.75,85.64
18712,10955,40029.3854,9352.8266,-38751.0714,10024.1203,165.4988,165.5055,1.8333,79.021,86.46,85.22
18732,10967,40072.6496,9362.9352,-38793.0714,10034.5126,165.4994,164.9335,1.6667,79.107,86.60,85.41
18753,10979,40118.3847,9373.6212,-38838.0714,10043.1729,165.5036,165.9237,1.7500,79.192,85.19,83.94
18774,10991,40162.5162,9383.9325,-38880.0714,10057.0293,165.4994,164.9790,1.7500,79.280,87.31,86.13
18795,11003,40208.2513,9394.6184,-38925.0714,10065.6896,165.5035,165.7099,1.7500,79.365,84.83,83.59
18817,11015,40252.5639,9404.9720,-38969.3214,10071.5662,165.5112,166.1103,1.8333,79.450,85.84,84.65
18836,11027,40295.0912,9414.9085,-39008.3214,10090.6187,165.4988,165.4870,1.5833,79.537,86.86,85.75
18858,11039,40342.2493,9425.9270,-39054.0714,10102.0626,165.4994,165.3161,1.8333,79.625,87.43,86.22
18879,11051,40387.4745,9436.4938,-39098.9286,10109.2383,165.5055,165.8054,1.7500,79.712,87.16,85.96
18901,11063,40432.2970,9446.9665,-39143.3214,10116.5995,165.5111,165.8811,1.8333,79.799,86.85,85.62
18920,11075,40474.8244,9456.9030,-39182.3214,10135.6520,165.4988,165.4870,1.5833,79.885,86.82,85.71
18940,11087,40517.6333,9466.9053,-39224.1071,10145.0546,165.5007,165.2867,1.6667,79.972,86.64,85.48
18962,11099,40564.6909,9477.9002,-39269.3214,10158.1687,165.4988,164.9209,1.8333,80.059,86.41,85.19
18982,11111,40607.4999,9487.9025,-39311.1071,10167.5713,165.5007,165.6066,1.6667,80.145,86.89,85.72
19004,11123,40654.5575,9498.8975,-39356.3214,10180.6854,165.4988,165.4870,1.8333,80.232,86.81,85.58
19024,11135,40697.8217,9509.0061,-39398.3214,10191.0777,165.4994,164.9209,1.6667,80.320,87.56,86.40
19044,11147,40741.0860,9519.1147,-39440.3214,10201.4700,165.5000,165.7374,1.6667,80.407,87.31,86.12
19066,11159,40787.6883,9530.0033,-39485.3214,10213.5943,165.4994,164.9661,1.8333,80.494,86.94,85.72
19086,11171,40830.9525,9540.1120,-39527.3214,10223.9866,165.5000,165.5261,1.6667,80.581,86.70,85.54
19106,11183,40873.4937,9550.0517,-39567.6786,10237.8430,165.4954,165.3335,1.6667,80.665,84.50,83.35
19127,11195,40918.5378,9560.5762,-39612.8929,10242.9155,165.5044,165.7372,1.7500,80.752,86.88,85.72
19148,11207,40963.3603,9571.0489,-39654.6786,10260.3597,165.4954,165.1063,1.7500,80.837,84.75,83.56
19169,11219,41008.4044,9581.5734,-39699.8929,10265.4321,165.5043,165.7372,1.7500,80.924,86.90,85.73
19190,11231,41053.2268,9592.0462,-39741.6786,10282.8763,165.4953,165.1063,1.7500,81.008,84.66,83.48
19209,11243,41092.1422,9601.1387,-39782.3214,10281.1443,165.5119,165.5448,1.5833,81.094,85.32,84.21
19226,11255,41130.6083,9610.1262,-39816.6786,10301.9289,165.4958,165.3503,1.4167,81.178,84.57,83.49
19247,11268,41172.8616,9619.9987,-39860.3214,10301.9289,165.5110,166.0773,1.6154,81.263,85.08,83.89
19266,11280,41215.9448,9630.0650,-39900.0714,10320.3010,165.5001,165.2407,1.5833,81.350,86.74,85.64
19287,11292,41261.6799,9640.7510,-39945.0714,10328.9613,165.5041,165.1646,1.7500,81.436,85.45,84.28
19308,11304,41305.8113,9651.0623,-39987.0714,10342.8177,165.5001,165.5639,1.7500,81.524,88.44,87.28
19329,11316,41351.5464,9661.7482,-40032.0714,10351.4779,165.5041,165.6683,1.7500,81.611,86.90,85.68
19350,11328,41395.6779,9672.0595,-40074.0714,10365.3343,165.5001,165.5639,1.7500,81.699,88.56,87.36
19371,11340,41441.4130,9682.7455,-40119.0714,10373.9946,165.5041,165.6683,1.7500,81.786,86.71,85.49
19393,11352,41485.7256,9693.0991,-40163.3214,10379.8712,165.5115,166.1352,1.8333,81.874,87.83,86.61
19412,11364,41528.2529,9703.0355,-40202.3214,10398.9238,165.4995,165.5055,1.5833,81.962,88.34,87.22
19434,11376,41575.4110,9714.0540,-40248.0714,10410.3677,165.5000,165.5000,1.8333,82.052,89.17,87.92
19455,11388,41620.6362,9724.6208,-40292.9286,10417.5433,165.5059,165.8271,1.7500,82.141,89.37,88.16
19477,11400,41665.4588,9735.0935,-40337.3214,10424.9045,165.5114,166.0691,1.8333,82.230,89.33,88.06
19496,11412,41707.9861,9745.0300,-40376.3214,10443.9571,165.4995,165.7004,1.5833,82.321,90.34,89.19
19516,11424,41750.7950,9755.0323,-40418.1071,10453.3596,165.5013,165.3533,1.6667,82.411,90.11,88.93
19538,11436,41797.8526,9766.0272,-40463.3214,10466.4737,165.4995,165.7004,1.8333,82.501,89.94,88.72
19558,11448,41841.1169,9776.1359,-40505.3214,10476.8660,165.5001,165.2911,1.6667,82.590,89.78,88.57
19578,11460,41884.3811,9786.2445,-40547.3214,10487.2583,165.5007,165.7650,1.6667,82.680,89.88,88.71
19600,11472,41930.9834,9797.1331,-40592.3214,10499.3827,165.5001,164.9209,1.8333,82.772,91.48,90.20
19620,11484,41974.2477,9807.2418,-40634.3214,10509.7750,165.5007,165.7374,1.6667,82.862,90.04,88.85
19642,11496,42020.8500,9818.1304,-40679.3214,10521.8994,165.5000,164.9661,1.8333,82.952,90.18,88.91
19662,11508,42064.1142,9828.2390,-40721.3214,10532.2917,165.5007,165.5261,1.6667,83.042,90.07,88.87
19682,11520,42106.6554,9838.1787,-40761.6786,10546.1481,165.4961,165.1063,1.6667,83.130,87.60,86.42
19703,11532,42151.6996,9848.7032,-40806.8929,10551.2205,165.5049,165.7372,1.7500,83.220,90.23,88.91
19724,11544,42196.5219,9859.1759,-40848.6786,10568.6647,165.4961,165.1063,1.7500,83.308,88.40,87.17
19745,11556,42241.5661,9869.7005,-40893.8929,10573.7372,165.5048,165.7372,1.7500,83.399,90.43,89.25
19766,11568,42286.3885,9880.1732,-40935.6786,10591.1814,165.4961,165.1063,1.7500,83.486,86.88,85.67
19785,11580,42325.3040,9889.2657,-40976.3214,10589.4493,165.5122,165.5448,1.5833,83.574,88.68,87.57
19802,11592,42363.7699,9898.2533,-41010.6786,10610.2340,165.4966,165.3503,1.4167,83.662,87.84,86.79
19823,11605,42406.0234,9908.1257,-41054.3214,10610.2340,165.5113,166.0773,1.6154,83.750,88.31,87.13
19842,11617,42449.1065,9918.1921,-41094.0714,10628.6061,165.5008,165.2407,1.5833,83.840,89.75,88.65
19863,11629,42494.8416,9928.8780,-41139.0714,10637.2663,165.5046,165.1646,1.7500,83.928,88.27,87.05
19884,11641,42538.9730,9939.1893,-41181.0714,10651.1227,165.5007,165.5639,1.7500,84.019,90.57,89.37
19905,11653,42584.7082,9949.8753,-41226.0714,10659.7830,165.5046,165.6683,1.7500,84.107,88.41,87.10
19926,11665,42628.8396,9960.1865,-41268.0714,10673.6394,165.5007,165.5639,1.7500,84.198,90.42,89.13
19947,11677,42674.5747,9970.8725,-41313.0714,10682.2996,165.5046,165.7306,1.7500,84.287,88.85,87.64
19969,11689,42718.8874,9981.2261,-41357.3214,10688.1762,165.5118,166.0691,1.8333,84.376,89.77,88.50
19988,11701,42761.4146,9991.1626,-41396.3214,10707.2288,165.5002,165.5055,1.5833,84.466,89.58,88.43
20010,11713,42808.5727,10002.1810,-41442.0714,10718.6727,165.5007,165.5000,1.8333,84.557,90.52,89.27
20031,11725,42852.0183,10012.3320,-41486.3214,10721.0852,165.5124,166.1352,1.7500,84.645,88.73,87.51
20048,11737,42890.4842,10021.3195,-41520.6786,10741.8698,165.4970,165.3087,1.4167,84.733,87.89,86.83
20069,11750,42932.7377,10031.1920,-41564.3214,10741.8698,165.5115,166.2961,1.6154,84.822,88.95,87.76
20088,11762,42975.8207,10041.2583,-41604.0714,10760.2419,165.5011,165.3077,1.5833,84.912,90.20,89.06
20110,11774,43022.4231,10052.1469,-41649.0714,10772.3663,165.5005,165.7212,1.8333,85.002,89.92,88.64
20130,11786,43065.6873,10062.2556,-41691.0714,10782.7586,165.5011,165.3077,1.6667,85.092,89.48,88.31
20151,11798,43111.4225,10072.9415,-41736.0714,10791.4188,165.5049,165.9544,1.7500,85.182,90.01,88.75
20172,11810,43155.5539,10083.2528,-41778.0714,10805.2752,165.5010,164.9335,1.7500,85.272,90.73,89.53
20193,11822,43201.2890,10093.9388,-41823.0714,10813.9355,165.5049,165.9237,1.7500,85.360,87.90,86.62
20214,11834,43245.4204,10104.2500,-41865.0714,10827.7919,165.5010,164.9790,1.7500,85.451,90.76,89.53
20235,11846,43291.1556,10114.9360,-41910.0714,10836.4522,165.5048,165.7099,1.7500,85.540,88.69,87.44
20257,11858,43335.4683,10125.2896,-41954.3214,10842.3288,165.5119,165.8811,1.8333,85.629,89.08,87.86
20276,11870,43377.9955,10135.2261,-41993.3214,10861.3813,165.5005,165.4870,1.5833,85.719,89.75,88.62
20298,11882,43425.1536,10146.2445,-42039.0714,10872.8252,165.5010,165.3161,1.8333,85.809,90.00,88.77
20319,11894,43468.5992,10156.3955,-42083.3214,10875.2377,165.5125,166.1103,1.7500,85.897,88.48,87.30
20336,11906,43507.0650,10165.3830,-42117.6786,10896.0223,165.4973,165.1244,1.4167,85.985,87.81,86.73
20357,11919,43549.3186,10175.2555,-42161.3214,10896.0223,165.5117,165.5055,1.6154,86.073,88.38,87.19
20376,11931,43592.4016,10185.3218,-42201.0714,10914.3944,165.5014,165.5639,1.5833,86.164,90.53,89.37
20398,11943,43639.0039,10196.2104,-42246.0714,10926.5188,165.5008,165.5055,1.8333,86.254,89.73,88.47
20418,11955,43682.2682,10206.3191,-42288.0714,10936.9111,165.5014,164.9335,1.6667,86.343,89.76,88.60
20439,11967,43728.0033,10217.0051,-42333.0714,10945.5714,165.5051,165.9237,1.7500,86.433,89.51,88.30
20460,11979,43772.1347,10227.3163,-42375.0714,10959.4278,165.5013,164.9790,1.7500,86.523,90.48,89.27
20481,11991,43817.8699,10238.0023,-42420.0714,10968.0880,165.5051,165.7099,1.7500,86.612,88.37,87.14
20503,12003,43862.1826,10248.3559,-42464.3214,10973.9646,165.5121,166.1103,1.8333,86.701,89.41,88.18
20522,12015,43904.7098,10258.2923,-42503.3214,10993.0172,165.5008,165.4870,1.5833,86.791,89.76,88.61
20544,12027,43951.8679,10269.3108,-42549.0714,11004.4611,165.5013,165.3161,1.8333,86.882,90.98,89.70
20565,12039,43997.0931,10279.8776,-42593.9286,11011.6367,165.5069,165.8054,1.7500,86.973,91.03,89.79
20587,12051,44041.9157,10290.3504,-42638.3214,11018.9979,165.5120,165.8811,1.8333,87.063,89.87,88.50
20606,12063,44084.4429,10300.2868,-42677.3214,11038.0505,165.5007,165.4870,1.5833,87.153,90.27,89.12
20626,12075,44127.2519,10310.2891,-42719.1071,11047.4531,165.5025,165.3826,1.6667,87.243,90.04,88.82
22684,13279,48533.6397,11339.8373,-46985.3214,12150.0271,165.5031,164.9209,1.6667,96.197,90.44,89.27
24740,14484,52935.5109,12368.3302,-51246.6786,13253.3435,165.5016,165.3335,1.6667,105.118,84.67,83.54
26798,15689,57341.4435,13397.7720,-55512.6786,14354.9278,165.5031,165.1063,1.7500,113.950,87.75,86.53
28848,16895,61730.3614,14423.2383,-59763.0714,15448.9035,165.5076,165.2407,1.5833,122.898,89.91,88.77
30906,18100,66136.2941,15452.6802,-64029.0714,16550.4878,165.5085,165.5639,1.7500,131.846,90.69,89.47
32966,19304,70546.7563,16483.1804,-68298.6786,17656.2166,165.5067,165.1063,1.7500,140.666,84.66,83.48
35018,20508,74940.2039,17509.7051,-72552.6786,18754.3368,165.5078,165.3503,1.4167,149.249,86.04,85.00
37074,21713,79341.6072,18538.0886,-76815.0714,19851.7766,165.5108,165.5639,1.7500,157.966,87.92,86.75
39133,22918,83747.7224,19567.5731,-81083.3214,20945.3811,165.5170,166.0691,1.8333,166.555,86.49,85.30
41186,24123,88145.5170,20595.1135,-85338.6786,22055.6257,165.5101,165.3087,1.4167,175.062,82.95,81.95
43242,25329,92546.9204,21623.4971,-89601.0714,23153.0655,165.5125,165.3077,1.6667,183.747,87.35,86.21
45300,26534,96952.8532,22652.9390,-93867.0714,24254.6498,165.5129,164.9790,1.7500,192.457,87.56,86.37
47358,27738,101358.7860,23682.3809,-98133.0714,25356.2341,165.5133,165.5000,1.8333,201.993,87.79,86.60
49410,28943,105752.2337,24708.9056,-102387.0714,26454.3543,165.5138,165.3077,1.5833,212.055,109.37,108.15
51468,30148,110158.1665,25738.3475,-106653.0714,27555.9386,165.5141,164.9790,1.7500,223.052,109.73,108.46
53526,31353,114564.0993,26767.7893,-110919.0714,28657.5229,165.5143,165.3161,1.8333,234.047,114.02,112.66
55582,32558,118965.6832,27796.2151,-115181.1071,29757.0659,165.5151,165.2867,1.6667,245.030,110.21,108.96
57640,33763,123372.0711,28825.7633,-119447.3214,30859.6399,165.5149,164.9209,1.6667,255.979,109.63,108.35
59695,34968,127769.5955,29853.2406,-123707.3214,31950.8320,165.5189,166.1352,1.8333,266.887,109.74,108.41
61753,36172,132175.5283,30882.6824,-127973.3214,33052.4163,165.5190,166.0691,1.8333,276.859,109.52,108.19
63808,37376,136577.3844,31911.1718,-132233.3214,34160.9288,165.5156,165.2911,1.6667,285.792,87.44,86.28
65866,38581,140983.3172,32940.6137,-136499.3214,35262.5131,165.5158,164.9661,1.8333,294.495,87.62,86.39
67922,39786,145385.1880,33969.1065,-140760.6786,36365.8295,165.5148,165.1063,1.7500,303.198,84.05,82.90
69974,40991,149778.6357,34995.6312,-145014.6786,37463.9497,165.5152,165.3503,1.4167,312.652,87.26,86.23
72030,42197,154180.0394,36024.0149,-149277.0714,38561.3894,165.5165,165.5639,1.7500,321.134,85.20,84.08
74090,43401,158590.5013,37054.5150,-153546.6786,39667.1183,165.5155,165.1063,1.6667,330.251,103.72,102.53
76142,44605,162983.9491,38081.0397,-157800.6786,40765.2385,165.5158,165.1244,1.4167,339.823,106.48,105.35
78198,45811,167385.3528,39109.4234,-162063.0714,41862.6783,165.5170,164.9335,1.6667,348.872,86.54,85.39
80256,47016,171791.2856,40138.8653,-166329.0714,42964.2626,165.5171,165.5448,1.7500,357.363,85.07,83.97
82314,48221,176197.2184,41168.3071,-170595.0714,44065.8469,165.5172,165.3161,1.8333,366.321,107.27,106.01
84366,49427,180590.6663,42194.8319,-174849.0714,45163.9671,165.5174,165.5639,1.5833,375.852,107.60,106.43
86428,50631,185005.1902,43226.2811,-179123.3214,46267.9639,165.5174,164.9661,1.8333,386.495,107.32,106.05
88484,51835,189407.0609,44254.7739,-183384.6786,47371.2803,165.5166,165.1063,1.7500,397.117,103.88,102.63
90536,53039,193800.5087,45281.2986,-187638.6786,48469.4005,165.5168,165.3503,1.4167,407.790,104.92,103.78
92592,54245,198201.9125,46309.6823,-191901.0714,49566.8403,165.5178,165.5639,1.6667,418.464,108.79,107.56
94651,55450,202608.0284,47339.1670,-196169.3214,50660.4448,165.5202,166.1352,1.8333,429.097,107.42,106.15
96709,56655,207013.9612,48368.6088,-200435.3214,51762.0291,165.5203,166.0691,1.8333,439.762,107.34,106.00
98764,57860,211415.8171,49397.0981,-204695.3214,52870.5416,165.5181,165.2911,1.6667,450.503,106.95,105.71
100818,59065,215813.1587,50424.5327,-208953.0714,53969.7134,165.5182,165.5639,1.7500,461.424,117.82,116.56
102876,60269,220219.0915,51453.9746,-213219.0714,55071.2977,165.5182,165.5000,1.8333,472.171,108.22,106.84
104928,61475,224612.5394,52480.4993,-217473.0714,56169.4179,165.5184,165.3077,1.5833,482.867,109.00,107.80
106986,62680,229018.4722,53509.9412,-221739.0714,57271.0023,165.5184,164.9335,1.7500,493.584,108.01,106.75
109045,63885,233424.5882,54539.4259,-226007.3214,58364.6068,165.5205,165.8811,1.8333,504.337,107.77,106.42
111098,65090,237822.3818,55566.9661,-230262.6786,59474.8513,165.5179,165.1244,1.4167,515.130,107.11,105.99
113154,66296,242223.7856,56595.3497,-234525.0714,60572.2911,165.5187,164.9335,1.6667,525.921,109.64,108.36
115213,67500,246629.9016,57624.8344,-238793.3214,61665.8956,165.5206,166.1103,1.8333,536.662,106.86,105.52
117271,68705,251035.8344,58654.2763,-243059.3214,62767.4799,165.5207,165.8811,1.8333,547.461,108.09,106.78
119326,69910,255437.2353,59682.6593,-247319.1071,63875.0027,165.5190,165.6066,1.6667,558.245,108.64,107.34
121384,71115,259843.6230,60712.2075,-251585.3214,64977.5768,165.5189,164.9661,1.8333,568.911,106.96,105.66
123440,72320,264245.4936,61740.7002,-255846.6786,66080.8931,165.5183,165.1063,1.7500,579.528,103.66,102.43
125494,73525,268642.5487,62768.0678,-260105.1071,67176.2915,165.5192,165.3533,1.6667,590.151,106.55,105.34
127552,74729,273048.9365,63797.6160,-264371.3214,68278.8656,165.5190,164.9209,1.8333,600.778,106.02,104.75
129608,75933,277450.8071,64826.1087,-268632.6786,69382.1820,165.5185,165.3335,1.6667,611.415,105.10,103.88
131666,77138,281856.7399,65855.5506,-272898.6786,70483.7663,165.5185,165.1063,1.7500,622.035,105.96,104.68
133716,78344,286245.6588,66881.0172,-277149.0714,71577.7419,165.5193,165.2407,1.5833,632.660,108.24,107.02
135774,79549,290651.5916,67910.4591,-281415.0714,72679.3262,165.5193,165.5639,1.7500,643.285,108.33,107.04
137832,80754,295057.5244,68939.9010,-285681.0714,73780.9106,165.5193,165.5000,1.8333,654.172,107.40,106.10
139884,81959,299450.9722,69966.4257,-289935.0714,74879.0308,165.5194,165.5639,1.5833,664.815,106.24,105.09
141942,83163,303856.9050,70995.8676,-294201.0714,75980.6151,165.5194,165.5639,1.7500,675.447,106.87,105.60
144001,84368,308263.0211,72025.3523,-298469.3214,77074.2196,165.5210,165.8811,1.8333,686.081,107.83,106.50
146054,85573,312660.8146,73052.8924,-302724.6786,78184.4642,165.5190,165.1244,1.4167,696.705,103.61,102.53
148110,86779,317062.2185,74081.2761,-306987.0714,79281.9039,165.5196,164.9335,1.6667,707.324,106.78,105.54
150169,87984,321468.3346,75110.7608,-311255.3214,80375.5084,165.5211,166.1103,1.8333,717.948,105.58,104.30
152228,89188,325878.6130,76141.2181,-315522.6786,81489.2171,165.5191,165.1063,1.7500,728.582,103.22,102.00
154278,90393,330267.5320,77166.6847,-319773.0714,82583.1928,165.5197,165.2407,1.5833,739.220,107.42,106.24
156336,91597,334673.4648,78196.1265,-324039.0714,83684.7771,165.5197,165.5639,1.7500,749.845,106.28,105.08
158394,92802,339079.3976,79225.5684,-328305.0714,84786.3614,165.5197,165.5000,1.8333,760.475,107.04,105.75
160450,94007,343480.9816,80253.9942,-332567.1071,85885.9044,165.5199,165.3533,1.6667,771.099,107.40,106.13
162508,95212,347887.3694,81283.5424,-336833.3214,86988.4784,165.5198,164.9209,1.8333,781.734,107.84,106.54
164564,96417,352289.2399,82312.0351,-341094.6786,88091.7948,165.5193,165.1063,1.6667,792.374,106.90,105.66
166621,97622,356690.8272,83340.4616,-345359.3214,89181.2547,165.5212,166.0691,1.8333,802.990,107.50,106.15
168676,98826,361092.6829,84368.9509,-349619.3214,90289.7673,165.5199,165.2911,1.6667,813.628,106.02,104.80
170688,100007,365400.1580,85375.3882,-353790.0714,91366.4224,165.5200,164.9335,1.7500,824.240,111.19,109.85
