generation,path_length_rings,euclid_distance,effective_rings,global_x,global_y,heading_running,heading_windowed,local_clock,elapsed_s,hop_ms,patch_ms
60,40,122.4312,38.4494,70.6483,97.0043,53.8408,NaN,1.5000,0.118,117.54,84.44
81,52,154.5846,48.5472,97.1219,117.1194,50.3153,37.2282,1.7500,0.207,89.00,87.99
103,64,190.5477,59.8413,119.5388,145.2484,50.5290,44.6187,1.8333,0.297,90.04,88.98
124,76,223.6983,70.2523,138.4137,172.6261,51.2548,48.1362,1.7500,0.384,87.65,86.57
145,88,256.0824,80.4224,164.8873,192.7412,49.4514,45.4517,1.7500,0.475,91.17,90.14
168,100,291.5140,91.5497,183.5280,223.3484,50.5784,48.2214,1.9167,0.565,89.63,88.50
189,112,326.7983,102.6307,211.1802,246.2000,49.3773,46.7128,1.7500,0.656,90.87,89.86
212,124,362.7354,113.9167,233.6086,274.3054,49.5788,47.4134,1.9167,0.747,91.24,90.15
233,136,395.9888,124.3599,256.8016,298.2240,49.2680,47.2273,1.7500,0.838,91.32,90.27
254,148,429.0768,134.7512,275.0534,326.1426,49.8538,48.2651,1.7500,0.930,91.18,90.09
275,160,462.4685,145.2378,302.9001,346.2404,48.8219,47.0202,1.7500,1.023,93.14,92.11
298,172,498.3920,156.5196,325.3284,374.3458,49.0086,47.4390,1.9167,1.115,92.62,91.54
320,184,532.3822,167.1942,344.6293,402.5851,49.4342,48.1209,1.8333,1.208,92.77,91.68
341,196,567.1081,178.0998,372.3338,424.5272,48.7496,47.3514,1.7500,1.301,92.59,91.53
364,208,602.3682,189.1732,394.8258,451.6996,48.8452,47.5739,1.9167,1.391,90.30,89.19
386,220,636.9844,200.0444,414.0483,480.8502,49.2689,48.1832,1.8333,1.483,92.27,91.22
407,232,671.7382,210.9588,441.7789,502.7905,48.6977,47.5541,1.7500,1.576,92.78,91.69
428,244,705.4663,221.5511,462.9388,529.0943,48.8167,47.7640,1.7500,1.668,91.97,90.93
449,256,739.1421,232.1270,487.9150,551.9752,48.5275,47.4752,1.7500,1.761,92.89,91.84
471,268,772.4276,242.5802,511.4817,575.5654,48.3765,47.3498,1.8333,1.855,93.94,92.82
494,280,807.8806,253.7142,531.0919,605.5445,48.7491,48.3786,1.9167,1.950,95.12,93.96
515,292,841.7989,264.3662,555.5681,629.1869,48.5577,47.9811,1.7500,2.045,95.19,94.09
536,304,873.3081,274.2617,572.7721,656.0124,48.8764,48.0580,1.7500,2.142,97.06,95.99
557,316,908.9758,285.4631,601.2641,678.4526,48.4538,48.0626,1.7500,2.240,97.91,96.79
579,328,943.3386,296.2547,623.3334,704.8087,48.5123,47.5889,1.8333,2.336,95.71,94.55
599,340,975.5104,306.3582,647.0125,726.8090,48.3265,47.7972,1.6667,2.431,94.98,93.93
622,353,1011.8576,317.7730,667.0339,757.6279,48.6400,48.1154,1.7692,2.525,94.34,93.21
645,365,1048.8817,329.4004,693.1784,783.9354,48.5176,48.0626,1.9167,2.621,95.95,94.84
668,377,1084.7949,340.6789,715.6068,812.0408,48.6135,47.8021,1.9167,2.716,95.16,94.00
691,389,1121.5833,352.2323,742.6250,837.2584,48.4296,48.1544,1.9167,2.812,95.38,94.26
712,401,1155.3038,362.8222,763.7849,863.5621,48.5101,48.1320,1.7500,2.904,91.99,90.95
733,413,1187.4260,372.9101,785.7382,887.0286,48.4668,47.6806,1.7500,2.999,94.99,93.93
755,425,1223.1242,384.1211,810.3904,912.8802,48.4053,48.1076,1.8333,3.095,96.30,95.16
778,437,1257.9604,395.0614,831.4380,940.7738,48.5317,48.2437,1.9167,3.189,93.78,92.65
799,449,1291.6499,405.6415,856.4142,963.6548,48.3737,47.5028,1.7500,3.282,93.33,92.27
819,461,1323.8278,415.7470,880.0932,985.6550,48.2401,47.7688,1.6667,3.375,92.87,91.86
842,473,1359.5002,426.9499,899.2034,1016.3956,48.5022,48.1630,1.9167,3.467,92.21,91.06
863,485,1393.1912,437.5305,924.1795,1039.2766,48.3564,48.1630,1.7500,3.559,91.72,90.70
883,497,1425.3698,447.6362,947.8586,1061.2768,48.2327,48.0626,1.6667,3.650,91.49,90.51
904,509,1458.3682,457.9993,966.7334,1088.6546,48.3961,47.9576,1.7500,3.745,94.75,93.72
927,521,1496.2885,469.9081,992.2925,1116.6712,48.3766,48.1437,1.9167,3.838,93.22,92.05
949,533,1529.3632,480.2952,1017.7208,1138.3125,48.2030,47.3067,1.8333,3.931,93.02,91.93
970,545,1562.3546,490.6561,1036.2308,1166.0084,48.3739,48.2627,1.7500,4.027,95.12,94.04
990,557,1595.6305,501.1064,1058.8009,1190.4678,48.3515,48.1189,1.6667,4.120,93.86,92.82
1012,569,1629.9914,511.8974,1080.8702,1216.8239,48.3875,48.4784,1.8333,4.217,96.54,95.43
1035,581,1665.9016,523.1750,1107.1384,1241.5179,48.2760,47.7131,1.9167,4.314,97.27,96.09
1058,593,1702.0676,534.5329,1130.3952,1269.2355,48.3127,47.9837,1.9167,4.412,98.10,96.92
1081,605,1739.0567,546.1493,1155.1634,1296.7088,48.3053,47.7944,1.9167,4.509,96.75,95.57
1103,618,1773.6890,557.0255,1180.9393,1320.1229,48.1867,47.7688,1.6923,4.605,95.85,94.73
1126,631,1810.0162,568.4340,1200.9608,1350.9419,48.3647,48.1081,1.7692,4.701,95.71,94.57
1149,643,1847.0493,580.0643,1227.1053,1377.2494,48.3008,48.0019,1.9167,4.799,98.41,97.29
1172,655,1882.9549,591.3404,1249.5336,1405.3547,48.3601,48.2764,1.9167,4.898,99.22,98.01
1195,667,1919.7562,602.8978,1276.5518,1430.5724,48.2575,47.7364,1.9167,4.997,98.35,97.13
1216,679,1953.4712,613.4860,1297.7117,1456.8761,48.3081,48.1802,1.7500,5.092,95.54,94.46
1237,691,1985.5962,623.5748,1319.6650,1480.3425,48.2855,48.3762,1.7500,5.189,96.71,95.62
1259,703,2021.2981,634.7869,1344.3172,1506.1941,48.2515,47.7364,1.8333,5.286,97.39,96.30
1282,715,2056.1256,645.7245,1365.3648,1534.0878,48.3314,48.2791,1.9167,5.382,95.88,94.75
1303,727,2089.8253,656.3078,1390.3410,1556.9688,48.2370,48.2461,1.7500,5.478,96.02,94.91
1323,739,2122.0090,666.4151,1414.0200,1578.9690,48.1557,47.6275,1.6667,5.574,96.36,95.33
1346,751,2157.6671,677.6135,1433.1302,1609.7095,48.3222,48.1993,1.9167,5.670,95.37,94.24
1367,763,2191.3672,688.1970,1458.1064,1632.5905,48.2323,48.3000,1.7500,5.766,96.00,94.90
1387,775,2223.5511,698.3043,1481.7854,1654.5908,48.1548,47.6373,1.6667,5.862,95.71,94.66
1408,787,2256.5419,708.6650,1500.6602,1681.9685,48.2616,48.0444,1.7500,5.959,97.90,96.80
1431,799,2294.4632,720.5742,1526.2193,1709.9852,48.2511,47.9164,1.9167,6.057,97.64,96.43
1454,811,2329.7127,731.6443,1548.7114,1737.1575,48.2833,48.3017,1.9167,6.155,98.38,97.24
1476,823,2364.7709,742.6543,1573.4159,1762.0997,48.2387,48.0486,1.8333,6.253,97.48,96.31
1499,835,2400.6983,753.9372,1599.6726,1786.8173,48.1642,47.7932,1.9167,6.352,98.87,97.69
1521,847,2435.6927,764.9272,1621.3248,1814.4010,48.2175,48.3000,1.8333,6.448,96.38,95.21
1543,859,2471.1587,776.0653,1645.1633,1840.6620,48.2110,47.7903,1.8333,6.546,97.57,96.43
1566,871,2505.9839,787.0021,1666.2109,1868.5556,48.2772,48.2112,1.9167,6.642,95.82,94.64
1587,883,2539.6863,797.5863,1691.1871,1891.4366,48.2002,47.7417,1.7500,6.737,95.52,94.45
1607,895,2571.8716,807.6941,1714.8661,1913.4369,48.1336,47.7688,1.6667,6.832,95.41,94.38
1630,908,2608.1909,819.1001,1734.8876,1944.2558,48.2579,48.1081,1.7692,6.927,94.98,93.82
1653,920,2645.2274,830.7314,1761.0321,1970.5633,48.2148,48.0019,1.9167,7.026,99.01,97.84
1676,932,2681.1298,842.0065,1783.4604,1998.6687,48.2576,48.2764,1.9167,7.125,98.94,97.77
1699,944,2717.9362,853.5655,1810.4786,2023.8863,48.1865,47.7364,1.9167,7.222,96.95,95.77
1722,956,2754.3375,864.9973,1834.5491,2051.1945,48.1921,48.0509,1.9167,7.319,97.03,95.90
1743,968,2786.4639,875.0866,1856.5024,2074.6609,48.1773,48.2461,1.7500,7.415,95.49,94.44
1765,980,2822.1875,886.3056,1880.8045,2100.8524,48.1642,47.6510,1.8333,7.513,98.57,97.43
1788,992,2856.7324,897.1544,1900.0269,2130.0031,48.2669,48.3809,1.9167,7.612,98.75,97.56
1809,1004,2890.9186,907.8905,1927.8213,2151.0103,48.1330,48.0601,1.7500,7.711,98.85,97.73
1832,1016,2926.8038,919.1602,1946.4097,2182.5270,48.2738,48.3148,1.9167,7.810,98.87,97.72
1853,1028,2961.6256,930.0960,1974.1142,2204.4692,48.1563,47.8303,1.7500,7.909,98.88,97.79
1876,1040,2996.8729,941.1654,1996.6063,2231.6415,48.1825,47.8303,1.9167,8.006,97.26,96.10
1897,1052,3032.1326,952.2386,2021.9301,2256.2954,48.1365,47.7742,1.7500,8.102,95.78,94.66
1920,1065,3067.7859,963.4355,2041.0402,2287.0359,48.2538,48.5764,1.7692,8.198,95.74,94.58
1941,1077,3100.4273,973.6866,2067.5138,2307.1510,48.1363,47.8389,1.7500,8.296,98.92,97.81
1963,1089,3136.3368,984.9639,2089.9307,2335.2799,48.1743,48.0377,1.8333,8.395,98.34,97.17
1986,1101,3172.2376,996.2385,2112.3591,2363.3853,48.2109,47.9616,1.9167,8.494,99.16,98.00
2009,1113,3208.4038,1007.5965,2139.4296,2387.6935,48.1397,47.9102,1.9167,8.593,99.23,98.08
2032,1125,3243.6507,1018.6657,2161.9217,2414.8658,48.1641,48.2810,1.9167,8.692,98.56,97.33
2053,1137,3279.1269,1029.8070,2185.7487,2441.1504,48.1603,47.7807,1.7500,8.790,98.71,97.58
2076,1150,3314.5624,1040.9355,2206.3556,2470.2602,48.2306,48.2930,1.7692,8.889,98.44,97.32
2097,1162,3347.2059,1051.1872,2232.8292,2490.3753,48.1219,47.5759,1.7500,8.990,101.34,100.22
2120,1174,3383.0885,1062.4561,2251.4177,2521.8920,48.2438,48.4780,1.9167,9.090,100.09,98.92
2141,1186,3417.9125,1073.3925,2279.1221,2543.8341,48.1424,47.9359,1.7500,9.192,101.96,100.85
2164,1198,3453.8122,1084.6668,2301.5505,2571.9395,48.1764,48.1725,1.9167,9.294,101.89,100.72
2187,1210,3491.7341,1096.5761,2327.1095,2599.9562,48.1704,48.1965,1.9167,9.394,100.14,98.96
2209,1222,3525.9051,1107.3075,2351.0640,2624.3747,48.1450,47.6244,1.8333,9.496,101.68,100.51
2232,1234,3562.0425,1118.6564,2374.3061,2652.0707,48.1638,48.2964,1.9167,9.597,100.93,99.73
2255,1246,3597.9731,1129.9404,2400.5629,2676.7883,48.1148,47.4216,1.9167,9.699,101.93,100.77
2277,1258,3632.9653,1140.9296,2422.2151,2704.3719,48.1510,48.1277,1.8333,9.799,99.95,98.80
2299,1270,3668.4316,1152.0678,2446.0535,2730.6330,48.1473,47.9903,1.8333,9.899,100.57,99.39
2322,1282,3703.2530,1163.0034,2467.1011,2758.5266,48.1927,48.4466,1.9167,9.999,99.15,97.99
2343,1294,3736.9596,1173.5890,2492.0773,2781.4076,48.1411,47.6244,1.7500,10.097,98.44,97.36
2363,1306,3769.1474,1183.6975,2515.7563,2803.4079,48.0962,47.9102,1.6667,10.195,98.20,97.14
2384,1318,3802.1322,1194.0564,2534.6312,2830.7856,48.1600,48.0930,1.7500,10.297,101.46,100.34
2407,1330,3840.0542,1205.9657,2560.1903,2858.8023,48.1548,47.8881,1.9167,10.396,99.78,98.55
2429,1342,3873.1422,1216.3570,2585.6186,2880.4435,48.0881,47.8389,1.8333,10.496,99.70,98.54
2450,1354,3906.1201,1226.7137,2604.1286,2908.1394,48.1574,48.1246,1.7500,10.596,100.20,99.09
2470,1366,3939.3981,1237.1646,2626.6986,2932.5989,48.1502,48.1001,1.6667,10.694,97.54,96.47
2492,1378,3973.7550,1247.9544,2648.7679,2958.9549,48.1667,47.8456,1.8333,10.794,100.55,99.19
2515,1390,4009.6754,1259.2351,2675.0362,2983.6489,48.1224,48.1246,1.9167,10.892,97.93,96.74
2538,1402,4045.8382,1270.5920,2698.2929,3011.3666,48.1392,47.6049,1.9167,10.990,97.87,96.68
2561,1414,4082.8279,1282.2086,2723.0612,3038.8398,48.1376,48.1131,1.9167,11.087,96.51,95.29
2583,1427,4117.4685,1293.0875,2748.8371,3062.2540,48.0879,47.6275,1.6923,11.183,96.28,95.16
2606,1440,4153.7811,1304.4914,2768.8585,3093.0729,48.1663,48.1450,1.7692,11.279,96.14,95.04
2629,1452,4190.8204,1316.1236,2795.0030,3119.3804,48.1399,48.1131,1.9167,11.380,100.85,99.77
2652,1464,4226.7199,1327.3978,2817.4314,3147.4858,48.1677,48.1889,1.9167,11.481,101.42,100.29
2675,1476,4263.5307,1338.9582,2844.4496,3172.7034,48.1232,48.1687,1.9167,11.583,101.14,99.94
2696,1488,4297.2412,1349.5449,2865.6095,3199.0071,48.1472,48.1267,1.7500,11.681,98.01,96.87
2717,1500,4329.3682,1359.6344,2887.5628,3222.4736,48.1380,48.0867,1.7500,11.780,99.37,98.26
2739,1512,4365.0728,1370.8474,2912.2150,3248.3252,48.1235,47.7364,1.8333,11.880,100.14,98.97
2762,1524,4399.8928,1381.7826,2933.2626,3276.2188,48.1619,48.2791,1.9167,11.977,97.09,95.95
2783,1536,4433.6010,1392.3686,2958.2388,3299.0998,48.1187,48.2461,1.7500,12.074,97.13,96.06
2803,1548,4465.7897,1402.4774,2981.9178,3321.1000,48.0809,47.6275,1.6667,12.173,99.16,98.09
2826,1560,4501.4349,1413.6718,3001.0280,3351.8406,48.1613,48.1993,1.9167,12.272,98.82,97.66
2847,1572,4535.1431,1424.2578,3026.0041,3374.7216,48.1190,48.3000,1.7500,12.372,99.88,98.85
2867,1584,4567.3317,1434.3666,3049.6832,3396.7218,48.0821,47.6373,1.6667,12.471,98.78,97.71
2888,1596,4600.3152,1444.7250,3068.5580,3424.0996,48.1350,48.0444,1.7500,12.573,101.89,100.78
2911,1608,4638.2373,1456.6345,3094.1171,3452.1162,48.1308,47.9164,1.9167,12.673,99.78,98.54
2933,1620,4671.3267,1467.0262,3119.5454,3473.7575,48.0758,47.7932,1.8333,12.772,99.04,97.88
2954,1632,4704.3031,1477.3824,3138.0554,3501.4534,48.1334,48.0979,1.7500,12.872,100.18,99.07
2974,1644,4737.5813,1487.8333,3160.6255,3525.9128,48.1275,48.0649,1.6667,12.970,97.73,96.64
2996,1656,4771.9377,1498.6229,3182.6948,3552.2689,48.1415,48.4784,1.8333,13.070,100.34,99.21
3019,1668,4807.8593,1509.9041,3208.9630,3576.9629,48.1047,47.7131,1.9167,13.169,99.37,98.21
3042,1680,4844.0217,1521.2609,3232.2198,3604.6805,48.1188,47.9837,1.9167,13.268,98.61,97.39
3065,1692,4881.0114,1532.8774,3256.9880,3632.1538,48.1177,47.7944,1.9167,13.365,97.08,95.87
3087,1705,4915.6530,1543.7566,3282.7639,3655.5679,48.0762,47.7688,1.6923,13.461,95.94,94.83
3110,1718,4951.9638,1555.1600,3302.7854,3686.3869,48.1421,48.1081,1.7692,13.556,95.60,94.43
3133,1730,4989.0039,1566.7924,3328.9299,3712.6944,48.1200,48.0019,1.9167,13.655,98.45,97.26
3156,1742,5024.9025,1578.0663,3351.3582,3740.7997,48.1436,48.2764,1.9167,13.754,99.06,97.89
3179,1754,5061.7145,1589.6271,3378.3764,3766.0173,48.1063,47.7364,1.9167,13.853,98.92,97.66
3200,1766,5095.4245,1600.2137,3399.5363,3792.3211,48.1266,48.1802,1.7500,13.949,95.76,94.57
3221,1778,5127.5517,1610.3032,3421.4896,3815.7875,48.1190,48.3762,1.7500,14.045,96.36,95.23
3243,1790,5163.2566,1621.5163,3446.1418,3841.6391,48.1068,47.7364,1.8333,14.142,96.60,95.50
3266,1802,5198.0756,1632.4512,3467.1894,3869.5328,48.1395,48.2791,1.9167,14.236,94.85,93.67
3287,1814,5231.7849,1643.0376,3492.1656,3892.4138,48.1030,48.2461,1.7500,14.331,94.94,93.80
3307,1826,5263.9742,1653.1466,3515.8446,3914.4140,48.0710,47.6275,1.6667,14.428,96.49,95.42
3330,1838,5299.6177,1664.3404,3534.9548,3945.1545,48.1394,48.1993,1.9167,14.523,94.83,93.74
3351,1850,5333.3270,1674.9268,3559.9310,3968.0355,48.1036,48.3000,1.7500,14.619,96.55,95.44
3371,1862,5365.5163,1685.0358,3583.6100,3990.0358,48.0723,47.6373,1.6667,14.716,96.78,95.71
3392,1874,5398.4987,1695.3939,3602.4848,4017.4135,48.1174,48.0444,1.7500,14.818,102.00,100.87
3415,1886,5436.4209,1707.3033,3628.0439,4045.4302,48.1139,47.9164,1.9167,14.926,108.12,106.95
3438,1898,5471.6671,1718.3724,3650.5360,4072.6025,48.1286,48.3017,1.9167,15.029,102.31,101.12
3460,1910,5506.7297,1729.3837,3675.2405,4097.5447,48.1104,48.0486,1.8333,15.129,100.23,99.00
3483,1922,5542.6627,1740.6685,3701.4972,4122.2623,48.0789,47.7932,1.9167,15.230,101.12,99.89
3505,1934,5577.6532,1751.6572,3723.1494,4149.8460,48.1027,48.3000,1.8333,15.329,99.40,98.13
3527,1946,5613.1197,1762.7954,3746.9879,4176.1070,48.1006,47.7903,1.8333,15.430,100.28,99.12
3550,1958,5647.9383,1773.7302,3768.0355,4204.0006,48.1307,48.2112,1.9167,15.529,99.33,98.13
3571,1970,5681.6480,1784.3167,3793.0117,4226.8816,48.0971,47.7417,1.7500,15.628,98.84,97.70
3591,1982,5713.8376,1794.4258,3816.6907,4248.8819,48.0677,47.7688,1.6667,15.727,99.07,97.96
3614,1995,5750.1471,1805.8288,3836.7122,4279.7008,48.1245,48.1081,1.7692,15.825,98.64,97.50
3637,2007,5787.1877,1817.4614,3862.8567,4306.0083,48.1057,48.0019,1.9167,15.926,100.94,99.80
3660,2019,5823.0858,1828.7351,3885.2850,4334.1137,48.1261,48.2764,1.9167,16.028,101.32,100.15
3683,2032,5859.0749,1840.0375,3914.2407,4356.4844,48.0612,47.4462,1.7692,16.127,99.57,98.38
3706,2044,5894.4838,1851.1576,3933.8509,4386.4635,48.1142,48.2030,1.9167,16.226,99.02,97.85
3727,2056,5928.4270,1861.8174,3958.3270,4410.1059,48.0906,48.2461,1.7500,16.325,98.71,97.60
3749,2068,5964.1515,1873.0367,3982.6291,4436.2974,48.0850,47.6510,1.8333,16.427,101.58,100.46
3772,2080,5998.6869,1883.8825,4001.8515,4465.4481,48.1343,48.3809,1.9167,16.528,101.42,100.24
3793,2092,6032.8845,1894.6222,4029.6459,4486.4553,48.0709,48.0601,1.7500,16.630,102.06,100.93
3816,2104,6068.7574,1905.8881,4048.2344,4517.9720,48.1392,48.3148,1.9167,16.732,101.73,100.50
3837,2116,6103.5900,1916.8272,4075.9388,4539.9142,48.0829,47.8303,1.7500,16.834,102.25,101.08
3860,2128,6138.8353,1927.8960,4098.4309,4567.0865,48.0962,47.8303,1.9167,16.935,100.52,99.31
3881,2140,6174.0982,1938.9702,4123.7547,4591.7404,48.0741,47.7742,1.7500,17.035,100.09,98.95
3904,2153,6209.7414,1950.1640,4142.8648,4622.4809,48.1324,48.5764,1.7692,17.134,99.14,97.94
3925,2165,6242.3929,1960.4182,4169.3384,4642.5960,48.0747,47.8389,1.7500,17.236,102.05,100.96
3947,2177,6278.2997,1971.6947,4191.7553,4670.7249,48.0940,48.0377,1.8333,17.337,101.61,100.41
3970,2189,6314.1974,1982.9683,4214.1837,4698.8303,48.1128,47.9616,1.9167,17.440,102.44,101.25
3993,2201,6350.3691,1994.3280,4241.2542,4723.1385,48.0774,47.9102,1.9167,17.543,103.06,101.88
4016,2213,6385.6144,2005.3967,4263.7463,4750.3108,48.0902,48.2810,1.9167,17.645,101.62,100.39
4037,2225,6421.0908,2016.5381,4287.5733,4776.5954,48.0886,47.7807,1.7500,17.747,102.27,101.08
4060,2238,6456.5200,2027.6646,4308.1802,4805.7052,48.1251,48.2930,1.7692,17.848,101.44,100.26
4081,2250,6489.1722,2037.9190,4334.6538,4825.8203,48.0696,47.5759,1.7500,17.953,104.43,103.33
4104,2262,6525.0445,2049.1847,4353.2423,4857.3370,48.1331,48.7652,1.9167,18.056,102.90,101.69
4125,2274,6559.8776,2060.1239,4380.9467,4879.2791,48.0808,47.7848,1.7500,18.159,103.89,102.77
4148,2286,6595.7747,2071.3974,4403.3751,4907.3845,48.0989,48.1725,1.9167,18.264,104.87,103.68
4171,2298,6633.6970,2083.3069,4428.9341,4935.4012,48.0962,48.1965,1.9167,18.368,103.26,102.05
4193,2310,6667.8699,2094.0388,4452.8886,4959.8197,48.0832,47.6244,1.8333,18.472,103.88,102.71
4216,2322,6704.0059,2105.3873,4476.1307,4987.5157,48.0935,48.2964,1.9167,18.575,103.22,101.99
4239,2334,6739.0489,2116.3926,4501.6375,5011.7097,48.0695,47.4385,1.9167,18.680,104.95,103.77
4261,2346,6774.9296,2127.6608,4524.0397,5039.8169,48.0874,48.1277,1.8333,18.783,103.16,101.97
4283,2358,6810.3961,2138.7991,4547.8781,5066.0780,48.0857,47.9903,1.8333,18.886,103.65,102.50
4306,2370,6845.2139,2149.7336,4568.9257,5093.9716,48.1106,48.4466,1.9167,18.988,101.83,100.65
4327,2382,6878.9245,2160.3204,4593.9019,5116.8526,48.0830,47.6244,1.7500,19.090,101.85,100.76
4347,2394,6911.1147,2170.4297,4617.5809,5138.8529,48.0587,47.9102,1.6667,19.192,101.74,100.67
4368,2406,6944.0958,2180.7873,4636.4558,5166.2306,48.0939,48.0930,1.7500,19.297,105.10,103.98
4391,2418,6982.0181,2192.6968,4662.0149,5194.2473,48.0913,47.8881,1.9167,19.400,103.34,102.11
4413,2430,7015.1099,2203.0893,4687.4432,5215.8885,48.0548,47.8389,1.8333,19.503,102.96,101.83
4434,2442,7048.0838,2213.4447,4705.9532,5243.5844,48.0934,48.1246,1.7500,19.608,104.63,103.53
4454,2454,7081.3623,2223.8958,4728.5232,5268.0439,48.0897,48.1001,1.6667,19.710,102.10,101.03
4476,2466,7115.7179,2234.6851,4750.5926,5294.3999,48.0992,47.8456,1.8333,19.815,105.08,103.97
4499,2478,7151.6414,2245.9669,4776.8608,5319.0939,48.0747,48.1246,1.9167,19.920,104.52,103.33
4522,2490,7187.8031,2257.3234,4800.1175,5346.8116,48.0844,47.6049,1.9167,20.025,105.36,104.15
4545,2502,7224.7928,2268.9400,4824.8858,5374.2848,48.0838,48.1131,1.9167,20.130,104.57,103.34
4567,2515,7259.4361,2279.8197,4850.6617,5397.6990,48.0558,47.6275,1.6923,20.232,102.02,100.88
4590,2528,7295.7438,2291.2221,4870.6831,5428.5179,48.1007,48.1450,1.7692,20.333,101.88,100.69
4613,2540,7332.7852,2302.8549,4896.8276,5454.8254,48.0859,48.1131,1.9167,20.438,104.61,103.42
4636,2552,7368.6825,2314.1284,4919.2560,5482.9308,48.1021,48.1889,1.9167,20.543,104.67,103.43
4659,2564,7405.4965,2325.6898,4946.2742,5508.1484,48.0768,48.1507,1.9167,20.648,104.90,103.71
4680,2576,7439.2054,2336.2761,4967.4341,5534.4521,48.0909,48.1267,1.7500,20.750,102.18,101.08
4701,2588,7471.3330,2346.3658,4989.3874,5557.9186,48.0858,48.0867,1.7500,20.854,103.78,102.64
4723,2600,7507.0386,2357.5790,5014.0396,5583.7702,48.0776,47.7364,1.8333,20.957,103.36,102.19
4746,2612,7541.8558,2368.5134,5035.0872,5611.6638,48.1002,48.2791,1.9167,21.061,103.58,102.40
4767,2624,7575.5670,2379.1003,5060.0634,5634.5448,48.0752,48.2461,1.7500,21.162,101.78,100.64
4787,2636,7607.7575,2389.2097,5083.7424,5656.5450,48.0532,47.6275,1.6667,21.264,102.00,100.93
4810,2648,7643.3979,2400.4026,5102.8526,5687.2856,48.1007,48.1993,1.9167,21.366,102.03,100.87
4831,2660,7677.1091,2410.9895,5127.8287,5710.1666,48.0760,48.3000,1.7500,21.468,101.40,100.29
4851,2672,7709.2995,2421.0989,5151.5078,5732.1668,48.0543,47.6373,1.6667,21.570,102.00,100.90
4872,2684,7742.2801,2431.4565,5170.3826,5759.5446,48.0858,48.0444,1.7500,21.675,105.08,103.97
4895,2696,7780.2025,2443.3659,5195.9417,5787.5612,48.0836,47.9164,1.9167,21.778,103.27,102.08
4917,2708,7813.2948,2453.7585,5221.3700,5809.2025,48.0508,47.7932,1.8333,21.882,104.08,102.92
4938,2720,7846.2681,2464.1138,5239.8801,5836.8984,48.0855,48.0979,1.7500,21.986,104.28,103.12
4958,2732,7879.5467,2474.5649,5262.4501,5861.3578,48.0822,48.0649,1.6667,22.088,101.53,100.43
4980,2744,7913.9021,2485.3542,5284.5194,5887.7139,48.0908,48.4784,1.8333,22.191,103.39,102.27
5003,2756,7949.8260,2496.6361,5310.7876,5912.4079,48.0688,47.7131,1.9167,22.294,102.63,101.43
5026,2768,7985.9876,2507.9926,5334.0444,5940.1255,48.0775,47.9837,1.9167,22.396,102.46,101.30
5049,2780,8022.9773,2519.6092,5358.8126,5967.5988,48.0770,47.7944,1.9167,22.497,100.18,99.03
5071,2793,8057.6210,2530.4890,5384.5885,5991.0129,48.0519,47.7688,1.6923,22.596,99.14,98.00
5094,2806,8093.9281,2541.8912,5404.6100,6021.8319,48.0923,48.1081,1.7692,22.695,99.49,98.36
5117,2818,8130.9697,2553.5241,5430.7545,6048.1394,48.0790,48.0019,1.9167,22.798,102.65,101.47
5140,2830,8166.8667,2564.7975,5453.1828,6076.2447,48.0937,48.2764,1.9167,22.901,103.01,101.79
5163,2842,8203.0395,2576.1575,5480.2533,6100.5529,48.0663,47.6801,1.9167,23.003,102.48,101.26
5184,2854,8237.3898,2586.9452,5501.3609,6127.7661,48.0836,48.1802,1.7500,23.103,99.30,98.18
5205,2866,8269.5175,2597.0349,5523.3142,6151.2325,48.0790,48.3762,1.7500,23.203,100.46,99.34
5227,2878,8305.2232,2608.2482,5547.9664,6177.0841,48.0717,47.7364,1.8333,23.304,100.88,99.71
5250,2890,8340.0400,2619.1824,5569.0140,6204.9778,48.0921,48.2791,1.9167,23.403,98.94,97.81
5271,2902,8373.7517,2629.7695,5593.9902,6227.8587,48.0695,48.2461,1.7500,23.503,99.85,98.74
5291,2914,8405.9424,2639.8790,5617.6692,6249.8590,48.0496,47.6275,1.6667,23.602,99.32,98.29
5314,2926,8441.5821,2651.0716,5636.7794,6280.5995,48.0927,48.1993,1.9167,23.701,98.77,97.62
5335,2938,8475.2937,2661.6587,5661.7556,6303.4805,48.0703,48.3000,1.7500,23.800,98.79,97.69
5355,2950,8507.4844,2671.7682,5685.4346,6325.4808,48.0507,47.6373,1.6667,23.899,99.25,98.16
5376,2962,8540.4646,2682.1256,5704.3095,6352.8585,48.0793,48.0444,1.7500,24.001,102.33,101.21
5399,2974,8578.3870,2694.0351,5729.8685,6380.8752,48.0773,47.9164,1.9167,24.101,99.48,98.30
5422,2986,8613.6322,2705.1038,5752.3606,6408.0475,48.0867,48.3017,1.9167,24.203,102.16,100.93
5444,2998,8648.6960,2716.1156,5777.0651,6432.9897,48.0753,48.0486,1.8333,24.304,100.81,99.62
5467,3010,8684.6305,2727.4008,5803.3218,6457.7073,48.0554,47.7932,1.9167,24.406,102.08,100.92
5489,3022,8719.6199,2738.3892,5824.9740,6485.2910,48.0707,48.3000,1.8333,24.506,100.02,98.85
5511,3034,8755.0865,2749.5274,5848.8125,6511.5520,48.0695,47.7903,1.8333,24.607,100.67,99.52
5534,3046,8789.9033,2760.4616,5869.8601,6539.4456,48.0889,48.2112,1.9167,24.706,99.40,98.22
5555,3058,8823.6150,2771.0487,5894.8363,6562.3266,48.0675,47.7417,1.7500,24.805,99.00,97.91
5575,3070,8855.8058,2781.1582,5918.5153,6584.3269,48.0486,47.8258,1.6667,24.904,98.98,97.93
5598,3083,8892.1124,2792.5603,5938.5368,6615.1458,48.0854,48.1081,1.7692,25.003,99.35,98.16
5621,3095,8929.1542,2804.1933,5964.6813,6641.4533,48.0733,48.0019,1.9167,25.105,101.67,100.49
5644,3107,8965.0510,2815.4666,5987.1096,6669.5587,48.0867,48.2764,1.9167,25.207,101.72,100.48
5667,3120,9001.0433,2826.7700,6016.0653,6691.9294,48.0447,47.4462,1.7692,25.306,99.64,98.40
5690,3132,9036.4498,2837.8893,6035.6755,6721.9085,48.0793,48.2030,1.9167,25.406,99.48,98.35
5711,3144,9070.3943,2848.5496,6060.1516,6745.5509,48.0640,48.2461,1.7500,25.504,98.54,97.44
5733,3156,9106.1190,2859.7689,6084.4537,6771.7424,48.0604,47.6510,1.8333,25.606,101.34,100.21
5756,3168,9140.6515,2870.6138,6103.6761,6800.8931,48.0929,48.3809,1.9167,25.708,102.80,101.61
5777,3180,9174.8526,2881.3546,6131.4705,6821.9003,48.0514,48.0601,1.7500,25.811,102.44,101.31
5800,3192,9210.7215,2892.6192,6150.0590,6853.4170,48.0964,48.3148,1.9167,25.913,102.13,100.92
5821,3204,9245.5576,2903.5595,6177.7634,6875.3592,48.0594,47.8303,1.7500,26.016,102.52,101.33
5844,3216,9280.8023,2914.6280,6200.2555,6902.5315,48.0683,47.8303,1.9167,26.116,100.59,99.38
5865,3228,9316.0661,2925.7026,6225.5793,6927.1854,48.0537,47.7742,1.7500,26.215,99.04,97.90
5888,3241,9351.7061,2936.8953,6244.6894,6957.9259,48.0925,48.5764,1.7692,26.314,98.99,97.82
5909,3253,9384.3608,2947.1505,6271.1631,6978.0410,48.0543,47.8389,1.7500,26.416,101.44,100.32
5931,3265,9420.2668,2958.4267,6293.5799,7006.1699,48.0672,48.0377,1.8333,26.517,101.26,100.10
5954,3277,9456.1634,2969.7000,6316.0083,7034.2753,48.0799,47.9616,1.9167,26.619,102.45,101.29
5977,3289,9492.3370,2981.0603,6343.0788,7058.5835,48.0564,47.9102,1.9167,26.722,102.36,101.08
6000,3301,9527.5816,2992.1289,6365.5709,7085.7558,48.0650,48.2810,1.9167,26.822,100.69,99.42
6021,3313,9563.0581,3003.2702,6389.3979,7112.0404,48.0640,47.7807,1.7500,26.926,103.25,102.13
6044,3326,9598.4851,3014.3961,6410.0048,7141.1502,48.0887,48.2930,1.7692,27.026,100.14,98.97
6065,3338,9631.1403,3024.6514,6436.4784,7161.2653,48.0514,47.5759,1.7500,27.130,104.69,103.62
6088,3350,9667.0090,3035.9159,6455.0669,7192.7820,48.0943,48.7652,1.9167,27.233,102.38,101.22
6109,3362,9701.8452,3046.8562,6482.7713,7214.7241,48.0591,47.7848,1.7500,27.337,103.65,102.56
6132,3374,9737.7415,3058.1294,6505.1997,7242.8295,48.0715,48.1725,1.9167,27.440,103.20,102.02
6155,3386,9775.6639,3070.0389,6530.7587,7270.8462,48.0697,48.1965,1.9167,27.541,101.56,100.35
6177,3398,9809.8375,3080.7711,6554.7132,7295.2647,48.0610,47.6244,1.8333,27.645,103.47,102.34
6200,3410,9845.9729,3092.1194,6577.9553,7322.9607,48.0681,48.2964,1.9167,27.747,102.12,100.93
6223,3422,9881.0171,3103.1250,6603.4621,7347.1547,48.0518,47.4385,1.9167,27.851,104.60,103.41
6245,3434,9916.8970,3114.3930,6625.8643,7375.2619,48.0641,48.1277,1.8333,27.954,102.75,101.56
6267,3446,9952.3636,3125.5313,6649.7027,7401.5230,48.0630,47.9903,1.8333,28.057,103.16,102.00
6290,3458,9987.1799,3136.4653,6670.7503,7429.4166,48.0801,48.4466,1.9167,28.161,103.28,102.09
6311,3470,10020.8921,3147.0526,6695.7265,7452.2976,48.0613,47.6244,1.7500,28.262,101.40,100.27
6331,3482,10053.0832,3157.1622,6719.4055,7474.2979,48.0447,47.9102,1.6667,28.364,101.92,100.82
6352,3494,10086.0628,3167.5194,6738.2804,7501.6756,48.0689,48.0930,1.7500,28.469,104.89,103.75
6375,3506,10123.9853,3179.4289,6763.8395,7529.6923,48.0673,47.8881,1.9167,28.571,102.53,101.27
6397,3518,10157.0785,3189.8218,6789.2678,7551.3335,48.0421,47.8389,1.8333,28.674,102.44,101.27
6418,3530,10190.0508,3200.1767,6807.7778,7579.0294,48.0689,48.1246,1.7500,28.778,104.01,102.85
6438,3542,10223.3295,3210.6279,6830.3478,7603.4889,48.0664,48.1001,1.6667,28.878,100.22,99.12
6460,3554,10257.6846,3221.4171,6852.4172,7629.8449,48.0730,47.8456,1.8333,28.981,103.29,102.16
6483,3566,10293.6093,3232.6992,6878.6854,7654.5389,48.0561,48.1246,1.9167,29.083,102.09,100.87
6506,3578,10329.7706,3244.0556,6901.9421,7682.2566,48.0629,47.6049,1.9167,29.185,101.52,100.32
6529,3590,10366.7603,3255.6722,6926.7104,7709.7298,48.0626,48.1131,1.9167,29.285,100.45,99.28
6551,3603,10401.4047,3266.5522,6952.4863,7733.1439,48.0431,47.6275,1.6923,29.385,99.35,98.19
6574,3616,10437.7105,3277.9540,6972.5077,7763.9629,48.0745,48.1450,1.7692,29.483,98.55,97.38
6597,3628,10474.7526,3289.5871,6998.6522,7790.2704,48.0643,48.1131,1.9167,29.584,100.50,99.40
6620,3640,10510.6490,3300.8603,7021.0806,7818.3758,48.0757,48.1889,1.9167,29.683,99.71,98.53
6643,3652,10547.4643,3312.4221,7048.0988,7843.5934,48.0580,48.1507,1.9167,29.784,100.69,99.56
6664,3664,10581.1726,3323.0082,7069.2587,7869.8971,48.0680,48.1267,1.7500,29.883,98.42,97.33
6685,3676,10613.3004,3333.0979,7091.2120,7893.3636,48.0645,48.0867,1.7500,29.982,99.78,98.66
6707,3688,10649.0063,3344.3113,7115.8642,7919.2152,48.0588,47.7364,1.8333,30.084,101.57,100.49
6730,3700,10683.8224,3355.2453,7136.9118,7947.1088,48.0748,48.2791,1.9167,30.184,100.41,99.26
6751,3712,10717.5349,3365.8327,7161.8880,7969.9898,48.0572,48.2461,1.7500,30.284,99.53,98.43
6771,3724,10749.7261,3375.9423,7185.5670,7991.9900,48.0417,47.6275,1.6667,30.383,99.21,98.16
6794,3736,10785.3645,3387.1345,7204.6772,8022.7306,48.0754,48.1993,1.9167,30.482,98.46,97.26
6815,3748,10819.0769,3397.7218,7229.6533,8045.6116,48.0579,48.3000,1.7500,30.581,99.00,97.91
6835,3760,10851.2681,3407.8315,7253.3324,8067.6118,48.0426,47.6373,1.6667,30.679,98.43,97.36
6856,3772,10884.2475,3418.1886,7272.2072,8094.9896,48.0650,48.0444,1.7500,30.781,101.72,100.63
6879,3784,10922.1700,3430.0981,7297.7663,8123.0062,48.0635,47.9164,1.9167,30.881,100.17,98.96
6901,3796,10955.2634,3440.4911,7323.1946,8144.6475,48.0402,47.7932,1.8333,30.981,100.57,99.42
6922,3808,10988.2355,3450.8460,7341.7047,8172.3434,48.0650,48.0979,1.7500,31.083,101.65,100.53
6942,3820,11021.5142,3461.2971,7364.2747,8196.8028,48.0627,48.0649,1.6667,31.181,98.29,97.21
6964,3832,11055.8692,3472.0863,7386.3440,8223.1589,48.0689,48.4784,1.8333,31.283,101.81,100.69
6987,3844,11091.7941,3483.3685,7412.6122,8247.8529,48.0532,47.7131,1.9167,31.384,100.65,99.49
7010,3856,11127.9554,3494.7249,7435.8690,8275.5705,48.0595,47.9837,1.9167,31.486,102.30,101.15
7033,3868,11164.9451,3506.3415,7460.6372,8303.0438,48.0592,47.7944,1.9167,31.586,100.25,99.05
7055,3881,11199.5896,3517.2215,7486.4131,8326.4579,48.0412,47.7688,1.6923,31.685,98.91,97.74
7078,3894,11235.8951,3528.6232,7506.4346,8357.2769,48.0703,48.1081,1.7692,31.785,99.46,98.29
7101,3906,11272.9373,3540.2563,7532.5791,8383.5844,48.0608,48.0019,1.9167,31.886,101.69,100.52
7124,3918,11308.8336,3551.5295,7555.0074,8411.6897,48.0715,48.2764,1.9167,31.988,101.49,100.31
7147,3930,11345.0077,3562.8900,7582.0779,8435.9979,48.0518,47.6801,1.9167,32.090,101.62,100.42
7168,3942,11379.3573,3573.6774,7603.1855,8463.2111,48.0643,48.1802,1.7500,32.188,98.74,97.57
7189,3954,11411.4852,3583.7672,7625.1388,8486.6775,48.0611,48.3762,1.7500,32.289,100.39,99.25
7211,3966,11447.1911,3594.9806,7649.7910,8512.5291,48.0558,47.7364,1.8333,32.389,100.73,99.56
7234,3978,11482.0070,3605.9145,7670.8386,8540.4228,48.0707,48.2791,1.9167,32.488,98.69,97.55
7255,3990,11515.7197,3616.5019,7695.8148,8563.3037,48.0543,48.2461,1.7500,32.587,99.29,98.16
7275,4002,11547.9111,3626.6116,7719.4938,8585.3040,48.0399,47.6275,1.6667,32.687,99.15,98.10
7298,4014,11583.5491,3637.8037,7738.6040,8616.0445,48.0713,48.1993,1.9167,32.786,99.12,97.94
7319,4026,11617.2617,3648.3911,7763.5802,8638.9255,48.0550,48.3000,1.7500,32.885,98.91,97.80
7339,4038,11649.4530,3658.5008,7787.2592,8660.9258,48.0407,47.6373,1.6667,32.983,98.60,97.53
7360,4050,11682.4322,3668.8579,7806.1341,8688.3035,48.0617,48.0444,1.7500,33.085,101.73,100.61
7383,4062,11720.3547,3680.7674,7831.6931,8716.3202,48.0603,47.9164,1.9167,33.185,100.22,99.00
7406,4074,11755.5995,3691.8360,7854.1852,8743.4925,48.0672,48.3017,1.9167,33.287,101.36,100.14
7428,4086,11790.6638,3702.8479,7878.8897,8768.4347,48.0589,48.0486,1.8333,33.387,100.83,99.63
7451,4098,11826.5991,3714.1333,7905.1464,8793.1523,48.0443,47.7932,1.9167,33.489,102.05,100.85
7473,4110,11861.5879,3725.1215,7926.7986,8820.7360,48.0556,48.3000,1.8333,33.589,99.55,98.29
7495,4122,11897.0545,3736.2598,7950.6371,8846.9970,48.0548,47.7903,1.8333,33.690,101.20,100.03
7518,4134,11931.8704,3747.1937,7971.6847,8874.8906,48.0691,48.2112,1.9167,33.790,99.47,98.26
7539,4146,11965.5831,3757.7811,7996.6609,8897.7716,48.0534,47.7417,1.7500,33.889,99.00,97.88
7559,4158,11997.7745,3767.8908,8020.3399,8919.7719,48.0395,47.8258,1.6667,33.989,100.00,98.92
7582,4171,12034.0798,3779.2925,8040.3614,8950.5908,48.0667,48.1081,1.7692,34.087,98.04,96.89
7605,4183,12071.1221,3790.9256,8066.5059,8976.8983,48.0579,48.0019,1.9167,34.190,103.45,102.22
7628,4195,12107.0183,3802.1987,8088.9342,9005.0037,48.0678,48.2764,1.9167,34.297,107.25,106.01
7651,4208,12143.0121,3813.5026,8117.8899,9027.3744,48.0367,47.4462,1.7692,34.395,97.68,96.49
7674,4220,12178.4174,3824.6216,8137.5001,9057.3535,48.0624,48.2030,1.9167,34.493,97.94,96.74
7695,4232,12212.3626,3835.2820,8161.9762,9080.9959,48.0511,48.2461,1.7500,34.592,99.11,98.01
7717,4244,12248.0874,3846.5014,8186.2783,9107.1874,48.0485,47.6510,1.8333,34.696,104.24,103.10
7740,4256,12282.6184,3857.3458,8205.5007,9136.3381,48.0727,48.3809,1.9167,34.802,105.21,103.98
7761,4268,12316.8213,3868.0872,8233.2951,9157.3453,48.0418,48.0601,1.7500,34.904,102.28,101.10
7784,4280,12352.6882,3879.3512,8251.8836,9188.8620,48.0754,48.3148,1.9167,35.005,101.13,99.94
7805,4292,12387.5260,3890.2919,8279.5880,9210.8042,48.0479,47.8303,1.7500,35.106,101.23,100.04
7828,4304,12422.7704,3901.3604,8302.0801,9237.9765,48.0545,47.8303,1.9167,35.207,100.84,99.62
7849,4316,12458.0347,3912.4351,8327.4039,9262.6304,48.0437,47.7742,1.7500,35.306,99.19,98.05
7872,4329,12493.6730,3923.6273,8346.5140,9293.3709,48.0727,48.5764,1.7692,35.405,99.00,97.82
7893,4341,12526.3294,3933.8830,8372.9877,9313.4860,48.0441,47.8389,1.7500,35.507,101.60,100.43
7915,4353,12562.2349,3945.1591,8395.4045,9341.6149,48.0539,48.0377,1.8333,35.609,102.27,101.08
7938,4365,12598.1309,3956.4322,8417.8329,9369.7203,48.0634,47.9616,1.9167,35.712,102.85,101.61
7961,4377,12634.3055,3967.7928,8444.9034,9394.0285,48.0458,47.9102,1.9167,35.815,103.12,101.91
7984,4389,12669.5498,3978.8613,8467.3955,9421.2008,48.0523,48.2810,1.9167,35.917,102.05,100.83
8005,4401,12705.0263,3990.0027,8491.2225,9447.4854,48.0516,47.7807,1.7500,36.019,101.57,100.44
8028,4414,12740.4523,4001.1281,8511.8294,9476.5952,48.0702,48.2930,1.7692,36.119,99.85,98.61
8049,4426,12773.1089,4011.3839,8538.3030,9496.7103,48.0421,47.5759,1.7500,36.222,103.26,102.09
8072,4438,12808.9758,4022.6479,8556.8915,9528.2270,48.0746,48.7652,1.9167,36.325,102.80,101.64
8093,4450,12843.8136,4033.5887,8584.5959,9550.1691,48.0480,47.7848,1.7500,36.429,104.18,103.07
8116,4462,12879.7094,4044.8617,8607.0243,9578.2745,48.0574,48.1725,1.9167,36.531,102.44,101.25
8139,4474,12917.6319,4056.7713,8632.5833,9606.2912,48.0561,48.1965,1.9167,36.632,100.54,99.41
8161,4486,12951.8058,4067.5035,8656.5378,9630.7097,48.0495,47.6244,1.8333,36.736,103.97,102.79
8184,4498,12987.9410,4078.8518,8679.7799,9658.4057,48.0549,48.2964,1.9167,36.839,103.19,102.02
8207,4510,13022.9857,4089.8575,8705.2867,9682.5997,48.0426,47.4385,1.9167,36.943,104.39,103.16
8229,4522,13058.8652,4101.1254,8727.6889,9710.7069,48.0520,48.1277,1.8333,37.047,103.31,102.14
8251,4534,13094.3318,4112.2637,8751.5273,9736.9680,48.0512,47.9903,1.8333,37.150,103.50,102.33
8274,4546,13129.1474,4123.1975,8772.5749,9764.8616,48.0643,48.4466,1.9167,37.252,101.98,100.79
8295,4558,13162.8604,4133.7851,8797.5511,9787.7426,48.0500,47.6244,1.7500,37.354,101.82,100.69
8315,4570,13195.0520,4143.8948,8821.2302,9809.7429,48.0373,47.9102,1.6667,37.456,101.86,100.81
8336,4582,13228.0308,4154.2518,8840.1050,9837.1206,48.0558,48.0930,1.7500,37.561,104.93,103.84
8359,4594,13265.9533,4166.1613,8865.6641,9865.1373,48.0546,47.8881,1.9167,37.666,104.82,103.50
8381,4606,13299.0473,4176.5544,8891.0924,9886.7785,48.0355,47.8389,1.8333,37.769,103.54,102.40
8402,4618,13332.0188,4186.9091,8909.6024,9914.4744,48.0559,48.1246,1.7500,37.873,104.28,103.19
8422,4630,13365.2976,4197.3603,8932.1724,9938.9338,48.0540,48.1001,1.6667,37.976,102.77,101.68
8444,4642,13399.6524,4208.1494,8954.2418,9965.2899,48.0592,47.8456,1.8333,38.082,105.40,104.25
8467,4654,13435.5778,4219.4317,8980.5100,9989.9839,48.0462,48.1246,1.9167,38.186,104.59,103.36
8490,4666,13471.7388,4230.7881,9003.7667,10017.7016,48.0515,47.6049,1.9167,38.291,104.82,103.60
8513,4678,13508.7286,4242.4047,9028.5350,10045.1748,48.0512,48.1131,1.9167,38.394,103.06,101.86
8535,4691,13543.3735,4253.2849,9054.3109,10068.5889,48.0363,47.6275,1.6923,38.498,103.90,102.75
8558,4704,13579.6782,4264.6863,9074.3323,10099.4079,48.0605,48.1450,1.7692,38.600,102.03,100.85
8581,4716,13616.7208,4276.3195,9100.4768,10125.7154,48.0526,48.1131,1.9167,38.704,104.48,103.31
8604,4728,13652.6167,4287.5926,9122.9052,10153.8208,48.0615,48.1889,1.9167,38.809,104.12,102.93
8627,4740,13689.4327,4299.1546,9149.9234,10179.0384,48.0479,48.1507,1.9167,38.913,104.78,103.58
8648,4752,13723.1406,4309.7406,9171.0833,10205.3421,48.0556,48.1267,1.7500,39.015,101.73,100.61
8669,4764,13755.2686,4319.8303,9193.0366,10228.8086,48.0529,48.0867,1.7500,39.118,103.37,102.27
8691,4776,13790.9747,4331.0438,9217.6888,10254.6602,48.0485,47.7364,1.8333,39.222,104.04,102.86
8714,4788,13825.7902,4341.9776,9238.7364,10282.5538,48.0609,48.2791,1.9167,39.325,102.52,101.31
8735,4800,13859.5033,4352.5652,9263.7126,10305.4348,48.0474,48.2461,1.7500,39.427,101.98,100.86
8755,4812,13891.6950,4362.6749,9287.3916,10327.4350,48.0354,47.6275,1.6667,39.529,102.32,101.25
8778,4824,13927.3322,4373.8668,9306.5018,10358.1756,48.0615,48.1993,1.9167,39.632,102.89,101.68
8799,4836,13961.0453,4384.4543,9331.4779,10381.0566,48.0480,48.3000,1.7500,39.734,101.92,100.79
8819,4848,13993.2369,4394.5641,9355.1570,10403.0568,48.0361,47.6373,1.6667,39.836,101.90,100.80
8840,4860,14026.2156,4404.9210,9374.0318,10430.4346,48.0536,48.0444,1.7500,39.941,104.68,103.60
8863,4872,14064.1382,4416.8306,9399.5909,10458.4512,48.0524,47.9164,1.9167,40.044,103.09,101.88
8885,4884,14097.2323,4427.2237,9425.0192,10480.0925,48.0343,47.7932,1.8333,40.147,103.52,102.36
8906,4896,14130.2037,4437.5784,9443.5293,10507.7884,48.0536,48.0979,1.7500,40.252,104.73,103.59
8926,4908,14163.4824,4448.0296,9466.0993,10532.2478,48.0519,48.0649,1.6667,40.354,101.95,100.83
8948,4920,14197.8372,4458.8186,9488.1686,10558.6039,48.0567,48.4784,1.8333,40.459,105.17,104.01
8971,4932,14233.7627,4470.1010,9514.4368,10583.2979,48.0445,47.7131,1.9167,40.564,104.84,103.64
8994,4944,14269.9237,4481.4573,9537.6936,10611.0155,48.0495,47.9837,1.9167,40.669,105.13,103.92
9017,4956,14306.9135,4493.0739,9562.4618,10638.4888,48.0492,47.7944,1.9167,40.772,103.15,101.91
9039,4969,14341.5584,4503.9542,9588.2377,10661.9029,48.0352,47.7688,1.6923,40.874,101.76,100.56
9062,4982,14377.8630,4515.3556,9608.2592,10692.7219,48.0580,48.1081,1.7692,40.976,101.99,100.86
9085,4994,14414.9056,4526.9888,9634.4037,10719.0294,48.0506,48.0019,1.9167,41.082,106.30,105.12
9108,5006,14450.8015,4538.2619,9656.8320,10747.1347,48.0589,48.2764,1.9167,41.188,105.47,104.26
9131,5018,14486.9762,4549.6225,9683.9025,10771.4429,48.0436,47.6801,1.9167,41.293,105.35,104.14
9152,5030,14521.3254,4560.4098,9705.0101,10798.6561,48.0534,48.1802,1.7500,41.396,102.49,101.35
9173,5042,14553.4535,4570.4996,9726.9634,10822.1225,48.0509,48.3762,1.7500,41.499,103.34,102.22
9195,5054,14589.1596,4581.7131,9751.6156,10847.9741,48.0467,47.7364,1.8333,41.603,104.06,102.84
9218,5066,14623.9750,4592.6468,9772.6632,10875.8678,48.0585,48.2791,1.9167,41.709,106.40,105.17
9239,5078,14657.6882,4603.2344,9797.6394,10898.7487,48.0456,48.2461,1.7500,41.812,102.16,101.05
9259,5090,14689.8799,4613.3442,9821.3184,10920.7490,48.0343,47.6275,1.6667,41.914,102.21,101.13
9282,5102,14725.5170,4624.5360,9840.4286,10951.4895,48.0590,48.1993,1.9167,42.016,101.76,100.61
9303,5114,14759.2302,4635.1236,9865.4048,10974.3705,48.0463,48.3000,1.7500,42.117,101.85,100.73
9323,5126,14791.4219,4645.2334,9889.0838,10996.3708,48.0350,47.6373,1.6667,42.219,101.99,100.90
9344,5138,14824.4005,4655.5903,9907.9587,11023.7485,48.0515,48.0444,1.7500,42.325,105.17,104.04
9367,5150,14862.3230,4667.4998,9933.5177,11051.7652,48.0504,47.9164,1.9167,42.429,104.27,103.06
9390,5162,14897.5675,4678.5683,9956.0098,11078.9375,48.0560,48.3017,1.9167,42.534,105.23,104.01
9412,5174,14932.6321,4689.5804,9980.7143,11103.8797,48.0494,48.0486,1.8333,42.637,103.18,101.91
9435,5186,14968.5678,4700.8659,10006.9710,11128.5973,48.0379,47.7932,1.9167,42.743,105.73,104.51
9457,5198,15003.5564,4711.8540,10028.6232,11156.1810,48.0469,48.3000,1.8333,42.846,103.46,102.25
9479,5210,15039.0230,4722.9923,10052.4617,11182.4420,48.0462,47.7903,1.8333,42.949,102.73,101.52
9502,5222,15073.8384,4733.9260,10073.5093,11210.3356,48.0576,48.2112,1.9167,43.052,102.70,101.50
9523,5234,15107.5517,4744.5137,10098.4855,11233.2166,48.0451,47.7417,1.7500,43.154,102.02,100.85
9543,5246,15139.7434,4754.6235,10122.1645,11255.2169,48.0342,47.8258,1.6667,43.256,101.99,100.90
9566,5259,15176.0478,4766.0248,10142.1860,11286.0358,48.0558,48.1081,1.7692,43.358,102.24,100.99
9589,5271,15213.0905,4777.6581,10168.3305,11312.3433,48.0488,48.0019,1.9167,43.463,104.45,103.26
9612,5283,15248.9863,4788.9311,10190.7588,11340.4487,48.0567,48.2764,1.9167,43.567,104.71,103.49
9635,5296,15284.9810,4800.2352,10219.7145,11362.8194,48.0320,47.4462,1.7692,43.670,102.69,101.46
9658,5308,15320.3856,4811.3540,10239.3247,11392.7985,48.0524,48.2030,1.9167,43.772,102.34,101.13
9679,5320,15354.3312,4822.0146,10263.8008,11416.4409,48.0435,48.2461,1.7500,43.874,102.00,100.89
9701,5332,15390.0561,4833.2339,10288.1029,11442.6324,48.0414,47.6510,1.8333,43.979,104.84,103.65
9724,5344,15424.5862,4844.0781,10307.3253,11471.7831,48.0607,48.3809,1.9167,44.083,104.17,102.95
9745,5356,15458.7901,4854.8198,10335.1197,11492.7903,48.0361,48.0601,1.7500,44.189,105.36,104.20
9768,5368,15494.6559,4866.0834,10353.7082,11524.3070,48.0629,48.3148,1.9167,44.294,105.66,104.41
9789,5380,15529.4947,4877.0245,10381.4126,11546.2492,48.0410,47.8303,1.7500,44.399,105.17,104.00
9812,5392,15564.7389,4888.0929,10403.9047,11573.4215,48.0463,47.8303,1.9167,44.502,103.00,101.75
9833,5404,15600.0035,4899.1678,10429.2285,11598.0754,48.0377,47.7742,1.7500,44.605,102.26,101.13
9856,5417,15635.6408,4910.3596,10448.3386,11628.8159,48.0609,48.5764,1.7692,44.707,102.36,101.14
9877,5429,15668.2982,4920.6156,10474.8123,11648.9310,48.0381,47.8389,1.7500,44.813,105.45,104.31
9899,5441,15704.2034,4931.8917,10497.2291,11677.0599,48.0459,48.0377,1.8333,44.918,105.14,103.93
9922,5453,15740.0991,4943.1647,10519.6575,11705.1653,48.0535,47.9616,1.9167,45.022,104.44,103.21
9945,5465,15776.2742,4954.5254,10546.7280,11729.4735,48.0394,47.9102,1.9167,45.126,103.90,102.75
9968,5477,15811.5184,4965.5938,10569.2201,11756.6458,48.0447,48.2810,1.9167,45.230,103.86,102.71
9989,5489,15846.9949,4976.7352,10593.0471,11782.9304,48.0441,47.7807,1.7500,45.333,102.82,101.74
10012,5502,15882.4202,4987.8605,10613.6540,11812.0402,48.0590,48.2930,1.7692,45.435,102.32,101.20
10033,5514,15915.0777,4998.1165,10640.1276,11832.1553,48.0366,47.5759,1.7500,45.540,105.40,104.27
10056,5526,15950.9435,5009.3802,10658.7161,11863.6720,48.0626,48.7652,1.9167,45.644,104.04,102.86
10077,5538,15985.7823,5020.3213,10686.4205,11885.6141,48.0413,47.7848,1.7500,45.748,104.03,102.88
10100,5550,16021.6778,5031.5942,10708.8489,11913.7195,48.0489,48.1725,1.9167,45.854,105.15,103.93
10123,5562,16059.6004,5043.5038,10734.4079,11941.7362,48.0479,48.1965,1.9167,45.957,103.33,102.04
10145,5574,16093.7744,5054.2361,10758.3624,11966.1547,48.0425,47.6244,1.8333,46.062,105.24,104.04
10168,5586,16129.9095,5065.5843,10781.6045,11993.8507,48.0469,48.2964,1.9167,46.167,104.37,103.15
10191,5598,16164.9545,5076.5901,10807.1113,12018.0447,48.0370,47.4385,1.9167,46.271,104.47,103.26
10213,5610,16200.8337,5087.8580,10829.5135,12046.1519,48.0446,48.1277,1.8333,46.374,103.21,102.01
10235,5622,16236.3004,5098.9963,10853.3519,12072.4130,48.0440,47.9903,1.8333,46.478,103.40,102.21
10258,5634,16271.1156,5109.9299,10874.3995,12100.3066,48.0545,48.4466,1.9167,46.580,102.26,101.09
10279,5646,16304.8290,5120.5176,10899.3757,12123.1876,48.0430,47.6244,1.7500,46.683,102.96,101.85
10299,5658,16337.0209,5130.6274,10923.0548,12145.1879,48.0328,47.9102,1.6667,46.785,102.46,101.35
10320,5670,16369.9993,5140.9843,10941.9296,12172.5656,48.0478,48.0930,1.7500,46.890,104.77,103.63
10343,5682,16407.9218,5152.8938,10967.4887,12200.5823,48.0468,47.8881,1.9167,46.992,102.24,101.02
10365,5694,16441.0163,5163.2871,10992.9170,12222.2235,48.0313,47.8389,1.8333,47.095,103.12,101.95
10386,5706,16473.9873,5173.6416,11011.4270,12249.9194,48.0479,48.1246,1.7500,47.200,104.49,103.23
10406,5718,16507.2661,5184.0928,11033.9970,12274.3788,48.0464,48.1001,1.6667,47.303,102.92,101.82
10428,5730,16541.6207,5194.8818,11056.0664,12300.7349,48.0505,47.8456,1.8333,47.408,105.03,103.85
10451,5742,16577.5465,5206.1643,11082.3346,12325.4289,48.0401,48.1246,1.9167,47.512,104.36,103.11
10474,5754,16613.7074,5217.5206,11105.5913,12353.1466,48.0443,47.6049,1.9167,47.616,103.36,102.15
10497,5766,16650.6972,5229.1372,11130.3596,12380.6198,48.0442,48.1131,1.9167,47.719,103.48,102.25
10519,5779,16685.3424,5240.0175,11156.1355,12404.0339,48.0321,47.6275,1.6923,47.821,102.23,101.03
10542,5792,16721.6465,5251.4188,11176.1569,12434.8529,48.0517,48.1450,1.7692,47.924,102.62,101.42
10565,5804,16758.6893,5263.0521,11202.3014,12461.1604,48.0453,48.1131,1.9167,48.029,105.31,104.13
10588,5816,16794.5850,5274.3250,11224.7298,12489.2658,48.0525,48.1889,1.9167,48.134,104.81,103.55
10611,5828,16831.4014,5285.8872,11251.7480,12514.4834,48.0415,48.1507,1.9167,48.239,104.89,103.70
10632,5840,16865.1091,5296.4731,11272.9079,12540.7871,48.0478,48.1267,1.7500,48.341,102.05,100.93
10653,5852,16897.2371,5306.5629,11294.8612,12564.2536,48.0456,48.0867,1.7500,48.444,103.16,102.01
10675,5864,16932.9434,5317.7764,11319.5134,12590.1052,48.0421,47.7364,1.8333,48.548,104.27,103.07
10698,5876,16967.7584,5328.7100,11340.5610,12617.9988,48.0522,48.2791,1.9167,48.651,102.22,101.03
10719,5888,17001.4720,5339.2977,11365.5372,12640.8798,48.0412,48.2461,1.7500,48.753,101.95,100.85
10739,5900,17033.6639,5349.4076,11389.2162,12662.8800,48.0314,47.6275,1.6667,48.855,102.10,101.01
10762,5912,17069.3004,5360.5992,11408.3264,12693.6206,48.0527,48.1993,1.9167,48.957,101.99,100.78
10783,5924,17103.0140,5371.1869,11433.3026,12716.5016,48.0417,48.3000,1.7500,49.058,101.78,100.64
10803,5936,17135.2059,5381.2967,11456.9816,12738.5018,48.0320,47.6373,1.6667,49.160,101.76,100.65
10824,5948,17168.1842,5391.6536,11475.8564,12765.8796,48.0463,48.0444,1.7500,49.265,105.03,103.89
10847,5960,17206.1067,5403.5631,11501.4155,12793.8962,48.0454,47.9164,1.9167,49.368,103.26,102.02
10869,5972,17239.2013,5413.9564,11526.8438,12815.5375,48.0306,47.7932,1.8333,49.471,102.97,101.83
10890,5984,17272.1722,5424.3109,11545.3539,12843.2334,48.0464,48.0979,1.7500,49.576,104.84,103.72
10910,5996,17305.4510,5434.7621,11567.9239,12867.6928,48.0450,48.0649,1.6667,49.678,101.94,100.83
10932,6008,17339.8056,5445.5511,11589.9932,12894.0489,48.0489,48.4784,1.8333,49.784,105.46,104.29
10955,6020,17375.7314,5456.8336,11616.2614,12918.7429,48.0390,47.7131,1.9167,49.888,104.00,102.82
10978,6032,17411.8923,5468.1899,11639.5182,12946.4605,48.0430,47.9837,1.9167,49.992,104.64,103.46
11001,6044,17448.8821,5479.8065,11664.2864,12973.9338,48.0429,47.7944,1.9167,50.095,102.46,101.25
11023,6057,17483.5274,5490.6868,11690.0623,12997.3479,48.0314,47.7688,1.6923,50.197,101.91,100.68
11046,6070,17519.8314,5502.0881,11710.0838,13028.1669,48.0501,48.1081,1.7692,50.300,103.00,101.85
11069,6082,17556.8742,5513.7213,11736.2283,13054.4744,48.0440,48.0019,1.9167,50.406,106.12,104.89
11092,6094,17592.7698,5524.9943,11758.6566,13082.5797,48.0509,48.2764,1.9167,50.510,104.21,102.99
11115,6106,17628.9450,5536.3551,11785.7271,13106.8879,48.0383,47.6801,1.9167,50.614,104.34,103.09
11136,6118,17663.2940,5547.1424,11806.8347,13134.1011,48.0464,48.1802,1.7500,50.716,101.39,100.23
11157,6130,17695.4220,5557.2322,11828.7880,13157.5675,48.0443,48.3762,1.7500,50.823,107.43,106.27
11179,6142,17731.1283,5568.4457,11853.4402,13183.4191,48.0409,47.7364,1.8333,50.927,103.42,102.22
11202,6154,17765.9433,5579.3793,11874.4878,13211.3128,48.0506,48.2791,1.9167,51.029,102.06,100.84
11223,6166,17799.6569,5589.9670,11899.4640,13234.1937,48.0400,48.2461,1.7500,51.130,101.31,100.21
11243,6178,17831.8489,5600.0769,11923.1430,13256.1940,48.0307,47.6275,1.6667,51.232,101.85,100.81
11266,6190,17867.4853,5611.2685,11942.2532,13286.9345,48.0511,48.1993,1.9167,51.333,101.05,99.88
11287,6202,17901.1989,5621.8562,11967.2294,13309.8155,48.0406,48.3000,1.7500,51.435,102.38,101.23
11307,6214,17933.3908,5631.9661,11990.9084,13331.8158,48.0313,47.6373,1.6667,51.537,102.09,100.99
11328,6226,17966.3691,5642.3228,12009.7833,13359.1935,48.0449,48.0444,1.7500,51.643,105.21,104.09
11351,6238,18004.2916,5654.2324,12035.3423,13387.2102,48.0441,47.9164,1.9167,51.746,103.13,101.86
11373,6250,18038.4658,5664.9648,12059.2968,13411.6288,48.0393,48.0489,1.8333,51.851,104.83,103.66
11396,6262,18074.6008,5676.3129,12082.5389,13439.3247,48.0432,48.0486,1.9167,51.954,103.51,102.23
11419,6274,18110.5367,5687.5986,12108.7956,13464.0423,48.0337,47.7932,1.9167,52.058,104.37,103.15
11441,6286,18145.5251,5698.5866,12130.4478,13491.6260,48.0412,48.3000,1.8333,52.162,103.35,102.17
11463,6298,18180.9917,5709.7249,12154.2863,13517.8870,48.0406,47.7903,1.8333,52.266,103.76,102.57
11486,6310,18215.8067,5720.6585,12175.3339,13545.7806,48.0501,48.2112,1.9167,52.368,102.16,100.94
11507,6322,18249.5204,5731.2463,12200.3101,13568.6616,48.0398,47.7417,1.7500,52.470,102.74,101.63
11527,6334,18281.7124,5741.3561,12223.9891,13590.6619,48.0307,47.8258,1.6667,52.572,101.78,100.69
11548,6346,18314.6905,5751.7129,12242.8640,13618.0396,48.0440,47.9811,1.7500,52.677,104.69,103.55
11571,6358,18352.6131,5763.6225,12268.4230,13646.0563,48.0432,48.0131,1.9167,52.781,103.81,102.60
11594,6370,18387.8574,5774.6909,12290.9151,13673.2286,48.0477,48.2303,1.9167,52.886,104.96,103.75
11616,6382,18422.9222,5785.7030,12315.6196,13698.1708,48.0424,47.8209,1.8333,52.990,104.48,103.17
11639,6394,18458.8583,5796.9887,12341.8764,13722.8884,48.0331,47.8456,1.9167,53.095,105.07,103.88
11661,6406,18493.8466,5807.9767,12363.5286,13750.4721,48.0403,48.3000,1.8333,53.199,103.45,102.24
11683,6418,18529.3132,5819.1150,12387.3670,13776.7331,48.0398,47.7364,1.8333,53.302,103.56,102.38
11706,6430,18564.1282,5830.0486,12408.4146,13804.6267,48.0491,48.2791,1.9167,53.405,102.75,101.60
11727,6442,18597.8419,5840.6363,12433.3908,13827.5077,48.0390,48.2461,1.7500,53.506,101.37,100.28
11747,6454,18630.0339,5850.7462,12457.0698,13849.5080,48.0301,47.6275,1.6667,53.610,103.87,102.74
11770,6467,18666.3377,5862.1474,12477.0913,13880.3269,48.0476,48.1450,1.7692,53.712,101.89,100.71
11793,6479,18702.3009,5873.4416,12504.7097,13903.8571,48.0329,47.8583,1.9167,53.818,105.99,104.79
11816,6491,18735.9208,5883.9999,12520.6777,13934.7099,48.0597,48.5091,1.9167,53.921,102.48,101.29
11835,6503,18769.9083,5894.6736,12549.3343,13954.6509,48.0353,48.0780,1.5833,54.025,104.47,103.36
11858,6515,18805.8035,5905.9465,12571.7626,13982.7562,48.0417,48.0581,1.9167,54.129,104.11,102.80
11879,6527,18839.0968,5916.4022,12594.9557,14006.6748,48.0379,47.9636,1.7500,54.233,104.25,103.08
11902,6539,18875.6174,5927.8715,12617.3056,14035.6915,48.0464,47.9449,1.9167,54.339,105.31,104.08
11925,6551,18911.8090,5939.2374,12644.4022,14059.9978,48.0346,47.8913,1.9167,54.443,104.21,103.02
11947,6563,18946.1634,5950.0264,12666.4715,14086.3538,48.0382,48.2461,1.8333,54.545,101.96,100.77
11968,6575,18978.4953,5960.1802,12684.4370,14113.6793,48.0531,48.3017,1.7500,54.650,105.44,104.31
11989,6587,19013.3509,5971.1266,12712.1676,14135.6196,48.0351,47.8106,1.7500,54.754,103.95,102.77
12011,6599,19047.7053,5981.9156,12734.2369,14161.9756,48.0387,47.7902,1.8333,54.856,101.70,100.48
12031,6611,19079.8974,5992.0255,12757.9159,14183.9759,48.0300,47.6840,1.6667,54.957,101.25,100.17
12052,6623,19112.8755,6002.3822,12776.7908,14211.3536,48.0429,48.3191,1.7500,55.062,104.71,103.56
12075,6635,19150.7981,6014.2918,12802.3499,14239.3703,48.0420,48.0897,1.9167,55.166,103.84,102.59
12097,6647,19183.8928,6024.6851,12827.7782,14261.0115,48.0288,47.7161,1.8333,55.269,102.98,101.79
12118,6659,19216.8635,6035.0395,12846.2882,14288.7074,48.0430,47.8692,1.7500,55.373,104.08,102.94
12138,6671,19250.1423,6045.4907,12868.8582,14313.1669,48.0417,48.1189,1.6667,55.475,102.58,101.44
12160,6683,19284.4969,6056.2798,12890.9275,14339.5229,48.0453,48.4784,1.8333,55.580,104.71,103.53
12183,6695,19320.4228,6067.5623,12917.1958,14364.2169,48.0363,47.7131,1.9167,55.684,104.12,102.91
12206,6707,19356.5837,6078.9186,12940.4525,14391.9346,48.0400,48.2424,1.9167,55.790,105.40,104.09
12229,6719,19393.5735,6090.5352,12965.2208,14419.4078,48.0398,47.4744,1.9167,55.893,103.64,102.41
12251,6732,19428.2189,6101.4155,12990.9967,14442.8220,48.0295,47.8635,1.6923,55.995,101.68,100.51
12274,6745,19464.5226,6112.8167,13011.0181,14473.6409,48.0463,48.1771,1.7692,56.096,101.34,100.21
12297,6757,19501.5656,6124.4500,13037.1626,14499.9484,48.0409,48.1246,1.9167,56.201,104.68,103.52
12320,6769,19537.4610,6135.7229,13059.5910,14528.0538,48.0471,48.0669,1.9167,56.305,104.42,103.14
12343,6781,19574.2777,6147.2852,13086.6092,14553.2714,48.0376,48.1246,1.9167,56.410,105.03,103.83
12364,6793,19607.9853,6157.8710,13107.7691,14579.5751,48.0430,48.1802,1.7500,56.513,102.19,101.06
12385,6805,19640.1134,6167.9608,13129.7224,14603.0416,48.0412,47.7000,1.7500,56.616,103.32,102.15
12407,6817,19675.8197,6179.1743,13154.3746,14628.8932,48.0381,48.1246,1.8333,56.719,103.19,101.98
12430,6829,19710.6345,6190.1079,13175.4222,14656.7868,48.0468,48.2791,1.9167,56.821,102.19,100.98
12451,6841,19744.3483,6200.6957,13200.3984,14679.6678,48.0373,48.2461,1.7500,56.923,101.69,100.58
12472,6853,19776.6801,6210.8495,13218.3638,14706.9932,48.0515,48.3017,1.7500,57.027,104.44,103.33
12493,6865,19811.5359,6221.7959,13246.0944,14728.9335,48.0343,47.8106,1.7500,57.132,104.89,103.73
12515,6877,19845.8903,6232.5849,13268.1637,14755.2896,48.0378,48.3000,1.8333,57.234,101.21,100.02
12535,6889,19878.0824,6242.6948,13291.8428,14777.2898,48.0295,47.6373,1.6667,57.335,101.15,100.08
12556,6901,19911.0604,6253.0515,13310.7176,14804.6676,48.0418,48.0444,1.7500,57.440,105.10,103.95
12579,6913,19948.9830,6264.9610,13336.2767,14832.6842,48.0410,47.9164,1.9167,57.544,104.12,102.86
12601,6925,19982.0778,6275.3544,13361.7050,14854.3255,48.0283,47.7932,1.8333,57.647,103.48,102.30
12622,6937,20015.0484,6285.7088,13380.2150,14882.0214,48.0419,48.0979,1.7500,57.752,104.27,103.05
12642,6949,20048.3273,6296.1600,13402.7851,14906.4808,48.0407,48.0649,1.6667,57.853,101.60,100.47
12664,6961,20082.6818,6306.9490,13424.8544,14932.8369,48.0441,48.4784,1.8333,57.959,105.34,104.19
12687,6973,20118.6078,6318.2316,13451.1226,14957.5309,48.0355,47.7131,1.9167,58.064,105.48,104.27
12710,6985,20154.7687,6329.5879,13474.3794,14985.2485,48.0390,47.9837,1.9167,58.169,105.11,103.92
12733,6997,20191.7584,6341.2045,13499.1476,15012.7218,48.0389,47.7944,1.9167,58.273,103.40,102.16
12755,7010,20226.4039,6352.0848,13524.9235,15036.1359,48.0289,47.7688,1.6923,58.375,102.20,101.05
12778,7023,20262.7075,6363.4860,13544.9450,15066.9549,48.0451,48.1081,1.7692,58.476,101.73,100.56
12801,7035,20299.7505,6375.1193,13571.0895,15093.2624,48.0399,48.0019,1.9167,58.581,104.26,103.09
12824,7047,20335.6459,6386.3922,13593.5178,15121.3677,48.0458,48.2764,1.9167,58.686,104.97,103.72
12847,7059,20372.4627,6397.9545,13620.5360,15146.5854,48.0367,47.7364,1.9167,58.791,105.05,103.81
12868,7071,20406.1702,6408.5403,13641.6959,15172.8891,48.0420,48.1802,1.7500,58.893,102.07,100.95
12889,7083,20438.2983,6418.6301,13663.6492,15196.3555,48.0402,47.7000,1.7500,58.996,102.70,101.57
12911,7095,20474.0046,6429.8436,13688.3014,15222.2071,48.0372,48.1246,1.8333,59.099,103.73,102.54
12934,7107,20508.8194,6440.7772,13709.3490,15250.1008,48.0456,48.2791,1.9167,59.201,101.85,100.68
12955,7119,20542.5333,6451.3650,13734.3252,15272.9818,48.0365,48.2461,1.7500,59.304,102.49,101.37
12975,7131,20574.7254,6461.4749,13758.0042,15294.9820,48.0284,47.6275,1.6667,59.406,102.21,101.11
12998,7143,20610.3614,6472.6664,13777.1144,15325.7225,48.0461,48.1993,1.9167,59.508,102.52,101.31
13019,7155,20644.0753,6483.2542,13802.0906,15348.6035,48.0370,48.3000,1.7500,59.610,101.63,100.49
13039,7167,20676.2673,6493.3641,13825.7696,15370.6038,48.0289,47.6373,1.6667,59.712,102.02,100.94
13060,7179,20709.2453,6503.7208,13844.6444,15397.9816,48.0408,48.0444,1.7500,59.817,105.07,103.91
13083,7191,20747.1679,6515.6303,13870.2035,15425.9982,48.0400,47.9164,1.9167,59.921,103.51,102.26
13106,7203,20782.4121,6526.6988,13892.6956,15453.1705,48.0440,48.3017,1.9167,60.026,105.48,104.27
13128,7215,20817.4771,6537.7109,13917.4001,15478.1127,48.0393,48.0486,1.8333,60.130,104.10,102.90
13151,7227,20853.4132,6548.9966,13943.6568,15502.8303,48.0311,47.7932,1.9167,60.236,105.39,104.16
13173,7239,20888.4014,6559.9846,13965.3090,15530.4140,48.0375,48.3000,1.8333,60.339,103.34,102.14
13195,7251,20923.8681,6571.1229,13989.1475,15556.6750,48.0371,47.7903,1.8333,60.444,104.65,103.45
13218,7263,20958.6829,6582.0564,14010.1951,15584.5686,48.0453,48.2112,1.9167,60.545,101.77,100.52
13239,7275,20992.3968,6592.6443,14035.1713,15607.4496,48.0363,47.7417,1.7500,60.647,101.97,100.83
13259,7287,21024.5889,6602.7542,14058.8503,15629.4499,48.0284,47.7688,1.6667,60.749,102.18,101.06
13282,7300,21060.8924,6614.1553,14078.8718,15660.2689,48.0440,48.1081,1.7692,60.851,101.92,100.77
13305,7312,21097.9355,6625.7886,14105.0163,15686.5764,48.0390,48.0019,1.9167,60.956,104.86,103.68
13328,7324,21133.8309,6637.0615,14127.4446,15714.6817,48.0447,48.2764,1.9167,61.061,104.84,103.62
13351,7336,21170.6477,6648.6238,14154.4628,15739.8993,48.0360,47.7364,1.9167,61.165,103.63,102.40
13374,7348,21207.0481,6660.0553,14178.5333,15767.2075,48.0369,48.0509,1.9167,61.267,102.51,101.34
13395,7360,21239.1763,6670.1452,14200.4866,15790.6740,48.0352,48.2461,1.7500,61.369,101.71,100.61
13417,7372,21274.9013,6681.3646,14224.7887,15816.8654,48.0337,47.6510,1.8333,61.474,105.55,104.37
13440,7384,21309.4305,6692.2084,14244.0111,15846.0161,48.0477,48.3809,1.9167,61.579,104.87,103.64
13461,7396,21343.6355,6702.9505,14271.8055,15867.0233,48.0299,48.0601,1.7500,61.685,105.33,104.12
13484,7408,21379.5001,6714.2137,14290.3940,15898.5400,48.0494,48.3148,1.9167,61.790,105.21,103.99
13505,7420,21414.3399,6725.1551,14318.0984,15920.4822,48.0335,47.8303,1.7500,61.895,104.81,103.62
13528,7432,21449.5839,6736.2235,14340.5905,15947.6545,48.0373,47.8303,1.9167,61.998,103.13,101.88
13549,7444,21484.8489,6747.2984,14365.9143,15972.3084,48.0311,47.7742,1.7500,62.100,102.70,101.56
13572,7457,21520.4851,6758.4899,14385.0244,16003.0489,48.0480,48.5764,1.7692,62.201,100.76,99.57
13593,7469,21553.1435,6768.7463,14411.4980,16023.1640,48.0314,47.8389,1.7500,62.306,104.38,103.28
13615,7481,21589.0485,6780.0222,14433.9149,16051.2929,48.0371,48.0377,1.8333,62.410,104.34,103.18
13638,7493,21624.9438,6791.2951,14456.3433,16079.3983,48.0427,47.9616,1.9167,62.513,103.52,102.38
13661,7505,21661.1195,6802.6561,14483.4138,16103.7065,48.0324,47.9102,1.9167,62.619,105.81,104.58
13684,7517,21696.3635,6813.7244,14505.9059,16130.8788,48.0363,48.2810,1.9167,62.723,103.50,102.27
13705,7529,21731.8401,6824.8658,14529.7329,16157.1634,48.0359,47.7807,1.7500,62.826,103.06,101.94
13728,7542,21767.2646,6835.9908,14550.3398,16186.2732,48.0468,48.2930,1.7692,62.928,102.13,100.92
13749,7554,21799.9231,6846.2472,14576.8134,16206.3883,48.0304,47.5759,1.7500,63.033,105.42,104.30
13772,7566,21835.7877,6857.5105,14595.4019,16237.9050,48.0494,48.4780,1.9167,63.137,103.31,102.13
13793,7578,21870.6275,6868.4519,14623.1063,16259.8472,48.0339,47.9359,1.7500,63.242,105.10,103.97
13816,7590,21906.5227,6879.7247,14645.5347,16287.9525,48.0394,48.1725,1.9167,63.346,104.04,102.82
13839,7602,21942.8947,6891.1473,14670.7462,16314.1963,48.0363,48.1174,1.9167,63.448,102.25,101.07
13860,7614,21975.2263,6901.3010,14688.7116,16341.5217,48.0491,48.0930,1.7500,63.553,104.66,103.55
13881,7626,22009.4410,6912.0461,14716.4945,16362.5526,48.0319,48.0951,1.7500,63.658,105.12,103.92
13904,7638,22045.5645,6923.3907,14738.4011,16391.4341,48.0398,47.7313,1.9167,63.761,102.67,101.47
13927,7650,22082.6076,6935.0240,14764.5456,16417.7416,48.0350,48.0820,1.9167,63.866,105.40,104.23
13948,7662,22115.5860,6945.3809,14783.4205,16445.1193,48.0460,48.3254,1.7500,63.969,102.95,101.79
13969,7674,22148.2447,6955.6373,14809.8941,16465.2344,48.0299,47.9905,1.7500,64.074,104.96,103.84
13991,7686,22184.1496,6966.9132,14832.3110,16493.3634,48.0354,47.6275,1.8333,64.179,104.83,103.63
14012,7698,22217.1280,6977.2701,14851.1859,16520.7411,48.0464,48.5343,1.7500,64.282,102.97,101.79
14033,7710,22249.7866,6987.5265,14877.6595,16540.8562,48.0304,47.8106,1.7500,64.388,106.02,104.86
14056,7722,22285.0098,6998.5883,14896.3002,16571.4634,48.0474,48.2000,1.9167,64.490,102.63,101.38
14077,7734,22320.4910,7009.7311,14923.9524,16594.3150,48.0338,48.0780,1.7500,64.596,105.23,104.10
14100,7746,22356.3862,7021.0040,14946.3808,16622.4204,48.0392,48.1362,1.9167,64.701,105.03,103.84
14121,7758,22389.6795,7031.4597,14969.5738,16646.3390,48.0360,48.0398,1.7500,64.805,104.03,102.89
14142,7770,22422.6437,7041.8121,14987.8256,16674.2576,48.0490,48.1233,1.7500,64.908,103.41,102.30
14163,7782,22456.2073,7052.3527,15015.6723,16694.3554,48.0305,48.0330,1.7500,65.012,104.33,103.21
14186,7794,22492.1024,7063.6255,15038.1006,16722.4607,48.0359,47.5846,1.9167,65.117,104.69,103.49
14208,7806,22526.0064,7074.2731,15057.4015,16750.7001,48.0474,48.4984,1.8333,65.222,104.76,103.57
14229,7818,22560.8464,7085.2145,15085.1060,16772.6422,48.0323,47.7947,1.7500,65.327,105.06,103.91
14252,7830,22596.0904,7096.2829,15107.5981,16799.8146,48.0360,48.0261,1.9167,65.430,103.39,102.15
14274,7842,22630.6197,7107.1268,15126.8205,16828.9652,48.0491,48.0511,1.8333,65.535,104.84,103.63
14295,7854,22665.4756,7118.0732,15154.5511,16850.9055,48.0341,48.1076,1.7500,65.640,105.29,103.98
14316,7866,22699.1831,7128.6590,15175.7110,16877.2092,48.0388,48.0055,1.7500,65.743,102.24,101.11
14337,7878,22732.8973,7139.2470,15200.6872,16900.0902,48.0305,47.8800,1.7500,65.845,102.28,101.12
14359,7890,22766.1966,7149.7046,15224.2539,16923.6804,48.0261,47.3498,1.8333,65.947,102.23,101.04
14382,7902,22801.6003,7160.8231,15243.8641,16953.6595,48.0399,48.3786,1.9167,66.050,102.74,101.54
14403,7914,22835.5463,7171.4838,15268.3403,16977.3019,48.0339,47.9811,1.7500,66.152,102.13,101.02
14424,7926,22866.9968,7181.3608,15285.5443,17004.1274,48.0468,48.0580,1.7500,66.257,104.56,103.44
14445,7938,22902.7339,7192.5840,15314.0363,17026.5676,48.0313,48.0626,1.7500,66.361,104.48,103.33
14467,7950,22937.0882,7203.3729,15336.1057,17052.9237,48.0343,47.5889,1.8333,66.463,101.91,100.72
14487,7962,22969.2804,7213.4829,15359.7847,17074.9239,48.0271,47.7972,1.6667,66.565,101.88,100.79
14510,7975,23005.5838,7224.8839,15379.8062,17105.7429,48.0414,48.1154,1.7692,66.666,101.51,100.35
14533,7987,23042.6269,7236.5173,15405.9507,17132.0504,48.0367,48.0626,1.9167,66.771,104.79,103.59
14556,7999,23078.5222,7247.7902,15428.3790,17160.1558,48.0420,47.8021,1.9167,66.876,104.79,103.58
14579,8011,23115.3391,7259.3525,15455.3972,17185.3734,48.0340,48.1544,1.9167,66.981,104.59,103.43
14600,8023,23149.0465,7269.9383,15476.5571,17211.6771,48.0386,48.1320,1.7500,67.083,102.50,101.36
14621,8035,23181.1747,7280.0281,15498.5104,17235.1436,48.0370,47.6806,1.7500,67.186,103.21,102.08
14643,8047,23216.8811,7291.2416,15523.1626,17260.9952,48.0344,48.1076,1.8333,67.290,103.34,102.20
14666,8059,23251.6957,7302.1751,15544.2102,17288.8888,48.0418,48.2437,1.9167,67.392,101.96,100.76
14687,8071,23285.4097,7312.7630,15569.1864,17311.7698,48.0338,47.5028,1.7500,67.494,102.10,100.94
14707,8083,23317.6020,7322.8730,15592.8654,17333.7700,48.0267,47.7688,1.6667,67.596,102.28,101.18
14730,8095,23353.2376,7334.0643,15611.9756,17364.5106,48.0422,48.1630,1.9167,67.698,101.90,100.69
14751,8107,23386.9517,7344.6522,15636.9518,17387.3916,48.0342,48.1630,1.7500,67.800,101.89,100.77
14771,8119,23419.1439,7354.7621,15660.6308,17409.3918,48.0271,48.0626,1.6667,67.901,101.49,100.42
14792,8131,23452.1217,7365.1188,15679.5056,17436.7696,48.0376,47.9576,1.7500,68.006,104.74,103.60
14815,8143,23490.0443,7377.0283,15705.0647,17464.7862,48.0369,48.1437,1.9167,68.109,103.28,102.04
14837,8155,23523.1393,7387.4218,15730.4930,17486.4275,48.0261,47.3067,1.8333,68.213,103.59,102.40
14858,8167,23556.1097,7397.7761,15749.0031,17514.1234,48.0377,48.2627,1.7500,68.318,104.68,103.56
14878,8179,23589.3886,7408.2273,15771.5731,17538.5828,48.0367,48.1189,1.6667,68.420,102.17,101.07
14900,8191,23623.7430,7419.0163,15793.6424,17564.9389,48.0396,48.4784,1.8333,68.524,104.30,103.12
14923,8203,23659.6692,7430.2989,15819.9106,17589.6329,48.0323,47.7131,1.9167,68.629,105.12,103.89
14946,8215,23695.8300,7441.6552,15843.1674,17617.3505,48.0353,47.9837,1.9167,68.734,105.01,103.78
14969,8227,23732.8198,7453.2718,15867.9356,17644.8238,48.0352,47.7944,1.9167,68.838,103.38,102.16
14991,8240,23767.4654,7464.1522,15893.7115,17668.2379,48.0267,47.7688,1.6923,68.940,102.29,101.10
15014,8253,23803.7687,7475.5532,15913.7330,17699.0569,48.0405,48.1081,1.7692,69.041,101.36,100.12
15037,8265,23840.8118,7487.1866,15939.8775,17725.3644,48.0360,48.0019,1.9167,69.146,105.06,103.87
15060,8277,23876.7071,7498.4595,15962.3058,17753.4697,48.0411,48.2764,1.9167,69.251,105.04,103.83
15083,8289,23912.8829,7509.8204,15989.3763,17777.7779,48.0318,47.6801,1.9167,69.357,105.33,104.10
15106,8301,23949.9246,7521.4533,16013.3945,17805.9955,48.0343,48.0509,1.9167,69.461,104.50,103.33
15127,8313,23982.0528,7531.5432,16035.3478,17829.4620,48.0327,48.2461,1.7500,69.564,102.55,101.46
15148,8325,24016.5818,7542.3870,16054.5703,17858.6126,48.0452,48.1474,1.7500,69.666,102.13,101.05
15169,8337,24049.2404,7552.6434,16081.0439,17878.7277,48.0303,47.8913,1.7500,69.771,104.80,103.68
15191,8349,24083.5947,7563.4323,16103.1132,17905.0837,48.0332,48.2461,1.8333,69.873,101.94,100.75
15212,8361,24115.9261,7573.5860,16121.0786,17932.4092,48.0449,48.3017,1.7500,69.978,105.02,103.91
15233,8373,24150.7824,7584.5325,16148.8093,17954.3495,48.0307,47.8106,1.7500,70.082,104.77,103.61
15255,8385,24185.1367,7595.3215,16170.8786,17980.7055,48.0336,48.3000,1.8333,70.185,102.53,101.32
15275,8397,24217.3289,7605.4314,16194.5576,18002.7058,48.0268,47.6373,1.6667,70.287,102.24,101.10
15296,8409,24250.3066,7615.7881,16213.4325,18030.0835,48.0369,48.0444,1.7500,70.393,105.47,104.34
15319,8421,24286.6786,7627.2106,16238.6439,18056.3273,48.0340,47.8360,1.9167,70.496,103.06,101.81
15340,8433,24319.0100,7637.3643,16256.6094,18083.6528,48.0456,48.5243,1.7500,70.600,104.08,102.95
15361,8445,24353.2250,7648.1095,16284.3923,18104.6836,48.0301,47.8427,1.7500,70.705,104.96,103.76
15384,8457,24388.6807,7659.2443,16305.3876,18133.4867,48.0387,48.1650,1.9167,70.807,102.68,101.45
15405,8469,24423.9455,7670.3192,16330.7114,18158.1406,48.0332,48.2666,1.7500,70.912,104.40,103.25
15428,8482,24459.3698,7681.4442,16351.3183,18187.2504,48.0429,48.1290,1.7692,71.014,101.88,100.67
15449,8494,24492.0287,7691.7007,16377.7919,18207.3655,48.0283,47.7438,1.7500,71.119,105.24,104.08
15471,8506,24527.9335,7702.9766,16400.2088,18235.4944,48.0333,47.7459,1.8333,71.225,105.92,104.70
15492,8518,24560.9118,7713.3333,16419.0837,18262.8721,48.0433,48.4648,1.7500,71.326,101.66,100.47
15513,8530,24593.5706,7723.5898,16445.5573,18282.9872,48.0287,47.8229,1.7500,71.432,105.16,103.99
15536,8542,24628.7935,7734.6515,16464.1980,18313.5945,48.0441,48.4651,1.9167,71.534,102.73,101.51
15557,8554,24664.2750,7745.7945,16491.8502,18336.4461,48.0318,47.5374,1.7500,71.639,104.94,103.84
15580,8566,24700.1701,7757.0673,16514.2786,18364.5514,48.0367,48.2749,1.9167,71.743,103.98,102.79
15601,8578,24733.4635,7767.5231,16537.4716,18388.4700,48.0338,48.0580,1.7500,71.846,103.02,101.83
15622,8590,24766.4274,7777.8754,16555.7234,18416.3886,48.0456,48.0741,1.7500,71.950,103.35,102.20
15643,8602,24799.9914,7788.4161,16583.5701,18436.4864,48.0288,47.9578,1.7500,72.054,104.17,103.03
15666,8614,24835.8864,7799.6889,16605.9984,18464.5918,48.0337,48.0375,1.9167,72.158,104.40,103.19
15688,8626,24869.7901,7810.3363,16625.2993,18492.8311,48.0442,48.6897,1.8333,72.263,104.82,103.63
15709,8638,24904.6304,7821.2779,16653.0038,18514.7733,48.0305,47.7947,1.7500,72.368,104.88,103.70
15732,8650,24939.8744,7832.3462,16675.4958,18541.9456,48.0338,48.0261,1.9167,72.472,103.67,102.39
15754,8662,24974.4034,7843.1900,16694.7183,18571.0962,48.0458,48.0511,1.8333,72.577,105.23,104.06
15775,8674,25009.2596,7854.1366,16722.4489,18593.0365,48.0321,48.1076,1.7500,72.682,105.03,103.88
15796,8686,25042.9670,7864.7224,16743.6088,18619.3403,48.0364,47.9508,1.7500,72.784,102.44,101.29
15817,8698,25076.6813,7875.3103,16768.5850,18642.2213,48.0289,47.8692,1.7500,72.886,102.26,101.13
15840,8710,25112.3172,7886.5017,16787.6951,18672.9618,48.0434,48.0626,1.9167,72.989,102.32,101.14
15861,8722,25144.9760,7896.7582,16814.1687,18693.0769,48.0292,48.0626,1.7500,73.094,105.56,104.43
15883,8734,25179.3302,7907.5471,16836.2381,18719.4329,48.0319,47.9811,1.8333,73.197,102.70,101.50
15905,8746,25215.0553,7918.7665,16860.5401,18745.6244,48.0307,47.5584,1.8333,73.302,105.08,103.92
15928,8758,25249.5840,7929.6103,16879.7626,18774.7750,48.0425,48.5583,1.9167,73.407,104.51,103.30
15949,8770,25283.7895,7940.3525,16907.5569,18795.7823,48.0275,47.4023,1.7500,73.512,105.50,104.32
15972,8782,25319.6536,7951.6156,16926.1454,18827.2990,48.0439,48.4984,1.9167,73.618,105.46,104.21
15993,8794,25354.4939,7962.5571,16953.8499,18849.2411,48.0305,47.7947,1.7500,73.723,104.92,103.71
16016,8806,25389.7378,7973.6254,16976.3419,18876.4135,48.0338,48.0309,1.9167,73.826,103.30,102.09
16037,8818,25425.0029,7984.7004,17001.6657,18901.0674,48.0285,47.3835,1.7500,73.928,102.19,100.97
16060,8831,25460.6387,7995.8918,17020.7759,18931.8079,48.0428,48.5661,1.7692,74.032,104.07,102.81
16080,8843,25492.8304,8006.0016,17044.4549,18953.8081,48.0362,48.1320,1.6667,74.135,103.07,102.00
16101,8855,25524.9586,8016.0914,17066.4082,18977.2746,48.0348,47.6806,1.7500,74.241,105.58,104.48
16123,8867,25560.6650,8027.3050,17091.0604,19003.1262,48.0325,48.1076,1.8333,74.347,106.42,105.20
16146,8879,25595.4795,8038.2385,17112.1080,19031.0198,48.0392,48.2437,1.9167,74.453,105.88,104.66
16167,8891,25629.1937,8048.8264,17137.0842,19053.9008,48.0319,47.5028,1.7500,74.559,105.56,104.38
16188,8903,25661.5249,8058.9800,17155.0496,19081.2263,48.0429,48.4548,1.7500,74.667,108.46,107.27
16209,8915,25696.3814,8069.9266,17182.7802,19103.1665,48.0296,47.7698,1.7500,74.775,107.96,106.76
16231,8927,25730.7356,8080.7155,17204.8495,19129.5226,48.0323,48.1630,1.8333,74.880,105.08,103.84
16251,8939,25762.9279,8090.8255,17228.5286,19151.5228,48.0259,47.3498,1.6667,74.983,102.81,101.73
16272,8951,25795.9056,8101.1821,17247.4034,19178.9006,48.0354,48.2749,1.7500,75.089,106.07,104.93
16295,8963,25833.8282,8113.0917,17272.9625,19206.9173,48.0348,48.1437,1.9167,75.194,104.71,103.43
16317,8975,25866.9234,8123.4852,17298.3908,19228.5585,48.0249,47.8031,1.8333,75.298,104.29,103.13
16338,8987,25899.8936,8133.8394,17316.9008,19256.2544,48.0355,47.7635,1.7500,75.403,104.64,103.46
16358,8999,25933.1725,8144.2907,17339.4708,19280.7138,48.0345,48.3095,1.6667,75.506,103.53,102.38
16380,9011,25967.5269,8155.0796,17361.5402,19307.0699,48.0372,47.7761,1.8333,75.613,106.83,105.67
16403,9023,26003.4532,8166.3623,17387.8084,19331.7639,48.0306,48.0333,1.9167,75.720,106.65,105.37
16426,9035,26039.6140,8177.7185,17411.0652,19359.4815,48.0333,48.0153,1.9167,75.825,105.58,104.35
16449,9047,26076.6037,8189.3351,17435.8334,19386.9548,48.0332,48.2174,1.9167,75.928,102.93,101.69
16471,9060,26111.2495,8200.2156,17461.6093,19410.3689,48.0255,47.3498,1.6923,76.031,103.09,101.89
16494,9073,26147.5526,8211.6165,17481.6308,19441.1879,48.0380,48.1081,1.7692,76.133,102.09,100.91
16517,9085,26184.5958,8223.2499,17507.7753,19467.4954,48.0340,48.0019,1.9167,76.238,104.64,103.44
16540,9097,26220.4910,8234.5228,17530.2036,19495.6007,48.0386,48.2764,1.9167,76.344,105.91,104.66
16563,9109,26257.3081,8246.0851,17557.2218,19520.8184,48.0316,47.7364,1.9167,76.450,105.89,104.65
16584,9121,26291.0154,8256.6709,17578.3817,19547.1221,48.0356,48.1802,1.7500,76.553,103.15,101.98
16605,9133,26323.1436,8266.7607,17600.3350,19570.5886,48.0342,47.7000,1.7500,76.657,103.95,102.79
16627,9145,26358.8500,8277.9743,17624.9872,19596.4402,48.0320,48.1246,1.8333,76.762,105.29,104.08
16650,9157,26393.6645,8288.9078,17646.0348,19624.3338,48.0385,48.2791,1.9167,76.866,104.12,102.86
16671,9169,26427.3787,8299.4957,17671.0110,19647.2148,48.0314,48.2461,1.7500,76.971,104.64,103.44
16691,9181,26459.5710,8309.6057,17694.6900,19669.2150,48.0251,47.6275,1.6667,77.076,104.86,103.60
16714,9193,26495.2064,8320.7969,17713.8002,19699.9556,48.0389,48.1993,1.9167,77.182,106.13,104.89
16735,9205,26528.9206,8331.3848,17738.7764,19722.8366,48.0318,48.3000,1.7500,77.287,105.58,104.37
16755,9217,26561.1129,8341.4948,17762.4554,19744.8368,48.0256,47.6373,1.6667,77.392,104.52,103.40
16776,9229,26594.0906,8351.8514,17781.3302,19772.2146,48.0348,48.0444,1.7500,77.501,108.53,107.37
16799,9241,26632.0132,8363.7610,17806.8893,19800.2312,48.0342,47.9164,1.9167,77.607,106.81,105.56
16821,9253,26665.1084,8374.1545,17832.3176,19821.8725,48.0247,47.7932,1.8333,77.714,106.51,105.29
16842,9265,26698.0786,8384.5087,17850.8277,19849.5684,48.0349,48.0979,1.7500,77.822,107.88,106.73
16862,9277,26731.3575,8394.9600,17873.3977,19874.0278,48.0340,48.0649,1.6667,77.927,105.03,103.85
16884,9289,26765.7119,8405.7489,17895.4670,19900.3839,48.0366,48.4784,1.8333,78.035,108.24,107.06
16907,9301,26801.6382,8417.0316,17921.7352,19925.0779,48.0301,47.7131,1.9167,78.144,108.52,107.24
16930,9313,26837.7989,8428.3878,17944.9920,19952.7955,48.0328,47.9837,1.9167,78.251,107.82,106.54
16953,9325,26874.7887,8440.0044,17969.7602,19980.2688,48.0327,47.7944,1.9167,78.357,105.96,104.68
16975,9338,26909.4345,8450.8849,17995.5361,20003.6829,48.0252,47.7688,1.6923,78.463,105.34,104.12
16998,9351,26945.7375,8462.2858,18015.5576,20034.5019,48.0374,48.1081,1.7692,78.568,105.50,104.27
17021,9363,26982.7808,8473.9192,18041.7021,20060.8094,48.0335,48.0019,1.9167,78.676,107.63,106.41
17044,9375,27018.6759,8485.1921,18064.1304,20088.9147,48.0379,48.2764,1.9167,78.784,108.48,107.26
17067,9387,27054.8519,8496.5531,18091.2009,20113.2229,48.0297,47.6801,1.9167,78.893,108.41,107.10
17090,9399,27091.8935,8508.1860,18115.2191,20141.4405,48.0319,48.0509,1.9167,78.999,106.74,105.48
17111,9411,27124.0218,8518.2758,18137.1724,20164.9070,48.0306,48.2461,1.7500,79.104,104.88,103.61
17132,9423,27158.5505,8529.1196,18156.3949,20194.0576,48.0415,48.1474,1.7500,79.211,106.52,105.33
17153,9435,27191.2094,8539.3761,18182.8685,20214.1727,48.0284,47.8913,1.7500,79.319,108.14,106.96
17175,9447,27225.5637,8550.1650,18204.9378,20240.5287,48.0309,48.2461,1.8333,79.424,105.36,104.10
17195,9459,27257.7560,8560.2750,18228.6168,20262.5290,48.0249,47.6275,1.6667,79.530,105.38,104.23
17218,9471,27293.3914,8571.4662,18247.7270,20293.2695,48.0382,48.1993,1.9167,79.636,106.76,105.52
17239,9483,27327.1056,8582.0542,18272.7032,20316.1505,48.0313,48.3000,1.7500,79.742,105.58,104.42
17259,9495,27359.2979,8592.1641,18296.3822,20338.1508,48.0253,47.6373,1.6667,79.848,105.74,104.64
17280,9507,27392.2755,8602.5207,18315.2571,20365.5285,48.0342,48.0444,1.7500,79.956,108.27,107.08
17303,9519,27430.1982,8614.4303,18340.8161,20393.5452,48.0337,47.9164,1.9167,80.063,106.75,105.48
17325,9531,27464.3726,8625.1627,18364.7706,20417.9638,48.0306,48.0489,1.8333,80.171,107.85,106.64
17348,9543,27500.5073,8636.5108,18388.0127,20445.6597,48.0332,48.0486,1.9167,80.278,107.31,106.07
17371,9555,27536.4437,8647.7966,18414.2695,20470.3773,48.0269,47.7932,1.9167,80.387,108.69,107.49
17393,9567,27571.4317,8658.7846,18435.9216,20497.9610,48.0318,48.3000,1.8333,80.493,106.43,105.23
17415,9579,27606.8984,8669.9229,18459.7601,20524.2220,48.0315,47.7903,1.8333,80.599,106.02,104.79
17438,9591,27641.7129,8680.8563,18480.8077,20552.1156,48.0377,48.2112,1.9167,80.705,105.46,104.25
17459,9603,27675.4271,8691.4442,18505.7839,20574.9966,48.0309,47.7417,1.7500,80.810,105.18,104.01
17479,9615,27707.6195,8701.5542,18529.4629,20596.9969,48.0249,47.8258,1.6667,80.915,105.38,104.27
17500,9627,27740.5971,8711.9108,18548.3378,20624.3746,48.0338,48.1127,1.7500,81.024,108.50,107.31
17523,9639,27778.5197,8723.8204,18573.8968,20652.3913,48.0332,48.1437,1.9167,81.131,106.98,105.70
17546,9651,27813.7637,8734.8887,18596.3889,20679.5636,48.0362,47.8153,1.9167,81.239,108.57,107.35
17568,9663,27848.8288,8745.9009,18621.0934,20704.5058,48.0327,48.2119,1.8333,81.347,107.33,106.09
17591,9675,27884.7653,8757.1867,18647.3502,20729.2234,48.0266,47.8456,1.9167,81.454,107.97,106.69
17613,9687,27919.7533,8768.1746,18669.0024,20756.8071,48.0314,48.3000,1.8333,81.562,107.85,106.62
17635,9699,27955.2200,8779.3129,18692.8408,20783.0681,48.0311,47.7364,1.8333,81.669,107.15,105.91
17658,9711,27990.0344,8790.2464,18713.8884,20810.9617,48.0372,48.2791,1.9167,81.774,104.96,103.73
17679,9723,28023.7487,8800.8343,18738.8646,20833.8427,48.0305,48.2461,1.7500,81.880,105.14,104.02
17699,9735,28055.9410,8810.9443,18762.5437,20855.8430,48.0246,47.6275,1.6667,81.985,105.68,104.60
17722,9748,28092.2440,8822.3452,18782.5651,20886.6619,48.0363,48.1450,1.7692,82.092,106.63,105.52
17745,9760,28128.2080,8833.6397,18810.1835,20910.1921,48.0265,47.8583,1.9167,82.201,109.27,108.08
17768,9772,28161.8262,8844.1974,18826.1515,20941.0449,48.0443,48.5091,1.9167,82.306,104.85,103.60
17787,9784,28195.8152,8854.8717,18854.8081,20960.9859,48.0281,48.0780,1.5833,82.414,108.04,106.94
17809,9796,28230.8292,8865.8678,18876.4750,20988.5912,48.0329,48.0783,1.8333,82.521,107.05,105.88
17831,9808,28265.0036,8876.6002,18900.4295,21013.0098,48.0299,47.9636,1.8333,82.630,109.18,107.94
17854,9820,28301.5238,8888.0694,18922.7794,21042.0265,48.0355,47.9449,1.9167,82.739,108.62,107.38
17877,9832,28337.7160,8899.4355,18949.8760,21066.3328,48.0277,47.8913,1.9167,82.847,107.74,106.49
17899,9844,28372.0702,8910.2244,18971.9454,21092.6888,48.0301,48.2461,1.8333,82.952,105.22,104.01
17920,9856,28404.4012,8920.3779,18989.9108,21120.0143,48.0400,48.3017,1.7500,83.060,108.23,107.05
17941,9868,28439.2579,8931.3246,19017.6414,21141.9546,48.0280,47.8106,1.7500,83.169,108.58,107.38
17963,9880,28473.6121,8942.1135,19039.7107,21168.3106,48.0305,47.7902,1.8333,83.274,105.44,104.18
17983,9892,28505.8045,8952.2235,19063.3898,21190.3109,48.0247,47.6840,1.6667,83.379,104.51,103.37
18004,9904,28538.7820,8962.5801,19082.2646,21217.6886,48.0333,48.3191,1.7500,83.487,108.09,106.92
18027,9916,28576.7047,8974.4897,19107.8237,21245.7053,48.0327,48.0897,1.9167,83.593,106.42,105.17
18049,9928,28609.7999,8984.8832,19133.2520,21267.3465,48.0238,47.7161,1.8333,83.699,105.71,104.53
18070,9940,28642.7700,8995.2374,19151.7620,21295.0424,48.0334,47.8692,1.7500,83.808,109.35,108.18
18090,9952,28676.0490,9005.6887,19174.3320,21319.5019,48.0325,48.1189,1.6667,83.914,105.62,104.45
18112,9964,28710.4033,9016.4776,19196.4014,21345.8579,48.0349,48.4784,1.8333,84.022,108.54,107.29
18135,9976,28746.3297,9027.7603,19222.6696,21370.5519,48.0289,47.7131,1.9167,84.130,108.12,106.87
18158,9988,28782.4904,9039.1165,19245.9263,21398.2696,48.0314,48.2424,1.9167,84.238,107.59,106.34
18181,10000,28819.4802,9050.7331,19270.6946,21425.7428,48.0313,47.4744,1.9167,84.344,105.90,104.67
18203,10013,28854.1260,9061.6136,19296.4705,21449.1570,48.0244,47.8635,1.6923,84.449,105.38,104.14
18226,10026,28890.4290,9073.0145,19316.4919,21479.9759,48.0357,48.1567,1.7692,84.555,105.44,104.26
18249,10038,28927.4723,9084.6479,19342.6364,21506.2834,48.0321,48.1246,1.9167,84.663,108.64,107.44
18272,10050,28963.3674,9095.9208,19365.0648,21534.3888,48.0362,48.0669,1.9167,84.772,108.36,107.10
18295,10062,29000.1846,9107.4832,19392.0830,21559.6064,48.0299,48.1246,1.9167,84.881,109.04,107.78
18316,10074,29033.8918,9118.0689,19413.2429,21585.9101,48.0335,48.1802,1.7500,84.986,105.61,104.43
18337,10086,29066.0200,9128.1587,19435.1962,21609.3766,48.0323,47.7000,1.7500,85.093,106.05,104.86
18359,10098,29101.7265,9139.3723,19459.8484,21635.2282,48.0302,48.1246,1.8333,85.200,107.66,106.48
18382,10110,29136.5408,9150.3057,19480.8960,21663.1218,48.0362,48.2791,1.9167,85.306,105.96,104.72
18403,10122,29170.2552,9160.8937,19505.8722,21686.0028,48.0297,48.2461,1.7500,85.412,106.15,104.95
18423,10134,29202.4476,9171.0037,19529.5512,21708.0031,48.0240,47.6275,1.6667,85.518,106.20,105.01
18446,10146,29238.0828,9182.1949,19548.6614,21738.7436,48.0365,48.1993,1.9167,85.624,105.07,103.83
18467,10158,29271.7971,9192.7829,19573.6375,21761.6246,48.0301,48.3000,1.7500,85.729,105.41,104.12
18487,10170,29303.9895,9202.8928,19597.3166,21783.6248,48.0244,47.6373,1.6667,85.834,104.85,103.71
18508,10182,29336.9670,9213.2494,19616.1914,21811.0026,48.0328,48.0444,1.7500,85.942,108.41,107.27
18531,10194,29374.8897,9225.1590,19641.7505,21839.0192,48.0323,47.9164,1.9167,86.049,106.91,105.64
18553,10206,29407.9850,9235.5525,19667.1788,21860.6605,48.0236,47.7932,1.8333,86.156,106.69,105.49
18574,10218,29440.9550,9245.9067,19685.6889,21888.3564,48.0329,48.0979,1.7500,86.264,108.44,107.26
18594,10230,29474.2340,9256.3580,19708.2589,21912.8158,48.0321,48.0649,1.6667,86.370,105.51,104.38
18616,10242,29508.5883,9267.1469,19730.3282,21939.1719,48.0344,48.4784,1.8333,86.478,108.62,107.44
18639,10254,29544.5147,9278.4296,19756.5964,21963.8659,48.0286,47.7131,1.9167,86.587,108.56,107.32
18662,10266,29580.6754,9289.7858,19779.8532,21991.5835,48.0310,47.9837,1.9167,86.695,108.05,106.84
18685,10278,29617.6652,9301.4024,19804.6214,22019.0568,48.0309,47.7944,1.9167,86.802,107.08,105.80
18707,10291,29652.3110,9312.2829,19830.3973,22042.4709,48.0241,47.7688,1.6923,86.907,105.35,104.10
18730,10304,29688.6139,9323.6838,19850.4188,22073.2899,48.0352,48.1081,1.7692,87.013,106.05,104.84
18753,10316,29725.6572,9335.3172,19876.5633,22099.5974,48.0316,48.0019,1.9167,87.122,108.19,106.94
18776,10328,29761.5523,9346.5901,19898.9916,22127.7027,48.0357,48.2764,1.9167,87.230,108.61,107.30
18799,10340,29798.3696,9358.1525,19926.0098,22152.9204,48.0295,47.7364,1.9167,87.338,108.03,106.73
18820,10352,29832.0768,9368.7382,19947.1697,22179.2241,48.0331,48.1802,1.7500,87.444,105.96,104.72
18841,10364,29864.2050,9378.8281,19969.1230,22202.6905,48.0319,48.3762,1.7500,87.551,106.54,105.37
18863,10376,29899.9115,9390.0416,19993.7752,22228.5421,48.0299,47.7364,1.8333,87.658,107.27,106.03
18886,10388,29934.7258,9400.9750,20014.8228,22256.4358,48.0356,48.2791,1.9167,87.763,105.12,103.87
18907,10400,29968.4402,9411.5630,20039.7990,22279.3168,48.0294,48.2461,1.7500,87.868,105.19,103.99
18927,10412,30000.6326,9421.6730,20063.4780,22301.3170,48.0238,47.6275,1.6667,87.974,105.34,104.13
18950,10424,30036.2678,9432.8642,20082.5882,22332.0575,48.0359,48.1993,1.9167,88.079,105.35,104.08
18971,10436,30069.9821,9443.4522,20107.5644,22354.9385,48.0297,48.3000,1.7500,88.184,104.87,103.66
18991,10448,30102.1745,9453.5622,20131.2434,22376.9388,48.0242,47.6373,1.6667,88.289,104.82,103.70
19012,10460,30135.1520,9463.9187,20150.1183,22404.3165,48.0323,48.0444,1.7500,88.399,110.32,109.13
19035,10472,30173.0746,9475.8283,20175.6773,22432.3332,48.0318,47.9164,1.9167,88.506,107.00,105.68
19058,10484,30208.3186,9486.8966,20198.1694,22459.5055,48.0346,48.3017,1.9167,88.615,108.43,107.11
19080,10496,30243.3838,9497.9088,20222.8739,22484.4477,48.0314,48.0486,1.8333,88.722,107.86,106.55
19103,10508,30279.3203,9509.1946,20249.1306,22509.1653,48.0257,47.7932,1.9167,88.831,109.10,107.75
19125,10520,30314.3082,9520.1826,20270.7828,22536.7490,48.0302,48.3000,1.8333,88.938,106.50,105.17
19147,10532,30349.7749,9531.3209,20294.6213,22563.0100,48.0298,47.7903,1.8333,89.045,106.64,105.39
19170,10544,30384.5893,9542.2543,20315.6689,22590.9036,48.0355,48.2112,1.9167,89.151,106.26,104.95
19191,10556,30418.3036,9552.8423,20340.6451,22613.7846,48.0294,47.7417,1.7500,89.257,105.86,104.66
19211,10568,30450.4961,9562.9522,20364.3241,22635.7849,48.0239,47.7688,1.6667,89.362,105.18,103.99
19234,10581,30486.7989,9574.3531,20384.3456,22666.6039,48.0347,48.1081,1.7692,89.467,105.23,103.96
19257,10593,30523.8422,9585.9865,20410.4901,22692.9114,48.0312,48.0019,1.9167,89.575,107.83,106.53
19280,10605,30559.7373,9597.2594,20432.9184,22721.0167,48.0352,48.2764,1.9167,89.684,108.55,107.28
19303,10618,30595.7338,9608.5640,20461.8741,22743.3874,48.0229,47.4462,1.7692,89.789,105.83,104.54
19326,10630,30631.1370,9619.6824,20481.4843,22773.3665,48.0331,48.2030,1.9167,89.895,105.87,104.60
19347,10642,30665.0833,9630.3432,20505.9604,22797.0090,48.0286,48.2461,1.7500,90.000,104.94,103.77
19369,10654,30700.8083,9641.5626,20530.2625,22823.2004,48.0276,47.6510,1.8333,90.108,107.88,106.64
19392,10666,30735.3367,9652.4062,20549.4849,22852.3511,48.0373,48.3809,1.9167,90.216,108.32,107.00
19413,10678,30769.5426,9663.1486,20577.2793,22873.3583,48.0250,48.0601,1.7500,90.325,108.43,107.21
19436,10690,30805.4062,9674.4115,20595.8678,22904.8750,48.0385,48.3148,1.9167,90.434,108.91,107.64
19457,10702,30840.2469,9685.3532,20623.5722,22926.8172,48.0275,47.8303,1.7500,90.542,108.58,107.31
19480,10714,30875.4908,9696.4215,20646.0643,22953.9895,48.0302,47.8303,1.9167,90.649,107.11,105.79
19501,10726,30910.7559,9707.4965,20671.3881,22978.6434,48.0258,47.7742,1.7500,90.755,105.64,104.41
19524,10739,30946.3913,9718.6877,20690.4982,23009.3839,48.0376,48.5764,1.7692,90.861,105.52,104.28
19545,10751,30979.0506,9728.9444,20716.9719,23029.4990,48.0260,47.8389,1.7500,90.968,107.71,106.51
19567,10763,31014.9554,9740.2202,20739.3887,23057.6279,48.0300,48.0377,1.8333,91.077,108.73,107.45
19590,10775,31050.8504,9751.4930,20761.8171,23085.7333,48.0339,47.9616,1.9167,91.185,108.18,106.95
19613,10787,31087.0265,9762.8541,20788.8876,23110.0415,48.0268,47.9102,1.9167,91.293,108.19,106.89
19636,10799,31122.2704,9773.9224,20811.3797,23137.2138,48.0295,48.2810,1.9167,91.399,105.59,104.30
19657,10811,31157.7470,9785.0638,20835.2067,23163.4984,48.0292,47.7807,1.7500,91.504,104.77,103.56
19680,10824,31193.1709,9796.1886,20855.8136,23192.6082,48.0368,48.2930,1.7692,91.607,103.64,102.41
19701,10836,31225.8302,9806.4453,20882.2872,23212.7233,48.0254,47.5759,1.7500,91.713,105.49,104.32
19724,10848,31261.6938,9817.7082,20900.8757,23244.2400,48.0387,48.7652,1.9167,91.817,103.81,102.60
19745,10860,31296.5345,9828.6499,20928.5801,23266.1822,48.0278,47.7848,1.7500,91.922,105.13,104.00
19768,10872,31332.4295,9839.9227,20951.0085,23294.2875,48.0317,48.1725,1.9167,92.026,104.43,103.22
19791,10884,31370.3521,9851.8323,20976.5675,23322.3042,48.0312,48.1965,1.9167,92.129,102.96,101.76
19813,10896,31404.5266,9862.5647,21000.5220,23346.7228,48.0285,47.6244,1.8333,92.233,104.05,102.91
19836,10908,31440.6613,9873.9128,21023.7641,23374.4187,48.0308,48.2964,1.9167,92.337,103.51,102.31
19859,10920,31475.7070,9884.9189,21049.2709,23398.6127,48.0257,47.4385,1.9167,92.441,104.67,103.46
19881,10932,31511.5857,9896.1866,21071.6731,23426.7199,48.0296,48.1277,1.8333,92.545,103.16,101.97
19903,10944,31547.0524,9907.3248,21095.5115,23452.9810,48.0293,47.9903,1.8333,92.648,103.20,102.00
19926,10956,31581.8667,9918.2582,21116.5591,23480.8746,48.0348,48.4466,1.9167,92.749,101.28,100.10
19947,10968,31615.5811,9928.8462,21141.5353,23503.7556,48.0288,47.6244,1.7500,92.850,101.02,99.91
19967,10980,31647.7736,9938.9562,21165.2144,23525.7559,48.0236,47.9102,1.6667,92.952,101.88,100.80
19988,10992,31680.7510,9949.3128,21184.0892,23553.1336,48.0313,48.0930,1.7500,93.056,104.50,103.37
20011,11004,31718.6736,9961.2223,21209.6483,23581.1503,48.0309,47.8881,1.9167,93.159,102.61,101.38
20033,11016,31751.7690,9971.6159,21235.0766,23602.7915,48.0229,47.8389,1.8333,93.263,103.94,102.77
20054,11028,31784.7390,9981.9701,21253.5866,23630.4874,48.0314,48.1246,1.7500,93.368,104.57,103.41
20074,11040,31818.0179,9992.4213,21276.1566,23654.9469,48.0307,48.1001,1.6667,93.470,102.37,101.26
20096,11052,31852.3722,10003.2103,21298.2260,23681.3029,48.0329,47.8456,1.8333,93.575,104.62,103.53
20119,11064,31888.2988,10014.4930,21324.4942,23705.9969,48.0274,48.1246,1.9167,93.680,105.15,103.94
20142,11076,31924.4594,10025.8492,21347.7509,23733.7146,48.0297,47.6049,1.9167,93.785,104.91,103.67
20165,11088,31961.4492,10037.4658,21372.5192,23761.1878,48.0296,48.1131,1.9167,93.888,103.09,101.90
20187,11101,31996.0951,10048.3463,21398.2951,23784.6020,48.0233,47.6275,1.6923,93.990,102.41,101.27
20210,11114,32032.3979,10059.7472,21418.3165,23815.4209,48.0336,48.1450,1.7692,94.092,101.72,100.52
20233,11126,32069.4412,10071.3806,21444.4610,23841.7284,48.0303,48.1131,1.9167,94.197,104.70,103.51
20256,11138,32105.3363,10082.6534,21466.8894,23869.8338,48.0341,48.1889,1.9167,94.301,104.82,103.61
20279,11150,32142.1536,10094.2158,21493.9076,23895.0514,48.0283,48.1507,1.9167,94.406,105.00,103.80
20300,11162,32175.8608,10104.8016,21515.0675,23921.3551,48.0316,48.1267,1.7500,94.508,101.97,100.85
20321,11174,32207.9890,10114.8914,21537.0208,23944.8216,48.0305,48.0867,1.7500,94.612,103.93,102.78
20343,11186,32243.6955,10126.1050,21561.6730,23970.6732,48.0286,47.7364,1.8333,94.717,104.35,103.16
20366,11198,32278.5098,10137.0384,21582.7206,23998.5668,48.0340,48.2791,1.9167,94.819,102.20,101.02
20387,11210,32312.2242,10147.6264,21607.6968,24021.4478,48.0282,48.2461,1.7500,94.921,101.79,100.68
20407,11222,32344.4167,10157.7364,21631.3758,24043.4481,48.0231,47.6275,1.6667,95.022,101.55,100.46
20430,11234,32380.0517,10168.9275,21650.4860,24074.1886,48.0343,48.1993,1.9167,95.124,101.84,100.63
20451,11246,32413.7661,10179.5155,21675.4622,24097.0696,48.0285,48.3000,1.7500,95.226,101.65,100.50
20471,11258,32445.9586,10189.6255,21699.1412,24119.0698,48.0234,47.6373,1.6667,95.327,101.63,100.58
20492,11270,32478.9360,10199.9821,21718.0160,24146.4476,48.0310,48.0444,1.7500,95.432,104.34,103.23
20515,11282,32516.8586,10211.8916,21743.5751,24174.4642,48.0305,47.9164,1.9167,95.535,103.41,102.19
20537,11294,32549.9540,10222.2852,21769.0034,24196.1055,48.0227,47.7932,1.8333,95.639,103.79,102.64
20558,11306,32582.9240,10232.6394,21787.5135,24223.8014,48.0311,48.0979,1.7500,95.744,104.94,103.79
20578,11318,32616.2029,10243.0906,21810.0835,24248.2608,48.0303,48.0649,1.6667,95.847,102.87,101.77
20600,11330,32650.5572,10253.8796,21832.1528,24274.6169,48.0324,48.4784,1.8333,95.952,105.59,104.45
20623,11342,32686.4838,10265.1623,21858.4210,24299.3109,48.0272,47.7131,1.9167,96.058,106.15,104.93
20646,11354,32722.6444,10276.5185,21881.6778,24327.0285,48.0293,47.9837,1.9167,96.167,108.80,107.55
20669,11366,32759.6342,10288.1351,21906.4460,24354.5018,48.0293,47.7944,1.9167,96.274,106.64,105.40
20691,11379,32794.2801,10299.0156,21932.2219,24377.9159,48.0231,47.7688,1.6923,96.380,105.76,104.53
20714,11392,32830.5829,10310.4165,21952.2434,24408.7349,48.0331,48.1081,1.7692,96.485,105.28,104.08
20737,11404,32867.6262,10322.0499,21978.3879,24435.0424,48.0299,48.0019,1.9167,96.592,107.45,106.20
20760,11416,32903.5212,10333.3227,22000.8162,24463.1477,48.0336,48.2764,1.9167,96.699,106.76,105.49
20783,11428,32939.6974,10344.6838,22027.8867,24487.4559,48.0269,47.6801,1.9167,96.807,107.92,106.64
20804,11440,32974.0458,10355.4709,22048.9943,24514.6691,48.0312,48.1802,1.7500,96.912,104.90,103.67
20825,11452,33006.1740,10365.5607,22070.9476,24538.1355,48.0301,48.3762,1.7500,97.019,106.85,105.71
20847,11464,33041.8805,10376.7743,22095.5998,24563.9871,48.0283,47.7364,1.8333,97.128,109.12,107.89
20870,11476,33076.6947,10387.7077,22116.6474,24591.8808,48.0335,48.2791,1.9167,97.233,105.49,104.25
20891,11488,33110.4092,10398.2957,22141.6236,24614.7618,48.0279,48.2461,1.7500,97.338,104.91,103.75
20911,11500,33142.6017,10408.4057,22165.3026,24636.7620,48.0229,47.6275,1.6667,97.444,105.41,104.31
20934,11512,33178.2367,10419.5969,22184.4128,24667.5025,48.0339,48.1993,1.9167,97.550,106.10,104.90
20955,11524,33211.9511,10430.1849,22209.3890,24690.3835,48.0282,48.3000,1.7500,97.655,105.49,104.30
20975,11536,33244.1436,10440.2949,22233.0680,24712.3838,48.0232,47.6373,1.6667,97.760,104.72,103.58
20996,11548,33277.1210,10450.6514,22251.9429,24739.7615,48.0306,48.0444,1.7500,97.869,108.86,107.67
21019,11560,33315.0436,10462.5610,22277.5019,24767.7782,48.0301,47.9164,1.9167,97.976,107.14,105.84
21042,11572,33350.2875,10473.6293,22299.9940,24794.9505,48.0326,48.3017,1.9167,98.085,108.70,107.41
21064,11584,33385.3528,10484.6415,22324.6985,24819.8927,48.0297,48.0486,1.8333,98.193,107.90,106.62
21087,11596,33421.2894,10495.9273,22350.9552,24844.6103,48.0246,47.7932,1.9167,98.302,109.21,107.95
21109,11608,33456.2772,10506.9153,22372.6074,24872.1940,48.0286,48.3000,1.8333,98.409,107.51,106.26
21131,11620,33491.7440,10518.0536,22396.4459,24898.4550,48.0283,47.7903,1.8333,98.516,107.09,105.83
21154,11632,33526.5582,10528.9869,22417.4935,24926.3486,48.0335,48.2112,1.9167,98.622,105.65,104.39
21175,11644,33560.2727,10539.5749,22442.4697,24949.2296,48.0279,47.7417,1.7500,98.727,105.38,104.19
21195,11656,33592.4651,10549.6850,22466.1487,24971.2299,48.0230,47.8258,1.6667,98.833,105.42,104.28
21218,11669,33628.7678,10561.0858,22486.1702,25002.0489,48.0327,48.1081,1.7692,98.938,105.04,103.77
21241,11681,33665.8112,10572.7192,22512.3147,25028.3564,48.0296,48.0019,1.9167,99.046,107.79,106.49
21264,11693,33701.7062,10583.9920,22534.7430,25056.4617,48.0332,48.2764,1.9167,99.154,108.23,106.95
21287,11706,33737.7029,10595.2967,22563.6987,25078.8324,48.0220,47.4462,1.7692,99.260,105.71,104.46
21310,11718,33773.1060,10606.4151,22583.3089,25108.8115,48.0313,48.2030,1.9167,99.365,105.68,104.41
21331,11730,33807.0523,10617.0759,22607.7851,25132.4540,48.0273,48.2461,1.7500,99.470,105.02,103.79
21353,11742,33842.7773,10628.2953,22632.0871,25158.6454,48.0263,47.6510,1.8333,99.578,108.01,106.86
21376,11754,33877.3056,10639.1389,22651.3095,25187.7961,48.0351,48.3809,1.9167,99.687,108.76,107.56
21397,11766,33911.5117,10649.8813,22679.1039,25208.8033,48.0240,48.0601,1.7500,99.796,109.21,107.93
21420,11778,33947.3751,10661.1441,22697.6924,25240.3200,48.0362,48.3148,1.9167,99.905,108.70,107.48
21441,11790,33982.2160,10672.0859,22725.3968,25262.2622,48.0262,47.8303,1.7500,100.013,108.40,107.18
21464,11802,34017.4598,10683.1542,22747.8889,25289.4345,48.0287,47.8303,1.9167,100.121,107.36,106.11
21485,11814,34052.7250,10694.2292,22773.2127,25314.0884,48.0247,47.7742,1.7500,100.226,105.51,104.30
21508,11827,34088.3602,10705.4204,22792.3228,25344.8289,48.0354,48.5764,1.7692,100.332,106.13,104.86
21529,11839,34121.0197,10715.6770,22818.7965,25364.9440,48.0249,47.8389,1.7500,100.441,108.48,107.29
21551,11851,34156.9244,10726.9529,22841.2133,25393.0729,48.0285,48.0377,1.8333,100.549,108.04,106.81
21574,11863,34192.8193,10738.2257,22863.6417,25421.1783,48.0321,47.9616,1.9167,100.657,108.42,107.16
21597,11875,34228.9956,10749.5868,22890.7122,25445.4865,48.0256,47.9102,1.9167,100.765,107.52,106.29
21620,11887,34264.2394,10760.6551,22913.2043,25472.6588,48.0280,48.2810,1.9167,100.870,105.61,104.43
21641,11899,34299.7160,10771.7965,22937.0313,25498.9434,48.0278,47.7807,1.7500,100.975,104.99,103.86
21664,11912,34335.1398,10782.9213,22957.6382,25528.0532,48.0347,48.2930,1.7692,101.079,103.25,102.02
21685,11924,34367.7993,10793.1780,22984.1118,25548.1683,48.0243,47.5759,1.7500,101.185,106.79,105.66
21708,11936,34403.6627,10804.4409,23002.7003,25579.6850,48.0364,48.7652,1.9167,101.290,104.59,103.37
21729,11948,34438.5036,10815.3826,23030.4048,25601.6272,48.0266,47.7848,1.7500,101.396,105.76,104.62
21752,11960,34474.3985,10826.6554,23052.8331,25629.7325,48.0301,48.1725,1.9167,101.503,106.90,105.68
21775,11972,34512.3211,10838.5649,23078.3922,25657.7492,48.0296,48.1965,1.9167,101.609,105.94,104.72
21797,11984,34546.4956,10849.2974,23102.3466,25682.1677,48.0272,47.6244,1.8333,101.715,106.85,105.63
21820,11996,34582.6303,10860.6455,23125.5887,25709.8637,48.0292,48.2964,1.9167,101.821,105.11,103.84
21843,12008,34617.6760,10871.6516,23151.0955,25734.0577,48.0246,47.4385,1.9167,101.926,105.49,104.25
21865,12020,34653.5547,10882.9192,23173.4977,25762.1649,48.0282,48.1277,1.8333,102.030,103.81,102.62
21887,12032,34689.0215,10894.0575,23197.3361,25788.4260,48.0279,47.9903,1.8333,102.134,104.14,102.99
21910,12044,34723.8357,10904.9909,23218.3837,25816.3196,48.0329,48.4466,1.9167,102.236,102.04,100.87
21931,12056,34757.5502,10915.5789,23243.3599,25839.2006,48.0275,47.6244,1.7500,102.338,101.86,100.78
21951,12068,34789.7427,10925.6889,23267.0390,25861.2009,48.0227,47.9102,1.6667,102.439,101.39,100.32
21972,12080,34822.7200,10936.0454,23285.9138,25888.5786,48.0298,48.0930,1.7500,102.544,105.13,104.03
21995,12092,34860.6426,10947.9550,23311.4729,25916.5953,48.0293,47.8881,1.9167,102.648,103.77,102.53
22017,12104,34893.7381,10958.3486,23336.9012,25938.2365,48.0220,47.8389,1.8333,102.752,104.05,102.91
22038,12116,34926.7080,10968.7028,23355.4112,25965.9324,48.0299,48.1246,1.7500,102.859,106.36,105.21
24247,13326,38426.0917,12067.6812,25697.5568,28565.9414,48.0259,48.1507,1.9167,113.468,103.94,102.75
26444,14534,41904.8430,13160.1801,28023.4898,31152.7826,48.0271,48.0444,1.7500,123.812,104.88,103.76
28639,15741,45380.7349,14251.7810,30349.7240,33735.5065,48.0243,48.3000,1.7500,134.400,105.26,104.07
30832,16949,48852.5848,15342.1125,32668.7120,36319.3122,48.0291,48.3017,1.7500,145.104,108.31,107.11
33013,18155,52308.0916,16427.3114,34983.5551,38884.8640,48.0233,48.3000,1.8333,156.425,120.55,119.24
35210,19363,55787.5100,17520.0198,37309.4505,41472.6363,48.0250,47.9616,1.9167,168.458,121.79,120.52
37417,20572,59283.1557,18617.8244,39649.9800,44069.0708,48.0216,47.6244,1.8333,180.500,122.06,120.81
39621,21780,62772.3676,19713.6084,41986.3592,46660.5845,48.0184,47.8389,1.8333,193.481,106.77,105.55
41828,22990,66267.9031,20811.3783,44319.9966,49263.0718,48.0236,48.1889,1.9167,204.195,107.98,106.68
44018,24197,69736.0264,21900.5395,46640.2118,51840.7609,48.0229,48.1081,1.7692,214.895,104.94,103.67
46209,25403,73206.1397,22990.3256,48963.2024,54418.6298,48.0207,47.7944,1.9167,225.605,106.19,104.91
48393,26611,76664.5299,24076.4301,51278.1353,56987.9787,48.0190,47.8913,1.7500,236.699,108.87,107.63
50587,27818,80138.4037,25167.3971,53601.2273,59570.8150,48.0195,48.2461,1.7500,248.394,119.09,117.89
52791,29027,83630.2447,26264.0068,55936.4802,62166.8790,48.0198,48.0377,1.8333,259.294,108.16,106.90
54999,30236,87127.6105,27362.3516,58275.4836,64767.0002,48.0201,48.1965,1.9167,270.011,107.40,106.09
57203,31444,90617.9011,28458.4744,60610.3889,67361.2913,48.0198,47.8881,1.9167,280.716,106.80,105.49
59395,32651,94088.0633,29548.2758,62934.7430,69937.9989,48.0171,47.6373,1.6667,291.413,105.27,104.08
61590,33859,97563.2170,30639.6449,65254.8758,72525.2196,48.0206,48.1630,1.9167,302.129,106.41,105.16
63767,35065,101011.6190,31722.6126,67564.6354,75085.7869,48.0181,47.7131,1.9167,313.160,121.80,120.49
65963,36272,104489.3014,32814.7758,69892.0309,77669.8744,48.0172,47.7932,1.9167,324.799,122.32,121.04
68170,37482,107983.0864,33911.9960,72226.2091,80269.5205,48.0193,48.2030,1.9167,336.822,118.21,116.95
70373,38691,111472.9699,35007.9909,74563.5213,82861.0980,48.0172,47.8389,1.7500,348.874,122.18,120.95
72580,39900,114968.3173,36105.7017,76899.3825,85461.3315,48.0187,48.1725,1.9167,360.908,121.96,120.66
74777,41107,118448.2058,37198.5578,79227.6963,88047.5604,48.0182,48.1246,1.9167,372.936,121.71,120.45
76967,42314,121915.9220,38287.5911,81550.3183,90622.5360,48.0163,47.7972,1.6667,384.981,118.82,117.61
79151,43521,125374.0198,39373.6037,83861.5446,93194.8268,48.0175,48.2461,1.7500,397.029,117.67,116.48
81343,44728,128846.5526,40464.1497,86184.3088,95776.1542,48.0175,47.7364,1.8333,409.060,120.58,119.32
83544,45936,132331.9939,41558.7495,88515.2321,98367.5047,48.0178,48.0486,1.8333,421.079,120.86,119.55
85751,47146,135826.3138,42656.1377,90856.0569,100961.8895,48.0158,47.4462,1.7692,433.108,119.23,117.90
87951,48354,139311.2406,43750.5760,93185.6767,103553.7209,48.0167,48.0780,1.5833,445.146,121.67,120.48
90149,49563,142791.1193,44843.4289,95514.0019,106139.9262,48.0164,47.8106,1.7500,457.183,121.76,120.54
92325,50768,146237.7140,45925.8290,97819.1226,108702.2366,48.0166,47.7698,1.7500,469.229,121.29,120.03
94503,51974,149686.7549,47008.9974,100125.9754,111266.2790,48.0167,48.0333,1.9167,481.273,121.81,120.47
96694,53181,153157.5353,48098.9930,102446.4259,113847.3309,48.0173,48.0649,1.6667,493.295,118.78,117.57
98904,54391,156657.3471,49198.1059,104787.1613,116449.1841,48.0175,48.1802,1.7500,505.335,118.10,116.89
101103,55599,160140.3143,50291.9288,107117.4936,119037.7382,48.0172,47.9164,1.9167,517.355,119.89,118.59
103307,56807,163630.6050,51388.0516,109452.3989,121632.0293,48.0171,48.0131,1.9167,529.401,120.16,118.81
105508,58015,167113.7780,52481.9391,111779.3777,124223.8780,48.0184,48.4780,1.9167,541.474,120.21,118.92
107685,59219,170561.7829,53564.7821,114091.5328,126781.7554,48.0158,47.4023,1.7500,553.556,122.49,121.22
109866,60426,174015.4405,54649.4003,116397.9084,129352.4379,48.0175,48.2437,1.9167,565.623,118.93,117.67
112057,61633,177485.9819,55739.3208,118720.9966,131930.7946,48.0168,47.7000,1.7500,577.663,120.13,118.89
114257,62841,180969.9168,56833.4476,121054.8039,134517.5235,48.0154,47.7932,1.8333,589.700,119.71,118.43
116464,64051,184465.4519,57931.2174,123388.4412,137120.0108,48.0173,48.2764,1.9167,601.746,121.69,120.35
118663,65259,187948.0446,59024.9227,125722.5176,139704.6918,48.0155,47.6373,1.6667,613.775,118.49,117.27
120861,66465,191428.9933,60118.1117,128049.7077,142293.3582,48.0160,47.8303,1.7500,625.823,122.19,120.92
123044,67671,194884.4416,61203.2922,130356.9085,144865.7072,48.0177,48.6897,1.8333,637.899,122.11,120.80
125223,68877,198335.9528,62287.2364,132669.6719,147427.7540,48.0161,47.9811,1.7500,649.971,118.81,117.60
127410,70083,201799.3922,63374.9266,134985.1959,150003.3635,48.0166,47.8692,1.7500,662.090,125.39,124.07
129619,71293,205298.7763,64473.9052,137327.3414,152603.3724,48.0161,48.1507,1.9167,674.296,122.20,120.88
131816,72501,208777.5275,65566.4040,139653.2745,155190.2136,48.0165,48.0444,1.7500,686.479,126.48,125.21
134022,73711,212271.1432,66663.5710,141989.3264,157787.9459,48.0168,48.1081,1.7692,698.907,121.79,120.47
136213,74916,215741.2567,67753.3572,144312.3171,160365.8148,48.0161,47.7944,1.9167,711.306,123.54,122.18
138404,76125,219210.6820,68842.9272,146630.5609,162947.0294,48.0170,48.1290,1.7692,723.724,122.70,121.38
140589,77330,222671.0671,69929.6582,148948.2450,165516.5861,48.0160,48.3000,1.8333,736.140,123.66,122.35
142789,78539,226155.8407,71024.0484,151279.7647,168106.5018,48.0158,47.6244,1.8333,748.554,125.11,123.78
144993,79747,229645.0528,72119.8325,153616.1439,170698.0156,48.0150,47.8389,1.8333,761.060,122.99,121.73
147200,80957,233140.5878,73217.6022,155949.7812,173300.5028,48.0166,48.1889,1.9167,773.459,124.28,122.87
149399,82165,236623.1806,74311.3075,158283.8576,175885.1839,48.0151,47.6373,1.6667,785.812,121.63,120.46
151594,83372,240098.3339,75402.6765,160603.9904,178472.4046,48.0166,48.1993,1.9167,798.212,123.02,121.65
153787,84580,243571.5690,76493.4430,162929.9893,181051.7658,48.0157,48.2461,1.8333,810.685,122.32,120.98
155967,85786,247024.4186,77577.8074,165241.1455,183617.0594,48.0152,47.7932,1.9167,822.975,122.78,121.44
158163,86994,250502.9298,78670.2309,167566.2648,186204.3100,48.0158,48.0377,1.8333,835.041,121.88,120.58
160371,88203,254000.2955,79768.5756,169905.2682,188804.4312,48.0159,48.1965,1.9167,847.068,120.17,118.79
162575,89411,257490.5862,80864.6984,172240.1735,191398.7223,48.0159,47.8881,1.9167,859.198,123.44,122.05
164781,90621,260983.3230,81961.5894,174576.8109,193994.7455,48.0158,48.1131,1.9167,871.645,125.56,124.23
166971,91827,264451.0393,83050.6228,176899.4330,196569.7210,48.0149,47.7688,1.6923,884.042,120.92,119.62
169162,93034,267920.4645,84140.1928,179217.6768,199150.9356,48.0157,47.9837,1.9167,896.478,125.77,124.41
171348,94242,271383.1837,85227.6568,181530.9043,201727.6427,48.0166,48.1474,1.7500,908.818,123.64,122.37
173542,95449,274855.7715,86318.2200,183855.9937,204306.9516,48.0159,48.2030,1.9167,920.945,118.94,117.63
175745,96658,278345.6551,87414.2150,186193.3059,206898.5291,48.0151,47.8389,1.7500,933.314,126.08,124.80
177952,97867,281841.0024,88511.9258,188529.1672,209498.7626,48.0158,48.1725,1.9167,945.750,126.03,124.71
180156,99075,285331.2931,89608.0486,190864.0725,212093.0537,48.0157,48.0930,1.7500,958.176,125.46,124.23
181847,100004,288009.0002,90448.9802,192656.3798,214082.4637,48.0154,47.7902,1.8333,967.717,122.11,120.76
