generation,path_length_rings,euclid_distance,effective_rings,global_x,global_y,heading_running,heading_windowed,local_clock,elapsed_s,hop_ms,patch_ms
60,26,102.2350,23.9087,48.0714,-91.0564,-63.8858,NaN,2.3077,0.098,98.03,58.52
79,38,147.2677,34.4400,60.6786,-134.7907,-66.9725,-73.9195,1.5833,0.160,62.47,61.45
101,50,191.2799,44.7327,72.0714,-177.6589,-68.8551,-74.5105,1.8333,0.227,66.35,65.22
121,62,236.6515,55.3433,84.6786,-221.3932,-69.8279,-74.3118,1.6667,0.295,67.91,66.86
143,74,280.8487,65.6793,96.0714,-264.2615,-70.6621,-74.5105,1.8333,0.364,69.20,68.05
163,86,326.3006,76.3087,108.6786,-307.9957,-71.1162,-74.3910,1.6667,0.434,70.17,69.15
185,98,370.5617,86.6596,120.0714,-350.8640,-71.5947,-74.5105,1.8333,0.505,70.51,69.42
205,110,416.0435,97.2960,132.6786,-394.5983,-71.8490,-74.4251,1.6667,0.575,70.52,69.47
225,122,459.4575,107.4488,143.3214,-436.7861,-72.2267,-74.5969,1.6667,0.645,70.12,69.11
247,134,505.8303,118.2936,156.6786,-481.2008,-72.3216,-74.4440,1.8333,0.715,70.10,68.97
267,146,549.2643,128.4510,167.3214,-523.3886,-72.6003,-74.5796,1.6667,0.785,69.79,68.76
289,158,595.6412,139.2967,180.6786,-567.8034,-72.6518,-74.4561,1.8333,0.856,71.13,69.99
309,170,639.0880,149.4572,191.3214,-609.9912,-72.8688,-74.5680,1.6667,0.926,69.88,68.81
331,182,684.5960,160.0997,203.9286,-653.7255,-72.9387,-74.5175,1.8333,0.995,69.21,68.16
351,194,728.9222,170.4659,215.3214,-696.5937,-73.0712,-74.5598,1.6667,1.066,70.38,69.38
373,206,774.4327,181.1089,227.9286,-740.3280,-73.1210,-74.5165,1.8333,1.135,69.34,68.26
393,218,818.7635,191.4762,239.3214,-783.1963,-73.2291,-74.5536,1.6667,1.205,69.85,68.85
415,230,862.8951,201.7968,252.0714,-825.4459,-73.2280,-74.4757,1.8333,1.275,69.57,68.53
435,242,908.6099,212.4876,263.3214,-869.7988,-73.3559,-74.5488,1.6667,1.345,70.68,69.66
457,254,952.7413,222.8082,276.0714,-912.0485,-73.3490,-74.4793,1.8333,1.417,71.39,70.29
477,266,998.2543,233.4519,288.6786,-955.7828,-73.3750,-74.4793,1.6667,1.487,70.86,69.85
499,278,1042.5910,243.8205,300.0714,-998.6510,-73.4491,-74.4793,1.8333,1.559,71.79,70.68
519,290,1088.1047,254.4643,312.6786,-1042.3853,-73.4688,-74.4793,1.6667,1.629,70.17,69.12
541,302,1132.4434,264.8334,324.0714,-1085.2535,-73.5333,-74.4793,1.8333,1.700,70.20,69.13
561,314,1177.9575,275.4773,336.6786,-1128.9878,-73.5482,-74.4793,1.6667,1.769,69.06,68.08
583,326,1222.2978,285.8468,348.0714,-1171.8561,-73.6051,-74.4793,1.8333,1.839,70.20,69.11
603,338,1267.8123,296.4908,360.6786,-1215.5904,-73.6164,-74.4793,1.6667,1.910,71.12,70.09
623,350,1311.2902,306.6585,371.3214,-1257.7782,-73.6902,-74.4793,1.6667,1.980,70.03,69.02
645,362,1357.6687,317.5046,384.6786,-1302.1929,-73.6756,-74.4793,1.8333,2.051,70.94,69.86
665,374,1401.1481,327.6727,395.3214,-1344.3807,-73.7428,-74.4793,1.6667,2.121,70.21,69.19
687,386,1446.6630,338.3168,407.9286,-1388.1150,-73.7484,-74.5157,1.8333,2.192,71.18,69.96
707,398,1491.0071,348.6871,419.3214,-1430.9833,-73.7891,-74.4793,1.6667,2.263,70.57,69.55
729,410,1536.5221,359.3313,431.9286,-1474.7175,-73.7930,-74.4793,1.8333,2.333,70.30,69.17
749,422,1580.8669,369.7018,443.3214,-1517.5858,-73.8301,-74.4793,1.6667,2.403,69.48,68.49
771,434,1626.3820,380.3459,455.9286,-1561.3201,-73.8326,-74.4793,1.8333,2.473,70.45,69.37
791,446,1670.7275,390.7166,467.3214,-1604.1883,-73.8667,-74.4793,1.6667,2.545,71.95,70.90
813,458,1714.8563,401.0365,480.0714,-1646.4380,-73.8497,-74.4793,1.8333,2.615,70.03,68.96
833,470,1760.3714,411.6807,492.6786,-1690.1723,-73.8515,-74.3803,1.6667,2.685,69.46,68.46
855,482,1804.7172,422.0514,504.0714,-1733.0406,-73.8826,-74.4793,1.8333,2.755,69.91,68.84
875,494,1850.2323,432.6956,516.6786,-1776.7748,-73.8835,-74.4793,1.6667,2.824,69.25,68.24
897,506,1894.5786,443.0664,528.0714,-1819.6431,-73.9124,-74.4793,1.8333,2.894,69.99,68.93
917,518,1940.0937,453.7106,540.6786,-1863.3774,-73.9126,-74.4793,1.6667,2.964,70.21,69.21
939,530,1984.4405,464.0815,552.0714,-1906.2456,-73.9395,-74.4793,1.8333,3.035,70.83,69.76
959,542,2029.9556,474.7257,564.6786,-1949.9799,-73.9390,-74.4793,1.6667,3.106,71.45,70.41
979,554,2073.4417,484.8954,575.3214,-1992.1677,-73.9790,-74.5157,1.6667,3.180,73.94,72.85
1001,566,2119.8179,495.7409,588.6786,-2036.5825,-73.9633,-74.4793,1.8333,3.255,75.11,74.00
1021,578,2163.3046,505.9107,599.3214,-2078.7703,-74.0010,-74.4793,1.6667,3.331,75.65,74.62
1043,590,2209.6805,516.7562,612.6786,-2123.1850,-73.9855,-74.4793,1.8333,3.408,77.49,76.40
1063,602,2253.1677,526.9261,623.3214,-2165.3728,-74.0214,-74.4793,1.6667,3.488,79.25,78.17
1085,614,2298.6828,537.5703,635.9286,-2209.1071,-74.0193,-74.4793,1.8333,3.569,81.16,79.97
1105,626,2343.0311,547.9416,647.3214,-2251.9753,-74.0401,-74.4793,1.6667,3.650,80.85,79.79
1127,638,2388.5462,558.5858,659.9286,-2295.7096,-74.0378,-74.4793,1.8333,3.731,80.92,79.78
1147,650,2432.8948,568.9571,671.3214,-2338.5779,-74.0575,-74.4793,1.6667,3.812,80.92,79.83
1169,662,2477.0216,579.2766,684.0714,-2380.8276,-74.0423,-74.4433,1.8333,3.892,80.72,79.60
1189,674,2522.5366,589.9208,696.6786,-2424.5618,-74.0401,-74.3803,1.6667,3.974,81.57,80.49
1211,686,2566.8853,600.2922,708.0714,-2467.4301,-74.0587,-74.4793,1.8333,4.055,81.24,80.09
1231,698,2612.4003,610.9363,720.6786,-2511.1644,-74.0563,-74.4793,1.6667,4.136,80.69,79.54
1253,710,2656.7491,621.3077,732.0714,-2554.0326,-74.0740,-74.4793,1.8333,4.216,80.16,79.01
1273,722,2702.2641,631.9519,744.6786,-2597.7669,-74.0714,-74.4793,1.6667,4.295,79.41,78.30
1295,734,2746.6132,642.3234,756.0714,-2640.6352,-74.0883,-74.4793,1.8333,4.373,77.99,76.86
1315,746,2792.1281,652.9675,768.6786,-2684.3695,-74.0855,-74.4793,1.6667,4.448,75.18,74.14
1337,758,2836.4774,663.3390,780.0714,-2727.2377,-74.1017,-74.4793,1.8333,4.522,73.69,72.59
1357,770,2881.9923,673.9831,792.6786,-2770.9720,-74.0988,-74.4793,1.6667,4.595,72.83,71.79
1377,782,2925.4820,684.1537,803.3214,-2813.1598,-74.1247,-74.4793,1.6667,4.666,71.00,69.98
1399,794,2971.8566,694.9988,816.6786,-2857.5745,-74.1112,-74.4793,1.8333,4.736,69.96,68.92
1419,806,3015.3466,705.1694,827.3214,-2899.7623,-74.1362,-74.4793,1.6667,4.807,71.22,70.22
1441,818,3060.8614,715.8135,839.9286,-2943.4966,-74.1330,-74.5157,1.8333,4.880,72.33,71.26
1461,830,3105.2113,726.1852,851.3214,-2986.3649,-74.1470,-74.4793,1.6667,4.953,73.56,72.55
1483,842,3150.7261,736.8293,863.9286,-3030.0992,-74.1437,-74.4793,1.8333,5.028,75.21,74.10
1503,854,3195.0761,747.2010,875.3214,-3072.9674,-74.1572,-74.4793,1.6667,5.104,75.58,74.53
1525,866,3240.5909,757.8451,887.9286,-3116.7017,-74.1539,-74.4793,1.8333,5.177,73.50,72.38
1545,878,3284.9411,768.2168,899.3214,-3159.5700,-74.1669,-74.4793,1.6667,5.251,73.80,72.73
1567,890,3329.0665,778.5360,912.0714,-3201.8196,-74.1542,-74.4793,1.8333,5.326,74.73,73.61
1587,902,3374.5813,789.1801,924.6786,-3245.5539,-74.1510,-74.4793,1.6667,5.401,75.48,74.45
1609,914,3418.9314,799.5518,936.0714,-3288.4222,-74.1636,-74.4793,1.8333,5.478,76.14,75.05
1629,926,3464.4461,810.1959,948.6786,-3332.1565,-74.1603,-74.4793,1.6667,5.552,74.68,73.63
1651,938,3508.7964,820.5676,960.0714,-3375.0247,-74.1724,-74.4793,1.8333,5.626,73.97,72.83
1671,950,3554.3111,831.2117,972.6786,-3418.7590,-74.1692,-74.4793,1.6667,5.699,72.96,71.92
1693,962,3598.6614,841.5835,984.0714,-3461.6273,-74.1809,-74.4793,1.8333,5.769,70.25,69.19
1713,974,3644.1761,852.2276,996.6786,-3505.3615,-74.1776,-74.4793,1.6667,5.841,71.23,70.23
1733,986,3687.6675,862.3985,1007.3214,-3547.5493,-74.1972,-74.5157,1.6667,5.914,73.10,72.08
1755,998,3734.0412,873.2434,1020.6786,-3591.9641,-74.1856,-74.4793,1.8333,5.988,74.73,73.63
1775,1010,3777.5328,883.4144,1031.3214,-3634.1519,-74.2047,-74.4793,1.6667,6.065,76.21,75.16
1797,1022,3823.9063,894.2593,1044.6786,-3678.5666,-74.1933,-74.4793,1.8333,6.143,78.09,76.96
1817,1034,3867.3981,904.4303,1055.3214,-3720.7544,-74.2118,-74.4793,1.6667,6.222,78.91,77.85
1839,1046,3912.9126,915.0743,1067.9286,-3764.4887,-74.2084,-74.4793,1.8333,6.302,79.99,78.87
1859,1058,3957.2635,925.4462,1079.3214,-3807.3570,-74.2186,-74.4793,1.6667,6.382,80.73,79.68
1881,1070,4002.7780,936.0902,1091.9286,-3851.0913,-74.2152,-74.4793,1.8333,6.463,80.98,79.85
1901,1082,4047.1289,946.4622,1103.3214,-3893.9595,-74.2251,-74.4793,1.6667,6.544,80.67,79.61
1923,1094,4091.2536,956.7812,1116.0714,-3936.2092,-74.2141,-74.4433,1.8333,6.626,82.03,80.88
1943,1106,4136.7681,967.4252,1128.6786,-3979.9435,-74.2108,-74.3803,1.6667,6.708,82.00,80.86
1965,1118,4181.1190,977.7971,1140.0714,-4022.8117,-74.2205,-74.4793,1.8333,6.789,80.65,79.47
1985,1130,4226.6335,988.4411,1152.6786,-4066.5460,-74.2172,-74.4793,1.6667,6.869,80.72,79.54
2007,1142,4270.9844,998.8130,1164.0714,-4109.4143,-74.2266,-74.4793,1.8333,6.952,82.10,80.90
2027,1154,4316.4989,1009.4571,1176.6786,-4153.1485,-74.2233,-74.4793,1.6667,7.032,80.80,79.73
2049,1166,4360.8499,1019.8290,1188.0714,-4196.0168,-74.2324,-74.4793,1.8333,7.114,81.60,80.46
2069,1178,4406.3644,1030.4730,1200.6786,-4239.7511,-74.2292,-74.4793,1.6667,7.195,80.90,79.83
2091,1190,4450.7154,1040.8450,1212.0714,-4282.6193,-74.2380,-74.4793,1.8333,7.275,80.47,79.33
2111,1202,4496.2299,1051.4890,1224.6786,-4326.3536,-74.2348,-74.4793,1.6667,7.355,80.15,79.09
2131,1214,4539.7225,1061.6602,1235.3214,-4368.5414,-74.2502,-74.4793,1.6667,7.436,80.46,79.31
2153,1226,4586.0954,1072.5049,1248.6786,-4412.9562,-74.2402,-74.4793,1.8333,7.517,81.60,80.41
2173,1238,4629.5882,1082.6762,1259.3214,-4455.1440,-74.2552,-74.4793,1.6667,7.599,81.35,80.25
2195,1250,4675.1025,1093.3202,1271.9286,-4498.8783,-74.2520,-74.5157,1.8333,7.679,80.61,79.44
2215,1262,4719.4539,1103.6922,1283.3214,-4541.7465,-74.2601,-74.4793,1.6667,7.761,81.43,80.33
2237,1274,4764.9682,1114.3362,1295.9286,-4585.4808,-74.2568,-74.4793,1.8333,7.842,81.52,80.40
2257,1286,4809.3196,1124.7082,1307.3214,-4628.3491,-74.2648,-74.4793,1.6667,7.923,81.08,79.99
2279,1298,4854.8339,1135.3522,1319.9286,-4672.0833,-74.2615,-74.4793,1.8333,8.004,80.70,79.55
2299,1310,4899.1853,1145.7242,1331.3214,-4714.9516,-74.2693,-74.4793,1.6667,8.086,81.59,80.52
2321,1322,4943.3094,1156.0431,1344.0714,-4757.2013,-74.2598,-74.4793,1.8333,8.168,81.78,80.63
2341,1334,4988.8238,1166.6871,1356.6786,-4800.9355,-74.2567,-74.4793,1.6667,8.248,80.65,79.58
2363,1346,5033.1751,1177.0591,1368.0714,-4843.8038,-74.2643,-74.4793,1.8333,8.329,80.46,79.35
2383,1358,5078.6895,1187.7031,1380.6786,-4887.5381,-74.2612,-74.4793,1.6667,8.409,80.65,79.58
2405,1370,5123.0409,1198.0751,1392.0714,-4930.4063,-74.2686,-74.4793,1.8333,8.490,80.74,79.60
2425,1382,5168.5552,1208.7191,1404.6786,-4974.1406,-74.2655,-74.4793,1.6667,8.570,80.44,79.35
2447,1394,5212.9067,1219.0911,1416.0714,-5017.0089,-74.2728,-74.4793,1.8333,8.653,82.32,81.13
2467,1406,5258.4210,1229.7351,1428.6786,-5060.7432,-74.2697,-74.4793,1.6667,8.733,80.34,79.26
2487,1418,5301.9143,1239.9064,1439.3214,-5102.9310,-74.2826,-74.5157,1.6667,8.813,80.25,79.19
2509,1430,5348.2867,1250.7511,1452.6786,-5147.3457,-74.2738,-74.4793,1.8333,8.895,81.52,80.36
2529,1442,5391.7801,1260.9225,1463.3214,-5189.5335,-74.2864,-74.4793,1.6667,8.977,82.21,81.11
2551,1454,5438.1526,1271.7672,1476.6786,-5233.9482,-74.2777,-74.4793,1.8333,9.059,81.80,80.64
2571,1466,5481.6460,1281.9385,1487.3214,-5276.1361,-74.2901,-74.4793,1.6667,9.142,83.11,82.01
2593,1478,5527.1602,1292.5825,1499.9286,-5319.8703,-74.2870,-74.4793,1.8333,9.226,83.81,82.62
2613,1490,5571.5120,1302.9546,1511.3214,-5362.7386,-74.2936,-74.4793,1.6667,9.308,82.31,81.17
2635,1502,5617.0261,1313.5986,1523.9286,-5406.4729,-74.2906,-74.4793,1.8333,9.390,82.12,80.94
2655,1514,5661.3779,1323.9707,1535.3214,-5449.3411,-74.2971,-74.4793,1.6667,9.472,82.17,80.97
2677,1526,5705.5016,1334.2894,1548.0714,-5491.5908,-74.2886,-74.4433,1.8333,9.554,81.86,80.69
2697,1538,5751.0158,1344.9334,1560.6786,-5535.3251,-74.2857,-74.3803,1.6667,9.637,82.61,81.53
2719,1550,5795.3675,1355.3055,1572.0714,-5578.1933,-74.2921,-74.4793,1.8333,9.718,81.30,80.14
2739,1562,5840.8816,1365.9494,1584.6786,-5621.9276,-74.2892,-74.4793,1.6667,9.799,81.10,79.97
2761,1574,5885.2334,1376.3215,1596.0714,-5664.7959,-74.2954,-74.4793,1.8333,9.882,82.98,81.84
2781,1586,5930.7475,1386.9655,1608.6786,-5708.5302,-74.2925,-74.4793,1.6667,9.964,81.77,80.65
2803,1598,5975.0993,1397.3376,1620.0714,-5751.3984,-74.2987,-74.4793,1.8333,10.045,80.95,79.80
2823,1610,6020.6135,1407.9815,1632.6786,-5795.1327,-74.2958,-74.4793,1.6667,10.127,81.90,80.81
2845,1622,6064.9653,1418.3537,1644.0714,-5838.0010,-74.3018,-74.4793,1.8333,10.208,80.96,79.83
2865,1634,6110.4794,1428.9976,1656.6786,-5881.7352,-74.2989,-74.4793,1.6667,10.289,80.64,79.56
2885,1646,6153.9733,1439.1691,1667.3214,-5923.9231,-74.3098,-74.4793,1.6667,10.369,80.76,79.66
2907,1658,6200.3454,1450.0137,1680.6786,-5968.3378,-74.3020,-74.4793,1.8333,10.450,80.60,79.44
2927,1670,6243.8394,1460.1852,1691.3214,-6010.5256,-74.3127,-74.4793,1.6667,10.531,81.58,80.49
2949,1682,6289.3534,1470.8291,1703.9286,-6054.2599,-74.3099,-74.5157,1.8333,10.613,81.43,80.22
2969,1694,6333.7054,1481.2013,1715.3214,-6097.1281,-74.3155,-74.4793,1.6667,10.694,80.86,79.73
2991,1706,6379.2195,1491.8452,1727.9286,-6140.8624,-74.3127,-74.4793,1.8333,10.775,81.33,79.98
3011,1718,6423.5714,1502.2174,1739.3214,-6183.7307,-74.3183,-74.4793,1.6667,10.858,82.44,81.33
3033,1730,6469.0855,1512.8613,1751.9286,-6227.4650,-74.3155,-74.4793,1.8333,10.940,82.45,81.27
3053,1742,6513.4375,1523.2335,1763.3214,-6270.3332,-74.3209,-74.4793,1.6667,11.021,81.12,80.04
3075,1754,6557.5608,1533.5521,1776.0714,-6312.5829,-74.3134,-74.4793,1.8333,11.102,81.37,80.19
3095,1766,6603.0749,1544.1961,1788.6786,-6356.3172,-74.3107,-74.4793,1.6667,11.183,80.99,79.90
3117,1778,6647.4269,1554.5682,1800.0714,-6399.1854,-74.3161,-74.4793,1.8333,11.266,82.52,81.37
3137,1790,6692.9409,1565.2121,1812.6786,-6442.9197,-74.3134,-74.4793,1.6667,11.348,82.36,81.27
3159,1802,6737.2929,1575.5843,1824.0714,-6485.7880,-74.3187,-74.4793,1.8333,11.430,81.30,80.16
3179,1814,6782.8070,1586.2282,1836.6786,-6529.5222,-74.3160,-74.4793,1.6667,11.511,80.97,79.87
3201,1826,6827.1590,1596.6004,1848.0714,-6572.3905,-74.3212,-74.4793,1.8333,11.592,81.00,79.82
3221,1838,6872.6730,1607.2443,1860.6786,-6616.1248,-74.3185,-74.4793,1.6667,11.674,82.57,81.45
3241,1850,6916.1673,1617.4159,1871.3214,-6658.3126,-74.3281,-74.5157,1.6667,11.756,81.50,80.34
3263,1862,6962.5391,1628.2604,1884.6786,-6702.7273,-74.3210,-74.4793,1.8333,11.839,82.89,81.70
3283,1874,7006.0334,1638.4320,1895.3214,-6744.9151,-74.3305,-74.4793,1.6667,11.921,82.04,80.91
3305,1886,7052.4052,1649.2765,1908.6786,-6789.3299,-74.3234,-74.4793,1.8333,12.003,81.99,80.83
3325,1898,7095.8996,1659.4481,1919.3214,-6831.5177,-74.3327,-74.4793,1.6667,12.084,81.35,80.26
3347,1910,7141.4135,1670.0920,1931.9286,-6875.2520,-74.3301,-74.4793,1.8333,12.166,81.80,80.64
3367,1922,7185.7657,1680.4642,1943.3214,-6918.1202,-74.3350,-74.4793,1.6667,12.248,81.87,80.79
3389,1934,7231.2796,1691.1081,1955.9286,-6961.8545,-74.3323,-74.4793,1.8333,12.330,81.94,80.75
3409,1946,7275.6319,1701.4803,1967.3214,-7004.7228,-74.3371,-74.4793,1.6667,12.411,81.33,80.21
3431,1958,7319.7549,1711.7990,1980.0714,-7046.9724,-74.3303,-74.4433,1.8333,12.493,82.14,80.98
3451,1970,7365.2689,1722.4429,1992.6786,-7090.7067,-74.3278,-74.3803,1.6667,12.574,81.50,80.41
3473,1982,7409.6210,1732.8151,2004.0714,-7133.5750,-74.3325,-74.4793,1.8333,12.656,81.97,80.81
3493,1994,7455.1350,1743.4590,2016.6786,-7177.3093,-74.3300,-74.4793,1.6667,12.739,82.88,81.76
3515,2006,7499.4872,1753.8312,2028.0714,-7220.1775,-74.3346,-74.4793,1.8333,12.821,81.41,80.25
3535,2018,7545.0011,1764.4751,2040.6786,-7263.9118,-74.3321,-74.4793,1.6667,12.902,81.64,80.52
3557,2030,7589.3533,1774.8473,2052.0714,-7306.7800,-74.3367,-74.4793,1.8333,12.983,80.69,79.53
3577,2042,7634.8673,1785.4912,2064.6786,-7350.5143,-74.3342,-74.4793,1.6667,13.063,80.02,78.97
3599,2054,7679.2195,1795.8634,2076.0714,-7393.3826,-74.3387,-74.4793,1.8333,13.143,79.85,78.73
3619,2066,7724.7334,1806.5073,2088.6786,-7437.1169,-74.3363,-74.4793,1.6667,13.223,80.16,79.10
3639,2078,7768.2280,1816.6789,2099.3214,-7479.3047,-74.3447,-74.4793,1.6667,13.304,80.56,79.48
3661,2090,7814.5996,1827.5234,2112.6786,-7523.7194,-74.3383,-74.4793,1.8333,13.386,81.86,80.70
3681,2102,7858.0942,1837.6951,2123.3214,-7565.9072,-74.3466,-74.4793,1.6667,13.467,81.19,80.13
3703,2114,7903.6081,1848.3390,2135.9286,-7609.6415,-74.3441,-74.5157,1.8333,13.548,80.83,79.69
3723,2126,7947.9604,1858.7112,2147.3214,-7652.5098,-74.3485,-74.4793,1.6667,13.628,80.73,79.65
3745,2138,7993.4743,1869.3551,2159.9286,-7696.2440,-74.3460,-74.4793,1.8333,13.711,82.79,81.62
3765,2150,8037.8267,1879.7273,2171.3214,-7739.1123,-74.3503,-74.4793,1.6667,13.792,81.41,80.28
3787,2162,8083.3405,1890.3712,2183.9286,-7782.8466,-74.3478,-74.4793,1.8333,13.875,82.78,81.53
3807,2174,8127.6929,1900.7434,2195.3214,-7825.7148,-74.3520,-74.4793,1.6667,13.957,81.75,80.64
3829,2186,8171.8157,1911.0620,2208.0714,-7867.9645,-74.3459,-74.4793,1.8333,14.039,82.02,80.87
3849,2198,8217.3296,1921.7059,2220.6786,-7911.6988,-74.3435,-74.4793,1.6667,14.120,81.20,80.11
3871,2210,8261.6819,1932.0781,2232.0714,-7954.5671,-74.3476,-74.4793,1.8333,14.203,82.31,81.13
3891,2222,8307.1958,1942.7220,2244.6786,-7998.3013,-74.3453,-74.4793,1.6667,14.286,83.14,82.02
3913,2234,8351.5481,1953.0943,2256.0714,-8041.1696,-74.3494,-74.4793,1.8333,14.368,81.99,80.81
3933,2246,8397.0620,1963.7381,2268.6786,-8084.9039,-74.3471,-74.4793,1.6667,14.450,82.32,81.20
3955,2258,8441.4143,1974.1104,2280.0714,-8127.7721,-74.3511,-74.4793,1.8333,14.531,81.30,80.10
3975,2270,8486.9282,1984.7543,2292.6786,-8171.5064,-74.3488,-74.4793,1.6667,14.612,80.87,79.76
3995,2282,8530.4231,1994.9260,2303.3214,-8213.6942,-74.3564,-74.5157,1.6667,14.694,81.60,80.52
4017,2294,8576.7944,2005.7704,2316.6786,-8258.1090,-74.3505,-74.4793,1.8333,14.775,80.80,79.65
4037,2306,8620.2893,2015.9421,2327.3214,-8300.2968,-74.3580,-74.4793,1.6667,14.856,81.71,80.60
4059,2318,8666.6606,2026.7865,2340.6786,-8344.7115,-74.3522,-74.4793,1.8333,14.937,80.54,79.38
4079,2330,8710.1556,2036.9583,2351.3214,-8386.8993,-74.3596,-74.4793,1.6667,15.019,81.77,80.65
4101,2342,8755.6694,2047.6021,2363.9286,-8430.6336,-74.3573,-74.4793,1.8333,15.100,80.97,79.82
4121,2354,8800.0218,2057.9744,2375.3214,-8473.5018,-74.3611,-74.4793,1.6667,15.181,81.53,80.43
4143,2366,8845.5356,2068.6183,2387.9286,-8517.2361,-74.3589,-74.4793,1.8333,15.263,81.75,80.59
4163,2378,8889.8881,2078.9905,2399.3214,-8560.1044,-74.3626,-74.4793,1.6667,15.345,81.75,80.67
4185,2390,8934.0107,2089.3091,2412.0714,-8602.3541,-74.3569,-74.4433,1.8333,15.426,81.20,80.06
4205,2402,8979.5246,2099.9529,2424.6786,-8646.0883,-74.3547,-74.3803,1.6667,15.506,80.62,79.54
4227,2414,9023.8770,2110.3252,2436.0714,-8688.9566,-74.3585,-74.4793,1.8333,15.586,79.74,78.60
4247,2426,9069.3908,2120.9691,2448.6786,-8732.6909,-74.3563,-74.4793,1.6667,15.666,80.29,79.23
4269,2438,9113.7432,2131.3413,2460.0714,-8775.5591,-74.3600,-74.4793,1.8333,15.745,78.33,77.17
4289,2450,9159.2570,2141.9852,2472.6786,-8819.2934,-74.3578,-74.4793,1.6667,15.824,78.92,77.82
4311,2462,9203.6095,2152.3575,2484.0714,-8862.1617,-74.3614,-74.4793,1.8333,15.902,78.69,77.54
4331,2474,9249.1233,2163.0013,2496.6786,-8905.8960,-74.3593,-74.4793,1.6667,15.981,78.71,77.61
4353,2486,9293.4758,2173.3736,2508.0714,-8948.7642,-74.3629,-74.4793,1.8333,16.059,77.82,76.67
4373,2498,9338.9896,2184.0175,2520.6786,-8992.4985,-74.3607,-74.4793,1.6667,16.136,76.62,75.59
4393,2510,9382.4847,2194.1892,2531.3214,-9034.6863,-74.3676,-74.4793,1.6667,16.213,77.27,76.22
4415,2522,9428.8558,2205.0336,2544.6786,-9079.1010,-74.3621,-74.4793,1.8333,16.290,77.32,76.21
4435,2534,9472.3509,2215.2054,2555.3214,-9121.2888,-74.3689,-74.4793,1.6667,16.367,76.99,75.95
4457,2546,9517.8647,2225.8492,2567.9286,-9165.0231,-74.3668,-74.5157,1.8333,16.445,77.84,76.72
4477,2558,9562.2172,2236.2215,2579.3214,-9207.8914,-74.3703,-74.4793,1.6667,16.523,78.48,77.41
4499,2570,9607.7310,2246.8654,2591.9286,-9251.6257,-74.3681,-74.4793,1.8333,16.604,80.37,79.21
4519,2582,9652.0835,2257.2377,2603.3214,-9294.4939,-74.3716,-74.4793,1.6667,16.684,80.68,79.59
4541,2594,9697.5973,2267.8815,2615.9286,-9338.2282,-74.3694,-74.4793,1.8333,16.765,80.45,79.30
4561,2606,9741.9499,2278.2538,2627.3214,-9381.0965,-74.3728,-74.4793,1.6667,16.846,80.69,79.61
4583,2618,9786.0723,2288.5723,2640.0714,-9423.3461,-74.3676,-74.4793,1.8333,16.927,81.23,80.08
4603,2630,9831.5861,2299.2162,2652.6786,-9467.0804,-74.3655,-74.4793,1.6667,17.009,81.91,80.80
4625,2642,9875.9386,2309.5885,2664.0714,-9509.9487,-74.3689,-74.4793,1.8333,17.091,82.18,80.97
4645,2654,9921.4524,2320.2323,2676.6786,-9553.6830,-74.3668,-74.4793,1.6667,17.171,80.13,79.04
4667,2666,9965.8049,2330.6046,2688.0714,-9596.5512,-74.3702,-74.4793,1.8333,17.252,81.00,79.84
4687,2678,10011.3187,2341.2484,2700.6786,-9640.2855,-74.3681,-74.4793,1.6667,17.333,80.94,79.84
4709,2690,10055.6712,2351.6207,2712.0714,-9683.1538,-74.3714,-74.4793,1.8333,17.414,80.85,79.68
4729,2702,10101.1850,2362.2646,2724.6786,-9726.8880,-74.3694,-74.4793,1.6667,17.494,80.40,79.27
4749,2714,10144.6802,2372.4364,2735.3214,-9769.0758,-74.3757,-74.5157,1.6667,17.576,81.86,80.76
4771,2726,10191.0513,2383.2807,2748.6786,-9813.4906,-74.3706,-74.4793,1.8333,17.656,79.88,78.73
4791,2738,10234.5465,2393.4526,2759.3214,-9855.6784,-74.3769,-74.4793,1.6667,17.737,80.91,79.77
4813,2750,10280.9176,2404.2969,2772.6786,-9900.0931,-74.3719,-74.4793,1.8333,17.817,79.70,78.55
4833,2762,10324.4129,2414.4687,2783.3214,-9942.2809,-74.3780,-74.4793,1.6667,17.897,80.90,79.82
4855,2774,10369.9266,2425.1125,2795.9286,-9986.0152,-74.3760,-74.4793,1.8333,17.980,82.33,81.15
4875,2786,10414.2792,2435.4849,2807.3214,-10028.8835,-74.3792,-74.4793,1.6667,18.062,82.55,81.42
4897,2798,10459.7929,2446.1287,2819.9286,-10072.6178,-74.3772,-74.4793,1.8333,18.144,81.21,80.04
4917,2810,10504.1455,2456.5010,2831.3214,-10115.4860,-74.3803,-74.4793,1.6667,18.226,82.19,81.09
4939,2822,10548.2679,2466.8195,2844.0714,-10157.7357,-74.3754,-74.4433,1.8333,18.307,80.97,79.82
4959,2834,10593.7816,2477.4633,2856.6786,-10201.4700,-74.3734,-74.3803,1.6667,18.388,81.51,80.42
4981,2846,10638.1342,2487.8356,2868.0714,-10244.3382,-74.3765,-74.4793,1.8333,18.470,81.61,80.44
5001,2858,10683.6479,2498.4795,2880.6786,-10288.0725,-74.3746,-74.4793,1.6667,18.551,81.39,80.30
5023,2870,10728.0006,2508.8518,2892.0714,-10330.9408,-74.3777,-74.4793,1.8333,18.632,80.97,79.72
5043,2882,10773.5142,2519.4956,2904.6786,-10374.6750,-74.3757,-74.4793,1.6667,18.714,81.45,80.30
5065,2894,10817.8669,2529.8679,2916.0714,-10417.5433,-74.3788,-74.4793,1.8333,18.795,81.23,80.09
5085,2906,10863.3806,2540.5118,2928.6786,-10461.2776,-74.3768,-74.4793,1.6667,18.876,80.84,79.74
5107,2918,10907.7332,2550.8841,2940.0714,-10504.1458,-74.3799,-74.4793,1.8333,18.958,82.01,80.86
5127,2930,10953.2469,2561.5279,2952.6786,-10547.8801,-74.3779,-74.4793,1.6667,19.040,82.11,80.98
5147,2942,10996.7423,2571.6998,2963.3214,-10590.0679,-74.3837,-74.4793,1.6667,19.120,80.29,79.23
5169,2954,11043.1132,2582.5441,2976.6786,-10634.4827,-74.3790,-74.4793,1.8333,19.201,80.91,79.76
5189,2966,11086.6087,2592.7159,2987.3214,-10676.6705,-74.3848,-74.4793,1.6667,19.281,80.45,79.37
5211,2978,11132.1223,2603.3598,2999.9286,-10720.4048,-74.3829,-74.5157,1.8333,19.362,80.12,79.01
5231,2990,11176.4750,2613.7321,3011.3214,-10763.2730,-74.3858,-74.4793,1.6667,19.444,82.34,81.25
5253,3002,11221.9887,2624.3759,3023.9286,-10807.0073,-74.3839,-74.4793,1.8333,19.526,82.43,81.26
5273,3014,11266.3414,2634.7482,3035.3214,-10849.8756,-74.3868,-74.4793,1.6667,19.608,81.89,80.76
5295,3026,11311.8550,2645.3921,3047.9286,-10893.6098,-74.3849,-74.4793,1.8333,19.690,81.82,80.69
5315,3038,11356.2077,2655.7644,3059.3214,-10936.4781,-74.3877,-74.4793,1.6667,19.771,81.05,79.96
5337,3050,11400.3300,2666.0828,3072.0714,-10978.7278,-74.3832,-74.4793,1.8333,19.853,81.51,80.37
5357,3062,11445.8436,2676.7267,3084.6786,-11022.4620,-74.3813,-74.4793,1.6667,19.933,80.67,79.61
5379,3074,11490.1963,2687.0990,3096.0714,-11065.3303,-74.3842,-74.4793,1.8333,20.014,80.80,79.66
5399,3086,11535.7100,2697.7428,3108.6786,-11109.0646,-74.3823,-74.4793,1.6667,20.095,80.58,79.47
5421,3098,11580.0627,2708.1152,3120.0714,-11151.9328,-74.3851,-74.4793,1.8333,20.175,80.40,79.28
5441,3110,11625.5763,2718.7590,3132.6786,-11195.6671,-74.3833,-74.4793,1.6667,20.256,80.94,79.84
5463,3122,11669.9290,2729.1313,3144.0714,-11238.5354,-74.3861,-74.4793,1.8333,20.336,80.22,79.09
5483,3134,11715.4427,2739.7751,3156.6786,-11282.2697,-74.3843,-74.4793,1.6667,20.417,80.96,79.86
5503,3146,11758.9382,2749.9470,3167.3214,-11324.4575,-74.3897,-74.5157,1.6667,20.498,80.84,79.74
5525,3158,11805.3090,2760.7913,3180.6786,-11368.8722,-74.3853,-74.4793,1.8333,20.579,80.68,79.55
5545,3170,11848.8046,2770.9632,3191.3214,-11411.0600,-74.3906,-74.4793,1.6667,20.659,80.20,79.08
5567,3182,11895.1754,2781.8075,3204.6786,-11455.4747,-74.3862,-74.4793,1.8333,20.740,80.87,79.71
5587,3194,11938.6710,2791.9793,3215.3214,-11497.6626,-74.3915,-74.4793,1.6667,20.821,80.87,79.79
5609,3206,11984.1846,2802.6232,3227.9286,-11541.3968,-74.3897,-74.4793,1.8333,20.901,80.05,78.93
5629,3218,12028.5373,2812.9955,3239.3214,-11584.2651,-74.3924,-74.4793,1.6667,20.981,80.43,79.35
5651,3230,12074.0509,2823.6393,3251.9286,-11627.9994,-74.3906,-74.4793,1.8333,21.062,80.40,79.24
5671,3242,12118.4037,2834.0117,3263.3214,-11670.8676,-74.3933,-74.4793,1.6667,21.142,80.61,79.47
5693,3254,12162.5259,2844.3301,3276.0714,-11713.1173,-74.3890,-74.4433,1.8333,21.223,80.63,79.48
5713,3266,12208.0395,2854.9739,3288.6786,-11756.8516,-74.3872,-74.3803,1.6667,21.304,81.03,79.97
5735,3278,12252.3923,2865.3462,3300.0714,-11799.7198,-74.3899,-74.4793,1.8333,21.385,81.34,80.20
5755,3290,12297.9059,2875.9901,3312.6786,-11843.4541,-74.3881,-74.4793,1.6667,21.467,81.60,80.51
5777,3302,12342.2586,2886.3624,3324.0714,-11886.3224,-74.3907,-74.4793,1.8333,21.549,81.88,80.74
5797,3314,12387.7722,2897.0062,3336.6786,-11930.0567,-74.3890,-74.4793,1.6667,21.629,80.66,79.59
5819,3326,12432.1250,2907.3786,3348.0714,-11972.9249,-74.3916,-74.4793,1.8333,21.711,81.72,80.58
5839,3338,12477.6386,2918.0224,3360.6786,-12016.6592,-74.3899,-74.4793,1.6667,21.791,80.15,79.08
5859,3350,12521.1342,2928.1943,3371.3214,-12058.8470,-74.3949,-74.5157,1.6667,21.872,81.08,80.00
5881,3362,12567.5050,2939.0385,3384.6786,-12103.2617,-74.3907,-74.4793,1.8333,21.953,80.57,79.44
5901,3374,12611.0006,2949.2105,3395.3214,-12145.4496,-74.3957,-74.4793,1.6667,22.033,80.68,79.60
5923,3386,12657.3713,2960.0547,3408.6786,-12189.8643,-74.3916,-74.4793,1.8333,22.113,79.92,78.81
5943,3398,12700.8670,2970.2266,3419.3214,-12232.0521,-74.3966,-74.4793,1.6667,22.194,80.17,79.07
5965,3410,12746.3806,2980.8704,3431.9286,-12275.7864,-74.3949,-74.5157,1.8333,22.275,81.50,80.35
5985,3422,12790.7334,2991.2428,3443.3214,-12318.6546,-74.3974,-74.4793,1.6667,22.357,82.21,81.12
6007,3434,12836.2470,3001.8866,3455.9286,-12362.3889,-74.3957,-74.4793,1.8333,22.438,81.11,79.97
6027,3446,12880.5998,3012.2590,3467.3214,-12405.2572,-74.3981,-74.4793,1.6667,22.520,81.68,80.61
6049,3458,12924.7219,3022.5774,3480.0714,-12447.5068,-74.3941,-74.4433,1.8333,22.601,80.84,79.72
6069,3470,12970.4662,3033.2751,3491.3214,-12491.8597,-74.3989,-74.4793,1.6667,22.682,81.08,80.00
6091,3482,13014.5883,3043.5935,3504.0714,-12534.1094,-74.3949,-74.4793,1.8333,22.762,80.08,78.97
6111,3494,13060.1019,3054.2373,3516.6786,-12577.8437,-74.3932,-74.4793,1.6667,22.842,80.19,79.10
6133,3506,13104.4547,3064.6097,3528.0714,-12620.7119,-74.3957,-74.4793,1.8333,22.923,80.24,79.11
6153,3518,13149.9682,3075.2535,3540.6786,-12664.4462,-74.3940,-74.4793,1.6667,23.002,79.27,78.22
6175,3530,13194.3211,3085.6259,3552.0714,-12707.3145,-74.3965,-74.4793,1.8333,23.082,80.69,79.57
6195,3542,13239.8346,3096.2697,3564.6786,-12751.0488,-74.3948,-74.4793,1.6667,23.163,80.07,78.96
6217,3554,13284.1874,3106.6420,3576.0714,-12793.9170,-74.3972,-74.4793,1.8333,23.242,79.37,78.20
6237,3566,13329.7010,3117.2858,3588.6786,-12837.6513,-74.3956,-74.4793,1.6667,23.322,79.96,78.88
6257,3578,13373.1968,3127.4577,3599.3214,-12879.8391,-74.4003,-74.4793,1.6667,23.401,78.82,77.74
6279,3590,13419.5674,3138.3020,3612.6786,-12924.2538,-74.3964,-74.4793,1.8333,23.479,77.89,76.76
6299,3602,13463.0632,3148.4739,3623.3214,-12966.4416,-74.4010,-74.4793,1.6667,23.557,78.66,77.59
6321,3614,13509.4338,3159.3182,3636.6786,-13010.8564,-74.3971,-74.4793,1.8333,23.635,77.43,76.29
6341,3626,13552.9296,3169.4901,3647.3214,-13053.0442,-74.4018,-74.4793,1.6667,23.712,77.18,76.12
6363,3638,13598.4431,3180.1339,3659.9286,-13096.7785,-74.4001,-74.4793,1.8333,23.789,77.21,76.10
6383,3650,13642.7960,3190.5063,3671.3214,-13139.6467,-74.4025,-74.4793,1.6667,23.866,77.41,76.34
6405,3662,13688.3095,3201.1501,3683.9286,-13183.3810,-74.4009,-74.4793,1.8333,23.944,77.98,76.81
6425,3674,13732.6624,3211.5224,3695.3214,-13226.2493,-74.4032,-74.4793,1.6667,24.023,78.80,77.59
6447,3686,13776.7844,3221.8408,3708.0714,-13268.4989,-74.3994,-74.4793,1.8333,24.103,79.95,78.77
6467,3698,13822.2979,3232.4846,3720.6786,-13312.2332,-74.3978,-74.3803,1.6667,24.183,79.70,78.63
6489,3710,13866.6508,3242.8570,3732.0714,-13355.1015,-74.4001,-74.4793,1.8333,24.263,79.92,78.78
6509,3722,13912.1643,3253.5008,3744.6786,-13398.8358,-74.3985,-74.4793,1.6667,24.343,80.27,79.15
6531,3734,13956.5172,3263.8731,3756.0714,-13441.7040,-74.4008,-74.4793,1.8333,24.423,80.35,79.23
6551,3746,14002.0307,3274.5170,3768.6786,-13485.4383,-74.3992,-74.4793,1.6667,24.503,79.75,78.71
6573,3758,14046.3836,3284.8893,3780.0714,-13528.3066,-74.4015,-74.4793,1.8333,24.585,81.59,80.44
6593,3770,14091.8971,3295.5331,3792.6786,-13572.0408,-74.3999,-74.4793,1.6667,24.665,80.26,79.18
6613,3782,14135.3930,3305.7051,3803.3214,-13614.2286,-74.4044,-74.5157,1.6667,24.745,79.80,78.72
6635,3794,14181.7635,3316.5493,3816.6786,-13658.6434,-74.4006,-74.4793,1.8333,24.825,80.04,78.95
6655,3806,14225.2594,3326.7212,3827.3214,-13700.8312,-74.4050,-74.4793,1.6667,24.904,79.15,78.09
6677,3818,14271.6299,3337.5655,3840.6786,-13745.2459,-74.4013,-74.4793,1.8333,24.983,79.09,77.98
6697,3830,14315.1258,3347.7374,3851.3214,-13787.4337,-74.4057,-74.4793,1.6667,25.063,79.48,78.44
6719,3842,14360.6393,3358.3812,3863.9286,-13831.1680,-74.4042,-74.5157,1.8333,25.142,79.47,78.31
6739,3854,14404.9922,3368.7536,3875.3214,-13874.0363,-74.4064,-74.4793,1.6667,25.224,82.01,80.93
6761,3866,14450.5057,3379.3974,3887.9286,-13917.7705,-74.4048,-74.4793,1.8333,25.304,80.26,79.11
6781,3878,14494.8586,3389.7698,3899.3214,-13960.6388,-74.4070,-74.4793,1.6667,25.384,80.00,78.88
6803,3890,14538.9806,3400.0881,3912.0714,-14002.8885,-74.4034,-74.4433,1.8333,25.464,79.95,78.81
6823,3902,14584.7250,3410.7859,3923.3214,-14047.2413,-74.4076,-74.4793,1.6667,25.545,80.86,79.75
6845,3914,14628.8470,3421.1043,3936.0714,-14089.4910,-74.4040,-74.4793,1.8333,25.626,80.81,79.66
6865,3926,14674.3605,3431.7481,3948.6786,-14133.2253,-74.4025,-74.4793,1.6667,25.706,79.87,78.83
6887,3938,14718.7134,3442.1205,3960.0714,-14176.0936,-74.4047,-74.4793,1.8333,25.787,81.03,79.91
6907,3950,14764.2269,3452.7643,3972.6786,-14219.8278,-74.4032,-74.4793,1.6667,25.866,79.25,78.20
6929,3962,14808.5798,3463.1366,3984.0714,-14262.6961,-74.4053,-74.4793,1.8333,25.945,79.02,77.92
6949,3974,14854.0933,3473.7804,3996.6786,-14306.4304,-74.4038,-74.4793,1.6667,26.023,77.94,76.90
6971,3986,14898.4462,3484.1528,4008.0714,-14349.2986,-74.4059,-74.4793,1.8333,26.101,77.55,76.45
6991,3998,14943.9597,3494.7966,4020.6786,-14393.0329,-74.4045,-74.4793,1.6667,26.178,77.86,76.79
7011,4010,14987.4556,3504.9686,4031.3214,-14435.2207,-74.4086,-74.4793,1.6667,26.257,78.90,77.74
7033,4022,15033.8261,3515.8128,4044.6786,-14479.6355,-74.4051,-74.4793,1.8333,26.334,76.88,75.79
7053,4034,15077.3221,3525.9847,4055.3214,-14521.8233,-74.4092,-74.4793,1.6667,26.413,78.34,77.29
7075,4046,15123.6926,3536.8290,4068.6786,-14566.2380,-74.4057,-74.4793,1.8333,26.490,77.22,76.10
7095,4058,15167.1885,3547.0009,4079.3214,-14608.4258,-74.4098,-74.4793,1.6667,26.568,77.99,76.91
7117,4070,15212.7020,3557.6447,4091.9286,-14652.1601,-74.4084,-74.4793,1.8333,26.646,77.97,76.83
7137,4082,15257.0549,3568.0171,4103.3214,-14695.0283,-74.4104,-74.4793,1.6667,26.723,77.24,76.19
7159,4094,15302.5684,3578.6609,4115.9286,-14738.7626,-74.4090,-74.4793,1.8333,26.800,77.13,76.02
7179,4106,15346.9214,3589.0333,4127.3214,-14781.6309,-74.4110,-74.4793,1.6667,26.877,76.98,75.94
7201,4118,15391.0432,3599.3516,4140.0714,-14823.8806,-74.4076,-74.4793,1.8333,26.955,77.57,76.42
7221,4130,15436.5567,3609.9954,4152.6786,-14867.6148,-74.4061,-74.3803,1.6667,27.034,79.23,78.13
7243,4142,15480.9097,3620.3678,4164.0714,-14910.4831,-74.4082,-74.4793,1.8333,27.113,78.75,77.65
7263,4154,15526.4231,3631.0116,4176.6786,-14954.2174,-74.4067,-74.4793,1.6667,27.192,79.57,78.50
7285,4166,15570.7761,3641.3840,4188.0714,-14997.0856,-74.4087,-74.4793,1.8333,27.270,78.19,77.06
7305,4178,15616.2896,3652.0278,4200.6786,-15040.8199,-74.4073,-74.4793,1.6667,27.347,76.64,75.62
7327,4190,15660.6425,3662.4001,4212.0714,-15083.6882,-74.4093,-74.4793,1.8333,27.425,78.16,77.00
7347,4202,15706.1560,3673.0439,4224.6786,-15127.4225,-74.4079,-74.4793,1.6667,27.503,77.40,76.33
7367,4214,15749.6520,3683.2159,4235.3214,-15169.6103,-74.4119,-74.5157,1.6667,27.581,78.22,77.16
7389,4226,15796.0224,3694.0601,4248.6786,-15214.0250,-74.4085,-74.4793,1.8333,27.659,77.94,76.85
7409,4238,15839.5184,3704.2321,4259.3214,-15256.2128,-74.4124,-74.4793,1.6667,27.737,78.65,77.57
7431,4250,15885.8888,3715.0763,4272.6786,-15300.6275,-74.4091,-74.4793,1.8333,27.818,80.26,79.14
7451,4262,15929.3848,3725.2483,4283.3214,-15342.8153,-74.4130,-74.4793,1.6667,27.897,79.56,78.50
7473,4274,15974.8983,3735.8921,4295.9286,-15386.5496,-74.4116,-74.5157,1.8333,27.977,79.70,78.59
7493,4286,16019.2513,3746.2644,4307.3214,-15429.4179,-74.4135,-74.4793,1.6667,28.057,80.04,79.00
7515,4298,16064.7647,3756.9082,4319.9286,-15473.1522,-74.4121,-74.4793,1.8333,28.139,82.00,80.85
7535,4310,16109.1177,3767.2806,4331.3214,-15516.0204,-74.4141,-74.4793,1.6667,28.220,81.21,80.14
7557,4322,16153.2396,3777.5990,4344.0714,-15558.2701,-74.4108,-74.4433,1.8333,28.301,80.85,79.71
7577,4334,16198.9842,3788.2968,4355.3214,-15602.6230,-74.4146,-74.4793,1.6667,28.382,80.71,79.67
7599,4346,16243.1060,3798.6151,4368.0714,-15644.8726,-74.4113,-74.4793,1.8333,28.462,80.42,79.29
7619,4358,16288.6194,3809.2589,4380.6786,-15688.6069,-74.4100,-74.4793,1.6667,28.543,80.42,79.35
7641,4370,16332.9724,3819.6313,4392.0714,-15731.4752,-74.4119,-74.4793,1.8333,28.623,80.14,79.00
7661,4382,16378.4859,3830.2751,4404.6786,-15775.2095,-74.4105,-74.4793,1.6667,28.704,80.82,79.75
7683,4394,16422.8389,3840.6475,4416.0714,-15818.0777,-74.4124,-74.4793,1.8333,28.784,80.16,79.05
7703,4406,16468.3523,3851.2913,4428.6786,-15861.8120,-74.4111,-74.4793,1.6667,28.863,79.76,78.72
7725,4418,16512.7053,3861.6637,4440.0714,-15904.6803,-74.4129,-74.4793,1.8333,28.944,80.06,78.93
7745,4430,16558.2187,3872.3075,4452.6786,-15948.4145,-74.4116,-74.4793,1.6667,29.023,79.84,78.79
7765,4442,16601.7148,3882.4794,4463.3214,-15990.6024,-74.4153,-74.4793,1.6667,29.104,81.01,79.94
7787,4454,16648.0852,3893.3236,4476.6786,-16035.0171,-74.4121,-74.4793,1.8333,29.186,81.86,80.70
7807,4466,16691.5812,3903.4956,4487.3214,-16077.2049,-74.4158,-74.4793,1.6667,29.266,80.17,79.11
7829,4478,16737.0947,3914.1394,4499.9286,-16120.9392,-74.4145,-74.5157,1.8333,29.348,81.20,80.05
7849,4490,16781.4477,3924.5118,4511.3214,-16163.8074,-74.4164,-74.4793,1.6667,29.431,82.94,81.85
7871,4502,16826.9611,3935.1556,4523.9286,-16207.5417,-74.4150,-74.4793,1.8333,29.511,80.29,79.16
7891,4514,16871.3141,3945.5280,4535.3214,-16250.4100,-74.4169,-74.4793,1.6667,29.591,80.65,79.57
7913,4526,16916.8276,3956.1718,4547.9286,-16294.1443,-74.4155,-74.4793,1.8333,29.672,80.28,79.16
7933,4538,16961.1806,3966.5442,4559.3214,-16337.0125,-74.4174,-74.4793,1.6667,29.752,79.95,78.91
7955,4550,17005.3023,3976.8625,4572.0714,-16379.2622,-74.4142,-74.4793,1.8333,29.832,79.97,78.86
7975,4562,17050.8158,3987.5063,4584.6786,-16422.9965,-74.4129,-74.3803,1.6667,29.912,80.04,78.98
7997,4574,17095.1688,3997.8787,4596.0714,-16465.8647,-74.4147,-74.4793,1.8333,29.992,80.53,79.40
8017,4586,17140.6822,4008.5225,4608.6786,-16509.5990,-74.4134,-74.4793,1.6667,30.073,81.24,80.14
8039,4598,17185.0352,4018.8949,4620.0714,-16552.4673,-74.4152,-74.4793,1.8333,30.155,81.06,79.91
8059,4610,17230.5487,4029.5386,4632.6786,-16596.2015,-74.4139,-74.4793,1.6667,30.234,79.75,78.71
8081,4622,17274.9017,4039.9110,4644.0714,-16639.0698,-74.4157,-74.4793,1.8333,30.314,80.00,78.87
8101,4634,17320.4151,4050.5548,4656.6786,-16682.8041,-74.4144,-74.4793,1.6667,30.394,79.77,78.72
8121,4646,17363.9112,4060.7268,4667.3214,-16724.9919,-74.4180,-74.5157,1.6667,30.474,79.68,78.64
8143,4658,17410.2816,4071.5710,4680.6786,-16769.4066,-74.4149,-74.4793,1.8333,30.554,80.56,79.42
8163,4670,17453.7777,4081.7430,4691.3214,-16811.5944,-74.4185,-74.4793,1.6667,30.634,80.09,79.04
8185,4682,17500.1480,4092.5872,4704.6786,-16856.0092,-74.4154,-74.4793,1.8333,30.714,79.92,78.81
8205,4694,17543.6441,4102.7592,4715.3214,-16898.1970,-74.4189,-74.4793,1.6667,30.795,80.21,79.14
8227,4706,17589.1575,4113.4030,4727.9286,-16941.9313,-74.4176,-74.4793,1.8333,30.874,79.94,78.81
8247,4718,17633.5106,4123.7754,4739.3214,-16984.7995,-74.4194,-74.4793,1.6667,30.955,80.07,79.03
8269,4730,17679.0240,4134.4191,4751.9286,-17028.5338,-74.4181,-74.4793,1.8333,31.037,82.03,80.86
8289,4742,17723.3770,4144.7915,4763.3214,-17071.4021,-74.4199,-74.4793,1.6667,31.117,80.88,79.80
8311,4754,17767.4988,4155.1099,4776.0714,-17113.6517,-74.4168,-74.4433,1.8333,31.198,80.75,79.62
8331,4766,17813.0122,4165.7536,4788.6786,-17157.3860,-74.4156,-74.3803,1.6667,31.279,80.69,79.61
8353,4778,17857.3652,4176.1260,4800.0714,-17200.2543,-74.4173,-74.4793,1.8333,31.360,80.74,79.60
8373,4790,17902.8786,4186.7698,4812.6786,-17243.9885,-74.4161,-74.4793,1.6667,31.441,81.84,80.75
8395,4802,17947.2317,4197.1422,4824.0714,-17286.8568,-74.4178,-74.4793,1.8333,31.522,80.88,79.74
8415,4814,17992.7451,4207.7860,4836.6786,-17330.5911,-74.4165,-74.4793,1.6667,31.603,80.67,79.60
8437,4826,18037.0981,4218.1584,4848.0714,-17373.4593,-74.4182,-74.4793,1.8333,31.683,80.35,79.23
8457,4838,18082.6115,4228.8022,4860.6786,-17417.1936,-74.4170,-74.4793,1.6667,31.763,79.97,78.92
8479,4850,18126.9646,4239.1746,4872.0714,-17460.0619,-74.4187,-74.4793,1.8333,31.843,80.06,78.97
8499,4862,18172.4780,4249.8184,4884.6786,-17503.7962,-74.4175,-74.4793,1.6667,31.923,79.96,78.93
8519,4874,18215.9741,4259.9904,4895.3214,-17545.9840,-74.4209,-74.4793,1.6667,32.005,82.10,81.01
8541,4886,18262.3444,4270.8345,4908.6786,-17590.3987,-74.4179,-74.4793,1.8333,32.086,80.10,78.99
8561,4898,18305.8406,4281.0066,4919.3214,-17632.5865,-74.4213,-74.4793,1.6667,32.167,81.44,80.37
8583,4910,18351.3540,4291.6503,4931.9286,-17676.3208,-74.4201,-74.5157,1.8333,32.247,80.37,79.26
8603,4922,18395.7070,4302.0227,4943.3214,-17719.1891,-74.4217,-74.4793,1.6667,32.328,80.53,79.42
8625,4934,18441.2204,4312.6665,4955.9286,-17762.9233,-74.4205,-74.4793,1.8333,32.410,81.64,80.50
8645,4946,18485.5735,4323.0389,4967.3214,-17805.7916,-74.4222,-74.4793,1.6667,32.490,80.18,79.12
8667,4958,18531.0869,4333.6827,4979.9286,-17849.5259,-74.4209,-74.4793,1.8333,32.571,81.35,80.21
8687,4970,18575.4400,4344.0551,4991.3214,-17892.3941,-74.4226,-74.4793,1.6667,32.651,80.28,79.24
8709,4982,18619.5616,4354.3734,5004.0714,-17934.6438,-74.4197,-74.4793,1.8333,32.732,80.50,79.37
8729,4994,18665.0751,4365.0172,5016.6786,-17978.3781,-74.4185,-74.4793,1.6667,32.812,80.09,79.04
8751,5006,18709.4281,4375.3896,5028.0714,-18021.2463,-74.4201,-74.4793,1.8333,32.892,80.42,79.29
8771,5018,18754.9415,4386.0334,5040.6786,-18064.9806,-74.4189,-74.4793,1.6667,32.973,80.87,79.73
8793,5030,18799.2946,4396.4058,5052.0714,-18107.8489,-74.4206,-74.4793,1.8333,33.054,80.97,79.82
8813,5042,18844.8080,4407.0495,5064.6786,-18151.5832,-74.4194,-74.4793,1.6667,33.134,80.12,78.99
8835,5054,18889.1610,4417.4220,5076.0714,-18194.4514,-74.4210,-74.4793,1.8333,33.215,80.47,79.31
8855,5066,18934.6744,4428.0657,5088.6786,-18238.1857,-74.4198,-74.4793,1.6667,33.295,80.11,79.05
8875,5078,18978.1706,4438.2378,5099.3214,-18280.3735,-74.4231,-74.5157,1.6667,33.375,79.84,78.79
8897,5090,19024.5409,4449.0819,5112.6786,-18324.7882,-74.4202,-74.4793,1.8333,33.455,79.88,78.78
8917,5102,19068.0371,4459.2539,5123.3214,-18366.9761,-74.4235,-74.4793,1.6667,33.535,80.26,79.19
8939,5114,19114.4073,4470.0981,5136.6786,-18411.3908,-74.4207,-74.4793,1.8333,33.616,81.60,80.47
8959,5126,19157.9035,4480.2701,5147.3214,-18453.5786,-74.4239,-74.4793,1.6667,33.698,81.03,79.95
8981,5138,19203.4169,4490.9139,5159.9286,-18497.3129,-74.4227,-74.4793,1.8333,33.778,80.70,79.54
9001,5150,19247.7700,4501.2863,5171.3214,-18540.1811,-74.4243,-74.4793,1.6667,33.859,80.75,79.67
9023,5162,19293.2834,4511.9301,5183.9286,-18583.9154,-74.4231,-74.4793,1.8333,33.941,81.62,80.47
9043,5174,19337.6365,4522.3025,5195.3214,-18626.7837,-74.4247,-74.4793,1.6667,34.022,81.80,80.70
9065,5186,19381.7581,4532.6208,5208.0714,-18669.0333,-74.4219,-74.4433,1.8333,34.103,80.66,79.55
9085,5198,19427.2715,4543.2646,5220.6786,-18712.7676,-74.4207,-74.3803,1.6667,34.185,82.07,80.94
9107,5210,19471.6246,4553.6370,5232.0714,-18755.6359,-74.4223,-74.4793,1.8333,34.266,80.52,79.41
9127,5222,19517.1380,4564.2807,5244.6786,-18799.3702,-74.4211,-74.4793,1.6667,34.346,80.28,79.21
9149,5234,19561.4910,4574.6532,5256.0714,-18842.2384,-74.4227,-74.4793,1.8333,34.426,80.29,79.19
9169,5246,19607.0044,4585.2969,5268.6786,-18885.9727,-74.4216,-74.4793,1.6667,34.507,80.46,79.39
9191,5258,19651.3575,4595.6693,5280.0714,-18928.8410,-74.4231,-74.4793,1.8333,34.589,81.86,80.71
9211,5270,19696.8709,4606.3131,5292.6786,-18972.5753,-74.4220,-74.4793,1.6667,34.668,79.79,78.73
9233,5282,19741.2240,4616.6855,5304.0714,-19015.4435,-74.4235,-74.4793,1.8333,34.748,79.82,78.73
9253,5294,19786.7374,4627.3293,5316.6786,-19059.1778,-74.4224,-74.4793,1.6667,34.828,80.13,79.04
9273,5306,19830.2336,4637.5013,5327.3214,-19101.3656,-74.4255,-74.4793,1.6667,34.909,80.48,79.37
9295,5318,19876.6038,4648.3455,5340.6786,-19145.7803,-74.4228,-74.4793,1.8333,34.990,81.45,80.29
9315,5330,19920.1001,4658.5175,5351.3214,-19187.9681,-74.4259,-74.4793,1.6667,35.070,80.15,79.12
9337,5342,19965.6134,4669.1613,5363.9286,-19231.7024,-74.4247,-74.5157,1.8333,35.151,80.36,79.23
9357,5354,20009.9665,4679.5337,5375.3214,-19274.5707,-74.4262,-74.4793,1.6667,35.231,80.38,79.33
9379,5366,20055.4799,4690.1775,5387.9286,-19318.3050,-74.4251,-74.4793,1.8333,35.311,80.06,78.95
9399,5378,20099.8330,4700.5499,5399.3214,-19361.1732,-74.4266,-74.4793,1.6667,35.390,78.36,77.33
9421,5390,20145.3464,4711.1936,5411.9286,-19404.9075,-74.4255,-74.4793,1.8333,35.468,78.19,77.11
9441,5402,20189.6995,4721.5661,5423.3214,-19447.7758,-74.4270,-74.4793,1.6667,35.546,77.89,76.82
9463,5414,20233.8211,4731.8844,5436.0714,-19490.0254,-74.4243,-74.4793,1.8333,35.623,77.66,76.56
9483,5426,20279.3345,4742.5281,5448.6786,-19533.7597,-74.4232,-74.4793,1.6667,35.700,77.14,76.10
9505,5438,20323.6876,4752.9005,5460.0714,-19576.6280,-74.4247,-74.4793,1.8333,35.778,77.31,76.20
9525,5450,20369.2009,4763.5443,5472.6786,-19620.3623,-74.4236,-74.4793,1.6667,35.856,78.04,76.95
9547,5462,20413.5540,4773.9167,5484.0714,-19663.2305,-74.4251,-74.4793,1.8333,35.934,78.48,77.36
9567,5474,20459.0674,4784.5605,5496.6786,-19706.9648,-74.4240,-74.4793,1.6667,36.012,77.41,76.36
9589,5486,20503.4205,4794.9329,5508.0714,-19749.8331,-74.4255,-74.4793,1.8333,36.090,78.38,77.25
9609,5498,20548.9339,4805.5767,5520.6786,-19793.5673,-74.4243,-74.4793,1.6667,36.168,77.54,76.50
9629,5510,20592.4301,4815.7487,5531.3214,-19835.7551,-74.4273,-74.5157,1.6667,36.245,77.78,76.68
9651,5522,20638.8003,4826.5929,5544.6786,-19880.1699,-74.4247,-74.4793,1.8333,36.325,79.37,78.21
9671,5534,20682.2966,4836.7649,5555.3214,-19922.3577,-74.4277,-74.4793,1.6667,36.405,80.27,79.20
9693,5546,20728.6668,4847.6090,5568.6786,-19966.7724,-74.4251,-74.4793,1.8333,36.484,79.28,78.17
9713,5558,20772.1631,4857.7811,5579.3214,-20008.9602,-74.4281,-74.4793,1.6667,36.565,80.37,79.28
9735,5570,20817.6764,4868.4249,5591.9286,-20052.6945,-74.4269,-74.4793,1.8333,36.645,79.87,78.77
9755,5582,20862.0296,4878.7973,5603.3214,-20095.5628,-74.4284,-74.4793,1.6667,36.726,81.46,80.40
9777,5594,20907.5429,4889.4410,5615.9286,-20139.2970,-74.4273,-74.4793,1.8333,36.807,80.90,79.76
9797,5606,20951.8960,4899.8135,5627.3214,-20182.1653,-74.4288,-74.4793,1.6667,36.888,81.45,80.38
9819,5618,20996.0176,4910.1318,5640.0714,-20224.4150,-74.4262,-74.4433,1.8333,36.968,79.42,78.32
9839,5630,21041.5310,4920.7755,5652.6786,-20268.1493,-74.4251,-74.3803,1.6667,37.047,79.38,78.33
9861,5642,21085.8841,4931.1479,5664.0714,-20311.0175,-74.4266,-74.4793,1.8333,37.127,79.60,78.48
9881,5654,21131.3975,4941.7917,5676.6786,-20354.7518,-74.4255,-74.4793,1.6667,37.206,79.38,78.32
9903,5666,21175.7506,4952.1641,5688.0714,-20397.6201,-74.4269,-74.4793,1.8333,37.286,79.64,78.53
9923,5678,21221.2639,4962.8079,5700.6786,-20441.3543,-74.4258,-74.4793,1.6667,37.366,79.74,78.64
9945,5690,21265.6170,4973.1803,5712.0714,-20484.2226,-74.4273,-74.4793,1.8333,37.445,79.74,78.59
9965,5702,21311.1304,4983.8241,5724.6786,-20527.9569,-74.4262,-74.4793,1.6667,37.525,79.49,78.42
9987,5714,21355.4835,4994.1965,5736.0714,-20570.8251,-74.4276,-74.4793,1.8333,37.606,80.88,79.73
10007,5726,21400.9969,5004.8403,5748.6786,-20614.5594,-74.4265,-74.4793,1.6667,37.685,79.28,78.25
10027,5738,21444.4932,5015.0123,5759.3214,-20656.7472,-74.4294,-74.4793,1.6667,37.766,81.44,80.36
10049,5750,21490.8633,5025.8564,5772.6786,-20701.1620,-74.4269,-74.4793,1.8333,37.848,81.47,80.35
10069,5762,21534.3597,5036.0285,5783.3214,-20743.3498,-74.4297,-74.4793,1.6667,37.928,80.02,78.97
10091,5774,21579.8730,5046.6723,5795.9286,-20787.0840,-74.4287,-74.5157,1.8333,38.008,79.95,78.85
10111,5786,21624.2261,5057.0447,5807.3214,-20829.9523,-74.4301,-74.4793,1.6667,38.088,80.01,78.97
10133,5798,21669.7395,5067.6884,5819.9286,-20873.6866,-74.4290,-74.4793,1.8333,38.168,80.39,79.25
10153,5810,21714.0926,5078.0609,5831.3214,-20916.5548,-74.4304,-74.4793,1.6667,38.248,80.18,79.14
10175,5822,21759.6059,5088.7046,5843.9286,-20960.2891,-74.4293,-74.4793,1.8333,38.329,80.71,79.52
10195,5834,21803.9591,5099.0771,5855.3214,-21003.1574,-74.4307,-74.4793,1.6667,38.409,80.01,78.96
10217,5846,21848.0806,5109.3953,5868.0714,-21045.4071,-74.4283,-74.4793,1.8333,38.489,79.73,78.60
10237,5858,21893.5940,5120.0391,5880.6786,-21089.1413,-74.4272,-74.4793,1.6667,38.569,80.36,79.26
10259,5870,21937.9471,5130.4115,5892.0714,-21132.0096,-74.4286,-74.4793,1.8333,38.649,79.81,78.70
10279,5882,21983.4605,5141.0553,5904.6786,-21175.7439,-74.4275,-74.4793,1.6667,38.730,80.90,79.81
10301,5894,22027.8136,5151.4277,5916.0714,-21218.6121,-74.4289,-74.4793,1.8333,38.811,81.40,80.28
10321,5906,22073.3269,5162.0715,5928.6786,-21262.3464,-74.4279,-74.4793,1.6667,38.891,79.59,78.55
10343,5918,22117.6801,5172.4439,5940.0714,-21305.2147,-74.4293,-74.4793,1.8333,38.971,79.91,78.78
10363,5930,22163.1934,5183.0877,5952.6786,-21348.9490,-74.4282,-74.4793,1.6667,39.051,79.99,78.89
10383,5942,22206.6898,5193.2597,5963.3214,-21391.1368,-74.4310,-74.5157,1.6667,39.131,79.80,78.74
10405,5954,22253.0599,5204.1038,5976.6786,-21435.5515,-74.4286,-74.4793,1.8333,39.211,80.51,79.38
10425,5966,22296.5562,5214.2759,5987.3214,-21477.7393,-74.4313,-74.4793,1.6667,39.291,79.95,78.91
10447,5978,22342.9264,5225.1200,6000.6786,-21522.1540,-74.4289,-74.4793,1.8333,39.371,79.99,78.87
10467,5990,22386.4227,5235.2921,6011.3214,-21564.3418,-74.4316,-74.4793,1.6667,39.452,81.11,80.06
10489,6002,22431.9361,5245.9358,6023.9286,-21608.0761,-74.4306,-74.4793,1.8333,39.532,80.30,79.13
10509,6014,22476.2892,5256.3083,6035.3214,-21650.9444,-74.4319,-74.4793,1.6667,39.614,81.36,80.27
10531,6026,22521.8025,5266.9520,6047.9286,-21694.6787,-74.4309,-74.4793,1.8333,39.695,81.34,80.20
10551,6038,22566.1557,5277.3245,6059.3214,-21737.5469,-74.4323,-74.4793,1.6667,39.776,81.34,80.23
10573,6050,22610.2772,5287.6427,6072.0714,-21779.7966,-74.4299,-74.4433,1.8333,39.857,80.45,79.34
10593,6062,22655.7906,5298.2865,6084.6786,-21823.5309,-74.4288,-74.3803,1.6667,39.939,81.65,80.58
10615,6074,22700.1437,5308.6589,6096.0714,-21866.3991,-74.4302,-74.4793,1.8333,40.019,80.14,79.03
10635,6086,22745.6570,5319.3027,6108.6786,-21910.1334,-74.4292,-74.4793,1.6667,40.099,79.96,78.92
10657,6098,22790.0102,5329.6751,6120.0714,-21953.0017,-74.4305,-74.4793,1.8333,40.181,82.46,81.33
10677,6110,22835.5235,5340.3189,6132.6786,-21996.7360,-74.4295,-74.4793,1.6667,40.261,80.30,79.24
10699,6122,22879.8767,5350.6913,6144.0714,-22039.6042,-74.4308,-74.4793,1.8333,40.342,80.50,79.37
10719,6134,22925.3900,5361.3351,6156.6786,-22083.3385,-74.4298,-74.4793,1.6667,40.422,79.97,78.88
10741,6146,22969.7431,5371.7075,6168.0714,-22126.2068,-74.4311,-74.4793,1.8333,40.502,80.09,78.95
10761,6158,23015.2565,5382.3512,6180.6786,-22169.9410,-74.4301,-74.4793,1.6667,40.584,81.75,80.61
10781,6170,23058.7529,5392.5233,6191.3214,-22212.1289,-74.4328,-74.4793,1.6667,40.666,82.29,81.17
10803,6182,23105.1229,5403.3674,6204.6786,-22256.5436,-74.4304,-74.4793,1.8333,40.747,80.91,79.79
10823,6194,23148.6193,5413.5395,6215.3214,-22298.7314,-74.4331,-74.4793,1.6667,40.827,79.81,78.76
10845,6206,23194.1326,5424.1833,6227.9286,-22342.4657,-74.4321,-74.5157,1.8333,40.907,79.90,78.75
10865,6218,23238.4858,5434.5557,6239.3214,-22385.3339,-74.4334,-74.4793,1.6667,40.987,80.17,79.12
10887,6230,23283.9991,5445.1994,6251.9286,-22429.0682,-74.4324,-74.4793,1.8333,41.067,80.38,79.23
10907,6242,23328.3523,5455.5719,6263.3214,-22471.9365,-74.4337,-74.4793,1.6667,41.148,80.70,79.59
10929,6254,23373.8656,5466.2156,6275.9286,-22515.6708,-74.4327,-74.4793,1.8333,41.229,80.96,79.81
10949,6266,23418.2188,5476.5881,6287.3214,-22558.5390,-74.4340,-74.4793,1.6667,41.309,80.42,79.35
10971,6278,23462.3403,5486.9063,6300.0714,-22600.7887,-74.4317,-74.4793,1.8333,41.390,80.39,79.28
10991,6290,23507.8536,5497.5501,6312.6786,-22644.5230,-74.4307,-74.4793,1.6667,41.470,80.17,79.10
11013,6302,23552.2068,5507.9225,6324.0714,-22687.3912,-74.4320,-74.4793,1.8333,41.551,80.72,79.54
11033,6314,23597.7201,5518.5663,6336.6786,-22731.1255,-74.4310,-74.4793,1.6667,41.632,81.82,80.70
11055,6326,23642.0733,5528.9387,6348.0714,-22773.9938,-74.4323,-74.4793,1.8333,41.714,81.69,80.56
11075,6338,23687.5866,5539.5825,6360.6786,-22817.7280,-74.4313,-74.4793,1.6667,41.794,80.04,79.02
11097,6350,23731.9397,5549.9549,6372.0714,-22860.5963,-74.4326,-74.4793,1.8333,41.874,79.80,78.70
11117,6362,23777.4531,5560.5986,6384.6786,-22904.3306,-74.4316,-74.4793,1.6667,41.954,79.99,78.92
11137,6374,23820.9495,5570.7707,6395.3214,-22946.5184,-74.4341,-74.5157,1.6667,42.035,81.08,80.01
11159,6386,23867.3195,5581.6148,6408.6786,-22990.9331,-74.4319,-74.4793,1.8333,42.115,80.08,78.96
11179,6398,23910.8160,5591.7869,6419.3214,-23033.1209,-74.4344,-74.4793,1.6667,42.195,79.97,78.91
11201,6410,23957.1860,5602.6310,6432.6786,-23077.5357,-74.4322,-74.4793,1.8333,42.275,80.03,78.92
11221,6422,24000.6824,5612.8031,6443.3214,-23119.7235,-74.4347,-74.4793,1.6667,42.355,79.92,78.90
11243,6434,24046.1957,5623.4469,6455.9286,-23163.4578,-74.4337,-74.4793,1.8333,42.435,79.99,78.87
11263,6446,24090.5489,5633.8193,6467.3214,-23206.3260,-74.4350,-74.4793,1.6667,42.515,80.16,79.06
11285,6458,24136.0622,5644.4630,6479.9286,-23250.0603,-74.4340,-74.4793,1.8333,42.596,80.83,79.66
11305,6470,24180.4154,5654.8355,6491.3214,-23292.9286,-74.4353,-74.4793,1.6667,42.677,81.10,80.01
11327,6482,24224.5369,5665.1537,6504.0714,-23335.1782,-74.4330,-74.4433,1.8333,42.757,80.07,78.97
11347,6494,24270.0502,5675.7975,6516.6786,-23378.9125,-74.4321,-74.3803,1.6667,42.837,80.16,79.11
11369,6506,24314.4034,5686.1699,6528.0714,-23421.7808,-74.4333,-74.4793,1.8333,42.917,80.01,78.90
11389,6518,24359.9167,5696.8137,6540.6786,-23465.5150,-74.4324,-74.4793,1.6667,42.997,79.66,78.62
11411,6530,24404.2699,5707.1861,6552.0714,-23508.3833,-74.4336,-74.4793,1.8333,43.077,79.87,78.74
11431,6542,24449.7832,5717.8299,6564.6786,-23552.1176,-74.4327,-74.4793,1.6667,43.156,79.68,78.63
11453,6554,24494.1364,5728.2023,6576.0714,-23594.9858,-74.4339,-74.4793,1.8333,43.237,80.17,79.04
11473,6566,24539.6497,5738.8461,6588.6786,-23638.7201,-74.4329,-74.4793,1.6667,43.316,79.71,78.64
11495,6578,24584.0028,5749.2185,6600.0714,-23681.5884,-74.4342,-74.4793,1.8333,43.396,79.58,78.47
11515,6590,24629.5161,5759.8622,6612.6786,-23725.3227,-74.4332,-74.4793,1.6667,43.476,79.96,78.86
11535,6602,24673.0126,5770.0343,6623.3214,-23767.5105,-74.4357,-74.4793,1.6667,43.558,81.76,80.68
11557,6614,24719.3826,5780.8784,6636.6786,-23811.9252,-74.4335,-74.4793,1.8333,43.639,81.01,79.86
11577,6626,24762.8791,5791.0505,6647.3214,-23854.1130,-74.4360,-74.4793,1.6667,43.719,80.04,78.99
11599,6638,24808.3924,5801.6943,6659.9286,-23897.8473,-74.4350,-74.5157,1.8333,43.798,79.65,78.56
11619,6650,24852.7456,5812.0667,6671.3214,-23940.7156,-74.4362,-74.4793,1.6667,43.878,79.91,78.88
11641,6662,24898.2589,5822.7105,6683.9286,-23984.4498,-74.4353,-74.4793,1.8333,43.958,79.98,78.88
11661,6674,24942.6121,5833.0829,6695.3214,-24027.3181,-74.4365,-74.4793,1.6667,44.039,80.82,79.73
11683,6686,24988.1254,5843.7266,6707.9286,-24071.0524,-74.4356,-74.4793,1.8333,44.121,81.62,80.52
11703,6698,25032.4786,5854.0991,6719.3214,-24113.9206,-74.4368,-74.4793,1.6667,44.201,80.37,79.33
11725,6710,25076.6000,5864.4173,6732.0714,-24156.1703,-74.4346,-74.4793,1.8333,44.282,80.71,79.58
11745,6722,25122.1133,5875.0611,6744.6786,-24199.9046,-74.4337,-74.4793,1.6667,44.362,80.06,79.02
11767,6734,25166.4665,5885.4335,6756.0714,-24242.7728,-74.4349,-74.4793,1.8333,44.443,80.94,79.75
11787,6746,25211.9798,5896.0773,6768.6786,-24286.5071,-74.4340,-74.4793,1.6667,44.524,81.28,80.13
11809,6758,25256.3330,5906.4497,6780.0714,-24329.3754,-74.4352,-74.4793,1.8333,44.605,81.25,80.11
11829,6770,25301.8463,5917.0935,6792.6786,-24373.1097,-74.4342,-74.4793,1.6667,44.686,81.02,79.95
11851,6782,25346.1995,5927.4659,6804.0714,-24415.9779,-74.4354,-74.4793,1.8333,44.766,80.08,78.96
11871,6794,25391.7128,5938.1097,6816.6786,-24459.7122,-74.4345,-74.4793,1.6667,44.846,79.87,78.84
11891,6806,25435.2092,5948.2818,6827.3214,-24501.9000,-74.4369,-74.5157,1.6667,44.926,79.58,78.54
11913,6818,25481.5793,5959.1259,6840.6786,-24546.3148,-74.4348,-74.4793,1.8333,45.006,80.12,79.00
11933,6830,25525.0757,5969.2979,6851.3214,-24588.5026,-74.4372,-74.4793,1.6667,45.087,81.14,80.10
11955,6842,25571.4458,5980.1420,6864.6786,-24632.9173,-74.4350,-74.4793,1.8333,45.167,79.76,78.67
11975,6854,25614.9422,5990.3141,6875.3214,-24675.1051,-74.4374,-74.4793,1.6667,45.247,80.15,79.08
11997,6866,25660.4555,6000.9579,6887.9286,-24718.8394,-74.4365,-74.4793,1.8333,45.327,79.99,78.87
12017,6878,25704.8087,6011.3303,6899.3214,-24761.7076,-74.4377,-74.4793,1.6667,45.408,80.79,79.70
12039,6890,25750.3220,6021.9741,6911.9286,-24805.4419,-74.4368,-74.4793,1.8333,45.490,82.31,81.15
12059,6902,25794.6752,6032.3465,6923.3214,-24848.3102,-74.4379,-74.4793,1.6667,45.571,81.29,80.21
12081,6914,25838.7966,6042.6648,6936.0714,-24890.5598,-74.4358,-74.4433,1.8333,45.652,80.66,79.52
12101,6926,25884.3099,6053.3085,6948.6786,-24934.2941,-74.4349,-74.3803,1.6667,45.733,81.34,80.26
12123,6938,25928.6631,6063.6810,6960.0714,-24977.1624,-74.4361,-74.4793,1.8333,45.815,81.35,80.22
12143,6950,25974.1764,6074.3247,6972.6786,-25020.8967,-74.4352,-74.4793,1.6667,45.895,80.39,79.31
12165,6962,26018.5296,6084.6971,6984.0714,-25063.7649,-74.4363,-74.4793,1.8333,45.976,80.65,79.52
12185,6974,26064.0429,6095.3409,6996.6786,-25107.4992,-74.4354,-74.4793,1.6667,46.056,80.18,79.11
12207,6986,26108.3961,6105.7133,7008.0714,-25150.3675,-74.4366,-74.4793,1.8333,46.136,80.38,79.24
12227,6998,26153.9094,6116.3571,7020.6786,-25194.1018,-74.4357,-74.4793,1.6667,46.216,80.05,79.00
12247,7010,26197.4059,6126.5292,7031.3214,-25236.2896,-74.4380,-74.5157,1.6667,46.297,80.13,79.08
12269,7022,26243.7759,6137.3733,7044.6786,-25280.7043,-74.4360,-74.4793,1.8333,46.377,80.67,79.44
12289,7034,26287.2724,6147.5454,7055.3214,-25322.8921,-74.4383,-74.4793,1.6667,46.458,81.15,80.03
12311,7046,26333.6424,6158.3895,7068.6786,-25367.3068,-74.4362,-74.4793,1.8333,46.538,80.09,78.98
12331,7058,26377.1389,6168.5616,7079.3214,-25409.4946,-74.4385,-74.4793,1.6667,46.620,81.24,80.15
12353,7070,26422.6522,6179.2053,7091.9286,-25453.2289,-74.4376,-74.5157,1.8333,46.701,81.64,80.51
12373,7082,26467.0054,6189.5777,7103.3214,-25496.0972,-74.4388,-74.4793,1.6667,46.782,80.44,79.37
12395,7094,26512.5187,6200.2215,7115.9286,-25539.8315,-74.4379,-74.4793,1.8333,46.862,80.47,79.33
12415,7106,26556.8719,6210.5939,7127.3214,-25582.6997,-74.4390,-74.4793,1.6667,46.942,79.89,78.84
12437,7118,26600.9933,6220.9122,7140.0714,-25624.9494,-74.4370,-74.4433,1.8333,47.022,80.35,79.23
12457,7130,26646.7384,6231.6101,7151.3214,-25669.3023,-74.4393,-74.4793,1.6667,47.103,80.57,79.48
12479,7142,26690.8598,6241.9284,7164.0714,-25711.5519,-74.4372,-74.4793,1.8333,47.184,80.72,79.55
12499,7154,26736.3731,6252.5721,7176.6786,-25755.2862,-74.4363,-74.4793,1.6667,47.264,80.15,79.05
12521,7166,26780.7263,6262.9446,7188.0714,-25798.1545,-74.4375,-74.4793,1.8333,47.345,80.80,79.66
12541,7178,26826.2396,6273.5883,7200.6786,-25841.8888,-74.4366,-74.4793,1.6667,47.425,80.05,78.97
12563,7190,26870.5928,6283.9608,7212.0714,-25884.7570,-74.4377,-74.4793,1.8333,47.505,80.75,79.62
12583,7202,26916.1061,6294.6045,7224.6786,-25928.4913,-74.4368,-74.4793,1.6667,47.585,79.41,78.31
12605,7214,26960.4593,6304.9769,7236.0714,-25971.3596,-74.4380,-74.4793,1.8333,47.663,78.14,76.99
12625,7226,27005.9725,6315.6207,7248.6786,-26015.0938,-74.4371,-74.4793,1.6667,47.740,77.26,76.24
12645,7238,27049.4691,6325.7928,7259.3214,-26057.2816,-74.4393,-74.4793,1.6667,47.817,77.05,76.03
12667,7250,27095.8390,6336.6369,7272.6786,-26101.6964,-74.4373,-74.4793,1.8333,47.894,76.83,75.74
12687,7262,27139.3356,6346.8090,7283.3214,-26143.8842,-74.4396,-74.4793,1.6667,47.971,76.95,75.93
12709,7274,27185.7055,6357.6531,7296.6786,-26188.2989,-74.4376,-74.4793,1.8333,48.048,76.75,75.66
12729,7286,27229.2021,6367.8252,7307.3214,-26230.4867,-74.4398,-74.4793,1.6667,48.125,77.08,76.06
12751,7298,27274.7153,6378.4689,7319.9286,-26274.2210,-74.4389,-74.4793,1.8333,48.202,77.27,76.17
12771,7310,27319.0686,6388.8414,7331.3214,-26317.0893,-74.4400,-74.4793,1.6667,48.280,77.81,76.72
12793,7322,27364.5818,6399.4851,7343.9286,-26360.8235,-74.4392,-74.4793,1.8333,48.359,78.56,77.40
12813,7334,27408.9351,6409.8576,7355.3214,-26403.6918,-74.4403,-74.4793,1.6667,48.437,78.81,77.75
12835,7346,27453.0564,6420.1758,7368.0714,-26445.9415,-74.4383,-74.4793,1.8333,48.515,78.00,76.92
12855,7358,27498.5697,6430.8195,7380.6786,-26489.6758,-74.4374,-74.3803,1.6667,48.595,80.08,78.97
12877,7370,27542.9229,6441.1920,7392.0714,-26532.5440,-74.4385,-74.4793,1.8333,48.676,80.07,78.91
12897,7382,27588.4362,6451.8357,7404.6786,-26576.2783,-74.4377,-74.4793,1.6667,48.755,79.40,78.35
12919,7394,27632.7894,6462.2082,7416.0714,-26619.1466,-74.4388,-74.4793,1.8333,48.835,79.72,78.61
12939,7406,27678.3027,6472.8519,7428.6786,-26662.8808,-74.4379,-74.4793,1.6667,48.914,79.39,78.34
12961,7418,27722.6559,6483.2244,7440.0714,-26705.7491,-74.4390,-74.4793,1.8333,48.994,79.55,78.44
12981,7430,27768.1692,6493.8681,7452.6786,-26749.4834,-74.4381,-74.4793,1.6667,49.073,79.42,78.39
13001,7442,27811.6657,6504.0402,7463.3214,-26791.6712,-74.4403,-74.5157,1.6667,49.152,79.26,78.23
13023,7454,27858.0357,6514.8843,7476.6786,-26836.0859,-74.4384,-74.4793,1.8333,49.231,79.17,78.05
13043,7466,27901.5322,6525.0564,7487.3214,-26878.2737,-74.4406,-74.4793,1.6667,49.312,80.42,79.33
13065,7478,27947.9022,6535.9005,7500.6786,-26922.6885,-74.4386,-74.4793,1.8333,49.393,80.83,79.65
13085,7490,27991.3987,6546.0726,7511.3214,-26964.8763,-74.4408,-74.4793,1.6667,49.472,79.65,78.56
13107,7502,28036.9120,6556.7163,7523.9286,-27008.6105,-74.4399,-74.5157,1.8333,49.552,79.31,78.18
13127,7514,28081.2652,6567.0888,7535.3214,-27051.4788,-74.4410,-74.4793,1.6667,49.632,80.03,78.94
13149,7526,28126.7785,6577.7325,7547.9286,-27095.2131,-74.4402,-74.4793,1.8333,49.712,80.08,78.95
13169,7538,28171.1317,6588.1050,7559.3214,-27138.0813,-74.4412,-74.4793,1.6667,49.791,78.83,77.80
13191,7550,28215.2531,6598.4232,7572.0714,-27180.3310,-74.4393,-74.4433,1.8333,49.870,79.73,78.62
13211,7562,28260.9982,6609.1212,7583.3214,-27224.6839,-74.4414,-74.4793,1.6667,49.950,80.07,79.04
13233,7574,28305.1196,6619.4394,7596.0714,-27266.9336,-74.4395,-74.4793,1.8333,50.030,80.07,78.97
13253,7586,28350.6329,6630.0831,7608.6786,-27310.6678,-74.4387,-74.4793,1.6667,50.110,79.88,78.83
13275,7598,28394.9861,6640.4556,7620.0714,-27353.5361,-74.4397,-74.4793,1.8333,50.190,80.12,78.99
13295,7610,28440.4994,6651.0993,7632.6786,-27397.2704,-74.4389,-74.4793,1.6667,50.271,80.83,79.75
13317,7622,28484.8526,6661.4718,7644.0714,-27440.1386,-74.4400,-74.4793,1.8333,50.353,81.34,80.18
13337,7634,28530.3659,6672.1155,7656.6786,-27483.8729,-74.4391,-74.4793,1.6667,50.434,80.95,79.88
13359,7646,28574.7191,6682.4880,7668.0714,-27526.7412,-74.4402,-74.4793,1.8333,50.514,80.08,78.96
13379,7658,28620.2324,6693.1317,7680.6786,-27570.4755,-74.4394,-74.4793,1.6667,50.594,80.78,79.67
13399,7670,28663.7289,6703.3038,7691.3214,-27612.6633,-74.4415,-74.4793,1.6667,50.675,80.75,79.64
13421,7682,28710.0989,6714.1479,7704.6786,-27657.0780,-74.4396,-74.4793,1.8333,50.755,79.86,78.75
13441,7694,28753.5954,6724.3200,7715.3214,-27699.2658,-74.4417,-74.4793,1.6667,50.835,79.91,78.86
13463,7706,28799.9654,6735.1641,7728.6786,-27743.6805,-74.4398,-74.4793,1.8333,50.915,79.83,78.72
13483,7718,28843.4619,6745.3362,7739.3214,-27785.8683,-74.4419,-74.4793,1.6667,50.995,80.34,79.23
13505,7730,28888.9752,6755.9800,7751.9286,-27829.6026,-74.4411,-74.4793,1.8333,51.077,81.72,80.55
13525,7742,28933.3284,6766.3524,7763.3214,-27872.4709,-74.4421,-74.4793,1.6667,51.158,81.59,80.49
13547,7754,28978.8417,6776.9962,7775.9286,-27916.2052,-74.4413,-74.4793,1.8333,51.240,81.82,80.68
13567,7766,29023.1949,6787.3686,7787.3214,-27959.0734,-74.4423,-74.4793,1.6667,51.322,81.42,80.34
13589,7778,29067.3163,6797.6868,7800.0714,-28001.3231,-74.4405,-74.4793,1.8333,51.403,80.87,79.70
13609,7790,29112.8295,6808.3306,7812.6786,-28045.0574,-74.4397,-74.3803,1.6667,51.483,80.55,79.48
13631,7802,29157.1828,6818.7030,7824.0714,-28087.9256,-74.4407,-74.4793,1.8333,51.564,80.42,79.31
13651,7814,29202.6960,6829.3468,7836.6786,-28131.6599,-74.4399,-74.4793,1.6667,51.644,80.36,79.32
13673,7826,29247.0493,6839.7192,7848.0714,-28174.5282,-74.4409,-74.4793,1.8333,51.724,80.53,79.40
13693,7838,29292.5625,6850.3630,7860.6786,-28218.2625,-74.4401,-74.4793,1.6667,51.805,80.41,79.31
13715,7850,29336.9158,6860.7354,7872.0714,-28261.1307,-74.4411,-74.4793,1.8333,51.885,80.50,79.37
13735,7862,29382.4290,6871.3792,7884.6786,-28304.8650,-74.4403,-74.4793,1.6667,51.965,80.16,79.10
13755,7874,29425.9256,6881.5513,7895.3214,-28347.0528,-74.4424,-74.5157,1.6667,52.046,80.21,79.16
13777,7886,29472.2955,6892.3953,7908.6786,-28391.4675,-74.4405,-74.4793,1.8333,52.126,80.44,79.30
13797,7898,29515.7921,6902.5675,7919.3214,-28433.6554,-74.4426,-74.4793,1.6667,52.208,82.08,80.98
13819,7910,29562.1620,6913.4115,7932.6786,-28478.0701,-74.4407,-74.4793,1.8333,52.289,81.29,80.16
13839,7922,29605.6586,6923.5837,7943.3214,-28520.2579,-74.4428,-74.4793,1.6667,52.370,80.14,79.07
13861,7934,29651.1719,6934.2274,7955.9286,-28563.9922,-74.4420,-74.5157,1.8333,52.451,81.27,80.15
13881,7946,29695.5251,6944.5998,7967.3214,-28606.8604,-74.4430,-74.4793,1.6667,52.532,80.68,79.61
13903,7958,29741.0384,6955.2436,7979.9286,-28650.5947,-74.4422,-74.4793,1.8333,52.613,81.13,80.00
13923,7970,29785.3916,6965.6160,7991.3214,-28693.4630,-74.4432,-74.4793,1.6667,52.693,80.04,79.00
13945,7982,29829.5130,6975.9343,8004.0714,-28735.7126,-74.4414,-74.4433,1.8333,52.773,80.32,79.23
13965,7994,29875.2581,6986.6322,8015.3214,-28780.0655,-74.4434,-74.4793,1.6667,52.855,81.67,80.57
13987,8006,29919.3795,6996.9505,8028.0714,-28822.3152,-74.4416,-74.4793,1.8333,52.935,80.00,78.89
14007,8018,29964.8927,7007.5942,8040.6786,-28866.0495,-74.4408,-74.4793,1.6667,53.015,79.85,78.81
14029,8030,30009.2460,7017.9667,8052.0714,-28908.9177,-74.4418,-74.4793,1.8333,53.095,80.28,79.15
14049,8042,30054.7592,7028.6104,8064.6786,-28952.6520,-74.4410,-74.4793,1.6667,53.177,81.89,80.82
14071,8054,30099.1125,7038.9828,8076.0714,-28995.5203,-74.4420,-74.4793,1.8333,53.258,81.37,80.24
14091,8066,30144.6257,7049.6266,8088.6786,-29039.2545,-74.4412,-74.4793,1.6667,53.339,80.62,79.53
14113,8078,30188.9790,7059.9990,8100.0714,-29082.1228,-74.4422,-74.4793,1.8333,53.420,80.86,79.71
14133,8090,30234.4922,7070.6428,8112.6786,-29125.8571,-74.4414,-74.4793,1.6667,53.500,80.13,79.07
14153,8102,30277.9888,7080.8149,8123.3214,-29168.0449,-74.4434,-74.4793,1.6667,53.582,82.27,81.16
14175,8114,30324.3587,7091.6590,8136.6786,-29212.4596,-74.4416,-74.4793,1.8333,53.663,80.83,79.72
14195,8126,30367.8553,7101.8311,8147.3214,-29254.6474,-74.4436,-74.4793,1.6667,53.744,81.08,80.03
14217,8138,30413.3686,7112.4748,8159.9286,-29298.3817,-74.4428,-74.5157,1.8333,53.824,80.31,79.20
14237,8150,30457.7218,7122.8473,8171.3214,-29341.2500,-74.4438,-74.4793,1.6667,53.904,80.18,79.15
14259,8162,30503.2351,7133.4910,8183.9286,-29384.9843,-74.4430,-74.4793,1.8333,53.986,81.34,80.21
14279,8174,30547.5883,7143.8635,8195.3214,-29427.8525,-74.4440,-74.4793,1.6667,54.067,80.89,79.80
14301,8186,30593.1016,7154.5072,8207.9286,-29471.5868,-74.4432,-74.4793,1.8333,54.149,82.42,81.24
14321,8198,30637.4548,7164.8797,8219.3214,-29514.4551,-74.4442,-74.4793,1.6667,54.230,80.56,79.47
14343,8210,30681.5762,7175.1979,8232.0714,-29556.7047,-74.4424,-74.4793,1.8333,54.310,80.16,78.99
14363,8222,30727.0894,7185.8416,8244.6786,-29600.4390,-74.4417,-74.3803,1.6667,54.390,80.17,79.12
14385,8234,30771.4427,7196.2141,8256.0714,-29643.3073,-74.4426,-74.4793,1.8333,54.471,81.38,80.24
14405,8246,30816.9559,7206.8578,8268.6786,-29687.0415,-74.4419,-74.4793,1.6667,54.552,80.26,79.19
14427,8258,30861.3092,7217.2303,8280.0714,-29729.9098,-74.4428,-74.4793,1.8333,54.634,82.90,81.71
14447,8270,30906.8224,7227.8740,8292.6786,-29773.6441,-74.4421,-74.4793,1.6667,54.717,82.67,81.54
14469,8282,30951.1757,7238.2465,8304.0714,-29816.5123,-74.4430,-74.4793,1.8333,54.799,81.48,80.30
14489,8294,30996.6889,7248.8902,8316.6786,-29860.2466,-74.4422,-74.4793,1.6667,54.880,81.13,80.07
14509,8306,31040.1855,7259.0623,8327.3214,-29902.4344,-74.4442,-74.5157,1.6667,54.960,79.85,78.79
14531,8318,31086.5554,7269.9064,8340.6786,-29946.8492,-74.4424,-74.4793,1.8333,55.039,79.52,78.38
14551,8330,31130.0520,7280.0785,8351.3214,-29989.0370,-74.4444,-74.4793,1.6667,55.118,78.66,77.62
14573,8342,31176.4219,7290.9226,8364.6786,-30033.4517,-74.4426,-74.4793,1.8333,55.197,78.88,77.75
14593,8354,31219.9185,7301.0947,8375.3214,-30075.6395,-74.4446,-74.4793,1.6667,55.276,79.24,78.17
14615,8366,31265.4318,7311.7384,8387.9286,-30119.3738,-74.4438,-74.4793,1.8333,55.353,77.59,76.46
14635,8378,31309.7851,7322.1109,8399.3214,-30162.2421,-74.4448,-74.4793,1.6667,55.431,77.48,76.46
14657,8390,31355.2983,7332.7546,8411.9286,-30205.9763,-74.4440,-74.4793,1.8333,55.508,77.12,75.98
14677,8402,31399.6516,7343.1271,8423.3214,-30248.8446,-74.4450,-74.4793,1.6667,55.587,79.13,78.06
14699,8414,31443.7729,7353.4453,8436.0714,-30291.0943,-74.4432,-74.4433,1.8333,55.666,78.43,77.27
14719,8426,31489.2861,7364.0891,8448.6786,-30334.8285,-74.4425,-74.3803,1.6667,55.744,78.24,77.18
14741,8438,31533.6394,7374.4615,8460.0714,-30377.6968,-74.4434,-74.4793,1.8333,55.821,77.30,76.20
14761,8450,31579.1526,7385.1052,8472.6786,-30421.4311,-74.4427,-74.4793,1.6667,55.900,79.00,77.92
14783,8462,31623.5059,7395.4777,8484.0714,-30464.2993,-74.4436,-74.4793,1.8333,55.978,78.00,76.85
14803,8474,31669.0191,7406.1214,8496.6786,-30508.0336,-74.4429,-74.4793,1.6667,56.058,79.93,78.82
14825,8486,31713.3724,7416.4939,8508.0714,-30550.9019,-74.4438,-74.4793,1.8333,56.137,79.20,78.03
14845,8498,31758.8856,7427.1376,8520.6786,-30594.6362,-74.4431,-74.4793,1.6667,56.217,79.99,78.88
14867,8510,31803.2389,7437.5101,8532.0714,-30637.5044,-74.4440,-74.4793,1.8333,56.298,80.64,79.49
14887,8522,31848.7521,7448.1538,8544.6786,-30681.2387,-74.4432,-74.4793,1.6667,56.379,80.89,79.82
14907,8534,31892.2487,7458.3260,8555.3214,-30723.4265,-74.4451,-74.4793,1.6667,56.460,80.67,79.58
14929,8546,31938.6186,7469.1700,8568.6786,-30767.8413,-74.4434,-74.4793,1.8333,56.539,79.61,78.50
14949,8558,31982.1153,7479.3422,8579.3214,-30810.0291,-74.4453,-74.4793,1.6667,56.619,80.03,78.96
14971,8570,32027.6285,7489.9859,8591.9286,-30853.7633,-74.4446,-74.5157,1.8333,56.699,79.56,78.45
14991,8582,32071.9818,7500.3583,8603.3214,-30896.6316,-74.4455,-74.4793,1.6667,56.778,79.59,78.52
15013,8594,32117.4950,7511.0021,8615.9286,-30940.3659,-74.4448,-74.4793,1.8333,56.858,79.26,78.15
15033,8606,32161.8483,7521.3745,8627.3214,-30983.2341,-74.4457,-74.4793,1.6667,56.937,79.46,78.38
15055,8618,32207.3615,7532.0183,8639.9286,-31026.9684,-74.4450,-74.4793,1.8333,57.019,81.51,80.38
15075,8630,32251.7148,7542.3907,8651.3214,-31069.8367,-74.4459,-74.4793,1.6667,57.101,82.16,81.05
15097,8642,32295.8361,7552.7089,8664.0714,-31112.0863,-74.4442,-74.4793,1.8333,57.181,80.62,79.46
15117,8654,32341.3493,7563.3527,8676.6786,-31155.8206,-74.4434,-74.4793,1.6667,57.260,78.93,77.89
15139,8666,32385.7026,7573.7251,8688.0714,-31198.6889,-74.4444,-74.4793,1.8333,57.339,78.95,77.85
15159,8678,32431.2158,7584.3689,8700.6786,-31242.4232,-74.4436,-74.4793,1.6667,57.418,79.16,78.11
15181,8690,32475.5691,7594.7413,8712.0714,-31285.2914,-74.4446,-74.4793,1.8333,57.498,80.06,78.91
15201,8702,32521.0823,7605.3851,8724.6786,-31329.0257,-74.4438,-74.4793,1.6667,57.579,80.14,79.06
15223,8714,32565.4356,7615.7575,8736.0714,-31371.8940,-74.4447,-74.4793,1.8333,57.659,80.23,79.12
15243,8726,32610.9488,7626.4013,8748.6786,-31415.6283,-74.4440,-74.4793,1.6667,57.738,79.48,78.44
15263,8738,32654.4455,7636.5734,8759.3214,-31457.8161,-74.4459,-74.5157,1.6667,57.818,79.35,78.32
15285,8750,32700.8153,7647.4175,8772.6786,-31502.2308,-74.4442,-74.4793,1.8333,57.897,79.15,77.89
15305,8762,32744.3120,7657.5896,8783.3214,-31544.4186,-74.4460,-74.4793,1.6667,57.977,79.79,78.69
15327,8774,32790.6818,7668.4337,8796.6786,-31588.8333,-74.4444,-74.4793,1.8333,58.055,78.86,77.75
15347,8786,32834.1785,7678.6058,8807.3214,-31631.0211,-74.4462,-74.4793,1.6667,58.133,77.63,76.58
15369,8798,32879.6917,7689.2495,8819.9286,-31674.7554,-74.4455,-74.4793,1.8333,58.211,77.77,76.65
15389,8810,32924.0450,7699.6220,8831.3214,-31717.6237,-74.4464,-74.4793,1.6667,58.288,76.98,75.95
15411,8822,32969.5582,7710.2657,8843.9286,-31761.3580,-74.4457,-74.4793,1.8333,58.365,77.36,76.21
15431,8834,33013.9115,7720.6382,8855.3214,-31804.2262,-74.4466,-74.4793,1.6667,58.442,76.85,75.82
15453,8846,33058.0328,7730.9564,8868.0714,-31846.4759,-74.4449,-74.4433,1.8333,58.519,77.13,76.04
15473,8858,33103.5460,7741.6001,8880.6786,-31890.2102,-74.4442,-74.3803,1.6667,58.597,77.74,76.67
15495,8870,33147.8993,7751.9726,8892.0714,-31933.0784,-74.4451,-74.4793,1.8333,58.674,77.08,75.99
15515,8882,33193.4125,7762.6163,8904.6786,-31976.8127,-74.4444,-74.4793,1.6667,58.751,76.88,75.85
15537,8894,33237.7658,7772.9888,8916.0714,-32019.6810,-74.4453,-74.4793,1.8333,58.828,77.04,75.97
15557,8906,33283.2790,7783.6325,8928.6786,-32063.4153,-74.4445,-74.4793,1.6667,58.906,78.28,77.21
15579,8918,33327.6323,7794.0050,8940.0714,-32106.2835,-74.4454,-74.4793,1.8333,58.985,78.61,77.49
15599,8930,33373.1455,7804.6487,8952.6786,-32150.0178,-74.4447,-74.4793,1.6667,59.062,77.23,76.19
15621,8942,33417.4988,7815.0212,8964.0714,-32192.8861,-74.4456,-74.4793,1.8333,59.140,78.51,77.39
15641,8954,33463.0120,7825.6649,8976.6786,-32236.6203,-74.4449,-74.4793,1.6667,59.218,77.42,76.33
15661,8966,33506.5087,7835.8370,8987.3214,-32278.8081,-74.4467,-74.4793,1.6667,59.295,77.40,76.37
15683,8978,33552.8786,7846.6811,9000.6786,-32323.2229,-74.4451,-74.4793,1.8333,59.373,77.57,76.43
15703,8990,33596.3752,7856.8532,9011.3214,-32365.4107,-74.4469,-74.4793,1.6667,59.452,78.73,77.63
15725,9002,33641.8884,7867.4969,9023.9286,-32409.1450,-74.4462,-74.5157,1.8333,59.529,77.59,76.50
15745,9014,33686.2417,7877.8694,9035.3214,-32452.0132,-74.4471,-74.4793,1.6667,59.608,79.26,78.18
15767,9026,33731.7549,7888.5131,9047.9286,-32495.7475,-74.4463,-74.4793,1.8333,59.688,79.32,78.23
15787,9038,33776.1082,7898.8856,9059.3214,-32538.6158,-74.4472,-74.4793,1.6667,59.767,79.16,78.11
15809,9050,33821.6214,7909.5293,9071.9286,-32582.3500,-74.4465,-74.4793,1.8333,59.848,80.79,79.63
15829,9062,33865.9748,7919.9018,9083.3214,-32625.2183,-74.4474,-74.4793,1.6667,59.928,80.33,79.28
15851,9074,33910.0960,7930.2200,9096.0714,-32667.4680,-74.4458,-74.4793,1.8333,60.009,81.05,79.92
15871,9086,33955.6092,7940.8637,9108.6786,-32711.2023,-74.4451,-74.4793,1.6667,60.089,80.23,79.19
15893,9098,33999.9625,7951.2362,9120.0714,-32754.0705,-74.4459,-74.4793,1.8333,60.170,80.19,79.09
15913,9110,34045.4757,7961.8799,9132.6786,-32797.8048,-74.4452,-74.4793,1.6667,60.250,80.03,78.99
15935,9122,34089.8290,7972.2524,9144.0714,-32840.6731,-74.4461,-74.4793,1.8333,60.330,80.51,79.40
15955,9134,34135.3423,7982.8961,9156.6786,-32884.4073,-74.4454,-74.4793,1.6667,60.411,81.11,79.94
15977,9146,34179.6956,7993.2686,9168.0714,-32927.2756,-74.4463,-74.4793,1.8333,60.492,80.43,79.28
15997,9158,34225.2088,8003.9123,9180.6786,-32971.0099,-74.4456,-74.4793,1.6667,60.572,80.06,78.99
16017,9170,34268.7054,8014.0845,9191.3214,-33013.1977,-74.4474,-74.5157,1.6667,60.652,79.99,78.93
16039,9182,34315.0753,8024.9285,9204.6786,-33057.6124,-74.4458,-74.4793,1.8333,60.732,79.96,78.84
16059,9194,34358.5719,8035.1007,9215.3214,-33099.8002,-74.4475,-74.4793,1.6667,60.812,80.81,79.73
16081,9206,34404.9418,8045.9447,9228.6786,-33144.2150,-74.4459,-74.4793,1.8333,60.893,81.07,79.88
16101,9218,34448.4385,8056.1169,9239.3214,-33186.4028,-74.4477,-74.4793,1.6667,60.974,80.55,79.42
16123,9230,34493.9517,8066.7606,9251.9286,-33230.1371,-74.4470,-74.4793,1.8333,61.054,79.97,78.86
16143,9242,34538.3050,8077.1331,9263.3214,-33273.0053,-74.4478,-74.4793,1.6667,61.134,80.38,79.34
16165,9254,34583.8182,8087.7768,9275.9286,-33316.7396,-74.4472,-74.4793,1.8333,61.215,80.53,79.39
16185,9266,34628.1715,8098.1492,9287.3214,-33359.6078,-74.4480,-74.4793,1.6667,61.295,80.22,79.18
16207,9278,34672.2927,8108.4675,9300.0714,-33401.8575,-74.4464,-74.4433,1.8333,61.376,80.44,79.33
16227,9290,34717.8060,8119.1112,9312.6786,-33445.5918,-74.4457,-74.3803,1.6667,61.458,82.69,81.62
16249,9302,34762.1593,8129.4836,9324.0714,-33488.4601,-74.4466,-74.4793,1.8333,61.540,81.58,80.45
16269,9314,34807.6725,8140.1274,9336.6786,-33532.1943,-74.4459,-74.4793,1.6667,61.620,80.25,79.17
16291,9326,34852.0258,8150.4998,9348.0714,-33575.0626,-74.4468,-74.4793,1.8333,61.700,80.38,79.22
16311,9338,34897.5390,8161.1436,9360.6786,-33618.7969,-74.4461,-74.4793,1.6667,61.783,82.92,81.81
16333,9350,34941.8923,8171.5160,9372.0714,-33661.6651,-74.4469,-74.4793,1.8333,61.865,81.27,80.15
16353,9362,34987.4055,8182.1598,9384.6786,-33705.3994,-74.4462,-74.4793,1.6667,61.944,79.48,78.42
16375,9374,35031.7588,8192.5322,9396.0714,-33748.2677,-74.4471,-74.4793,1.8333,62.025,80.50,79.37
16395,9386,35077.2720,8203.1760,9408.6786,-33792.0020,-74.4464,-74.4793,1.6667,62.104,79.64,78.59
16415,9398,35120.7687,8213.3481,9419.3214,-33834.1898,-74.4481,-74.4793,1.6667,62.184,79.74,78.70
16437,9410,35167.1385,8224.1922,9432.6786,-33878.6045,-74.4466,-74.4793,1.8333,62.264,79.47,78.37
16457,9422,35210.6352,8234.3643,9443.3214,-33920.7923,-74.4483,-74.4793,1.6667,62.344,80.97,79.89
16479,9434,35256.1484,8245.0080,9455.9286,-33964.5266,-74.4476,-74.5157,1.8333,62.426,81.25,80.08
16499,9446,35300.5017,8255.3805,9467.3214,-34007.3949,-74.4485,-74.4793,1.6667,62.507,81.67,80.59
16521,9458,35346.0149,8266.0242,9479.9286,-34051.1291,-74.4478,-74.4793,1.8333,62.589,81.98,80.83
16541,9470,35390.3682,8276.3967,9491.3214,-34093.9974,-74.4486,-74.4793,1.6667,62.669,80.07,78.99
16563,9482,35435.8814,8287.0404,9503.9286,-34137.7317,-74.4479,-74.4793,1.8333,62.750,80.96,79.83
16583,9494,35480.2347,8297.4129,9515.3214,-34180.5999,-74.4488,-74.4793,1.6667,62.832,81.38,80.29
16605,9506,35524.3560,8307.7311,9528.0714,-34222.8496,-74.4472,-74.4793,1.8333,62.912,80.06,78.95
16625,9518,35569.8692,8318.3748,9540.6786,-34266.5839,-74.4465,-74.4793,1.6667,62.992,79.95,78.89
16647,9530,35614.2225,8328.7473,9552.0714,-34309.4521,-74.4474,-74.4793,1.8333,63.073,81.62,80.50
16667,9542,35659.7357,8339.3910,9564.6786,-34353.1864,-74.4467,-74.4793,1.6667,63.154,80.17,79.12
16689,9554,35704.0890,8349.7635,9576.0714,-34396.0547,-74.4475,-74.4793,1.8333,63.235,81.06,79.90
16709,9566,35749.6022,8360.4072,9588.6786,-34439.7890,-74.4469,-74.4793,1.6667,63.315,80.28,79.21
16731,9578,35793.9555,8370.7797,9600.0714,-34482.6572,-74.4477,-74.4793,1.8333,63.395,80.48,79.35
16751,9590,35839.4687,8381.4234,9612.6786,-34526.3915,-74.4470,-74.4793,1.6667,63.476,81.07,79.99
16771,9602,35882.9654,8391.5955,9623.3214,-34568.5793,-74.4487,-74.5157,1.6667,63.557,80.09,79.03
16793,9614,35929.3352,8402.4396,9636.6786,-34612.9940,-74.4472,-74.4793,1.8333,63.637,80.25,79.13
16813,9626,35972.8319,8412.6117,9647.3214,-34655.1819,-74.4489,-74.4793,1.6667,63.718,81.51,80.39
16835,9638,36019.2018,8423.4558,9660.6786,-34699.5966,-74.4473,-74.4793,1.8333,63.800,81.53,80.40
16855,9650,36062.6985,8433.6279,9671.3214,-34741.7844,-74.4490,-74.4793,1.6667,63.880,80.23,79.18
16877,9662,36108.2116,8444.2717,9683.9286,-34785.5187,-74.4484,-74.4793,1.8333,63.961,81.28,80.17
16897,9674,36152.5650,8454.6441,9695.3214,-34828.3869,-74.4492,-74.4793,1.6667,64.042,80.42,79.38
16919,9686,36198.0782,8465.2879,9707.9286,-34872.1212,-74.4485,-74.4793,1.8333,64.122,80.52,79.34
16939,9698,36242.4315,8475.6603,9719.3214,-34914.9895,-74.4493,-74.4793,1.6667,64.204,81.93,80.83
16961,9710,36286.5527,8485.9785,9732.0714,-34957.2391,-74.4478,-74.4433,1.8333,64.285,80.32,79.21
16981,9722,36332.0659,8496.6222,9744.6786,-35000.9734,-74.4472,-74.3803,1.6667,64.365,80.70,79.64
17003,9734,36376.4192,8506.9947,9756.0714,-35043.8417,-74.4480,-74.4793,1.8333,64.447,81.64,80.47
17023,9746,36421.9324,8517.6384,9768.6786,-35087.5760,-74.4473,-74.4793,1.6667,64.527,80.47,79.37
17045,9758,36466.2857,8528.0109,9780.0714,-35130.4442,-74.4481,-74.4793,1.8333,64.609,81.92,80.73
17065,9770,36511.7989,8538.6546,9792.6786,-35174.1785,-74.4475,-74.4793,1.6667,64.691,81.96,80.88
17087,9782,36556.1523,8549.0271,9804.0714,-35217.0468,-74.4483,-74.4793,1.8333,64.773,81.66,80.52
17107,9794,36601.6655,8559.6708,9816.6786,-35260.7810,-74.4476,-74.4793,1.6667,64.853,79.74,78.68
17129,9806,36646.0188,8570.0433,9828.0714,-35303.6493,-74.4484,-74.4793,1.8333,64.933,80.02,78.84
17149,9818,36691.5320,8580.6870,9840.6786,-35347.3836,-74.4478,-74.4793,1.6667,65.014,81.56,80.45
17169,9830,36735.0287,8590.8592,9851.3214,-35389.5714,-74.4494,-74.4793,1.6667,65.094,80.11,79.06
17191,9842,36781.3985,8601.7032,9864.6786,-35433.9861,-74.4479,-74.4793,1.8333,65.174,80.06,78.94
17211,9854,36824.8952,8611.8754,9875.3214,-35476.1739,-74.4496,-74.4793,1.6667,65.254,79.94,78.86
17233,9866,36870.4084,8622.5191,9887.9286,-35519.9082,-74.4489,-74.5157,1.8333,65.334,79.93,78.83
17253,9878,36914.7617,8632.8916,9899.3214,-35562.7765,-74.4497,-74.4793,1.6667,65.415,80.96,79.82
17275,9890,36960.2749,8643.5353,9911.9286,-35606.5108,-74.4491,-74.4793,1.8333,65.496,80.95,79.76
17295,9902,37004.6282,8653.9078,9923.3214,-35649.3790,-74.4499,-74.4793,1.6667,65.578,81.88,80.81
17317,9914,37050.1414,8664.5515,9935.9286,-35693.1133,-74.4492,-74.4793,1.8333,65.661,82.65,81.45
17337,9926,37094.4947,8674.9240,9947.3214,-35735.9816,-74.4500,-74.4793,1.6667,65.743,82.08,81.02
17359,9938,37138.6160,8685.2422,9960.0714,-35778.2312,-74.4485,-74.4793,1.8333,65.823,80.36,79.26
17379,9950,37184.1292,8695.8859,9972.6786,-35821.9655,-74.4479,-74.4793,1.6667,65.903,80.33,79.29
17401,9962,37228.4825,8706.2584,9984.0714,-35864.8338,-74.4487,-74.4793,1.8333,65.984,80.28,79.17
17421,9974,37273.9957,8716.9021,9996.6786,-35908.5680,-74.4480,-74.4793,1.6667,66.064,80.06,79.01
17443,9986,37318.3490,8727.2746,10008.0714,-35951.4363,-74.4488,-74.4793,1.8333,66.144,80.28,79.15
17463,9998,37363.8622,8737.9183,10020.6786,-35995.1706,-74.4482,-74.4793,1.6667,66.224,79.82,78.76
17485,10010,37408.2155,8748.2907,10032.0714,-36038.0388,-74.4490,-74.4793,1.8333,66.306,81.89,80.77
17505,10022,37453.7287,8758.9345,10044.6786,-36081.7731,-74.4483,-74.4793,1.6667,66.387,80.72,79.64
17525,10034,37497.2254,8769.1066,10055.3214,-36123.9609,-74.4500,-74.5157,1.6667,66.468,81.93,80.82
17547,10046,37543.5952,8779.9507,10068.6786,-36168.3757,-74.4485,-74.4793,1.8333,66.549,80.37,79.20
17567,10058,37587.0919,8790.1228,10079.3214,-36210.5635,-74.4501,-74.4793,1.6667,66.630,81.56,80.43
17589,10070,37633.4617,8800.9669,10092.6786,-36254.9782,-74.4486,-74.4793,1.8333,66.712,81.19,80.06
17609,10082,37676.9585,8811.1390,10103.3214,-36297.1660,-74.4503,-74.4793,1.6667,66.793,81.53,80.46
17631,10094,37722.4716,8821.7827,10115.9286,-36340.9003,-74.4496,-74.4793,1.8333,66.873,80.12,79.02
17651,10106,37766.8250,8832.1552,10127.3214,-36383.7686,-74.4504,-74.4793,1.6667,66.953,80.12,79.08
17673,10118,37812.3382,8842.7989,10139.9286,-36427.5028,-74.4498,-74.4793,1.8333,67.034,80.18,79.07
17693,10130,37856.6915,8853.1714,10151.3214,-36470.3711,-74.4505,-74.4793,1.6667,67.116,82.78,81.64
17715,10142,37900.8127,8863.4896,10164.0714,-36512.6208,-74.4491,-74.4433,1.8333,67.202,85.96,84.82
17735,10154,37946.3259,8874.1333,10176.6786,-36556.3550,-74.4485,-74.3803,1.6667,67.291,89.11,88.02
17757,10166,37990.6792,8884.5058,10188.0714,-36599.2233,-74.4492,-74.4793,1.8333,67.385,93.13,91.91
17777,10178,38036.1924,8895.1495,10200.6786,-36642.9576,-74.4486,-74.4793,1.6667,67.481,96.60,95.40
17799,10190,38080.5457,8905.5220,10212.0714,-36685.8258,-74.4494,-74.4793,1.8333,67.581,99.70,98.48
17819,10202,38126.0589,8916.1657,10224.6786,-36729.5601,-74.4487,-74.4793,1.6667,67.681,100.29,99.12
17841,10214,38170.4123,8926.5382,10236.0714,-36772.4284,-74.4495,-74.4793,1.8333,67.782,100.69,99.38
17861,10226,38215.9254,8937.1819,10248.6786,-36816.1627,-74.4489,-74.4793,1.6667,67.881,98.84,97.70
17883,10238,38260.2788,8947.5544,10260.0714,-36859.0309,-74.4497,-74.4793,1.8333,67.980,98.88,97.66
17903,10250,38305.7920,8958.1981,10272.6786,-36902.7652,-74.4490,-74.4793,1.6667,68.078,98.49,97.34
17923,10262,38349.2887,8968.3703,10283.3214,-36944.9530,-74.4506,-74.4793,1.6667,68.178,100.03,98.84
17945,10274,38395.6585,8979.2143,10296.6786,-36989.3678,-74.4492,-74.4793,1.8333,68.279,101.09,99.85
17965,10286,38439.1552,8989.3865,10307.3214,-37031.5556,-74.4508,-74.4793,1.6667,68.378,99.03,97.86
17987,10298,38484.6684,9000.0302,10319.9286,-37075.2898,-74.4501,-74.5157,1.8333,68.476,97.88,96.64
18007,10310,38529.0217,9010.4027,10331.3214,-37118.1581,-74.4509,-74.4793,1.6667,68.571,94.69,93.46
18029,10322,38574.5349,9021.0464,10343.9286,-37161.8924,-74.4503,-74.4793,1.8333,68.662,91.54,90.30
18049,10334,38618.8883,9031.4189,10355.3214,-37204.7606,-74.4510,-74.4793,1.6667,68.749,86.66,85.58
18071,10346,38664.4014,9042.0626,10367.9286,-37248.4949,-74.4504,-74.4793,1.8333,68.834,84.63,83.49
18091,10358,38708.7548,9052.4351,10379.3214,-37291.3632,-74.4512,-74.4793,1.6667,68.915,81.73,80.66
18113,10370,38752.8760,9062.7532,10392.0714,-37333.6128,-74.4498,-74.4793,1.8333,68.996,80.82,79.67
18133,10382,38798.3892,9073.3970,10404.6786,-37377.3471,-74.4491,-74.4793,1.6667,69.076,79.99,78.96
18155,10394,38842.7425,9083.7694,10416.0714,-37420.2154,-74.4499,-74.4793,1.8333,69.158,81.91,80.80
18175,10406,38888.2557,9094.4132,10428.6786,-37463.9497,-74.4493,-74.4793,1.6667,69.243,84.79,83.71
18197,10418,38932.6090,9104.7856,10440.0714,-37506.8179,-74.4500,-74.4793,1.8333,69.330,86.85,85.73
18217,10430,38978.1222,9115.4294,10452.6786,-37550.5522,-74.4494,-74.4793,1.6667,69.417,87.53,86.44
18239,10442,39022.4755,9125.8018,10464.0714,-37593.4205,-74.4502,-74.4793,1.8333,69.505,87.75,86.56
18259,10454,39067.9887,9136.4456,10476.6786,-37637.1548,-74.4496,-74.4793,1.6667,69.590,85.47,84.36
18279,10466,39111.4854,9146.6177,10487.3214,-37679.3426,-74.4511,-74.5157,1.6667,69.676,85.77,84.64
18301,10478,39157.8552,9157.4617,10500.6786,-37723.7573,-74.4497,-74.4793,1.8333,69.766,89.41,88.21
18321,10490,39201.3520,9167.6339,10511.3214,-37765.9451,-74.4512,-74.4793,1.6667,69.856,90.36,89.25
18343,10502,39247.7217,9178.4779,10524.6786,-37810.3598,-74.4498,-74.4793,1.8333,69.946,89.68,88.53
18363,10514,39291.2185,9188.6501,10535.3214,-37852.5476,-74.4514,-74.4793,1.6667,70.032,86.51,85.42
18385,10526,39336.7317,9199.2938,10547.9286,-37896.2819,-74.4508,-74.4793,1.8333,70.117,85.03,83.86
18405,10538,39381.0850,9209.6663,10559.3214,-37939.1502,-74.4515,-74.4793,1.6667,70.198,81.03,79.98
18427,10550,39426.5982,9220.3100,10571.9286,-37982.8845,-74.4509,-74.4793,1.8333,70.279,80.37,79.26
18447,10562,39470.9515,9230.6825,10583.3214,-38025.7527,-74.4516,-74.4793,1.6667,70.361,82.82,81.76
18469,10574,39515.0727,9241.0007,10596.0714,-38068.0024,-74.4503,-74.4433,1.8333,70.449,87.86,86.70
18489,10586,39560.5859,9251.6444,10608.6786,-38111.7367,-74.4496,-74.3803,1.6667,70.540,90.93,89.82
18511,10598,39604.9392,9262.0169,10620.0714,-38154.6049,-74.4504,-74.4793,1.8333,70.633,93.28,92.09
18531,10610,39650.4524,9272.6606,10632.6786,-38198.3392,-74.4498,-74.4793,1.6667,70.729,95.40,94.27
18553,10622,39694.8058,9283.0331,10644.0714,-38241.2075,-74.4505,-74.4793,1.8333,70.828,99.18,97.96
18573,10634,39740.3189,9293.6768,10656.6786,-38284.9418,-74.4499,-74.4793,1.6667,70.929,100.78,99.63
18595,10646,39784.6723,9304.0493,10668.0714,-38327.8100,-74.4507,-74.4793,1.8333,71.028,99.47,98.26
18615,10658,39830.1855,9314.6930,10680.6786,-38371.5443,-74.4501,-74.4793,1.6667,71.127,98.76,97.62
18637,10670,39874.5388,9325.0655,10692.0714,-38414.4126,-74.4508,-74.4793,1.8333,71.227,100.41,99.19
18657,10682,39920.0520,9335.7092,10704.6786,-38458.1468,-74.4502,-74.4793,1.6667,71.326,98.96,97.82
18677,10694,39963.5487,9345.8813,10715.3214,-38500.3346,-74.4517,-74.4793,1.6667,71.427,100.99,99.82
18699,10706,40009.9185,9356.7254,10728.6786,-38544.7494,-74.4503,-74.4793,1.8333,71.528,100.68,99.39
18719,10718,40053.4152,9366.8975,10739.3214,-38586.9372,-74.4518,-74.4793,1.6667,71.628,99.59,98.42
18741,10730,40098.9284,9377.5413,10751.9286,-38630.6715,-74.4512,-74.5157,1.8333,71.726,98.80,97.59
18761,10742,40143.2818,9387.9137,10763.3214,-38673.5397,-74.4520,-74.4793,1.6667,71.825,98.94,97.80
18783,10754,40188.7949,9398.5575,10775.9286,-38717.2740,-74.4514,-74.4793,1.8333,71.925,99.22,98.02
18803,10766,40233.1483,9408.9299,10787.3214,-38760.1423,-74.4521,-74.4793,1.6667,72.025,100.65,99.45
18825,10778,40278.6615,9419.5737,10799.9286,-38803.8765,-74.4515,-74.4793,1.8333,72.125,99.96,98.75
18845,10790,40323.0148,9429.9461,10811.3214,-38846.7448,-74.4522,-74.4793,1.6667,72.225,99.84,98.69
18867,10802,40367.1360,9440.2643,10824.0714,-38888.9945,-74.4509,-74.4793,1.8333,72.325,99.49,98.24
18887,10814,40412.6492,9450.9080,10836.6786,-38932.7288,-74.4503,-74.4793,1.6667,72.427,102.03,100.83
18909,10826,40457.0025,9461.2805,10848.0714,-38975.5970,-74.4510,-74.4793,1.8333,72.529,102.03,100.78
18929,10838,40502.5157,9471.9242,10860.6786,-39019.3313,-74.4504,-74.4793,1.6667,72.629,100.02,98.77
18951,10850,40546.8690,9482.2967,10872.0714,-39062.1996,-74.4511,-74.4793,1.8333,72.729,99.83,98.61
18971,10862,40592.3822,9492.9404,10884.6786,-39105.9338,-74.4505,-74.4793,1.6667,72.827,98.86,97.72
18993,10874,40636.7355,9503.3129,10896.0714,-39148.8021,-74.4513,-74.4793,1.8333,72.926,99.13,97.90
19013,10886,40682.2487,9513.9566,10908.6786,-39192.5364,-74.4507,-74.4793,1.6667,73.025,98.60,97.45
19033,10898,40725.7455,9524.1288,10919.3214,-39234.7242,-74.4522,-74.5157,1.6667,73.125,99.71,98.52
19055,10910,40772.1152,9534.9728,10932.6786,-39279.1389,-74.4508,-74.4793,1.8333,73.224,99.02,97.80
19075,10922,40815.6120,9545.1450,10943.3214,-39321.3267,-74.4523,-74.4793,1.6667,73.324,99.91,98.71
19097,10934,40861.9818,9555.9890,10956.6786,-39365.7415,-74.4509,-74.4793,1.8333,73.425,101.72,100.41
19117,10946,40905.4785,9566.1612,10967.3214,-39407.9293,-74.4524,-74.4793,1.6667,73.526,100.72,99.52
19139,10958,40950.9917,9576.8049,10979.9286,-39451.6636,-74.4518,-74.4793,1.8333,73.626,99.80,98.56
19159,10970,40995.3450,9587.1774,10991.3214,-39494.5318,-74.4525,-74.4793,1.6667,73.725,99.51,98.35
19181,10982,41040.8582,9597.8211,11003.9286,-39538.2661,-74.4519,-74.4793,1.8333,73.825,99.40,98.19
19201,10994,41085.2116,9608.1936,11015.3214,-39581.1343,-74.4527,-74.4793,1.6667,73.924,99.42,98.27
19223,11006,41129.3327,9618.5118,11028.0714,-39623.3840,-74.4513,-74.4433,1.8333,74.023,99.15,97.95
19243,11018,41174.8459,9629.1555,11040.6786,-39667.1183,-74.4507,-74.3803,1.6667,74.123,99.48,98.34
19265,11030,41219.1993,9639.5280,11052.0714,-39709.9866,-74.4515,-74.4793,1.8333,74.223,99.72,98.42
19285,11042,41264.7124,9650.1717,11064.6786,-39753.7208,-74.4509,-74.4793,1.6667,74.325,102.55,101.31
19307,11054,41309.0658,9660.5442,11076.0714,-39796.5891,-74.4516,-74.4793,1.8333,74.427,101.39,100.12
19327,11066,41354.5790,9671.1879,11088.6786,-39840.3234,-74.4510,-74.4793,1.6667,74.527,100.27,99.10
19349,11078,41398.9323,9681.5604,11100.0714,-39883.1916,-74.4517,-74.4793,1.8333,74.627,99.87,98.59
19369,11090,41444.4455,9692.2041,11112.6786,-39926.9259,-74.4511,-74.4793,1.6667,74.728,101.19,99.96
19389,11102,41487.9422,9702.3762,11123.3214,-39969.1137,-74.4526,-74.5157,1.6667,74.827,99.34,98.18
19411,11114,41534.3120,9713.2203,11136.6786,-40013.5285,-74.4513,-74.4793,1.8333,74.927,99.37,98.14
19431,11126,41577.8088,9723.3924,11147.3214,-40055.7163,-74.4527,-74.4793,1.6667,75.026,99.17,98.04
19453,11138,41624.1785,9734.2365,11160.6786,-40100.1310,-74.4514,-74.4793,1.8333,75.125,98.97,97.76
19473,11150,41667.6753,9744.4086,11171.3214,-40142.3188,-74.4528,-74.4793,1.6667,75.224,99.34,98.16
19495,11162,41713.1885,9755.0524,11183.9286,-40186.0531,-74.4523,-74.5157,1.8333,75.325,100.61,99.29
19515,11174,41757.5418,9765.4248,11195.3214,-40228.9214,-74.4530,-74.4793,1.6667,75.425,100.68,99.48
19537,11186,41803.0550,9776.0685,11207.9286,-40272.6556,-74.4524,-74.4793,1.8333,75.525,100.08,98.80
19557,11198,41847.4083,9786.4410,11219.3214,-40315.5239,-74.4531,-74.4793,1.6667,75.625,99.32,98.11
19579,11210,41891.5295,9796.7592,11232.0714,-40357.7736,-74.4518,-74.4433,1.8333,75.725,99.77,98.54
19599,11222,41937.2749,9807.4572,11243.3214,-40402.1264,-74.4532,-74.4793,1.6667,75.824,99.79,98.64
19621,11234,41981.3960,9817.7754,11256.0714,-40444.3761,-74.4519,-74.4793,1.8333,75.924,99.47,98.24
19641,11246,42026.9092,9828.4191,11268.6786,-40488.1104,-74.4513,-74.4793,1.6667,76.023,99.27,98.12
19663,11258,42071.2625,9838.7916,11280.0714,-40530.9786,-74.4520,-74.4793,1.8333,76.122,99.36,98.16
19683,11270,42116.7757,9849.4353,11292.6786,-40574.7129,-74.4514,-74.4793,1.6667,76.223,100.24,99.03
19705,11282,42161.1291,9859.8078,11304.0714,-40617.5812,-74.4521,-74.4793,1.8333,76.324,101.73,100.49
19725,11294,42206.6422,9870.4515,11316.6786,-40661.3155,-74.4516,-74.4793,1.6667,76.424,99.75,98.53
19747,11306,42250.9956,9880.8240,11328.0714,-40704.1837,-74.4523,-74.4793,1.8333,76.524,100.04,98.77
19767,11318,42296.5088,9891.4677,11340.6786,-40747.9180,-74.4517,-74.4793,1.6667,76.624,99.72,98.52
19787,11330,42340.0055,9901.6399,11351.3214,-40790.1058,-74.4531,-74.4793,1.6667,76.723,99.52,98.31
19809,11342,42386.3753,9912.4839,11364.6786,-40834.5205,-74.4518,-74.4793,1.8333,76.824,100.21,98.98
19829,11354,42429.8721,9922.6561,11375.3214,-40876.7084,-74.4532,-74.4793,1.6667,76.924,99.97,98.77
19851,11366,42476.2418,9933.5001,11388.6786,-40921.1231,-74.4519,-74.4793,1.8333,77.024,100.37,99.16
19871,11378,42519.7386,9943.6723,11399.3214,-40963.3109,-74.4534,-74.4793,1.6667,77.123,99.43,98.28
19893,11390,42565.2517,9954.3160,11411.9286,-41007.0452,-74.4528,-74.4793,1.8333,77.224,101.03,99.60
19913,11402,42609.6051,9964.6885,11423.3214,-41049.9134,-74.4535,-74.4793,1.6667,77.325,100.43,99.18
19935,11414,42655.1183,9975.3322,11435.9286,-41093.6477,-74.4529,-74.4793,1.8333,77.425,100.00,98.71
19955,11426,42699.4716,9985.7047,11447.3214,-41136.5160,-74.4536,-74.4793,1.6667,77.525,100.50,99.25
19977,11438,42743.5928,9996.0229,11460.0714,-41178.7656,-74.4523,-74.4793,1.8333,77.626,100.66,99.40
19997,11450,42789.1060,10006.6666,11472.6786,-41222.4999,-74.4518,-74.3803,1.6667,77.726,99.57,98.41
20019,11462,42833.4593,10017.0391,11484.0714,-41265.3682,-74.4524,-74.4793,1.8333,77.825,99.30,98.10
20039,11474,42878.9725,10027.6828,11496.6786,-41309.1025,-74.4519,-74.4793,1.6667,77.924,99.29,98.15
20061,11486,42923.3258,10038.0553,11508.0714,-41351.9707,-74.4526,-74.4793,1.8333,78.023,99.29,98.08
20081,11498,42968.8390,10048.6990,11520.6786,-41395.7050,-74.4520,-74.4793,1.6667,78.123,99.78,98.55
20103,11510,43013.1923,10059.0715,11532.0714,-41438.5733,-74.4527,-74.4793,1.8333,78.225,102.13,100.81
20123,11522,43058.7055,10069.7152,11544.6786,-41482.3075,-74.4521,-74.4793,1.6667,78.325,99.30,98.15
20143,11534,43102.2023,10079.8873,11555.3214,-41524.4954,-74.4535,-74.5157,1.6667,78.425,100.08,98.86
20165,11546,43148.5720,10090.7314,11568.6786,-41568.9101,-74.4522,-74.4793,1.8333,78.525,100.25,98.98
20185,11558,43192.0688,10100.9035,11579.3214,-41611.0979,-74.4536,-74.4793,1.6667,78.625,99.55,98.35
20207,11570,43238.4386,10111.7476,11592.6786,-41655.5126,-74.4524,-74.4793,1.8333,78.724,98.96,97.76
20227,11582,43281.9353,10121.9197,11603.3214,-41697.7004,-74.4538,-74.4793,1.6667,78.822,98.91,97.76
20249,11594,43327.4485,10132.5634,11615.9286,-41741.4347,-74.4532,-74.5157,1.8333,78.921,98.75,97.55
20269,11606,43371.8019,10142.9359,11627.3214,-41784.3030,-74.4539,-74.4793,1.6667,79.021,99.40,98.23
20291,11618,43417.3150,10153.5796,11639.9286,-41828.0373,-74.4533,-74.4793,1.8333,79.121,100.73,99.44
20311,11630,43461.6684,10163.9521,11651.3214,-41870.9055,-74.4540,-74.4793,1.6667,79.222,100.72,99.54
20333,11642,43505.7895,10174.2703,11664.0714,-41913.1552,-74.4527,-74.4433,1.8333,79.322,99.70,98.49
20353,11654,43551.5349,10184.9683,11675.3214,-41957.5081,-74.4541,-74.4793,1.6667,79.423,101.42,100.13
20375,11666,43595.6561,10195.2865,11688.0714,-41999.7577,-74.4528,-74.4793,1.8333,79.524,100.42,99.10
20395,11678,43641.1692,10205.9302,11700.6786,-42043.4920,-74.4523,-74.4793,1.6667,79.623,99.39,98.21
20417,11690,43685.5226,10216.3027,11712.0714,-42086.3603,-74.4530,-74.4793,1.8333,79.722,99.18,97.96
20437,11702,43731.0358,10226.9464,11724.6786,-42130.0945,-74.4524,-74.4793,1.6667,79.821,98.76,97.60
20459,11714,43775.3891,10237.3189,11736.0714,-42172.9628,-74.4531,-74.4793,1.8333,79.920,99.21,98.00
20479,11726,43820.9023,10247.9626,11748.6786,-42216.6971,-74.4525,-74.4793,1.6667,80.019,98.75,97.58
20501,11738,43865.2556,10258.3351,11760.0714,-42259.5653,-74.4532,-74.4793,1.8333,80.119,99.86,98.54
20521,11750,43910.7688,10268.9788,11772.6786,-42303.2996,-74.4527,-74.4793,1.6667,80.218,99.28,98.09
20541,11762,43954.2656,10279.1510,11783.3214,-42345.4874,-74.4540,-74.4793,1.6667,80.317,98.98,97.84
20563,11774,44000.6353,10289.9950,11796.6786,-42389.9022,-74.4528,-74.4793,1.8333,80.417,100.31,98.99
20583,11786,44044.1321,10300.1672,11807.3214,-42432.0900,-74.4541,-74.4793,1.6667,80.518,100.55,99.30
20605,11798,44090.5018,10311.0112,11820.6786,-42476.5047,-74.4529,-74.4793,1.8333,80.617,99.49,98.23
20625,11810,44133.9986,10321.1834,11831.3214,-42518.6925,-74.4543,-74.4793,1.6667,80.717,99.74,98.56
20647,11822,44179.5118,10331.8271,11843.9286,-42562.4268,-74.4537,-74.4793,1.8333,80.816,99.39,98.18
20667,11834,44223.8652,10342.1996,11855.3214,-42605.2951,-74.4544,-74.4793,1.6667,80.916,99.20,98.06
20689,11846,44269.3783,10352.8433,11867.9286,-42649.0293,-74.4538,-74.4793,1.8333,81.015,99.82,98.53
20709,11858,44313.7317,10363.2158,11879.3214,-42691.8976,-74.4545,-74.4793,1.6667,81.117,101.04,99.83
20731,11870,44357.8528,10373.5339,11892.0714,-42734.1473,-74.4532,-74.4793,1.8333,81.216,99.75,98.52
20751,11882,44403.3660,10384.1777,11904.6786,-42777.8816,-74.4527,-74.3803,1.6667,81.317,100.29,99.13
20773,11894,44447.7194,10394.5501,11916.0714,-42820.7498,-74.4534,-74.4793,1.8333,81.417,100.34,99.04
20793,11906,44493.2325,10405.1939,11928.6786,-42864.4841,-74.4528,-74.4793,1.6667,81.517,100.51,99.27
20815,11918,44537.5859,10415.5663,11940.0714,-42907.3523,-74.4535,-74.4793,1.8333,81.617,99.82,98.57
20835,11930,44583.0990,10426.2101,11952.6786,-42951.0866,-74.4529,-74.4793,1.6667,81.716,99.17,97.96
20857,11942,44627.4524,10436.5825,11964.0714,-42993.9549,-74.4536,-74.4793,1.8333,81.816,99.77,98.50
20877,11954,44672.9656,10447.2263,11976.6786,-43037.6892,-74.4530,-74.4793,1.6667,81.918,101.35,100.09
20897,11966,44716.4624,10457.3984,11987.3214,-43079.8770,-74.4544,-74.5157,1.6667,82.020,102.59,101.21
20919,11978,44762.8321,10468.2425,12000.6786,-43124.2917,-74.4532,-74.4793,1.8333,82.121,101.28,99.99
20939,11990,44806.3289,10478.4146,12011.3214,-43166.4795,-74.4545,-74.4793,1.6667,82.221,99.73,98.49
20961,12002,44852.6986,10489.2587,12024.6786,-43210.8943,-74.4533,-74.4793,1.8333,82.320,99.24,98.04
20981,12014,44896.1954,10499.4308,12035.3214,-43253.0821,-74.4546,-74.4793,1.6667,82.421,100.30,99.04
21003,12026,44941.7086,10510.0745,12047.9286,-43296.8163,-74.4541,-74.5157,1.8333,82.521,100.73,99.45
23097,13226,49425.8792,11558.7433,13248.6786,-47617.2315,-74.4553,-74.4793,1.6667,92.353,80.85,79.78
25191,14426,53909.4257,12607.2662,14447.3214,-51937.5848,-74.4585,-74.4793,1.6667,100.787,80.11,79.07
27285,15626,58392.7400,13655.7347,15647.3214,-56257.3195,-74.4598,-74.5157,1.6667,109.170,79.76,78.72
29381,16826,62876.9107,14704.4035,16848.0714,-60577.7347,-74.4604,-74.4793,1.8333,117.989,80.04,78.92
31475,18026,67362.4735,15753.3979,18048.6786,-64899.6345,-74.4614,-74.4793,1.8333,126.236,99.91,98.63
33569,19226,71845.7878,16801.8664,19248.6786,-69219.3692,-74.4622,-74.4793,1.6667,135.901,100.24,99.01
35663,20426,76329.3346,17850.3893,20447.3214,-73539.7225,-74.4641,-74.4793,1.6667,145.922,99.64,98.47
37759,21626,80813.5054,18899.0582,21648.0714,-77860.1376,-74.4643,-74.4793,1.8333,155.961,100.91,99.66
39853,22826,85298.2118,19947.8523,22847.9286,-82181.3570,-74.4652,-74.4793,1.8333,166.005,99.70,98.47
41947,24026,89782.3826,20996.5211,24048.6786,-86501.7721,-74.4654,-74.4793,1.6667,176.044,99.41,98.24
44041,25226,94265.6970,22044.9897,25248.6786,-90821.5069,-74.4658,-74.3803,1.6667,186.076,100.46,99.27
46135,26426,98749.2439,23093.5126,26447.3214,-95141.8602,-74.4671,-74.4793,1.6667,196.111,99.44,98.31
48231,27626,103233.4146,24142.1814,27648.0714,-99462.2753,-74.4671,-74.4793,1.8333,206.158,100.59,99.27
50325,28826,107718.1211,25190.9756,28847.9286,-103783.4946,-74.4677,-74.4793,1.8333,216.196,99.81,98.53
52419,30026,112202.2919,26239.6444,30048.6786,-108103.9098,-74.4678,-74.4793,1.6667,226.226,100.01,98.75
54513,31226,116685.8389,27288.1673,31247.3214,-112424.2631,-74.4688,-74.4793,1.6667,236.285,100.84,99.68
56607,32426,121169.1533,28336.6359,32447.3214,-116743.9978,-74.4690,-74.5157,1.6667,246.319,99.13,98.00
58703,33626,125653.3241,29385.3047,33648.0714,-121064.4130,-74.4690,-74.4793,1.8333,256.361,100.18,98.95
60797,34826,130138.8870,30434.2991,34848.6786,-125386.3128,-74.4692,-74.4793,1.8333,266.387,99.22,98.00
62891,36026,134622.2014,31482.7677,36048.6786,-129706.0475,-74.4694,-74.4793,1.6667,276.623,106.03,104.70
64985,37226,139105.7484,32531.2907,37247.3214,-134026.4008,-74.4701,-74.4793,1.6667,287.004,104.55,103.29
67081,38426,143589.9192,33579.9595,38448.0714,-138346.8159,-74.4701,-74.4793,1.8333,297.369,103.00,101.70
69175,39626,148074.6258,34628.7536,39647.9286,-142668.0353,-74.4704,-74.4793,1.8333,307.720,103.96,102.66
71269,40826,152558.7966,35677.4225,40848.6786,-146988.4504,-74.4704,-74.4793,1.6667,318.102,99.51,98.28
73363,42026,157042.1109,36725.8910,42048.6786,-151308.1852,-74.4705,-74.3803,1.6667,328.174,101.64,100.48
75457,43226,161525.6580,37774.4140,43247.3214,-155628.5385,-74.4711,-74.4793,1.6667,338.165,99.43,98.29
77553,44426,166009.8288,38823.0828,44448.0714,-159948.9536,-74.4711,-74.4793,1.8333,347.832,95.53,94.36
79647,45626,170494.5353,39871.8770,45647.9286,-164270.1729,-74.4713,-74.4793,1.8333,357.436,95.47,94.31
81741,46826,174978.7061,40920.5458,46848.6786,-168590.5881,-74.4713,-74.4793,1.6667,367.278,99.19,98.04
83835,48026,179462.2532,41969.0688,48047.3214,-172910.9414,-74.4718,-74.4793,1.6667,377.259,100.36,99.01
85929,49226,183945.5676,43017.5373,49247.3214,-177230.6761,-74.4719,-74.5157,1.6667,387.207,98.64,97.50
88025,50426,188429.7384,44066.2062,50448.0714,-181551.0913,-74.4718,-74.4793,1.8333,397.123,100.87,99.60
90119,51626,192915.3014,45115.2006,51648.6786,-185872.9911,-74.4719,-74.4793,1.8333,407.147,99.87,98.55
92213,52826,197398.6157,46163.6691,52848.6786,-190192.7258,-74.4719,-74.4793,1.6667,417.164,100.21,98.95
94307,54026,201882.1628,47212.1921,54047.3214,-194513.0791,-74.4724,-74.4793,1.6667,427.165,99.94,98.73
96403,55226,206366.3336,48260.8610,55248.0714,-198833.4942,-74.4723,-74.4793,1.8333,437.208,100.14,98.84
98497,56426,210851.0402,49309.6551,56447.9286,-203154.7136,-74.4725,-74.4793,1.8333,447.230,100.82,99.53
100591,57626,215335.2110,50358.3239,57648.6786,-207475.1287,-74.4724,-74.4793,1.8333,457.248,101.45,100.13
102685,58826,219818.5254,51406.7925,58848.6786,-211794.8635,-74.4725,-74.4793,1.6667,467.275,100.20,98.90
104779,60026,224302.0725,52455.3155,60047.3214,-216115.2168,-74.4729,-74.4793,1.6667,477.309,99.49,98.33
106875,61226,228786.2433,53503.9843,61248.0714,-220435.6319,-74.4728,-74.4793,1.8333,487.341,100.02,98.79
108969,62426,233270.9499,54552.7784,62447.9286,-224756.8513,-74.4730,-74.4793,1.8333,497.372,100.37,99.04
111063,63626,237755.1206,55601.4473,63648.6786,-229077.2664,-74.4729,-74.4793,1.6667,507.334,99.43,98.24
113157,64826,242238.6678,56649.9703,64847.3214,-233397.6197,-74.4733,-74.4793,1.6667,516.962,95.58,94.49
115251,66026,246721.9821,57698.4388,66047.3214,-237717.3544,-74.4733,-74.4793,1.6667,526.578,95.65,94.54
117347,67226,251206.1529,58747.1077,67248.0714,-242037.7696,-74.4732,-74.4793,1.8333,536.441,99.67,98.44
119441,68426,255691.7159,59796.1021,68448.6786,-246359.6694,-74.4733,-74.4793,1.8333,546.398,97.95,96.71
121535,69626,260175.0303,60844.5706,69648.6786,-250679.4041,-74.4733,-74.4793,1.6667,556.347,100.31,99.15
123629,70826,264658.5774,61893.0936,70847.3214,-254999.7574,-74.4736,-74.4793,1.6667,566.279,101.45,100.28
125725,72026,269142.7482,62941.7624,72048.0714,-259320.1726,-74.4735,-74.4793,1.8333,576.051,95.36,94.20
127819,73226,273626.0626,63990.2310,73248.0714,-263639.9073,-74.4736,-74.4433,1.8333,585.662,96.02,94.87
129913,74426,278111.6256,65039.2254,74448.6786,-267961.8070,-74.4736,-74.4793,1.8333,595.279,95.25,94.09
132007,75626,282594.9400,66087.6940,75648.6786,-272281.5418,-74.4736,-74.4793,1.6667,604.888,95.59,94.46
134101,76826,287078.4871,67136.2170,76847.3214,-276601.8951,-74.4739,-74.4793,1.6667,614.771,99.21,98.06
136197,78026,291562.6579,68184.8858,78048.0714,-280922.3102,-74.4738,-74.4793,1.8333,624.810,99.64,98.41
138291,79226,296047.3645,69233.6799,79247.9286,-285243.5296,-74.4740,-74.4793,1.8333,634.835,99.43,98.22
140385,80426,300531.5352,70282.3488,80448.6786,-289563.9447,-74.4739,-74.4793,1.6667,644.877,101.12,99.90
142479,81626,305015.0824,71330.8718,81647.3214,-293884.2980,-74.4742,-74.4793,1.6667,654.913,101.16,99.95
144573,82826,309498.3968,72379.3403,82847.3214,-298204.0327,-74.4742,-74.4793,1.6667,664.945,101.51,100.26
146669,84026,313982.5676,73428.0092,84048.0714,-302524.4479,-74.4741,-74.4793,1.8333,674.970,100.30,98.99
148763,85226,318468.1305,74477.0036,85248.6786,-306846.3477,-74.4741,-74.4793,1.8333,684.958,99.90,98.63
150857,86426,322951.4449,75525.4721,86448.6786,-311166.0824,-74.4741,-74.4793,1.6667,694.964,100.51,99.25
152951,87626,327434.9921,76573.9951,87647.3214,-315486.4357,-74.4744,-74.4793,1.6667,704.994,100.16,98.92
155047,88826,331919.1629,77622.6640,88848.0714,-319806.8509,-74.4743,-74.4793,1.8333,715.017,101.70,100.36
157141,90026,336402.4773,78671.1325,90048.0714,-324126.5856,-74.4743,-74.4433,1.8333,725.037,100.25,98.94
159235,91226,340888.0402,79720.1269,91248.6786,-328448.4853,-74.4743,-74.4793,1.8333,735.058,99.45,98.20
161329,92426,345371.3546,80768.5955,92448.6786,-332768.2201,-74.4743,-74.4793,1.6667,745.088,100.37,99.14
163423,93626,349854.9018,81817.1185,93647.3214,-337088.5734,-74.4746,-74.4793,1.6667,755.108,99.91,98.70
165519,94826,354339.0725,82865.7873,94848.0714,-341408.9885,-74.4745,-74.4793,1.8333,765.147,102.11,100.79
167613,96026,358823.7791,83914.5815,96047.9286,-345730.2079,-74.4746,-74.4793,1.8333,775.166,100.21,98.91
169707,97226,363307.9499,84963.2503,97248.6786,-350050.6230,-74.4745,-74.4793,1.6667,784.915,96.59,95.49
171801,98426,367791.4971,86011.7733,98447.3214,-354370.9763,-74.4747,-74.4793,1.6667,794.561,96.32,95.20
173895,99626,372274.8115,87060.2418,99647.3214,-358690.7110,-74.4747,-74.4793,1.6667,804.296,99.67,98.46
174567,100010,373710.1949,87395.9208,100032.0714,-360073.5680,-74.4747,-74.4793,1.8333,807.502,100.03,98.75
