generation,path_length_rings,euclid_distance,effective_rings,global_x,global_y,heading_running,heading_windowed,local_clock,elapsed_s,hop_ms,patch_ms
60,24,91.5647,21.3734,-18.8929,89.6336,103.8793,NaN,2.5000,0.113,113.05,65.36
81,36,135.7706,31.6921,-27.8929,132.9349,103.1831,101.7415,1.7500,0.182,69.04,67.92
102,48,181.4134,42.3461,-42.8929,176.2362,104.6769,105.4895,1.7500,0.250,67.45,66.35
123,60,225.5934,52.6588,-51.8929,219.5374,104.1017,104.2536,1.7500,0.317,67.01,65.95
144,72,271.2739,63.3217,-66.8929,262.8387,104.9461,105.4895,1.7500,0.382,65.84,64.76
165,84,315.4411,73.6314,-75.8929,306.1400,104.4970,104.7497,1.7500,0.451,68.41,67.29
186,96,360.6199,84.1772,-92.1071,348.5752,105.3034,105.7880,1.7500,0.521,70.53,69.42
207,108,405.2972,94.6059,-99.8929,392.7425,104.7171,104.9616,1.7500,0.594,72.70,71.61
228,120,450.4861,105.1540,-116.1071,435.1778,105.3405,105.7132,1.7500,0.668,74.03,72.89
249,132,495.1571,115.5813,-123.8929,479.3451,104.8573,105.0791,1.7500,0.746,77.89,76.78
270,144,540.3524,126.1310,-140.1071,521.7803,105.3653,105.6685,1.7500,0.828,81.80,80.65
291,156,585.0190,136.5572,-147.8929,565.9476,104.9544,105.1539,1.7500,0.916,87.82,86.63
312,168,630.2188,147.1079,-164.1071,608.3828,105.3830,105.6386,1.7500,1.013,97.25,96.08
333,180,674.8822,157.5334,-171.8929,652.5501,105.0257,105.2056,1.7500,1.098,84.89,83.73
354,192,720.0852,168.0848,-188.1071,694.9854,105.3963,105.6173,1.7500,1.182,83.85,82.64
374,204,763.8616,178.3033,-198.8929,737.4206,105.3312,105.5290,1.6667,1.263,81.67,80.47
396,216,809.9517,189.0618,-212.1071,781.5879,105.4067,105.6013,1.8333,1.348,84.34,83.12
416,228,853.7278,199.2802,-222.8929,824.0232,105.3479,105.5243,1.6667,1.434,86.78,85.62
438,240,899.8181,210.0387,-236.1071,868.1905,105.4150,105.5889,1.8333,1.518,83.88,82.70
458,252,943.5942,220.2571,-246.8929,910.6257,105.3614,105.5207,1.6667,1.599,80.54,79.44
479,264,987.7366,230.5609,-255.8929,953.9270,105.1994,105.5207,1.7500,1.681,82.34,81.18
500,276,1033.4605,241.2340,-270.8929,997.2283,105.3725,105.5207,1.7500,1.762,81.03,79.77
521,288,1077.6021,251.5377,-279.8929,1040.5295,105.2236,105.5207,1.7500,1.845,82.75,81.53
542,300,1123.3269,262.2109,-294.8929,1083.8308,105.3819,105.5207,1.7500,1.925,80.33,79.18
563,312,1167.4678,272.5144,-303.8929,1127.1321,105.2441,105.5207,1.7500,2.007,81.35,80.23
584,324,1212.6814,283.0684,-320.1071,1169.5673,105.4561,105.5207,1.7500,2.087,80.44,79.28
605,336,1257.3336,293.4912,-327.8929,1213.7346,105.2616,105.5207,1.7500,2.169,81.91,80.77
626,348,1302.5480,304.0453,-344.1071,1256.1698,105.4584,105.5207,1.7500,2.250,81.20,80.03
647,360,1347.1995,314.4680,-351.8929,1300.3371,105.2768,105.5207,1.7500,2.332,81.70,80.56
668,372,1392.4145,325.0223,-368.1071,1342.7724,105.4604,105.5207,1.7500,2.412,80.60,79.43
689,384,1437.0654,335.4449,-375.8929,1386.9397,105.2901,105.5207,1.7500,2.495,82.22,81.08
710,396,1482.2811,345.9993,-392.1071,1429.3749,105.4621,105.5207,1.7500,2.577,82.83,81.67
731,408,1526.9315,356.4217,-399.8929,1473.5422,105.3019,105.5207,1.7500,2.661,83.55,82.33
752,420,1572.1477,366.9762,-416.1071,1515.9775,105.4637,105.5207,1.7500,2.746,84.59,83.34
772,432,1615.9228,377.1944,-426.8929,1558.4127,105.4311,105.5207,1.6667,2.828,82.01,80.82
794,444,1662.0142,387.9532,-440.1071,1602.5800,105.4651,105.5207,1.8333,2.912,84.70,83.53
814,456,1705.7893,398.1713,-450.8929,1645.0153,105.4342,105.5207,1.6667,2.995,82.67,81.49
835,468,1749.9265,408.4740,-459.8929,1688.3165,105.3409,105.2626,1.7500,3.079,83.59,82.42
856,480,1795.6558,419.1483,-474.8929,1731.6178,105.4370,105.5207,1.7500,3.161,82.68,81.55
877,492,1839.7928,429.4509,-483.8929,1774.9191,105.3482,105.5207,1.7500,3.245,83.62,82.49
898,504,1885.5223,440.1253,-498.8929,1818.2203,105.4395,105.5207,1.7500,3.326,80.90,79.76
919,516,1929.6591,450.4278,-507.8929,1861.5216,105.3548,105.5207,1.7500,3.409,83.68,82.56
940,528,1974.8779,460.9830,-524.1071,1903.9569,105.4824,105.6150,1.7500,3.492,82.81,81.66
961,540,2019.5254,471.4047,-531.8929,1948.1241,105.3608,105.5207,1.7500,3.575,83.07,81.88
982,552,2064.7445,481.9599,-548.1071,1990.5594,105.4827,105.5207,1.7500,3.656,80.66,79.51
1003,564,2109.3917,492.3816,-555.8929,2034.7267,105.3663,105.5207,1.7500,3.738,82.01,80.90
1024,576,2154.6111,502.9369,-572.1071,2077.1619,105.4830,105.5207,1.7500,3.816,77.92,76.81
1045,588,2199.2581,513.3586,-579.8929,2121.3292,105.3713,105.5207,1.7500,3.896,80.07,78.96
1066,600,2244.4776,523.9139,-596.1071,2163.7645,105.4833,105.5207,1.7500,3.975,78.67,77.50
1087,612,2289.1245,534.3355,-603.8929,2207.9318,105.3759,105.5207,1.7500,4.055,79.87,78.74
1108,624,2334.3442,544.8908,-620.1071,2250.3670,105.4835,105.5207,1.7500,4.135,80.17,79.05
1128,636,2378.1189,555.1089,-630.8929,2292.8023,105.4610,105.7464,1.6667,4.214,78.87,77.75
1150,648,2424.2108,565.8678,-644.1071,2336.9696,105.4837,105.5207,1.8333,4.293,79.61,78.43
1170,660,2467.9855,576.0859,-654.8929,2379.4048,105.4620,105.5207,1.6667,4.372,78.54,77.44
1192,672,2514.0773,586.8448,-668.1071,2423.5721,105.4839,105.5207,1.8333,4.452,80.33,79.18
1212,684,2557.8520,597.0628,-678.8929,2466.0073,105.4630,105.5207,1.6667,4.531,78.85,77.76
1233,696,2601.9870,607.3650,-687.8929,2509.3086,105.3998,105.5207,1.7500,4.611,79.90,78.77
1254,708,2647.7186,618.0398,-702.8929,2552.6099,105.4639,105.5207,1.7500,4.689,78.23,77.08
1275,720,2691.8535,628.3419,-711.8929,2595.9111,105.4028,105.5207,1.7500,4.769,79.68,78.57
1296,732,2737.5851,639.0168,-726.8929,2639.2124,105.4647,105.5207,1.7500,4.847,78.72,77.57
1317,744,2781.7200,649.3189,-735.8929,2682.5137,105.4056,105.5207,1.7500,4.927,80.03,78.89
1338,756,2826.9412,659.8746,-752.1071,2724.9489,105.4939,105.5207,1.7500,5.006,78.56,77.41
1359,768,2871.5864,670.2958,-759.8929,2769.1162,105.4082,105.5207,1.7500,5.087,80.59,79.46
1380,780,2916.8077,680.8515,-776.1071,2811.5515,105.4938,105.5207,1.7500,5.166,79.29,78.14
1401,792,2961.4529,691.2728,-783.8929,2855.7188,105.4107,105.5207,1.7500,5.246,80.06,78.94
1422,804,3006.6743,701.8285,-800.1071,2898.1540,105.4937,105.5207,1.7500,5.325,79.26,78.13
1443,816,3051.3194,712.2497,-807.8929,2942.3213,105.4130,105.5207,1.7500,5.405,79.87,78.76
1464,828,3096.5409,722.8055,-824.1071,2984.7566,105.4935,105.5207,1.7500,5.486,80.67,79.54
1485,840,3141.1859,733.2267,-831.8929,3028.9238,105.4152,105.5207,1.7500,5.565,79.15,77.99
1506,852,3186.4074,743.7824,-848.1071,3071.3591,105.4934,105.5207,1.7500,5.645,79.76,78.62
1526,864,3230.1819,754.0004,-858.8929,3113.7943,105.4767,105.5207,1.6667,5.723,78.50,77.38
1548,876,3276.2740,764.7594,-872.1071,3157.9616,105.4933,105.5207,1.8333,5.804,81.13,79.99
1568,888,3320.0485,774.9774,-882.8929,3200.3969,105.4771,105.5207,1.6667,5.883,79.11,78.02
1589,900,3364.1825,785.2793,-891.8929,3243.6981,105.4280,105.2626,1.7500,5.964,80.43,79.31
1610,912,3409.9151,795.9544,-906.8929,3286.9994,105.4774,105.5207,1.7500,6.043,78.84,77.73
1631,924,3454.0490,806.2563,-915.8929,3330.3007,105.4296,105.5207,1.7500,6.124,81.35,80.25
1652,936,3499.7816,816.9314,-930.8929,3373.6020,105.4777,105.5207,1.7500,6.204,79.65,78.48
1673,948,3543.9155,827.2332,-939.8929,3416.9032,105.4311,105.5207,1.7500,6.284,80.74,79.62
1694,960,3589.1379,837.7892,-956.1071,3459.3385,105.5004,105.6150,1.7500,6.362,78.05,76.85
1715,972,3633.7820,848.2102,-963.8929,3503.5058,105.4326,105.5207,1.7500,6.442,79.42,78.22
1736,984,3679.0045,858.7662,-980.1071,3545.9410,105.5001,105.5207,1.7500,6.520,78.42,77.25
1757,996,3723.6486,869.1872,-987.8929,3590.1083,105.4339,105.5207,1.7500,6.600,80.08,78.94
1778,1008,3768.8710,879.7432,-1004.1071,3632.5436,105.4999,105.5207,1.7500,6.679,78.50,77.40
1799,1020,3813.5151,890.1641,-1011.8929,3676.7109,105.4353,105.5207,1.7500,6.759,80.31,79.17
1820,1032,3858.7376,900.7201,-1028.1071,3719.1461,105.4996,105.5207,1.7500,6.838,78.70,77.51
1841,1044,3903.3816,911.1411,-1035.8929,3763.3134,105.4365,105.5207,1.7500,6.918,80.06,78.87
1862,1056,3948.6042,921.6971,-1052.1071,3805.7486,105.4994,105.5207,1.7500,6.997,79.26,78.13
1882,1068,3992.3786,931.9151,-1062.8929,3848.1839,105.4858,105.7464,1.6667,7.076,78.60,77.51
1904,1080,4038.4707,942.6741,-1076.1071,3892.3512,105.4992,105.5207,1.8333,7.156,79.86,78.77
1924,1092,4082.2451,952.8920,-1086.8929,3934.7864,105.4859,105.5207,1.6667,7.234,78.44,77.38
1946,1104,4128.3373,963.6510,-1100.1071,3978.9537,105.4990,105.5207,1.8333,7.313,79.13,77.90
1966,1116,4172.1117,973.8690,-1110.8929,4021.3890,105.4860,105.5207,1.6667,7.393,79.30,78.14
1987,1128,4216.2450,984.1707,-1119.8929,4064.6902,105.4467,105.5207,1.7500,7.473,80.38,79.23
2008,1140,4261.9783,994.8460,-1134.8929,4107.9915,105.4861,105.5207,1.7500,7.552,78.76,77.56
2029,1152,4306.1115,1005.1477,-1143.8929,4151.2928,105.4476,105.5207,1.7500,7.632,79.85,78.71
2050,1164,4351.8448,1015.8229,-1158.8929,4194.5940,105.4861,105.5207,1.7500,7.710,78.36,77.23
2071,1176,4395.9780,1026.1247,-1167.8929,4237.8953,105.4485,105.5207,1.7500,7.789,79.54,78.44
2092,1188,4441.2013,1036.6808,-1184.1071,4280.3306,105.5043,105.5207,1.7500,7.868,78.12,76.98
2113,1200,4485.8446,1047.1016,-1191.8929,4324.4979,105.4493,105.5207,1.7500,7.947,79.28,78.15
2134,1212,4531.0678,1057.6578,-1208.1071,4366.9331,105.5040,105.5207,1.7500,8.025,77.97,76.80
2155,1224,4575.7111,1068.0786,-1215.8929,4411.1004,105.4501,105.5207,1.7500,8.104,78.98,77.83
2176,1236,4620.9344,1078.6348,-1232.1071,4453.5356,105.5037,105.5207,1.7500,8.183,79.30,78.17
2197,1248,4665.5777,1089.0556,-1239.8929,4497.7029,105.4509,105.5207,1.7500,8.264,81.37,80.18
2218,1260,4710.8009,1099.6117,-1256.1071,4540.1382,105.5034,105.5207,1.7500,8.345,80.64,79.49
2239,1272,4755.4442,1110.0325,-1263.8929,4584.3055,105.4516,105.5207,1.7500,8.426,80.53,79.41
2260,1284,4800.6675,1120.5887,-1280.1071,4626.7407,105.5032,105.5207,1.7500,8.505,78.94,77.75
2280,1296,4844.4418,1130.8067,-1290.8929,4669.1760,105.4919,105.5207,1.6667,8.583,78.47,77.36
2302,1308,4890.5341,1141.5657,-1304.1071,4713.3433,105.5029,105.5207,1.8333,8.665,82.05,80.90
2322,1320,4934.3084,1151.7836,-1314.8929,4755.7785,105.4919,105.5207,1.6667,8.745,79.73,78.58
2343,1332,4978.4412,1162.0853,-1323.8929,4799.0798,105.4586,105.2626,1.7500,8.825,80.65,79.51
2364,1344,5024.1749,1172.7606,-1338.8929,4842.3810,105.4919,105.5207,1.7500,8.904,79.00,77.86
2385,1356,5068.3077,1183.0622,-1347.8929,4885.6823,105.4592,105.5207,1.7500,8.985,80.98,79.89
2406,1368,5114.0415,1193.7376,-1362.8929,4928.9836,105.4918,105.5207,1.7500,9.064,78.11,76.94
2427,1380,5158.1743,1204.0392,-1371.8929,4972.2849,105.4597,105.5207,1.7500,9.143,79.80,78.72
2448,1392,5203.3980,1214.5955,-1388.1071,5014.7201,105.5072,105.6150,1.7500,9.223,79.55,78.42
2469,1404,5248.0409,1225.0162,-1395.8929,5058.8874,105.4602,105.5207,1.7500,9.303,80.42,79.30
2490,1416,5293.2646,1235.5725,-1412.1071,5101.3226,105.5069,105.5207,1.7500,9.383,79.37,78.18
2511,1428,5337.9074,1245.9931,-1419.8929,5145.4899,105.4607,105.5207,1.7500,9.464,80.90,79.76
2532,1440,5383.1312,1256.5494,-1436.1071,5187.9252,105.5066,105.5207,1.7500,9.542,78.68,77.52
2553,1452,5427.7740,1266.9701,-1443.8929,5232.0925,105.4612,105.5207,1.7500,9.622,80.01,78.90
2574,1464,5472.9977,1277.5264,-1460.1071,5274.5277,105.5063,105.5207,1.7500,9.702,79.30,78.17
2595,1476,5517.6405,1287.9471,-1467.8929,5318.6950,105.4616,105.5207,1.7500,9.781,79.62,78.46
2616,1488,5562.8643,1298.5034,-1484.1071,5361.1303,105.5061,105.5207,1.7500,9.862,80.84,79.61
2636,1500,5606.6385,1308.7213,-1494.8929,5403.5655,105.4963,105.7464,1.6667,9.941,78.41,77.29
2658,1512,5652.7309,1319.4803,-1508.1071,5447.7328,105.5058,105.5207,1.8333,10.020,79.89,78.71
2678,1524,5696.5051,1329.6983,-1518.8929,5490.1680,105.4962,105.5207,1.6667,10.099,78.45,77.35
2700,1536,5742.5974,1340.4573,-1532.1071,5534.3353,105.5056,105.5207,1.8333,10.180,80.91,79.78
2720,1548,5786.3717,1350.6752,-1542.8929,5576.7706,105.4961,105.5207,1.6667,10.259,78.75,77.60
2741,1560,5830.5041,1360.9768,-1551.8929,5620.0719,105.4677,105.5207,1.7500,10.339,80.60,79.47
2762,1572,5876.2382,1371.6522,-1566.8929,5663.3731,105.4960,105.5207,1.7500,10.418,79.14,77.99
2783,1584,5920.3707,1381.9538,-1575.8929,5706.6744,105.4680,105.5207,1.7500,10.499,81.22,80.01
2804,1596,5966.1048,1392.6292,-1590.8929,5749.9757,105.4959,105.5207,1.7500,10.579,79.95,78.76
2825,1608,6010.2373,1402.9307,-1599.8929,5793.2769,105.4683,105.5207,1.7500,10.658,78.92,77.84
2846,1620,6055.4614,1413.4871,-1616.1071,5835.7122,105.5091,105.5207,1.7500,10.737,78.50,77.37
2867,1632,6100.1038,1423.9077,-1623.8929,5879.8795,105.4686,105.5207,1.7500,10.818,81.31,80.09
2888,1644,6145.3280,1434.4641,-1640.1071,5922.3147,105.5088,105.5207,1.7500,10.897,78.84,77.71
2909,1656,6189.9704,1444.8847,-1647.8929,5966.4820,105.4689,105.5207,1.7500,10.976,79.30,78.18
2930,1668,6235.1945,1455.4411,-1664.1071,6008.9173,105.5085,105.5207,1.7500,11.056,79.46,78.31
2951,1680,6279.8369,1465.8617,-1671.8929,6053.0846,105.4692,105.5207,1.7500,11.136,80.22,79.12
2972,1692,6325.0611,1476.4180,-1688.1071,6095.5198,105.5083,105.5207,1.7500,11.216,80.37,79.21
2993,1704,6369.7035,1486.8386,-1695.8929,6139.6871,105.4695,105.5207,1.7500,11.297,80.57,79.39
3014,1716,6414.9276,1497.3950,-1712.1071,6182.1223,105.5080,105.5207,1.7500,11.377,79.86,78.67
3034,1728,6458.7018,1507.6129,-1722.8929,6224.5576,105.4996,105.5207,1.6667,11.455,77.99,76.90
3056,1740,6504.7942,1518.3720,-1736.1071,6268.7249,105.5078,105.5207,1.8333,11.534,79.52,78.32
3076,1752,6548.5684,1528.5899,-1746.8929,6311.1601,105.4994,105.5207,1.6667,11.613,78.70,77.49
3097,1764,6592.7006,1538.8914,-1755.8929,6354.4614,105.4742,105.2626,1.7500,11.692,79.00,77.88
3118,1776,6638.4350,1549.5669,-1770.8929,6397.7627,105.4993,105.5207,1.7500,11.771,78.59,77.49
3139,1788,6682.5672,1559.8684,-1779.8929,6441.0639,105.4744,105.5207,1.7500,11.851,80.64,79.48
3160,1800,6728.3015,1570.5438,-1794.8929,6484.3652,105.4992,105.5207,1.7500,11.930,78.54,77.38
3181,1812,6772.4338,1580.8453,-1803.8929,6527.6665,105.4746,105.5207,1.7500,12.011,81.22,80.12
3202,1824,6817.6582,1591.4018,-1820.1071,6570.1017,105.5108,105.6150,1.7500,12.090,79.53,78.35
3223,1836,6862.3003,1601.8223,-1827.8929,6614.2690,105.4748,105.5207,1.7500,12.171,80.36,79.20
3244,1848,6907.5248,1612.3788,-1844.1071,6656.7043,105.5105,105.5207,1.7500,12.248,77.62,76.53
3265,1860,6952.1669,1622.7993,-1851.8929,6700.8716,105.4750,105.5207,1.7500,12.329,80.60,79.51
3286,1872,6997.3913,1633.3557,-1868.1071,6743.3068,105.5103,105.5207,1.7500,12.408,79.17,77.97
3307,1884,7042.0335,1643.7762,-1875.8929,6787.4741,105.4752,105.5207,1.7500,12.488,80.08,78.90
3328,1896,7087.2579,1654.3327,-1892.1071,6829.9093,105.5100,105.5207,1.7500,12.568,79.90,78.74
3349,1908,7131.9000,1664.7532,-1899.8929,6874.0766,105.4754,105.5207,1.7500,12.649,80.32,79.12
3370,1920,7177.1244,1675.3097,-1916.1071,6916.5119,105.5097,105.5207,1.7500,12.729,80.68,79.54
3390,1932,7220.8986,1685.5276,-1926.8929,6958.9471,105.5022,105.7464,1.6667,12.810,80.54,79.42
3412,1944,7266.9910,1696.2866,-1940.1071,7003.1144,105.5095,105.5207,1.8333,12.893,82.94,81.78
3432,1956,7310.7652,1706.5045,-1950.8929,7045.5497,105.5020,105.5207,1.6667,12.978,84.99,83.88
3454,1968,7356.8576,1717.2636,-1964.1071,7089.7170,105.5092,105.5207,1.8333,13.066,87.96,86.75
3474,1980,7400.6317,1727.4815,-1974.8929,7132.1522,105.5019,105.5207,1.6667,13.152,85.99,84.83
3495,1992,7444.7638,1737.7830,-1983.8929,7175.4535,105.4795,105.5207,1.7500,13.241,89.36,88.22
3516,2004,7490.4983,1748.4585,-1998.8929,7218.7548,105.5017,105.5207,1.7500,13.328,87.27,86.02
3537,2016,7534.6303,1758.7599,-2007.8929,7262.0560,105.4797,105.5207,1.7500,13.417,88.62,87.43
3558,2028,7580.3649,1769.4355,-2022.8929,7305.3573,105.5016,105.5207,1.7500,13.502,85.00,83.82
3579,2040,7624.4969,1779.7369,-2031.8929,7348.6586,105.4798,105.5207,1.7500,13.588,85.64,84.48
3600,2052,7669.7216,1790.2934,-2048.1071,7391.0938,105.5119,105.5207,1.7500,13.672,84.56,83.38
3621,2064,7714.3635,1800.7139,-2055.8929,7435.2611,105.4799,105.5207,1.7500,13.759,86.61,85.50
3642,2076,7759.5881,1811.2704,-2072.1071,7477.6963,105.5116,105.5207,1.7500,13.846,86.93,85.68
3663,2088,7804.2300,1821.6909,-2079.8929,7521.8636,105.4800,105.5207,1.7500,13.935,89.33,88.12
3684,2100,7849.4547,1832.2474,-2096.1071,7564.2989,105.5114,105.5207,1.7500,14.022,87.24,86.02
3705,2112,7894.0966,1842.6678,-2103.8929,7608.4662,105.4801,105.5207,1.7500,14.109,86.46,85.27
3726,2124,7939.3212,1853.2243,-2120.1071,7650.9014,105.5111,105.5207,1.7500,14.195,86.74,85.50
3747,2136,7983.9632,1863.6448,-2127.8929,7695.0687,105.4802,105.5207,1.7500,14.283,87.80,86.59
3768,2148,8029.1878,1874.2013,-2144.1071,7737.5040,105.5109,105.5207,1.7500,14.372,88.68,87.42
3788,2160,8072.9619,1884.4192,-2154.8929,7779.9392,105.5041,105.5207,1.6667,14.461,89.15,87.98
3810,2172,8119.0544,1895.1783,-2168.1071,7824.1065,105.5107,105.5207,1.8333,14.549,88.29,87.09
3830,2184,8162.8285,1905.3962,-2178.8929,7866.5418,105.5040,105.5207,1.6667,14.637,87.29,86.15
3851,2196,8206.9604,1915.6976,-2187.8929,7909.8430,105.4837,105.2626,1.7500,14.725,87.97,86.73
3872,2208,8252.6951,1926.3731,-2202.8929,7953.1443,105.5038,105.5207,1.7500,14.809,84.51,83.29
3893,2220,8296.8269,1936.6746,-2211.8929,7996.4456,105.4838,105.5207,1.7500,14.894,84.49,83.32
3914,2232,8342.5616,1947.3501,-2226.8929,8039.7468,105.5036,105.5207,1.7500,14.974,80.20,79.02
3935,2244,8386.6935,1957.6515,-2235.8929,8083.0481,105.4838,105.5207,1.7500,15.055,81.01,79.83
3956,2256,8431.9184,1968.2081,-2252.1071,8125.4834,105.5130,105.6150,1.7500,15.134,78.97,77.83
3977,2268,8476.5601,1978.6285,-2259.8929,8169.6506,105.4839,105.5207,1.7500,15.213,78.86,77.78
3998,2280,8521.7849,1989.1850,-2276.1071,8212.0859,105.5128,105.5207,1.7500,15.292,78.94,77.75
4019,2292,8566.4266,1999.6055,-2283.8929,8256.2532,105.4839,105.5207,1.7500,15.371,79.83,78.62
4040,2304,8611.6515,2010.1620,-2300.1071,8298.6884,105.5125,105.5207,1.7500,15.451,79.44,78.35
4061,2316,8656.2932,2020.5824,-2307.8929,8342.8557,105.4840,105.5207,1.7500,15.530,79.66,78.57
4082,2328,8701.5181,2031.1390,-2324.1071,8385.2910,105.5123,105.5207,1.7500,15.610,79.58,78.42
4103,2340,8746.1598,2041.5594,-2331.8929,8429.4583,105.4841,105.5207,1.7500,15.691,80.46,79.31
4124,2352,8791.3846,2052.1160,-2348.1071,8471.8935,105.5121,105.5207,1.7500,15.772,81.18,80.01
4144,2364,8835.1587,2062.3339,-2358.8929,8514.3288,105.5059,105.7464,1.6667,15.853,81.28,80.14
4166,2376,8881.2512,2073.0929,-2372.1071,8558.4961,105.5118,105.5207,1.8333,15.938,84.62,83.43
4186,2388,8925.0253,2083.3108,-2382.8929,8600.9313,105.5057,105.5207,1.6667,16.023,85.35,84.19
4208,2400,8971.1177,2094.0699,-2396.1071,8645.0986,105.5116,105.5207,1.8333,16.112,89.43,88.17
4228,2412,9014.8918,2104.2878,-2406.8929,8687.5338,105.5055,105.5207,1.6667,16.201,88.66,87.49
4249,2424,9059.0236,2114.5892,-2415.8929,8730.8351,105.4872,105.5207,1.7500,16.291,89.68,88.47
4270,2436,9104.7584,2125.2648,-2430.8929,8774.1364,105.5054,105.5207,1.7500,16.379,87.91,86.64
4291,2448,9148.8902,2135.5662,-2439.8929,8817.4376,105.4872,105.5207,1.7500,16.468,89.75,88.59
4312,2460,9194.6250,2146.2417,-2454.8929,8860.7389,105.5052,105.5207,1.7500,16.557,88.69,87.44
4333,2472,9238.7567,2156.5431,-2463.8929,8904.0402,105.4872,105.5207,1.7500,16.647,89.85,88.62
4354,2484,9283.9817,2167.0997,-2480.1071,8946.4754,105.5137,105.5207,1.7500,16.735,87.82,86.60
4375,2496,9328.6233,2177.5201,-2487.8929,8990.6427,105.4872,105.5207,1.7500,16.825,90.31,89.14
4396,2508,9373.8483,2188.0767,-2504.1071,9033.0780,105.5135,105.5207,1.7500,16.913,87.90,86.72
4417,2520,9418.4899,2198.4971,-2511.8929,9077.2453,105.4873,105.5207,1.7500,17.002,89.06,87.86
4438,2532,9463.7149,2209.0537,-2528.1071,9119.6805,105.5133,105.5207,1.7500,17.091,88.51,87.31
4459,2544,9508.3564,2219.4740,-2535.8929,9163.8478,105.4873,105.5207,1.7500,17.180,89.08,87.86
4480,2556,9553.5814,2230.0306,-2552.1071,9206.2831,105.5130,105.5207,1.7500,17.269,89.58,88.38
4501,2568,9598.2230,2240.4510,-2559.8929,9250.4504,105.4873,105.5207,1.7500,17.359,89.52,88.33
4522,2580,9643.4480,2251.0076,-2576.1071,9292.8856,105.5128,105.5207,1.7500,17.448,89.29,88.06
4542,2592,9687.2221,2261.2255,-2586.8929,9335.3208,105.5072,105.5207,1.6667,17.537,89.09,87.91
4564,2604,9733.3145,2271.9846,-2600.1071,9379.4881,105.5126,105.5207,1.8333,17.627,90.03,88.82
4584,2616,9777.0886,2282.2025,-2610.8929,9421.9234,105.5070,105.5207,1.6667,17.715,88.29,87.11
4605,2628,9821.2203,2292.5038,-2619.8929,9465.2247,105.4901,105.2626,1.7500,17.806,90.12,88.93
4626,2640,9866.9552,2303.1794,-2634.8929,9508.5259,105.5068,105.5207,1.7500,17.894,88.22,86.92
4647,2652,9911.0868,2313.4808,-2643.8929,9551.8272,105.4901,105.5207,1.7500,17.984,89.99,88.78
4668,2664,9956.8218,2324.1564,-2658.8929,9595.1285,105.5067,105.5207,1.7500,18.071,87.56,86.29
4689,2676,10000.9534,2334.4578,-2667.8929,9638.4297,105.4900,105.5207,1.7500,18.160,89.00,87.86
4710,2688,10046.1786,2345.0144,-2684.1071,9680.8650,105.5145,105.6150,1.7500,18.248,87.34,86.18
4731,2700,10090.8200,2355.4347,-2691.8929,9725.0323,105.4900,105.5207,1.7500,18.337,89.65,88.46
4752,2712,10136.0451,2365.9913,-2708.1071,9767.4675,105.5143,105.5207,1.7500,18.424,87.02,85.75
4773,2724,10180.6865,2376.4117,-2715.8929,9811.6348,105.4900,105.5207,1.7500,18.513,89.15,87.92
4794,2736,10225.9117,2386.9683,-2732.1071,9854.0701,105.5141,105.5207,1.7500,18.603,89.25,88.05
4815,2748,10270.5531,2397.3887,-2739.8929,9898.2374,105.4900,105.5207,1.7500,18.693,90.16,88.92
4836,2760,10315.7782,2407.9453,-2756.1071,9940.6726,105.5139,105.5207,1.7500,18.783,89.72,88.52
4857,2772,10360.4197,2418.3656,-2763.8929,9984.8399,105.4900,105.5207,1.7500,18.873,90.17,88.95
4878,2784,10405.6448,2428.9223,-2780.1071,10027.2751,105.5137,105.5207,1.7500,18.962,89.48,88.30
4898,2796,10449.4189,2439.1401,-2790.8929,10069.7104,105.5084,105.7464,1.6667,19.050,87.80,86.64
4920,2808,10495.5114,2449.8992,-2804.1071,10113.8777,105.5135,105.5207,1.8333,19.140,90.01,88.73
4940,2820,10539.2854,2460.1171,-2814.8929,10156.3129,105.5083,105.5207,1.6667,19.228,88.20,86.99
4962,2832,10585.3779,2470.8762,-2828.1071,10200.4802,105.5133,105.5207,1.8333,19.318,89.82,88.58
4982,2844,10629.1520,2481.0941,-2838.8929,10242.9155,105.5081,105.5207,1.6667,19.405,87.40,86.24
5003,2856,10673.2835,2491.3954,-2847.8929,10286.2167,105.4925,105.5207,1.7500,19.495,89.59,88.41
5024,2868,10719.0185,2502.0711,-2862.8929,10329.5180,105.5079,105.5207,1.7500,19.583,87.46,86.26
5045,2880,10763.1501,2512.3724,-2871.8929,10372.8193,105.4925,105.5207,1.7500,19.672,89.10,87.92
5066,2892,10808.3754,2522.9290,-2888.1071,10415.2545,105.5152,105.6150,1.7500,19.759,87.52,86.30
5087,2904,10853.0167,2533.3494,-2895.8929,10459.4218,105.4924,105.5207,1.7500,19.848,88.83,87.67
5108,2916,10898.2419,2543.9060,-2912.1071,10501.8571,105.5150,105.5207,1.7500,19.935,87.35,86.14
5129,2928,10942.8832,2554.3263,-2919.8929,10546.0244,105.4924,105.5207,1.7500,20.025,89.26,88.06
5150,2940,10988.1085,2564.8830,-2936.1071,10588.4596,105.5148,105.5207,1.7500,20.112,87.75,86.52
5171,2952,11032.7498,2575.3033,-2943.8929,10632.6269,105.4924,105.5207,1.7500,20.202,89.88,88.70
5192,2964,11077.9750,2585.8599,-2960.1071,10675.0621,105.5146,105.5207,1.7500,20.290,88.18,86.99
5213,2976,11122.6164,2596.2803,-2967.8929,10719.2294,105.4924,105.5207,1.7500,20.380,89.19,87.99
5234,2988,11167.8416,2606.8369,-2984.1071,10761.6647,105.5144,105.5207,1.7500,20.469,89.16,88.01
5254,3000,11211.6157,2617.0548,-2994.8929,10804.0999,105.5095,105.7464,1.6667,20.557,87.85,86.71
5276,3012,11257.7082,2627.8139,-3008.1071,10848.2672,105.5142,105.5207,1.8333,20.646,88.92,87.69
5296,3024,11301.4822,2638.0318,-3018.8929,10890.7025,105.5093,105.5207,1.6667,20.733,87.87,86.68
5318,3036,11347.5747,2648.7909,-3032.1071,10934.8698,105.5140,105.5207,1.8333,20.824,90.30,89.10
5338,3048,11391.3488,2659.0087,-3042.8929,10977.3050,105.5092,105.5207,1.6667,20.912,87.82,86.65
5359,3060,11435.4803,2669.3101,-3051.8929,11020.6063,105.4946,105.2626,1.7500,21.001,89.87,88.68
5380,3072,11481.2153,2679.9857,-3066.8929,11063.9075,105.5090,105.5207,1.7500,21.090,88.15,86.96
5401,3084,11525.3468,2690.2870,-3075.8929,11107.2088,105.4946,105.5207,1.7500,21.179,89.45,88.28
5422,3096,11571.0819,2700.9627,-3090.8929,11150.5101,105.5089,105.5207,1.7500,21.266,86.63,85.37
5443,3108,11615.2134,2711.2640,-3099.8929,11193.8114,105.4945,105.5207,1.7500,21.355,89.70,88.52
5464,3120,11660.4387,2721.8207,-3116.1071,11236.2466,105.5156,105.5207,1.7500,21.444,88.73,87.55
5485,3132,11705.0800,2732.2410,-3123.8929,11280.4139,105.4945,105.5207,1.7500,21.534,90.11,88.90
5506,3144,11750.3053,2742.7976,-3140.1071,11322.8491,105.5154,105.5207,1.7500,21.622,88.08,86.86
5527,3156,11794.9465,2753.2180,-3147.8929,11367.0164,105.4945,105.5207,1.7500,21.712,90.09,88.87
5548,3168,11840.1719,2763.7746,-3164.1071,11409.4517,105.5152,105.5207,1.7500,21.802,89.55,88.31
5569,3180,11884.8131,2774.1949,-3171.8929,11453.6190,105.4944,105.5207,1.7500,21.892,90.37,89.21
5590,3192,11930.0384,2784.7516,-3188.1071,11496.0542,105.5150,105.5207,1.7500,21.982,89.25,88.05
5611,3204,11974.6797,2795.1719,-3195.8929,11540.2215,105.4944,105.5207,1.7500,22.071,89.88,88.65
5632,3216,12019.9050,2805.7285,-3212.1071,11582.6568,105.5148,105.5207,1.7500,22.160,88.94,87.70
5652,3228,12063.6790,2815.9464,-3222.8929,11625.0920,105.5103,105.5207,1.6667,22.248,87.93,86.77
5674,3240,12109.7715,2826.7055,-3236.1071,11669.2593,105.5146,105.5207,1.8333,22.337,88.94,87.69
5694,3252,12153.5456,2836.9234,-3246.8929,11711.6945,105.5101,105.5207,1.6667,22.426,88.77,87.61
5716,3264,12199.6381,2847.6825,-3260.1071,11755.8618,105.5145,105.5207,1.8333,22.516,90.01,88.79
5736,3276,12243.4121,2857.9004,-3270.8929,11798.2971,105.5100,105.5207,1.6667,22.604,87.70,86.53
5757,3288,12287.5436,2868.2017,-3279.8929,11841.5984,105.4964,105.5207,1.7500,22.694,90.70,89.43
5778,3300,12333.2787,2878.8773,-3294.8929,11884.8996,105.5098,105.5207,1.7500,22.783,88.20,86.99
5799,3312,12377.4101,2889.1787,-3303.8929,11928.2009,105.4964,105.5207,1.7500,22.873,90.29,89.11
5820,3324,12422.6356,2899.7353,-3320.1071,11970.6361,105.5161,105.6150,1.7500,22.961,87.98,86.77
5841,3336,12467.2767,2910.1556,-3327.8929,12014.8034,105.4963,105.5207,1.7500,23.050,89.51,88.22
5862,3348,12512.5021,2920.7123,-3344.1071,12057.2387,105.5160,105.5207,1.7500,23.138,87.33,86.10
5883,3360,12557.1433,2931.1326,-3351.8929,12101.4060,105.4963,105.5207,1.7500,23.227,89.50,88.32
5904,3372,12602.3687,2941.6893,-3368.1071,12143.8412,105.5158,105.5207,1.7500,23.315,87.34,86.13
5925,3384,12647.0098,2952.1096,-3375.8929,12188.0085,105.4962,105.5207,1.7500,23.404,89.31,88.15
5946,3396,12692.2352,2962.6662,-3392.1071,12230.4438,105.5156,105.5207,1.7500,23.493,89.52,88.33
5967,3408,12736.8764,2973.0865,-3399.8929,12274.6111,105.4962,105.5207,1.7500,23.583,89.73,88.54
5988,3420,12782.1018,2983.6432,-3416.1071,12317.0463,105.5154,105.5207,1.7500,23.672,89.30,88.06
6008,3432,12825.8758,2993.8611,-3426.8929,12359.4816,105.5111,105.7464,1.6667,23.761,88.69,87.51
6030,3444,12871.9684,3004.6202,-3440.1071,12403.6488,105.5152,105.5207,1.8333,23.851,89.70,88.46
6050,3456,12915.7424,3014.8381,-3450.8929,12446.0841,105.5110,105.5207,1.6667,23.939,87.95,86.73
6072,3468,12961.8349,3025.5972,-3464.1071,12490.2514,105.5150,105.5207,1.8333,24.029,90.05,88.80
6092,3480,13005.6089,3035.8150,-3474.8929,12532.6866,105.5108,105.5207,1.6667,24.117,88.40,87.20
6113,3492,13049.7403,3046.1163,-3483.8929,12575.9879,105.4981,105.2626,1.7500,24.210,92.90,91.64
6134,3504,13095.4755,3056.7920,-3498.8929,12619.2892,105.5107,105.5207,1.7500,24.303,92.55,91.29
6155,3516,13139.6069,3067.0933,-3507.8929,12662.5904,105.4980,105.5207,1.7500,24.401,98.23,97.01
6176,3528,13185.3421,3077.7690,-3522.8929,12705.8917,105.5105,105.5207,1.7500,24.499,97.93,96.72
6197,3540,13229.4734,3088.0703,-3531.8929,12749.1930,105.4979,105.5207,1.7500,24.601,102.27,101.12
6218,3552,13274.6989,3098.6270,-3548.1071,12791.6282,105.5164,105.5207,1.7500,24.703,102.13,100.93
6239,3564,13319.3400,3109.0472,-3555.8929,12835.7955,105.4979,105.5207,1.7500,24.807,103.54,102.32
6260,3576,13364.5655,3119.6039,-3572.1071,12878.2308,105.5163,105.5207,1.7500,24.908,100.96,99.74
6281,3588,13409.2066,3130.0242,-3579.8929,12922.3981,105.4978,105.5207,1.7500,25.011,103.73,102.52
6302,3600,13454.4321,3140.5809,-3596.1071,12964.8333,105.5161,105.5207,1.7500,25.113,101.52,100.10
6323,3612,13499.0731,3151.0012,-3603.8929,13009.0006,105.4978,105.5207,1.7500,25.216,102.93,101.66
6344,3624,13544.2986,3161.5579,-3620.1071,13051.4358,105.5159,105.5207,1.7500,25.319,103.15,101.88
6365,3636,13588.9397,3171.9782,-3627.8929,13095.6031,105.4977,105.5207,1.7500,25.422,103.12,101.90
6386,3648,13634.1652,3182.5348,-3644.1071,13138.0384,105.5157,105.5207,1.7500,25.525,102.84,101.64
6406,3660,13677.9392,3192.7527,-3654.8929,13180.4736,105.5117,105.5207,1.6667,25.627,101.79,100.61
6428,3672,13724.0317,3203.5118,-3668.1071,13224.6409,105.5156,105.5207,1.8333,25.730,103.70,102.45
6448,3684,13767.8058,3213.7297,-3678.8929,13267.0762,105.5116,105.5207,1.6667,25.832,101.67,100.45
6469,3696,13811.9370,3224.0310,-3687.8929,13310.3774,105.4995,105.2626,1.7500,25.935,103.03,101.78
6490,3708,13857.6723,3234.7067,-3702.8929,13353.6787,105.5114,105.5207,1.7500,26.036,100.37,99.12
6511,3720,13901.8036,3245.0080,-3711.8929,13396.9800,105.4994,105.5207,1.7500,26.139,103.06,101.91
6532,3732,13947.5389,3255.6836,-3726.8929,13440.2813,105.5113,105.5207,1.7500,26.239,100.17,98.99
6553,3744,13991.6702,3265.9849,-3735.8929,13483.5825,105.4994,105.5207,1.7500,26.343,103.76,102.60
6574,3756,14036.8958,3276.5416,-3752.1071,13526.0178,105.5169,105.6150,1.7500,26.442,99.63,98.38
6595,3768,14081.5367,3286.9619,-3759.8929,13570.1851,105.4993,105.5207,1.7500,26.542,99.38,98.13
6616,3780,14126.7623,3297.5186,-3776.1071,13612.6203,105.5167,105.5207,1.7500,26.636,94.53,93.30
6637,3792,14171.4033,3307.9389,-3783.8929,13656.7876,105.4993,105.5207,1.7500,26.729,92.96,91.70
6658,3804,14216.6289,3318.4956,-3800.1071,13699.2228,105.5165,105.5207,1.7500,26.820,90.61,89.39
6679,3816,14261.2699,3328.9158,-3807.8929,13743.3901,105.4992,105.5207,1.7500,26.910,89.93,88.73
6700,3828,14306.4954,3339.4725,-3824.1071,13785.8254,105.5164,105.5207,1.7500,26.998,88.86,87.67
6721,3840,14351.1364,3349.8928,-3831.8929,13829.9927,105.4991,105.5207,1.7500,27.089,90.55,89.39
6742,3852,14396.3620,3360.4495,-3848.1071,13872.4279,105.5162,105.5207,1.7500,27.182,93.02,91.79
6762,3864,14440.1360,3370.6674,-3858.8929,13914.8632,105.5124,105.7464,1.6667,27.275,93.24,92.05
6784,3876,14486.2285,3381.4265,-3872.1071,13959.0305,105.5160,105.5207,1.8333,27.371,95.80,94.60
6804,3888,14530.0026,3391.6444,-3882.8929,14001.4657,105.5122,105.5207,1.6667,27.464,93.04,91.90
6826,3900,14576.0951,3402.4034,-3896.1071,14045.6330,105.5159,105.5207,1.8333,27.556,92.28,91.03
6846,3912,14619.8691,3412.6213,-3906.8929,14088.0683,105.5121,105.5207,1.6667,27.646,89.36,88.21
6867,3924,14664.0004,3422.9226,-3915.8929,14131.3695,105.5007,105.5207,1.7500,27.738,91.83,90.59
6888,3936,14709.7357,3433.5983,-3930.8929,14174.6708,105.5120,105.5207,1.7500,27.828,90.58,89.39
6909,3948,14753.8669,3443.8996,-3939.8929,14217.9721,105.5007,105.5207,1.7500,27.921,93.23,92.07
6930,3960,14799.6022,3454.5753,-3954.8929,14261.2733,105.5118,105.5207,1.7500,28.013,91.25,90.01
6951,3972,14843.7335,3464.8765,-3963.8929,14304.5746,105.5006,105.5207,1.7500,28.104,91.81,90.57
6972,3984,14888.9591,3475.4333,-3980.1071,14347.0099,105.5171,105.5207,1.7500,28.192,87.22,85.93
6993,3996,14933.6001,3485.8535,-3987.8929,14391.1771,105.5005,105.5207,1.7500,28.281,89.46,88.25
7014,4008,14978.8257,3496.4102,-4004.1071,14433.6124,105.5169,105.5207,1.7500,28.369,87.66,86.45
7035,4020,15023.4666,3506.8305,-4011.8929,14477.7797,105.5005,105.5207,1.7500,28.460,91.46,90.25
7056,4032,15068.6922,3517.3872,-4028.1071,14520.2149,105.5168,105.5207,1.7500,28.553,93.23,92.00
7077,4044,15113.3332,3527.8075,-4035.8929,14564.3822,105.5004,105.5207,1.7500,28.651,97.83,96.60
7098,4056,15158.5588,3538.3642,-4052.1071,14606.8175,105.5166,105.5207,1.7500,28.752,100.27,99.02
7119,4068,15203.1998,3548.7844,-4059.8929,14650.9848,105.5003,105.5207,1.7500,28.852,100.86,99.65
7140,4080,15248.4254,3559.3411,-4076.1071,14693.4200,105.5164,105.5207,1.7500,28.956,103.07,101.84
7160,4092,15292.1994,3569.5590,-4086.8929,14735.8553,105.5128,105.5207,1.6667,29.056,100.93,99.71
7182,4104,15338.2919,3580.3181,-4100.1071,14780.0226,105.5163,105.5207,1.8333,29.160,103.52,102.24
7202,4116,15382.0659,3590.5360,-4110.8929,14822.4578,105.5127,105.5207,1.6667,29.261,101.52,100.27
7223,4128,15426.1971,3600.8373,-4119.8929,14865.7591,105.5019,105.2626,1.7500,29.364,102.95,101.75
7244,4140,15471.9325,3611.5130,-4134.8929,14909.0603,105.5126,105.5207,1.7500,29.465,100.66,99.48
7265,4152,15516.0637,3621.8142,-4143.8929,14952.3616,105.5018,105.5207,1.7500,29.568,103.24,102.04
7286,4164,15561.7990,3632.4899,-4158.8929,14995.6629,105.5124,105.5207,1.7500,29.670,101.27,100.05
7307,4176,15605.9303,3642.7912,-4167.8929,15038.9641,105.5018,105.5207,1.7500,29.773,103.07,101.77
7328,4188,15651.1559,3653.3479,-4184.1071,15081.3994,105.5174,105.6150,1.7500,29.872,99.02,97.76
7349,4200,15695.7968,3663.7682,-4191.8929,15125.5667,105.5017,105.5207,1.7500,29.971,99.25,98.02
7370,4212,15741.0225,3674.3249,-4208.1071,15168.0019,105.5173,105.5207,1.7500,30.066,94.66,93.41
7391,4224,15785.6634,3684.7451,-4215.8929,15212.1692,105.5016,105.5207,1.7500,30.160,93.99,92.79
7412,4236,15830.8891,3695.3019,-4232.1071,15254.6045,105.5171,105.5207,1.7500,30.249,89.54,88.28
7433,4248,15875.5300,3705.7221,-4239.8929,15298.7718,105.5015,105.5207,1.7500,30.339,90.27,89.07
7454,4260,15920.7556,3716.2788,-4256.1071,15341.2070,105.5170,105.5207,1.7500,30.428,88.88,87.71
7475,4272,15965.3965,3726.6991,-4263.8929,15385.3743,105.5015,105.5207,1.7500,30.518,89.98,88.81
7496,4284,16010.6222,3737.2558,-4280.1071,15427.8096,105.5168,105.5207,1.7500,30.608,90.03,88.80
7516,4296,16054.3962,3747.4737,-4290.8929,15470.2448,105.5134,105.7464,1.6667,30.697,88.24,87.06
7538,4308,16100.4887,3758.2328,-4304.1071,15514.4121,105.5167,105.5207,1.8333,30.787,90.32,89.07
7558,4320,16144.2627,3768.4507,-4314.8929,15556.8473,105.5133,105.5207,1.6667,30.875,88.42,87.22
7580,4332,16190.3553,3779.2097,-4328.1071,15601.0146,105.5165,105.5207,1.8333,30.966,90.41,89.18
7600,4344,16234.1293,3789.4276,-4338.8929,15643.4499,105.5131,105.5207,1.6667,31.054,88.21,87.05
7621,4356,16278.2605,3799.7289,-4347.8929,15686.7512,105.5029,105.5207,1.7500,31.143,89.56,88.39
7642,4368,16323.9959,3810.4046,-4362.8929,15730.0524,105.5130,105.5207,1.7500,31.232,88.11,86.86
7663,4380,16368.1270,3820.7059,-4371.8929,15773.3537,105.5028,105.5207,1.7500,31.321,89.33,88.14
7684,4392,16413.8624,3831.3816,-4386.8929,15816.6550,105.5129,105.5207,1.7500,31.408,87.18,85.98
7705,4404,16457.9936,3841.6828,-4395.8929,15859.9562,105.5027,105.5207,1.7500,31.497,89.20,87.99
7726,4416,16503.2193,3852.2396,-4412.1071,15902.3915,105.5176,105.5207,1.7500,31.585,87.97,86.76
7747,4428,16547.8602,3862.6598,-4419.8929,15946.5588,105.5027,105.5207,1.7500,31.676,90.76,89.52
7768,4440,16593.0859,3873.2165,-4436.1071,15988.9940,105.5174,105.5207,1.7500,31.765,88.58,87.35
7789,4452,16637.7267,3883.6368,-4443.8929,16033.1613,105.5026,105.5207,1.7500,31.854,89.80,88.59
7810,4464,16682.9524,3894.1935,-4460.1071,16075.5966,105.5173,105.5207,1.7500,31.943,88.38,87.18
7831,4476,16727.5933,3904.6137,-4467.8929,16119.7639,105.5025,105.5207,1.7500,32.032,89.50,88.27
7852,4488,16772.8190,3915.1705,-4484.1071,16162.1991,105.5171,105.5207,1.7500,32.122,89.27,88.05
7873,4500,16817.4599,3925.5907,-4491.8929,16206.3664,105.5025,105.5207,1.7500,32.210,88.41,87.21
7894,4512,16862.6856,3936.1474,-4508.1071,16248.8016,105.5170,105.5207,1.7500,32.300,89.79,88.60
7914,4524,16906.4596,3946.3653,-4518.8929,16291.2369,105.5137,105.5207,1.6667,32.388,88.06,86.88
7936,4536,16952.5521,3957.1244,-4532.1071,16335.4042,105.5169,105.5207,1.8333,32.477,89.65,88.42
7956,4548,16996.3261,3967.3423,-4542.8929,16377.8394,105.5136,105.5207,1.6667,32.565,88.03,86.81
7977,4560,17040.4572,3977.6435,-4551.8929,16421.1407,105.5038,105.2626,1.7500,32.655,89.79,88.60
7998,4572,17086.1927,3988.3193,-4566.8929,16464.4420,105.5135,105.5207,1.7500,32.743,87.51,86.30
8019,4584,17130.3238,3998.6205,-4575.8929,16507.7432,105.5038,105.5207,1.7500,32.833,89.88,88.67
8040,4596,17176.0592,4009.2962,-4590.8929,16551.0445,105.5134,105.5207,1.7500,32.920,87.65,86.46
8061,4608,17220.1904,4019.5975,-4599.8929,16594.3458,105.5037,105.5207,1.7500,33.009,89.22,88.03
8082,4620,17265.4161,4030.1542,-4616.1071,16636.7810,105.5179,105.6150,1.7500,33.098,88.25,87.03
8103,4632,17310.0569,4040.5744,-4623.8929,16680.9483,105.5036,105.5207,1.7500,33.187,89.70,88.47
8124,4644,17355.2827,4051.1312,-4640.1071,16723.3836,105.5178,105.5207,1.7500,33.276,88.83,87.60
8145,4656,17399.9235,4061.5514,-4647.8929,16767.5509,105.5035,105.5207,1.7500,33.366,89.59,88.36
8166,4668,17445.1493,4072.1082,-4664.1071,16809.9861,105.5176,105.5207,1.7500,33.454,87.94,86.73
8187,4680,17489.7901,4082.5284,-4671.8929,16854.1534,105.5035,105.5207,1.7500,33.543,89.20,87.99
8208,4692,17535.0158,4093.0851,-4688.1071,16896.5886,105.5175,105.5207,1.7500,33.632,89.20,87.97
8229,4704,17579.6566,4103.5054,-4695.8929,16940.7559,105.5034,105.5207,1.7500,33.723,90.32,89.09
8250,4716,17624.8824,4114.0621,-4712.1071,16983.1912,105.5173,105.5207,1.7500,33.812,89.92,88.67
8270,4728,17668.6564,4124.2800,-4722.8929,17025.6264,105.5142,105.7464,1.6667,33.901,88.58,87.39
8292,4740,17714.7489,4135.0391,-4736.1071,17069.7937,105.5172,105.5207,1.8333,33.991,89.92,88.70
8312,4752,17758.5229,4145.2570,-4746.8929,17112.2290,105.5141,105.5207,1.6667,34.078,87.42,86.28
8334,4764,17804.6155,4156.0160,-4760.1071,17156.3963,105.5170,105.5207,1.8333,34.168,89.80,88.56
8354,4776,17848.3895,4166.2339,-4770.8929,17198.8315,105.5140,105.5207,1.6667,34.256,87.55,86.33
8375,4788,17892.5206,4176.5352,-4779.8929,17242.1328,105.5046,105.5207,1.7500,34.346,90.01,88.77
8396,4800,17938.2560,4187.2109,-4794.8929,17285.4340,105.5138,105.5207,1.7500,34.434,87.99,86.71
8417,4812,17982.3871,4197.5121,-4803.8929,17328.7353,105.5046,105.5207,1.7500,34.523,89.37,88.14
8438,4824,18028.1226,4208.1879,-4818.8929,17372.0366,105.5137,105.5207,1.7500,34.612,88.94,87.72
8459,4836,18072.2537,4218.4891,-4827.8929,17415.3379,105.5045,105.5207,1.7500,34.702,89.68,88.48
8480,4848,18117.4795,4229.0459,-4844.1071,17457.7731,105.5180,105.5207,1.7500,34.789,87.56,86.33
8501,4860,18162.1203,4239.4661,-4851.8929,17501.9404,105.5044,105.5207,1.7500,34.879,89.38,88.16
8522,4872,18207.3461,4250.0228,-4868.1071,17544.3756,105.5179,105.5207,1.7500,34.967,88.40,87.16
8543,4884,18251.9868,4260.4430,-4875.8929,17588.5429,105.5043,105.5207,1.7500,35.056,89.17,87.94
8564,4896,18297.2126,4270.9998,-4892.1071,17630.9782,105.5177,105.5207,1.7500,35.145,88.90,87.68
8585,4908,18341.8534,4281.4200,-4899.8929,17675.1455,105.5043,105.5207,1.7500,35.234,89.35,88.14
8606,4920,18387.0792,4291.9768,-4916.1071,17717.5807,105.5176,105.5207,1.7500,35.324,89.33,88.15
8627,4932,18431.7200,4302.3970,-4923.8929,17761.7480,105.5042,105.5207,1.7500,35.413,89.46,88.22
8648,4944,18476.9458,4312.9537,-4940.1071,17804.1833,105.5175,105.5207,1.7500,35.503,89.47,88.27
8668,4956,18520.7197,4323.1716,-4950.8929,17846.6185,105.5145,105.5207,1.6667,35.590,87.75,86.62
8690,4968,18566.8123,4333.9307,-4964.1071,17890.7858,105.5173,105.5207,1.8333,35.682,91.35,90.12
8710,4980,18610.5863,4344.1486,-4974.8929,17933.2210,105.5144,105.5207,1.6667,35.773,91.23,90.05
8731,4992,18654.7174,4354.4498,-4983.8929,17976.5223,105.5054,105.2626,1.7500,35.867,94.33,93.09
8752,5004,18700.4529,4365.1256,-4998.8929,18019.8236,105.5143,105.5207,1.7500,35.961,93.46,92.23
8773,5016,18744.5839,4375.4268,-5007.8929,18063.1249,105.5054,105.5207,1.7500,36.057,95.96,94.74
8794,5028,18790.3194,4386.1025,-5022.8929,18106.4261,105.5141,105.5207,1.7500,36.149,91.92,90.67
8815,5040,18834.4505,4396.4038,-5031.8929,18149.7274,105.5053,105.5207,1.7500,36.242,93.14,91.96
8836,5052,18879.6763,4406.9605,-5048.1071,18192.1626,105.5183,105.6150,1.7500,36.332,90.52,89.34
8857,5064,18924.3171,4417.3807,-5055.8929,18236.3299,105.5052,105.5207,1.7500,36.426,93.18,91.99
8878,5076,18969.5429,4427.9375,-5072.1071,18278.7652,105.5181,105.5207,1.7500,36.518,92.42,91.19
8899,5088,19014.1836,4438.3577,-5079.8929,18322.9325,105.5051,105.5207,1.7500,36.612,94.12,92.89
8920,5100,19059.4095,4448.9145,-5096.1071,18365.3677,105.5180,105.5207,1.7500,36.702,90.24,88.97
8941,5112,19104.0502,4459.3347,-5103.8929,18409.5350,105.5051,105.5207,1.7500,36.793,90.91,89.68
8962,5124,19149.2760,4469.8914,-5120.1071,18451.9703,105.5179,105.5207,1.7500,36.883,89.63,88.40
8983,5136,19193.9167,4480.3116,-5127.8929,18496.1376,105.5050,105.5207,1.7500,36.973,90.22,88.94
9004,5148,19239.1426,4490.8684,-5144.1071,18538.5728,105.5177,105.5207,1.7500,37.065,92.29,91.03
9024,5160,19282.9165,4501.0863,-5154.8929,18581.0081,105.5149,105.7464,1.6667,37.159,93.36,92.15
9046,5172,19329.0091,4511.8454,-5168.1071,18625.1753,105.5176,105.5207,1.8333,37.256,96.84,95.54
9066,5184,19372.7831,4522.0633,-5178.8929,18667.6106,105.5148,105.5207,1.6667,37.353,97.78,96.52
9088,5196,19418.8757,4532.8223,-5192.1071,18711.7779,105.5175,105.5207,1.8333,37.456,102.39,101.13
9108,5208,19462.6497,4543.0402,-5202.8929,18754.2131,105.5147,105.5207,1.6667,37.557,101.21,100.01
9129,5220,19506.7807,4553.3414,-5211.8929,18797.5144,105.5061,105.5207,1.7500,37.661,104.12,102.89
9150,5232,19552.5162,4564.0172,-5226.8929,18840.8157,105.5145,105.5207,1.7500,37.763,101.50,100.26
9171,5244,19596.6473,4574.3184,-5235.8929,18884.1169,105.5060,105.5207,1.7500,37.867,103.99,102.74
9192,5256,19642.3828,4584.9942,-5250.8929,18927.4182,105.5144,105.5207,1.7500,37.969,102.47,101.20
9213,5268,19686.5138,4595.2954,-5259.8929,18970.7195,105.5060,105.5207,1.7500,38.073,103.86,102.54
9234,5280,19731.7397,4605.8522,-5276.1071,19013.1547,105.5184,105.5207,1.7500,38.174,101.49,100.25
9255,5292,19776.3804,4616.2724,-5283.8929,19057.3220,105.5059,105.5207,1.7500,38.278,103.58,102.37
9276,5304,19821.6063,4626.8291,-5300.1071,19099.7573,105.5183,105.5207,1.7500,38.380,101.74,100.53
9297,5316,19866.2470,4637.2493,-5307.8929,19143.9246,105.5058,105.5207,1.7500,38.482,102.42,101.16
9318,5328,19911.4728,4647.8061,-5324.1071,19186.3598,105.5181,105.5207,1.7500,38.582,100.18,98.95
9339,5340,19956.1135,4658.2263,-5331.8929,19230.5271,105.5057,105.5207,1.7500,38.680,97.41,96.17
9360,5352,20001.3394,4668.7831,-5348.1071,19272.9623,105.5180,105.5207,1.7500,38.774,94.55,93.32
9381,5364,20045.9801,4679.2033,-5355.8929,19317.1296,105.5057,105.5207,1.7500,38.867,92.83,91.58
9402,5376,20091.2059,4689.7600,-5372.1071,19359.5649,105.5179,105.5207,1.7500,38.958,90.92,89.69
9422,5388,20134.9799,4699.9779,-5382.8929,19402.0001,105.5151,105.5207,1.6667,39.047,88.61,87.41
9444,5400,20181.0725,4710.7370,-5396.1071,19446.1674,105.5177,105.5207,1.8333,39.137,89.90,88.67
9464,5412,20224.8465,4720.9549,-5406.8929,19488.6027,105.5150,105.5207,1.6667,39.225,88.64,87.46
9485,5424,20268.9775,4731.2561,-5415.8929,19531.9039,105.5068,105.2626,1.7500,39.316,90.50,89.29
9506,5436,20314.7130,4741.9319,-5430.8929,19575.2052,105.5149,105.5207,1.7500,39.404,87.87,86.59
9527,5448,20358.8441,4752.2331,-5439.8929,19618.5065,105.5067,105.5207,1.7500,39.494,90.21,89.02
9548,5460,20404.5796,4762.9088,-5454.8929,19661.8078,105.5148,105.5207,1.7500,39.582,88.48,87.26
9569,5472,20448.7106,4773.2100,-5463.8929,19705.1090,105.5066,105.5207,1.7500,39.672,90.17,88.99
9590,5484,20493.9365,4783.7668,-5480.1071,19747.5443,105.5186,105.6150,1.7500,39.761,88.96,87.71
9611,5496,20538.5772,4794.1870,-5487.8929,19791.7116,105.5066,105.5207,1.7500,39.852,90.43,89.22
9632,5508,20583.8031,4804.7438,-5504.1071,19834.1468,105.5185,105.5207,1.7500,39.940,88.08,86.88
9653,5520,20628.4438,4815.1640,-5511.8929,19878.3141,105.5065,105.5207,1.7500,40.030,90.60,89.43
9674,5532,20673.6697,4825.7208,-5528.1071,19920.7494,105.5184,105.5207,1.7500,40.119,88.80,87.56
9695,5544,20718.3103,4836.1410,-5535.8929,19964.9166,105.5064,105.5207,1.7500,40.209,89.97,88.73
9716,5556,20763.5362,4846.6977,-5552.1071,20007.3519,105.5182,105.5207,1.7500,40.299,89.53,88.28
9737,5568,20808.1769,4857.1179,-5559.8929,20051.5192,105.5063,105.5207,1.7500,40.389,90.18,88.95
9758,5580,20853.4028,4867.6747,-5576.1071,20093.9544,105.5181,105.5207,1.7500,40.480,90.69,89.44
9778,5592,20897.1767,4877.8926,-5586.8929,20136.3897,105.5155,105.7464,1.6667,40.569,89.28,88.09
9800,5604,20943.2693,4888.6517,-5600.1071,20180.5570,105.5180,105.5207,1.8333,40.659,90.12,88.87
9820,5616,20987.0433,4898.8696,-5610.8929,20222.9922,105.5154,105.5207,1.6667,40.748,88.74,87.53
9842,5628,21033.1359,4909.6286,-5624.1071,20267.1595,105.5179,105.5207,1.8333,40.838,89.95,88.68
9862,5640,21076.9099,4919.8465,-5634.8929,20309.5948,105.5152,105.5207,1.6667,40.927,88.96,87.75
9883,5652,21121.0409,4930.1477,-5643.8929,20352.8960,105.5074,105.5207,1.7500,41.017,90.72,89.50
9904,5664,21166.7764,4940.8235,-5658.8929,20396.1973,105.5151,105.5207,1.7500,41.106,88.84,87.60
9925,5676,21210.9074,4951.1247,-5667.8929,20439.4986,105.5073,105.5207,1.7500,41.196,89.98,88.76
9946,5688,21256.6430,4961.8005,-5682.8929,20482.7998,105.5150,105.5207,1.7500,41.285,88.51,87.28
9967,5700,21300.7740,4972.1017,-5691.8929,20526.1011,105.5072,105.5207,1.7500,41.375,89.99,88.76
9988,5712,21345.9999,4982.6585,-5708.1071,20568.5364,105.5187,105.5207,1.7500,41.464,89.11,87.90
10009,5724,21390.6405,4993.0786,-5715.8929,20612.7036,105.5071,105.5207,1.7500,41.555,90.67,89.47
10030,5736,21435.8665,5003.6354,-5732.1071,20655.1389,105.5186,105.5207,1.7500,41.643,88.28,86.98
10051,5748,21480.5071,5014.0556,-5739.8929,20699.3062,105.5071,105.5207,1.7500,41.733,89.79,88.61
10072,5760,21525.7330,5024.6124,-5756.1071,20741.7414,105.5184,105.5207,1.7500,41.822,89.74,88.51
10093,5772,21570.3737,5035.0326,-5763.8929,20785.9087,105.5070,105.5207,1.7500,41.913,90.97,89.75
10114,5784,21615.5996,5045.5894,-5780.1071,20828.3440,105.5183,105.5207,1.7500,42.004,90.50,89.29
10135,5796,21660.2402,5056.0096,-5787.8929,20872.5113,105.5069,105.5207,1.7500,42.094,90.70,89.46
10156,5808,21705.4661,5066.5663,-5804.1071,20914.9465,105.5182,105.5207,1.7500,42.185,90.28,89.04
10176,5820,21749.2401,5076.7842,-5814.8929,20957.3818,105.5157,105.5207,1.6667,42.273,88.54,87.36
10198,5832,21795.3327,5087.5433,-5828.1071,21001.5491,105.5181,105.5207,1.8333,42.363,89.94,88.70
10218,5844,21839.1067,5097.7612,-5838.8929,21043.9843,105.5156,105.5207,1.6667,42.451,87.36,86.14
10239,5856,21883.2376,5108.0624,-5847.8929,21087.2856,105.5079,105.2626,1.7500,42.542,91.05,89.80
10260,5868,21928.9732,5118.7382,-5862.8929,21130.5868,105.5155,105.5207,1.7500,42.630,88.72,87.48
10281,5880,21973.1042,5129.0394,-5871.8929,21173.8881,105.5079,105.5207,1.7500,42.721,90.16,88.94
10302,5892,22018.8398,5139.7151,-5886.8929,21217.1894,105.5154,105.5207,1.7500,42.809,88.34,87.09
10323,5904,22062.9708,5150.0163,-5895.8929,21260.4907,105.5078,105.5207,1.7500,42.900,90.64,89.43
10344,5916,22108.1967,5160.5731,-5912.1071,21302.9259,105.5189,105.6150,1.7500,42.988,88.73,87.49
10365,5928,22152.8373,5170.9933,-5919.8929,21347.0932,105.5077,105.5207,1.7500,43.079,90.43,89.20
10386,5940,22198.0633,5181.5501,-5936.1071,21389.5284,105.5188,105.5207,1.7500,43.167,87.98,86.74
10407,5952,22242.7039,5191.9703,-5943.8929,21433.6957,105.5076,105.5207,1.7500,43.257,90.70,89.51
10428,5964,22287.9299,5202.5271,-5960.1071,21476.1310,105.5186,105.5207,1.7500,43.347,89.19,87.98
10449,5976,22332.5705,5212.9472,-5967.8929,21520.2983,105.5076,105.5207,1.7500,43.436,89.89,88.65
10470,5988,22377.7964,5223.5040,-5984.1071,21562.7335,105.5185,105.5207,1.7500,43.527,90.09,88.83
10491,6000,22422.4370,5233.9242,-5991.8929,21606.9008,105.5075,105.5207,1.7500,43.617,90.03,88.71
10512,6012,22467.6630,5244.4810,-6008.1071,21649.3361,105.5184,105.5207,1.7500,43.707,90.63,89.39
10532,6024,22511.4369,5254.6989,-6018.8929,21691.7713,105.5160,105.7464,1.6667,43.796,88.67,87.49
10554,6036,22557.5295,5265.4580,-6032.1071,21735.9386,105.5183,105.5207,1.8333,43.887,91.01,89.79
10574,6048,22601.3035,5275.6759,-6042.8929,21778.3738,105.5159,105.5207,1.6667,43.976,89.37,88.18
10596,6060,22647.3961,5286.4349,-6056.1071,21822.5411,105.5182,105.5207,1.8333,44.067,90.56,89.32
10616,6072,22691.1700,5296.6528,-6066.8929,21864.9764,105.5158,105.5207,1.6667,44.156,88.82,87.66
10637,6084,22735.3010,5306.9540,-6075.8929,21908.2777,105.5084,105.5207,1.7500,44.246,90.13,88.95
10658,6096,22781.0366,5317.6298,-6090.8929,21951.5789,105.5157,105.5207,1.7500,44.334,88.70,87.48
10679,6108,22825.1676,5327.9310,-6099.8929,21994.8802,105.5083,105.5207,1.7500,44.425,90.13,88.92
10700,6120,22870.9032,5338.6068,-6114.8929,22038.1815,105.5156,105.5207,1.7500,44.513,88.56,87.35
10721,6132,22915.0341,5348.9080,-6123.8929,22081.4827,105.5083,105.5207,1.7500,44.603,89.95,88.74
10742,6144,22960.2601,5359.4648,-6140.1071,22123.9180,105.5189,105.5207,1.7500,44.691,88.28,87.09
10763,6156,23004.9007,5369.8849,-6147.8929,22168.0853,105.5082,105.5207,1.7500,44.782,90.17,88.96
10784,6168,23050.1267,5380.4417,-6164.1071,22210.5205,105.5188,105.5207,1.7500,44.869,87.70,86.44
10805,6180,23094.7673,5390.8619,-6171.8929,22254.6878,105.5081,105.5207,1.7500,44.960,90.51,89.34
10826,6192,23139.9932,5401.4187,-6188.1071,22297.1231,105.5187,105.5207,1.7500,45.049,89.63,88.34
10847,6204,23184.6338,5411.8389,-6195.8929,22341.2904,105.5081,105.5207,1.7500,45.140,90.97,89.73
10868,6216,23229.8598,5422.3957,-6212.1071,22383.7256,105.5186,105.5207,1.7500,45.231,90.50,89.28
10889,6228,23274.5004,5432.8158,-6219.8929,22427.8929,105.5080,105.5207,1.7500,45.322,91.24,90.04
10910,6240,23319.7263,5443.3726,-6236.1071,22470.3281,105.5185,105.5207,1.7500,45.412,90.16,88.95
10930,6252,23363.5003,5453.5905,-6246.8929,22512.7634,105.5161,105.5207,1.6667,45.501,88.87,87.61
10952,6264,23409.5929,5464.3496,-6260.1071,22556.9307,105.5184,105.5207,1.8333,45.591,90.04,88.78
10972,6276,23453.3669,5474.5675,-6270.8929,22599.3659,105.5160,105.5207,1.6667,45.680,88.57,87.38
10993,6288,23497.4978,5484.8687,-6279.8929,22642.6672,105.5089,105.2626,1.7500,45.770,90.10,88.83
11014,6300,23543.2334,5495.5445,-6294.8929,22685.9685,105.5159,105.5207,1.7500,45.857,87.56,86.34
11035,6312,23587.3644,5505.8457,-6303.8929,22729.2697,105.5089,105.5207,1.7500,45.947,90.12,88.89
11056,6324,23633.1000,5516.5214,-6318.8929,22772.5710,105.5158,105.5207,1.7500,46.037,89.23,87.98
11077,6336,23677.2309,5526.8226,-6327.8929,22815.8723,105.5088,105.5207,1.7500,46.127,90.75,89.54
11098,6348,23722.4569,5537.3794,-6344.1071,22858.3075,105.5191,105.6150,1.7500,46.216,88.60,87.38
11119,6360,23767.0975,5547.7996,-6351.8929,22902.4748,105.5087,105.5207,1.7500,46.307,90.99,89.77
11140,6372,23812.3235,5558.3564,-6368.1071,22944.9101,105.5190,105.5207,1.7500,46.396,88.69,87.45
11161,6384,23856.9640,5568.7766,-6375.8929,22989.0774,105.5086,105.5207,1.7500,46.486,90.35,89.11
11182,6396,23902.1901,5579.3334,-6392.1071,23031.5126,105.5189,105.5207,1.7500,46.576,89.52,88.29
11203,6408,23946.8306,5589.7535,-6399.8929,23075.6799,105.5086,105.5207,1.7500,46.666,90.79,89.49
11224,6420,23992.0566,5600.3103,-6416.1071,23118.1151,105.5188,105.5207,1.7500,46.756,89.18,87.94
11245,6432,24036.6972,5610.7305,-6423.8929,23162.2824,105.5085,105.5207,1.7500,46.846,90.52,89.32
11266,6444,24081.9232,5621.2873,-6440.1071,23204.7177,105.5187,105.5207,1.7500,46.937,90.92,89.69
11286,6456,24125.6971,5631.5052,-6450.8929,23247.1529,105.5164,105.7464,1.6667,47.026,89.03,87.84
11308,6468,24171.7897,5642.2643,-6464.1071,23291.3202,105.5186,105.5207,1.8333,47.117,90.53,89.29
11328,6480,24215.5637,5652.4822,-6474.8929,23333.7555,105.5163,105.5207,1.6667,47.206,89.16,87.95
11350,6492,24261.6563,5663.2412,-6488.1071,23377.9228,105.5185,105.5207,1.8333,47.296,90.32,89.06
11370,6504,24305.4302,5673.4591,-6498.8929,23420.3580,105.5162,105.5207,1.6667,47.385,88.50,87.30
11391,6516,24349.5612,5683.7603,-6507.8929,23463.6593,105.5093,105.5207,1.7500,47.475,90.34,89.10
11412,6528,24395.2968,5694.4361,-6522.8929,23506.9605,105.5161,105.5207,1.7500,47.563,88.12,86.90
11433,6540,24439.4277,5704.7373,-6531.8929,23550.2618,105.5093,105.5207,1.7500,47.653,89.79,88.61
11454,6552,24484.6538,5715.2941,-6548.1071,23592.6971,105.5193,105.6150,1.7500,47.741,88.32,87.11
11475,6564,24529.2943,5725.7143,-6555.8929,23636.8644,105.5092,105.5207,1.7500,47.832,90.87,89.64
11496,6576,24574.5203,5736.2711,-6572.1071,23679.2996,105.5192,105.5207,1.7500,47.921,88.74,87.50
11517,6588,24619.1608,5746.6912,-6579.8929,23723.4669,105.5091,105.5207,1.7500,48.012,90.80,89.57
11538,6600,24664.3869,5757.2480,-6596.1071,23765.9021,105.5191,105.5207,1.7500,48.101,89.06,87.84
11559,6612,24709.0274,5767.6682,-6603.8929,23810.0694,105.5091,105.5207,1.7500,48.191,90.68,89.50
11580,6624,24754.2534,5778.2250,-6620.1071,23852.5047,105.5190,105.5207,1.7500,48.280,89.20,87.95
11601,6636,24798.8940,5788.6452,-6627.8929,23896.6720,105.5090,105.5207,1.7500,48.372,91.70,90.46
11622,6648,24844.1200,5799.2020,-6644.1071,23939.1072,105.5189,105.5207,1.7500,48.467,94.51,93.28
11642,6660,24887.8939,5809.4198,-6654.8929,23981.5425,105.5166,105.7464,1.6667,48.555,88.78,87.59
11664,6672,24933.9865,5820.1789,-6668.1071,24025.7098,105.5187,105.5207,1.8333,48.645,89.63,88.39
11684,6684,24977.7605,5830.3968,-6678.8929,24068.1450,105.5165,105.5207,1.6667,48.733,88.21,87.04
11706,6696,25023.8531,5841.1559,-6692.1071,24112.3123,105.5186,105.5207,1.8333,48.823,89.96,88.67
11726,6708,25067.6271,5851.3738,-6702.8929,24154.7475,105.5164,105.5207,1.6667,48.913,89.63,88.37
11747,6720,25111.7580,5861.6750,-6711.8929,24198.0488,105.5098,105.2626,1.7500,49.007,93.74,92.52
11768,6732,25157.4936,5872.3508,-6726.8929,24241.3501,105.5163,105.5207,1.7500,49.100,93.78,92.53
11789,6744,25201.6245,5882.6519,-6735.8929,24284.6514,105.5097,105.5207,1.7500,49.199,98.88,97.66
11810,6756,25247.3602,5893.3277,-6750.8929,24327.9526,105.5163,105.5207,1.7500,49.299,99.30,98.03
11831,6768,25291.4911,5903.6289,-6759.8929,24371.2539,105.5097,105.5207,1.7500,49.401,102.13,100.88
11852,6780,25336.7171,5914.1857,-6776.1071,24413.6891,105.5193,105.5207,1.7500,49.503,102.04,100.78
11873,6792,25381.3576,5924.6059,-6783.8929,24457.8564,105.5096,105.5207,1.7500,49.606,103.50,102.29
11894,6804,25426.5837,5935.1627,-6800.1071,24500.2917,105.5192,105.5207,1.7500,49.707,100.61,99.39
11915,6816,25471.2242,5945.5829,-6807.8929,24544.4590,105.5095,105.5207,1.7500,49.808,101.07,99.85
11936,6828,25516.4503,5956.1397,-6824.1071,24586.8942,105.5191,105.5207,1.7500,49.907,98.68,97.42
11957,6840,25561.0908,5966.5598,-6831.8929,24631.0615,105.5094,105.5207,1.7500,50.005,97.98,96.76
11978,6852,25606.3168,5977.1166,-6848.1071,24673.4968,105.5190,105.5207,1.7500,50.105,100.08,98.85
11999,6864,25650.9573,5987.5368,-6855.8929,24717.6641,105.5094,105.5207,1.7500,50.206,101.18,99.89
12020,6876,25696.1834,5998.0936,-6872.1071,24760.0993,105.5189,105.5207,1.7500,50.308,102.37,101.08
12040,6888,25739.9573,6008.3115,-6882.8929,24802.5346,105.5168,105.5207,1.6667,50.409,100.55,99.30
12062,6900,25786.0499,6019.0706,-6896.1071,24846.7018,105.5188,105.5207,1.8333,50.510,101.27,99.98
12082,6912,25829.8239,6029.2885,-6906.8929,24889.1371,105.5167,105.5207,1.6667,50.609,98.45,97.25
12104,6924,25875.9165,6040.0475,-6920.1071,24933.3044,105.5187,105.5207,1.8333,50.710,101.79,100.49
12124,6936,25919.6904,6050.2654,-6930.8929,24975.7396,105.5166,105.5207,1.6667,50.811,100.99,99.75
12145,6948,25963.8213,6060.5666,-6939.8929,25019.0409,105.5102,105.5207,1.7500,50.916,104.40,103.15
12166,6960,26009.5570,6071.2424,-6954.8929,25062.3422,105.5165,105.5207,1.7500,51.017,101.72,100.46
12187,6972,26053.6879,6081.5436,-6963.8929,25105.6434,105.5101,105.5207,1.7500,51.121,103.23,101.99
12208,6984,26098.9140,6092.1004,-6980.1071,25148.0787,105.5195,105.6150,1.7500,51.220,99.75,98.51
12229,6996,26143.5544,6102.5205,-6987.8929,25192.2460,105.5100,105.5207,1.7500,51.320,100.06,98.82
12250,7008,26188.7805,6113.0774,-7004.1071,25234.6812,105.5194,105.5207,1.7500,51.416,95.14,93.90
12271,7020,26233.4210,6123.4975,-7011.8929,25278.8485,105.5099,105.5207,1.7500,51.510,94.63,93.38
12292,7032,26278.6471,6134.0543,-7028.1071,25321.2838,105.5193,105.5207,1.7500,51.601,90.64,89.40
12313,7044,26323.2876,6144.4745,-7035.8929,25365.4511,105.5099,105.5207,1.7500,51.692,90.71,89.48
12334,7056,26368.5136,6155.0313,-7052.1071,25407.8863,105.5192,105.5207,1.7500,51.782,90.11,88.88
12355,7068,26413.1541,6165.4515,-7059.8929,25452.0536,105.5098,105.5207,1.7500,51.872,90.36,89.12
12376,7080,26458.3802,6176.0083,-7076.1071,25494.4888,105.5191,105.5207,1.7500,51.963,90.51,89.28
12396,7092,26502.1541,6186.2261,-7086.8929,25536.9241,105.5170,105.7464,1.6667,52.051,88.43,87.24
12418,7104,26548.2467,6196.9852,-7100.1071,25581.0914,105.5190,105.5207,1.8333,52.141,90.14,88.88
12438,7116,26592.0207,6207.2031,-7110.8929,25623.5266,105.5169,105.5207,1.6667,52.230,88.81,87.60
12460,7128,26638.1133,6217.9622,-7124.1071,25667.6939,105.5189,105.5207,1.8333,52.321,90.69,89.42
12480,7140,26681.8873,6228.1801,-7134.8929,25710.1292,105.5168,105.5207,1.6667,52.410,89.63,88.44
12501,7152,26726.0181,6238.4813,-7143.8929,25753.4304,105.5106,105.2626,1.7500,52.504,93.67,92.45
12522,7164,26771.7538,6249.1571,-7158.8929,25796.7317,105.5167,105.5207,1.7500,52.598,93.67,92.42
12543,7176,26815.8847,6259.4582,-7167.8929,25840.0330,105.5105,105.5207,1.7500,52.696,98.49,97.26
12564,7188,26861.6204,6270.1340,-7182.8929,25883.3343,105.5166,105.5207,1.7500,52.797,100.42,99.17
12585,7200,26905.7512,6280.4352,-7191.8929,25926.6355,105.5104,105.5207,1.7500,52.899,102.56,101.26
12606,7212,26950.9773,6290.9920,-7208.1071,25969.0708,105.5195,105.5207,1.7500,53.001,102.34,101.07
12627,7224,26995.6178,6301.4122,-7215.8929,26013.2381,105.5104,105.5207,1.7500,53.106,104.34,103.09
12648,7236,27040.8439,6311.9690,-7232.1071,26055.6733,105.5194,105.5207,1.7500,53.208,102.59,101.31
12669,7248,27085.4844,6322.3891,-7239.8929,26099.8406,105.5103,105.5207,1.7500,53.313,104.55,103.29
12690,7260,27130.7105,6332.9460,-7256.1071,26142.2759,105.5193,105.5207,1.7500,53.416,103.00,101.74
12711,7272,27175.3509,6343.3661,-7263.8929,26186.4431,105.5102,105.5207,1.7500,53.520,103.92,102.68
12732,7284,27220.5770,6353.9229,-7280.1071,26228.8784,105.5192,105.5207,1.7500,53.623,103.38,102.12
12753,7296,27265.2175,6364.3431,-7287.8929,26273.0457,105.5101,105.5207,1.7500,53.727,103.84,102.59
12774,7308,27310.4436,6374.8999,-7304.1071,26315.4809,105.5191,105.5207,1.7500,53.831,103.63,102.35
12794,7320,27354.2175,6385.1178,-7314.8929,26357.9162,105.5171,105.5207,1.6667,53.933,102.25,101.02
12816,7332,27400.3101,6395.8769,-7328.1071,26402.0835,105.5190,105.5207,1.8333,54.037,104.05,102.77
12836,7344,27444.0841,6406.0948,-7338.8929,26444.5187,105.5170,105.5207,1.6667,54.139,101.99,100.75
12858,7356,27490.1767,6416.8538,-7352.1071,26488.6860,105.5189,105.5207,1.8333,54.243,103.99,102.72
12878,7368,27533.9506,6427.0717,-7362.8929,26531.1213,105.5169,105.5207,1.6667,54.345,101.87,100.63
12899,7380,27578.0815,6437.3729,-7371.8929,26574.4225,105.5109,105.5207,1.7500,54.449,103.83,102.58
12920,7392,27623.8172,6448.0487,-7386.8929,26617.7238,105.5168,105.5207,1.7500,54.551,101.87,100.61
12941,7404,27667.9481,6458.3499,-7395.8929,26661.0251,105.5108,105.5207,1.7500,54.655,104.06,102.83
12962,7416,27713.1742,6468.9067,-7412.1071,26703.4603,105.5196,105.6150,1.7500,54.757,101.99,100.73
12983,7428,27757.8146,6479.3268,-7419.8929,26747.6276,105.5107,105.5207,1.7500,54.861,104.30,102.98
13004,7440,27803.0407,6489.8837,-7436.1071,26790.0629,105.5195,105.5207,1.7500,54.964,103.47,102.20
13025,7452,27847.6812,6500.3038,-7443.8929,26834.2301,105.5107,105.5207,1.7500,55.068,104.12,102.88
13046,7464,27892.9073,6510.8606,-7460.1071,26876.6654,105.5194,105.5207,1.7500,55.170,101.84,100.56
13067,7476,27937.5477,6521.2808,-7467.8929,26920.8327,105.5106,105.5207,1.7500,55.274,103.64,102.40
13088,7488,27982.7738,6531.8376,-7484.1071,26963.2679,105.5194,105.5207,1.7500,55.377,103.05,101.81
13109,7500,28027.4143,6542.2577,-7491.8929,27007.4352,105.5105,105.5207,1.7500,55.481,104.03,102.78
13130,7512,28072.6404,6552.8146,-7508.1071,27049.8705,105.5193,105.5207,1.7500,55.585,103.85,102.58
13150,7524,28116.4143,6563.0324,-7518.8929,27092.3057,105.5173,105.7464,1.6667,55.687,102.20,100.97
13172,7536,28162.5069,6573.7915,-7532.1071,27136.4730,105.5192,105.5207,1.8333,55.791,103.54,102.26
13192,7548,28206.2809,6584.0094,-7542.8929,27178.9083,105.5172,105.5207,1.6667,55.893,102.17,100.94
13214,7560,28252.3735,6594.7685,-7556.1071,27223.0756,105.5191,105.5207,1.8333,55.997,104.20,102.91
13234,7572,28296.1474,6604.9864,-7566.8929,27265.5108,105.5171,105.5207,1.6667,56.099,102.03,100.84
13255,7584,28340.2783,6615.2876,-7575.8929,27308.8121,105.5112,105.2626,1.7500,56.204,104.76,103.55
13276,7596,28386.0140,6625.9634,-7590.8929,27352.1133,105.5170,105.5207,1.7500,56.305,101.65,100.40
13297,7608,28430.1449,6636.2645,-7599.8929,27395.4146,105.5112,105.5207,1.7500,56.409,104.02,102.79
13318,7620,28475.8806,6646.9403,-7614.8929,27438.7159,105.5169,105.5207,1.7500,56.511,101.80,100.57
13339,7632,28520.0114,6657.2415,-7623.8929,27482.0172,105.5111,105.5207,1.7500,56.615,103.99,102.78
13360,7644,28565.2375,6667.7983,-7640.1071,27524.4524,105.5197,105.5207,1.7500,56.717,101.71,100.43
13381,7656,28609.8780,6678.2185,-7647.8929,27568.6197,105.5110,105.5207,1.7500,56.821,104.04,102.80
13402,7668,28655.1041,6688.7753,-7664.1071,27611.0549,105.5196,105.5207,1.7500,56.923,102.04,100.78
13423,7680,28699.7445,6699.1954,-7671.8929,27655.2222,105.5110,105.5207,1.7500,57.027,104.15,102.93
13444,7692,28744.9707,6709.7523,-7688.1071,27697.6575,105.5195,105.5207,1.7500,57.130,103.19,101.94
13465,7704,28789.6111,6720.1724,-7695.8929,27741.8248,105.5109,105.5207,1.7500,57.234,103.54,102.28
13486,7716,28834.8372,6730.7292,-7712.1071,27784.2600,105.5194,105.5207,1.7500,57.338,103.74,102.47
13507,7728,28879.4777,6741.1494,-7719.8929,27828.4273,105.5108,105.5207,1.7500,57.441,102.91,101.65
13528,7740,28924.7038,6751.7062,-7736.1071,27870.8626,105.5193,105.5207,1.7500,57.545,104.37,103.10
13548,7752,28968.4777,6761.9241,-7746.8929,27913.2978,105.5174,105.5207,1.6667,57.647,101.67,100.45
13570,7764,29014.5703,6772.6832,-7760.1071,27957.4651,105.5192,105.5207,1.8333,57.750,103.54,102.26
13590,7776,29058.3443,6782.9010,-7770.8929,27999.9003,105.5173,105.5207,1.6667,57.852,101.81,100.58
13611,7788,29102.4751,6793.2022,-7779.8929,28043.2016,105.5116,105.2626,1.7500,57.954,102.51,101.29
13632,7800,29148.2108,6803.8780,-7794.8929,28086.5029,105.5172,105.5207,1.7500,58.056,101.89,100.66
13653,7812,29192.3417,6814.1792,-7803.8929,28129.8042,105.5115,105.5207,1.7500,58.160,103.95,102.71
13674,7824,29238.0774,6824.8550,-7818.8929,28173.1054,105.5171,105.5207,1.7500,58.262,101.89,100.64
13695,7836,29282.2082,6835.1562,-7827.8929,28216.4067,105.5114,105.5207,1.7500,58.366,104.25,102.98
13716,7848,29327.4344,6845.7130,-7844.1071,28258.8419,105.5198,105.6150,1.7500,58.469,102.58,101.25
13737,7860,29372.0748,6856.1331,-7851.8929,28303.0092,105.5114,105.5207,1.7500,58.573,103.70,102.45
13758,7872,29417.3009,6866.6900,-7868.1071,28345.4445,105.5197,105.5207,1.7500,58.675,102.07,100.83
13779,7884,29461.9413,6877.1101,-7875.8929,28389.6118,105.5113,105.5207,1.7500,58.779,104.49,103.26
13800,7896,29507.1675,6887.6669,-7892.1071,28432.0470,105.5196,105.5207,1.7500,58.882,102.29,101.04
13821,7908,29551.8079,6898.0871,-7899.8929,28476.2143,105.5112,105.5207,1.7500,58.985,103.27,102.08
13842,7920,29597.0340,6908.6439,-7916.1071,28518.6496,105.5195,105.5207,1.7500,59.088,103.48,102.23
13863,7932,29641.6745,6919.0640,-7923.8929,28562.8169,105.5112,105.5207,1.7500,59.192,103.87,102.58
13884,7944,29686.9006,6929.6209,-7940.1071,28605.2521,105.5194,105.5207,1.7500,59.295,103.23,101.97
13904,7956,29730.6745,6939.8387,-7950.8929,28647.6873,105.5176,105.7464,1.6667,59.398,102.10,100.89
13926,7968,29776.7671,6950.5978,-7964.1071,28691.8546,105.5193,105.5207,1.8333,59.501,103.56,102.30
13946,7980,29820.5411,6960.8157,-7974.8929,28734.2899,105.5175,105.5207,1.6667,59.603,102.31,101.09
13968,7992,29866.6337,6971.5748,-7988.1071,28778.4572,105.5192,105.5207,1.8333,59.708,104.17,102.89
13988,8004,29910.4076,6981.7927,-7998.8929,28820.8924,105.5174,105.5207,1.6667,59.809,101.43,100.16
14009,8016,29954.5385,6992.0939,-8007.8929,28864.1937,105.5118,105.5207,1.7500,59.914,104.67,103.42
14030,8028,30000.2742,7002.7697,-8022.8929,28907.4950,105.5173,105.5207,1.7500,60.016,101.89,100.62
14051,8040,30044.4050,7013.0708,-8031.8929,28950.7962,105.5118,105.5207,1.7500,60.120,104.44,103.18
14072,8052,30090.1408,7023.7466,-8046.8929,28994.0975,105.5172,105.5207,1.7500,60.222,102.14,100.87
14093,8064,30134.2716,7034.0478,-8055.8929,29037.3988,105.5117,105.5207,1.7500,60.326,104.15,102.86
14114,8076,30179.4977,7044.6046,-8072.1071,29079.8340,105.5198,105.5207,1.7500,60.428,101.45,100.18
14135,8088,30224.1382,7055.0248,-8079.8929,29124.0013,105.5116,105.5207,1.7500,60.532,104.44,103.20
14156,8100,30269.3643,7065.5816,-8096.1071,29166.4366,105.5197,105.5207,1.7500,60.634,102.02,100.78
14177,8112,30314.0047,7076.0017,-8103.8929,29210.6039,105.5116,105.5207,1.7500,60.739,104.43,103.18
14198,8124,30359.2309,7086.5586,-8120.1071,29253.0391,105.5196,105.5207,1.7500,60.841,102.33,101.08
14219,8136,30403.8713,7096.9787,-8127.8929,29297.2064,105.5115,105.5207,1.7500,60.945,103.76,102.50
14240,8148,30449.0974,7107.5355,-8144.1071,29339.6416,105.5195,105.5207,1.7500,61.050,104.91,103.64
14261,8160,30493.7378,7117.9557,-8151.8929,29383.8089,105.5114,105.5207,1.7500,61.152,102.86,101.58
14282,8172,30538.9640,7128.5125,-8168.1071,29426.2442,105.5195,105.5207,1.7500,61.256,103.41,102.15
14302,8184,30582.7379,7138.7304,-8178.8929,29468.6794,105.5177,105.5207,1.6667,61.358,102.08,100.81
14324,8196,30628.8305,7149.4895,-8192.1071,29512.8467,105.5194,105.5207,1.8333,61.462,103.60,102.30
14344,8208,30672.6045,7159.7073,-8202.8929,29555.2820,105.5176,105.5207,1.6667,61.564,102.93,101.69
14365,8220,30716.7353,7170.0085,-8211.8929,29598.5832,105.5121,105.2626,1.7500,61.668,103.15,101.93
14386,8232,30762.4710,7180.6843,-8226.8929,29641.8845,105.5175,105.5207,1.7500,61.769,101.37,100.10
14407,8244,30806.6018,7190.9855,-8235.8929,29685.1858,105.5121,105.5207,1.7500,61.873,103.63,102.37
14428,8256,30852.3376,7201.6613,-8250.8929,29728.4870,105.5174,105.5207,1.7500,61.974,101.61,100.35
14449,8268,30896.4684,7211.9625,-8259.8929,29771.7883,105.5120,105.5207,1.7500,62.078,104.10,102.90
14470,8280,30941.6946,7222.5193,-8276.1071,29814.2236,105.5199,105.6150,1.7500,62.180,101.70,100.43
14491,8292,30986.3350,7232.9394,-8283.8929,29858.3909,105.5119,105.5207,1.7500,62.284,103.74,102.52
14512,8304,31031.5611,7243.4963,-8300.1071,29900.8261,105.5198,105.5207,1.7500,62.386,102.30,101.08
14533,8316,31076.2015,7253.9164,-8307.8929,29944.9934,105.5119,105.5207,1.7500,62.490,103.58,102.34
14554,8328,31121.4277,7264.4732,-8324.1071,29987.4286,105.5198,105.5207,1.7500,62.592,102.41,101.15
14575,8340,31166.0681,7274.8934,-8331.8929,30031.5959,105.5118,105.5207,1.7500,62.695,103.39,102.16
14596,8352,31211.2942,7285.4502,-8348.1071,30074.0312,105.5197,105.5207,1.7500,62.799,103.36,102.10
14617,8364,31255.9346,7295.8703,-8355.8929,30118.1985,105.5118,105.5207,1.7500,62.903,104.00,102.70
14638,8376,31301.1608,7306.4272,-8372.1071,30160.6337,105.5196,105.5207,1.7500,63.006,103.63,102.37
14658,8388,31344.9347,7316.6450,-8382.8929,30203.0690,105.5178,105.7464,1.6667,63.109,102.39,101.15
14680,8400,31391.0273,7327.4041,-8396.1071,30247.2363,105.5195,105.5207,1.8333,63.212,103.08,101.75
14700,8412,31434.8013,7337.6220,-8406.8929,30289.6715,105.5177,105.5207,1.6667,63.314,101.78,100.53
14722,8424,31480.8939,7348.3811,-8420.1071,30333.8388,105.5194,105.5207,1.8333,63.418,104.45,103.17
14742,8436,31524.6678,7358.5990,-8430.8929,30376.2741,105.5177,105.5207,1.6667,63.520,101.99,100.75
14763,8448,31568.7986,7368.9002,-8439.8929,30419.5753,105.5124,105.5207,1.7500,63.624,104.00,102.75
14784,8460,31614.5344,7379.5760,-8454.8929,30462.8766,105.5176,105.5207,1.7500,63.726,101.55,100.27
14805,8472,31658.6652,7389.8771,-8463.8929,30506.1779,105.5123,105.5207,1.7500,63.830,104.06,102.81
14826,8484,31704.4010,7400.5529,-8478.8929,30549.4791,105.5175,105.5207,1.7500,63.932,102.04,100.71
14847,8496,31748.5318,7410.8541,-8487.8929,30592.7804,105.5122,105.5207,1.7500,64.037,105.38,104.10
14868,8508,31793.7579,7421.4109,-8504.1071,30635.2156,105.5199,105.5207,1.7500,64.139,101.37,100.14
14889,8520,31838.3983,7431.8311,-8511.8929,30679.3829,105.5122,105.5207,1.7500,64.242,103.72,102.50
14910,8532,31883.6245,7442.3879,-8528.1071,30721.8182,105.5199,105.5207,1.7500,64.344,101.55,100.29
14931,8544,31928.2649,7452.8080,-8535.8929,30765.9855,105.5121,105.5207,1.7500,64.448,104.01,102.76
14952,8556,31973.4911,7463.3649,-8552.1071,30808.4207,105.5198,105.5207,1.7500,64.551,103.52,102.24
14973,8568,32018.1314,7473.7850,-8559.8929,30852.5880,105.5121,105.5207,1.7500,64.655,103.45,102.20
14994,8580,32063.3576,7484.3418,-8576.1071,30895.0233,105.5197,105.5207,1.7500,64.758,103.68,102.40
15015,8592,32107.9980,7494.7620,-8583.8929,30939.1906,105.5120,105.5207,1.7500,64.863,104.07,102.81
15036,8604,32153.2242,7505.3188,-8600.1071,30981.6258,105.5196,105.5207,1.7500,64.966,103.80,102.55
15056,8616,32196.9981,7515.5367,-8610.8929,31024.0611,105.5179,105.5207,1.6667,65.068,101.85,100.65
15078,8628,32243.0907,7526.2958,-8624.1071,31068.2283,105.5195,105.5207,1.8333,65.171,103.28,102.02
15098,8640,32286.8647,7536.5136,-8634.8929,31110.6636,105.5178,105.5207,1.6667,65.273,101.81,100.60
15119,8652,32330.9955,7546.8148,-8643.8929,31153.9649,105.5127,105.2626,1.7500,65.377,104.21,102.99
15140,8664,32376.7312,7557.4906,-8658.8929,31197.2661,105.5177,105.5207,1.7500,65.479,101.55,100.30
15161,8676,32420.8620,7567.7918,-8667.8929,31240.5674,105.5126,105.5207,1.7500,65.583,104.05,102.80
15182,8688,32466.5978,7578.4676,-8682.8929,31283.8687,105.5177,105.5207,1.7500,65.685,101.73,100.48
15203,8700,32510.7286,7588.7688,-8691.8929,31327.1699,105.5125,105.5207,1.7500,65.789,104.00,102.83
15224,8712,32555.9548,7599.3256,-8708.1071,31369.6052,105.5201,105.6150,1.7500,65.890,101.27,100.01
15245,8724,32600.5951,7609.7457,-8715.8929,31413.7725,105.5125,105.5207,1.7500,65.994,103.96,102.72
15266,8736,32645.8213,7620.3026,-8732.1071,31456.2077,105.5200,105.5207,1.7500,66.096,102.19,100.90
15287,8748,32690.4617,7630.7227,-8739.8929,31500.3750,105.5124,105.5207,1.7500,66.200,103.59,102.30
15308,8760,32735.6879,7641.2795,-8756.1071,31542.8103,105.5199,105.5207,1.7500,66.301,101.45,100.19
15329,8772,32780.3283,7651.6997,-8763.8929,31586.9776,105.5123,105.5207,1.7500,66.405,104.19,102.96
15350,8784,32825.5544,7662.2565,-8780.1071,31629.4128,105.5198,105.5207,1.7500,66.509,103.26,102.00
15371,8796,32870.1948,7672.6766,-8787.8929,31673.5801,105.5123,105.5207,1.7500,66.612,103.60,102.40
15392,8808,32915.4210,7683.2335,-8804.1071,31716.0154,105.5197,105.5207,1.7500,66.716,103.96,102.74
15412,8820,32959.1949,7693.4513,-8814.8929,31758.4506,105.5180,105.7464,1.6667,66.818,102.04,100.81
15434,8832,33005.2875,7704.2104,-8828.1071,31802.6179,105.5196,105.5207,1.8333,66.922,103.90,102.62
15454,8844,33049.0615,7714.4283,-8838.8929,31845.0531,105.5180,105.5207,1.6667,67.025,102.51,101.22
15476,8856,33095.1541,7725.1874,-8852.1071,31889.2204,105.5196,105.5207,1.8333,67.129,104.25,102.98
15496,8868,33138.9280,7735.4053,-8862.8929,31931.6557,105.5179,105.5207,1.6667,67.230,101.45,100.22
15517,8880,33183.0588,7745.7064,-8871.8929,31974.9569,105.5129,105.5207,1.7500,67.334,103.95,102.72
15538,8892,33228.7946,7756.3823,-8886.8929,32018.2582,105.5178,105.5207,1.7500,67.436,102.07,100.82
15559,8904,33272.9254,7766.6834,-8895.8929,32061.5595,105.5128,105.5207,1.7500,67.540,103.93,102.72
15580,8916,33318.6611,7777.3592,-8910.8929,32104.8608,105.5177,105.5207,1.7500,67.642,101.88,100.66
15601,8928,33362.7919,7787.6604,-8919.8929,32148.1620,105.5127,105.5207,1.7500,67.746,103.66,102.42
15622,8940,33408.0181,7798.2172,-8936.1071,32190.5973,105.5201,105.5207,1.7500,67.847,101.05,99.81
15643,8952,33452.6585,7808.6374,-8943.8929,32234.7646,105.5127,105.5207,1.7500,67.951,103.93,102.68
15664,8964,33497.8847,7819.1942,-8960.1071,32277.1998,105.5200,105.5207,1.7500,68.053,101.62,100.37
15685,8976,33542.5251,7829.6143,-8967.8929,32321.3671,105.5126,105.5207,1.7500,68.156,103.98,102.72
15706,8988,33587.7513,7840.1712,-8984.1071,32363.8024,105.5199,105.5207,1.7500,68.259,102.99,101.73
15727,9000,33632.3916,7850.5913,-8991.8929,32407.9696,105.5125,105.5207,1.7500,68.364,104.05,102.79
15748,9012,33677.6178,7861.1481,-9008.1071,32450.4049,105.5198,105.5207,1.7500,68.468,104.12,102.83
15769,9024,33722.2582,7871.5683,-9015.8929,32494.5722,105.5125,105.5207,1.7500,68.572,103.99,102.72
15790,9036,33767.4844,7882.1251,-9032.1071,32537.0074,105.5197,105.5207,1.7500,68.676,103.95,102.68
15810,9048,33811.2583,7892.3430,-9042.8929,32579.4427,105.5181,105.5207,1.6667,68.777,101.87,100.63
15832,9060,33857.3509,7903.1021,-9056.1071,32623.6100,105.5197,105.5207,1.8333,68.882,104.14,102.89
15852,9072,33901.1249,7913.3199,-9066.8929,32666.0452,105.5180,105.5207,1.6667,68.984,101.94,100.72
15873,9084,33945.2556,7923.6211,-9075.8929,32709.3465,105.5131,105.2626,1.7500,69.087,103.34,102.03
15894,9096,33990.9914,7934.2969,-9090.8929,32752.6478,105.5180,105.5207,1.7500,69.189,101.88,100.61
15915,9108,34035.1222,7944.5981,-9099.8929,32795.9490,105.5131,105.5207,1.7500,69.293,104.29,103.05
15936,9120,34080.8580,7955.2739,-9114.8929,32839.2503,105.5179,105.5207,1.7500,69.395,102.03,100.76
15957,9132,34124.9888,7965.5750,-9123.8929,32882.5516,105.5130,105.5207,1.7500,69.499,103.53,102.27
15978,9144,34170.2150,7976.1319,-9140.1071,32924.9868,105.5202,105.6150,1.7500,69.601,102.48,101.23
15999,9156,34214.8553,7986.5520,-9147.8929,32969.1541,105.5129,105.5207,1.7500,69.705,104.02,102.75
16020,9168,34260.0815,7997.1089,-9164.1071,33011.5894,105.5201,105.5207,1.7500,69.807,102.12,100.89
16041,9180,34304.7219,8007.5290,-9171.8929,33055.7566,105.5129,105.5207,1.7500,69.911,104.18,102.92
16062,9192,34349.9481,8018.0858,-9188.1071,33098.1919,105.5200,105.5207,1.7500,70.014,102.26,101.00
16083,9204,34394.5884,8028.5060,-9195.8929,33142.3592,105.5128,105.5207,1.7500,70.117,103.62,102.37
16104,9216,34439.8146,8039.0628,-9212.1071,33184.7944,105.5199,105.5207,1.7500,70.221,103.34,102.06
16125,9228,34484.4550,8049.4829,-9219.8929,33228.9617,105.5128,105.5207,1.7500,70.323,102.89,101.62
16146,9240,34529.6812,8060.0398,-9236.1071,33271.3970,105.5198,105.5207,1.7500,70.428,104.14,102.88
16166,9252,34573.4551,8070.2576,-9246.8929,33313.8322,105.5182,105.7464,1.6667,70.530,101.90,100.69
16188,9264,34619.5477,8081.0167,-9260.1071,33357.9995,105.5198,105.5207,1.8333,70.633,103.71,102.43
16208,9276,34663.3217,8091.2346,-9270.8929,33400.4348,105.5182,105.5207,1.6667,70.736,102.27,101.03
16230,9288,34709.4143,8101.9937,-9284.1071,33444.6021,105.5197,105.5207,1.8333,70.840,104.02,102.72
16250,9300,34753.1882,8112.2116,-9294.8929,33487.0373,105.5181,105.5207,1.6667,70.941,101.92,100.67
16271,9312,34797.3190,8122.5127,-9303.8929,33530.3386,105.5133,105.5207,1.7500,71.046,104.06,102.84
16292,9324,34843.0548,8133.1886,-9318.8929,33573.6398,105.5180,105.5207,1.7500,71.148,102.34,101.10
16313,9336,34887.1856,8143.4897,-9327.8929,33616.9411,105.5132,105.5207,1.7500,71.252,104.04,102.79
16334,9348,34932.9213,8154.1655,-9342.8929,33660.2424,105.5180,105.5207,1.7500,71.353,101.40,100.15
16355,9360,34977.0521,8164.4667,-9351.8929,33703.5437,105.5132,105.5207,1.7500,71.458,104.27,103.00
16376,9372,35022.2783,8175.0235,-9368.1071,33745.9789,105.5202,105.5207,1.7500,71.560,102.22,100.97
16397,9384,35066.9187,8185.4437,-9375.8929,33790.1462,105.5131,105.5207,1.7500,71.664,104.12,102.89
16418,9396,35112.1449,8196.0005,-9392.1071,33832.5814,105.5201,105.5207,1.7500,71.766,102.13,100.83
16439,9408,35156.7852,8206.4206,-9399.8929,33876.7487,105.5131,105.5207,1.7500,71.870,103.95,102.70
16460,9420,35202.0115,8216.9775,-9416.1071,33919.1840,105.5200,105.5207,1.7500,71.973,102.56,101.27
16481,9432,35246.6518,8227.3976,-9423.8929,33963.3513,105.5130,105.5207,1.7500,72.076,103.25,102.01
16502,9444,35291.8780,8237.9544,-9440.1071,34005.7865,105.5199,105.5207,1.7500,72.178,102.60,101.36
16523,9456,35336.5184,8248.3746,-9447.8929,34049.9538,105.5129,105.5207,1.7500,72.282,103.15,101.87
16544,9468,35381.7446,8258.9314,-9464.1071,34092.3891,105.5199,105.5207,1.7500,72.386,104.10,102.83
16564,9480,35425.5185,8269.1493,-9474.8929,34134.8243,105.5183,105.5207,1.6667,72.487,101.50,100.33
16586,9492,35471.6111,8279.9084,-9488.1071,34178.9916,105.5198,105.5207,1.8333,72.591,103.59,102.35
16606,9504,35515.3851,8290.1262,-9498.8929,34221.4268,105.5182,105.5207,1.6667,72.693,102.13,100.92
16627,9516,35559.5158,8300.4274,-9507.8929,34264.7281,105.5135,105.2626,1.7500,72.797,104.18,102.92
16648,9528,35605.2516,8311.1032,-9522.8929,34308.0294,105.5182,105.5207,1.7500,72.899,101.54,100.29
16669,9540,35649.3824,8321.4044,-9531.8929,34351.3307,105.5135,105.5207,1.7500,73.002,103.89,102.61
16690,9552,35695.1182,8332.0802,-9546.8929,34394.6319,105.5181,105.5207,1.7500,73.105,102.44,101.18
16711,9564,35739.2489,8342.3813,-9555.8929,34437.9332,105.5134,105.5207,1.7500,73.209,103.89,102.66
16732,9576,35784.4752,8352.9382,-9572.1071,34480.3684,105.5203,105.6150,1.7500,73.311,101.80,100.53
16753,9588,35829.1155,8363.3583,-9579.8929,34524.5357,105.5134,105.5207,1.7500,73.414,103.88,102.64
16774,9600,35874.3417,8373.9152,-9596.1071,34566.9710,105.5202,105.5207,1.7500,73.517,102.02,100.76
16795,9612,35918.9821,8384.3353,-9603.8929,34611.1383,105.5133,105.5207,1.7500,73.620,103.52,102.27
16816,9624,35964.2083,8394.8921,-9620.1071,34653.5735,105.5201,105.5207,1.7500,73.724,103.54,102.27
16837,9636,36008.8486,8405.3123,-9627.8929,34697.7408,105.5132,105.5207,1.7500,73.828,104.03,102.75
16858,9648,36054.0748,8415.8691,-9644.1071,34740.1761,105.5200,105.5207,1.7500,73.931,103.36,102.08
16879,9660,36098.7152,8426.2892,-9651.8929,34784.3434,105.5132,105.5207,1.7500,74.035,103.63,102.38
16900,9672,36143.9414,8436.8461,-9668.1071,34826.7786,105.5200,105.5207,1.7500,74.137,102.52,101.26
16920,9684,36187.7153,8447.0639,-9678.8929,34869.2138,105.5184,105.7464,1.6667,74.236,98.64,97.43
16942,9696,36233.8079,8457.8231,-9692.1071,34913.3811,105.5199,105.5207,1.8333,74.335,99.24,97.96
16962,9708,36277.5819,8468.0409,-9702.8929,34955.8164,105.5184,105.5207,1.6667,74.429,93.84,92.66
16984,9720,36323.6745,8478.8000,-9716.1071,34999.9837,105.5198,105.5207,1.8333,74.523,94.12,92.85
17004,9732,36367.4484,8489.0179,-9726.8929,35042.4189,105.5183,105.5207,1.6667,74.612,89.03,87.80
17025,9744,36411.5792,8499.3190,-9735.8929,35085.7202,105.5137,105.5207,1.7500,74.702,90.13,88.90
17046,9756,36457.3150,8509.9949,-9750.8929,35129.0215,105.5182,105.5207,1.7500,74.791,88.47,87.25
17067,9768,36501.4457,8520.2960,-9759.8929,35172.3227,105.5136,105.5207,1.7500,74.883,92.05,90.83
17088,9780,36547.1815,8530.9718,-9774.8929,35215.6240,105.5181,105.5207,1.7500,74.976,92.91,91.65
17109,9792,36591.3123,8541.2730,-9783.8929,35258.9253,105.5136,105.5207,1.7500,75.072,96.66,95.41
17130,9804,36636.5385,8551.8298,-9800.1071,35301.3605,105.5203,105.5207,1.7500,75.167,94.79,93.54
17151,9816,36681.1789,8562.2499,-9807.8929,35345.5278,105.5135,105.5207,1.7500,75.261,94.26,93.02
17172,9828,36726.4051,8572.8068,-9824.1071,35387.9631,105.5202,105.5207,1.7500,75.353,91.38,90.13
17193,9840,36771.0454,8583.2269,-9831.8929,35432.1304,105.5135,105.5207,1.7500,75.445,92.64,91.39
17214,9852,36816.2717,8593.7838,-9848.1071,35474.5656,105.5201,105.5207,1.7500,75.538,92.77,91.52
17235,9864,36860.9120,8604.2039,-9855.8929,35518.7329,105.5134,105.5207,1.7500,75.632,94.10,92.86
17256,9876,36906.1382,8614.7607,-9872.1071,35561.1681,105.5200,105.5207,1.7500,75.726,93.57,92.31
17277,9888,36950.7785,8625.1809,-9879.8929,35605.3354,105.5134,105.5207,1.7500,75.818,92.75,91.52
17298,9900,36996.0048,8635.7377,-9896.1071,35647.7707,105.5200,105.5207,1.7500,75.910,91.23,90.01
17318,9912,37039.7787,8645.9556,-9906.8929,35690.2059,105.5185,105.5207,1.6667,75.998,88.04,86.85
17340,9924,37085.8713,8656.7147,-9920.1071,35734.3732,105.5199,105.5207,1.8333,76.089,90.99,89.70
17360,9936,37129.6452,8666.9325,-9930.8929,35776.8085,105.5184,105.5207,1.6667,76.179,90.36,89.17
17381,9948,37173.7760,8677.2337,-9939.8929,35820.1097,105.5139,105.2626,1.7500,76.272,93.41,92.19
17402,9960,37219.5118,8687.9095,-9954.8929,35863.4110,105.5183,105.5207,1.7500,76.366,93.60,92.34
17423,9972,37263.6426,8698.2107,-9963.8929,35906.7123,105.5139,105.5207,1.7500,76.465,99.16,97.95
17444,9984,37309.3784,8708.8865,-9978.8929,35950.0135,105.5183,105.5207,1.7500,76.565,99.59,98.31
17465,9996,37353.5091,8719.1876,-9987.8929,35993.3148,105.5138,105.5207,1.7500,76.667,101.90,100.67
17486,10008,37398.7354,8729.7445,-10004.1071,36035.7501,105.5204,105.6150,1.7500,76.769,102.08,100.82
17507,10020,37443.3757,8740.1646,-10011.8929,36079.9174,105.5137,105.5207,1.7500,76.873,103.71,102.45
17528,10032,37488.6019,8750.7215,-10028.1071,36122.3526,105.5203,105.5207,1.7500,76.974,101.74,100.46
17549,10044,37533.2422,8761.1416,-10035.8929,36166.5199,105.5137,105.5207,1.7500,77.077,103.19,101.97
17570,10056,37578.4685,8771.6984,-10052.1071,36208.9551,105.5202,105.5207,1.7500,77.181,103.49,102.23
17591,10068,37623.1088,8782.1185,-10059.8929,36253.1224,105.5136,105.5207,1.7500,77.284,103.30,102.02
17612,10080,37668.3350,8792.6754,-10076.1071,36295.5577,105.5201,105.5207,1.7500,77.388,103.61,102.30
17633,10092,37712.9754,8803.0955,-10083.8929,36339.7250,105.5136,105.5207,1.7500,77.491,103.49,102.24
17654,10104,37758.2016,8813.6524,-10100.1071,36382.1602,105.5201,105.5207,1.7500,77.594,102.73,101.48
17674,10116,37801.9755,8823.8702,-10110.8929,36424.5955,105.5186,105.7464,1.6667,77.693,98.96,97.75
17696,10128,37848.0681,8834.6294,-10124.1071,36468.7628,105.5200,105.5207,1.8333,77.792,98.70,97.44
17716,10140,37891.8421,8844.8472,-10134.8929,36511.1980,105.5185,105.5207,1.6667,77.885,93.68,92.50
17738,10152,37937.9347,8855.6063,-10148.1071,36555.3653,105.5199,105.5207,1.8333,77.979,93.09,91.83
17758,10164,37981.7086,8865.8242,-10158.8929,36597.8006,105.5185,105.5207,1.6667,78.068,89.77,88.55
17779,10176,38025.8394,8876.1253,-10167.8929,36641.1018,105.5141,105.5207,1.7500,78.159,90.93,89.66
17800,10188,38071.5752,8886.8012,-10182.8929,36684.4031,105.5184,105.5207,1.7500,78.247,88.07,86.85
17821,10200,38115.7059,8897.1023,-10191.8929,36727.7044,105.5140,105.5207,1.7500,78.337,89.79,88.57
17842,10212,38161.4417,8907.7781,-10206.8929,36771.0056,105.5183,105.5207,1.7500,78.424,87.27,86.01
17863,10224,38205.5725,8918.0793,-10215.8929,36814.3069,105.5140,105.5207,1.7500,78.514,89.27,88.04
17884,10236,38250.7987,8928.6361,-10232.1071,36856.7421,105.5204,105.5207,1.7500,78.602,88.44,87.21
17905,10248,38295.4390,8939.0562,-10239.8929,36900.9094,105.5139,105.5207,1.7500,78.693,90.63,89.43
17926,10260,38340.6653,8949.6131,-10256.1071,36943.3447,105.5203,105.5207,1.7500,78.782,88.94,87.71
17947,10272,38385.3056,8960.0332,-10263.8929,36987.5120,105.5138,105.5207,1.7500,78.871,89.79,88.56
17968,10284,38430.5319,8970.5901,-10280.1071,37029.9472,105.5202,105.5207,1.7500,78.960,89.00,87.79
17989,10296,38475.1722,8981.0102,-10287.8929,37074.1145,105.5138,105.5207,1.7500,79.050,89.57,88.40
18010,10308,38520.3984,8991.5670,-10304.1071,37116.5498,105.5201,105.5207,1.7500,79.139,89.21,88.01
18031,10320,38565.0387,9001.9872,-10311.8929,37160.7171,105.5137,105.5207,1.7500,79.228,89.26,88.09
18052,10332,38610.2650,9012.5440,-10328.1071,37203.1523,105.5201,105.5207,1.7500,79.318,89.73,88.57
18072,10344,38654.0389,9022.7619,-10338.8929,37245.5876,105.5186,105.5207,1.6667,79.406,88.05,86.89
18094,10356,38700.1315,9033.5210,-10352.1071,37289.7548,105.5200,105.5207,1.8333,79.496,89.56,88.30
18114,10368,38743.9054,9043.7389,-10362.8929,37332.1901,105.5186,105.5207,1.6667,79.584,88.62,87.44
18135,10380,38788.0362,9054.0400,-10371.8929,37375.4914,105.5143,105.2626,1.7500,79.675,90.18,89.01
18156,10392,38833.7720,9064.7158,-10386.8929,37418.7926,105.5185,105.5207,1.7500,79.763,88.38,87.13
18177,10404,38877.9027,9075.0170,-10395.8929,37462.0939,105.5142,105.5207,1.7500,79.853,90.06,88.83
18198,10416,38923.6386,9085.6928,-10410.8929,37505.3952,105.5184,105.5207,1.7500,79.941,87.91,86.67
18219,10428,38967.7693,9095.9939,-10419.8929,37548.6964,105.5142,105.5207,1.7500,80.031,89.72,88.49
18240,10440,39012.9956,9106.5508,-10436.1071,37591.1317,105.5204,105.6150,1.7500,80.118,87.44,86.25
18261,10452,39057.6359,9116.9709,-10443.8929,37635.2990,105.5141,105.5207,1.7500,80.207,88.69,87.50
18282,10464,39102.8621,9127.5278,-10460.1071,37677.7342,105.5204,105.5207,1.7500,80.295,87.83,86.60
18303,10476,39147.5024,9137.9479,-10467.8929,37721.9015,105.5140,105.5207,1.7500,80.385,89.93,88.72
18324,10488,39192.7287,9148.5047,-10484.1071,37764.3368,105.5203,105.5207,1.7500,80.473,88.81,87.60
18345,10500,39237.3690,9158.9248,-10491.8929,37808.5041,105.5140,105.5207,1.7500,80.563,90.13,88.93
18366,10512,39282.5952,9169.4817,-10508.1071,37850.9393,105.5202,105.5207,1.7500,80.653,89.75,88.50
18387,10524,39327.2355,9179.9018,-10515.8929,37895.1066,105.5139,105.5207,1.7500,80.743,89.62,88.41
18408,10536,39372.4618,9190.4587,-10532.1071,37937.5419,105.5202,105.5207,1.7500,80.833,90.19,88.95
18428,10548,39416.2357,9200.6765,-10542.8929,37979.9771,105.5188,105.7464,1.6667,80.922,88.87,87.67
18450,10560,39462.3283,9211.4357,-10556.1071,38024.1444,105.5201,105.5207,1.8333,81.010,88.61,87.36
18470,10572,39506.1023,9221.6535,-10566.8929,38066.5796,105.5187,105.5207,1.6667,81.099,88.31,87.09
18492,10584,39552.1949,9232.4126,-10580.1071,38110.7469,105.5200,105.5207,1.8333,81.189,90.23,88.98
18512,10596,39595.9688,9242.6305,-10590.8929,38153.1822,105.5186,105.5207,1.6667,81.278,88.68,87.53
18533,10608,39640.0996,9252.9316,-10599.8929,38196.4834,105.5144,105.5207,1.7500,81.368,90.54,89.36
18554,10620,39685.8354,9263.6075,-10614.8929,38239.7847,105.5186,105.5207,1.7500,81.456,87.54,86.35
18575,10632,39729.9661,9273.9086,-10623.8929,38283.0860,105.5144,105.5207,1.7500,81.545,89.55,88.40
18596,10644,39775.1924,9284.4655,-10640.1071,38325.5212,105.5205,105.6150,1.7500,81.633,88.13,86.90
18617,10656,39819.8327,9294.8856,-10647.8929,38369.6885,105.5143,105.5207,1.7500,81.723,90.02,88.83
18638,10668,39865.0589,9305.4424,-10664.1071,38412.1238,105.5204,105.5207,1.7500,81.811,87.62,86.44
18659,10680,39909.6992,9315.8625,-10671.8929,38456.2911,105.5142,105.5207,1.7500,81.900,89.29,88.07
18680,10692,39954.9255,9326.4194,-10688.1071,38498.7263,105.5204,105.5207,1.7500,81.989,88.10,86.85
18701,10704,39999.5658,9336.8395,-10695.8929,38542.8936,105.5142,105.5207,1.7500,82.079,90.08,88.89
18722,10716,40044.7921,9347.3964,-10712.1071,38585.3289,105.5203,105.5207,1.7500,82.168,89.09,87.87
18743,10728,40089.4324,9357.8165,-10719.8929,38629.4961,105.5141,105.5207,1.7500,82.257,89.72,88.53
18764,10740,40134.6586,9368.3734,-10736.1071,38671.9314,105.5202,105.5207,1.7500,82.347,89.27,88.09
18784,10752,40178.4325,9378.5912,-10746.8929,38714.3666,105.5189,105.7464,1.6667,82.435,88.25,87.10
18806,10764,40224.5252,9389.3503,-10760.1071,38758.5339,105.5202,105.5207,1.8333,82.524,89.03,87.78
18826,10776,40268.2991,9399.5682,-10770.8929,38800.9692,105.5188,105.5207,1.6667,82.612,88.43,87.25
18848,10788,40314.3917,9410.3273,-10784.1071,38845.1365,105.5201,105.5207,1.8333,82.703,90.58,89.34
18868,10800,40358.1656,9420.5452,-10794.8929,38887.5717,105.5187,105.5207,1.6667,82.791,88.35,87.13
18889,10812,40402.2964,9430.8463,-10803.8929,38930.8730,105.5146,105.2626,1.7500,82.882,90.49,89.27
18910,10824,40448.0322,9441.5221,-10818.8929,38974.1743,105.5187,105.5207,1.7500,82.969,87.41,86.19
18931,10836,40492.1629,9451.8233,-10827.8929,39017.4755,105.5145,105.5207,1.7500,83.058,89.10,87.95
18952,10848,40537.8988,9462.4991,-10842.8929,39060.7768,105.5186,105.5207,1.7500,83.147,88.33,87.12
18973,10860,40582.0295,9472.8002,-10851.8929,39104.0781,105.5145,105.5207,1.7500,83.236,89.43,88.25
18994,10872,40627.2558,9483.3571,-10868.1071,39146.5133,105.5205,105.5207,1.7500,83.324,87.58,86.35
19015,10884,40671.8960,9493.7772,-10875.8929,39190.6806,105.5144,105.5207,1.7500,83.413,89.25,88.02
19036,10896,40717.1223,9504.3341,-10892.1071,39233.1159,105.5204,105.5207,1.7500,83.501,87.69,86.47
19057,10908,40761.7626,9514.7542,-10899.8929,39277.2832,105.5144,105.5207,1.7500,83.590,89.54,88.35
19078,10920,40806.9889,9525.3110,-10916.1071,39319.7184,105.5204,105.5207,1.7500,83.679,89.01,87.81
19099,10932,40851.6292,9535.7311,-10923.8929,39363.8857,105.5143,105.5207,1.7500,83.769,90.31,89.08
19120,10944,40896.8554,9546.2880,-10940.1071,39406.3209,105.5203,105.5207,1.7500,83.859,89.23,88.00
19141,10956,40941.4957,9556.7081,-10947.8929,39450.4882,105.5143,105.5207,1.7500,83.949,89.94,88.70
19162,10968,40986.7220,9567.2650,-10964.1071,39492.9235,105.5202,105.5207,1.7500,84.037,88.79,87.56
19182,10980,41030.4959,9577.4828,-10974.8929,39535.3587,105.5189,105.5207,1.6667,84.126,88.50,87.29
19204,10992,41076.5885,9588.2420,-10988.1071,39579.5260,105.5202,105.5207,1.8333,84.216,89.92,88.67
19224,11004,41120.3625,9598.4598,-10998.8929,39621.9613,105.5188,105.5207,1.6667,84.304,87.76,86.52
19246,11016,41166.4551,9609.2189,-11012.1071,39666.1286,105.5201,105.5207,1.8333,84.394,90.26,89.01
19266,11028,41210.2290,9619.4368,-11022.8929,39708.5638,105.5188,105.5207,1.6667,84.482,87.79,86.61
19287,11040,41254.3597,9629.7379,-11031.8929,39751.8651,105.5147,105.5207,1.7500,84.571,89.58,88.37
19308,11052,41300.0956,9640.4138,-11046.8929,39795.1663,105.5187,105.5207,1.7500,84.659,87.85,86.62
19329,11064,41344.2263,9650.7149,-11055.8929,39838.4676,105.5147,105.5207,1.7500,84.750,90.61,89.41
19350,11076,41389.4526,9661.2718,-11072.1071,39880.9029,105.5206,105.6150,1.7500,84.839,88.91,87.65
19371,11088,41434.0929,9671.6919,-11079.8929,39925.0702,105.5146,105.5207,1.7500,84.928,89.61,88.39
19392,11100,41479.3191,9682.2487,-11096.1071,39967.5054,105.5205,105.5207,1.7500,85.015,87.19,85.97
19413,11112,41523.9594,9692.6688,-11103.8929,40011.6727,105.5146,105.5207,1.7500,85.104,89.05,87.85
19434,11124,41569.1857,9703.2257,-11120.1071,40054.1079,105.5205,105.5207,1.7500,85.193,88.16,86.95
19455,11136,41613.8260,9713.6458,-11127.8929,40098.2752,105.5145,105.5207,1.7500,85.283,90.46,89.28
19476,11148,41659.0523,9724.2027,-11144.1071,40140.7105,105.5204,105.5207,1.7500,85.371,88.41,87.21
19497,11160,41703.6925,9734.6228,-11151.8929,40184.8778,105.5145,105.5207,1.7500,85.461,89.21,88.04
19518,11172,41748.9188,9745.1797,-11168.1071,40227.3130,105.5203,105.5207,1.7500,85.550,89.46,88.28
19538,11184,41792.6927,9755.3975,-11178.8929,40269.7483,105.5190,105.7464,1.6667,85.639,89.17,87.98
19560,11196,41838.7854,9766.1566,-11192.1071,40313.9156,105.5203,105.5207,1.8333,85.728,88.88,87.67
19580,11208,41882.5593,9776.3745,-11202.8929,40356.3508,105.5189,105.5207,1.6667,85.817,88.60,87.43
19602,11220,41928.6519,9787.1336,-11216.1071,40400.5181,105.5202,105.5207,1.8333,85.907,90.20,88.90
19622,11232,41972.4258,9797.3515,-11226.8929,40442.9533,105.5189,105.5207,1.6667,85.995,87.91,86.75
19643,11244,42016.5566,9807.6526,-11235.8929,40486.2546,105.5149,105.2626,1.7500,86.084,89.37,88.19
19664,11256,42062.2924,9818.3284,-11250.8929,40529.5559,105.5188,105.5207,1.7500,86.172,87.55,86.34
19685,11268,42106.4231,9828.6296,-11259.8929,40572.8572,105.5148,105.5207,1.7500,86.262,90.14,88.94
19706,11280,42152.1590,9839.3054,-11274.8929,40616.1584,105.5187,105.5207,1.7500,86.350,88.22,86.95
19727,11292,42196.2897,9849.6065,-11283.8929,40659.4597,105.5148,105.5207,1.7500,86.440,89.67,88.49
19748,11304,42241.5160,9860.1634,-11300.1071,40701.8949,105.5206,105.5207,1.7500,86.528,87.98,86.76
19769,11316,42286.1562,9870.5835,-11307.8929,40746.0622,105.5147,105.5207,1.7500,86.618,89.80,88.62
19790,11328,42331.3825,9881.1404,-11324.1071,40788.4975,105.5205,105.5207,1.7500,86.706,88.44,87.23
19811,11340,42376.0228,9891.5605,-11331.8929,40832.6648,105.5147,105.5207,1.7500,86.796,89.56,88.32
19832,11352,42421.2491,9902.1174,-11348.1071,40875.1000,105.5205,105.5207,1.7500,86.885,89.15,87.91
19853,11364,42465.8894,9912.5374,-11355.8929,40919.2673,105.5146,105.5207,1.7500,86.975,90.09,88.88
19874,11376,42511.1156,9923.0943,-11372.1071,40961.7026,105.5204,105.5207,1.7500,87.064,88.88,87.63
19895,11388,42555.7559,9933.5144,-11379.8929,41005.8699,105.5146,105.5207,1.7500,87.153,89.52,88.29
19916,11400,42600.9822,9944.0713,-11396.1071,41048.3051,105.5203,105.5207,1.7500,87.243,89.70,88.46
19936,11412,42644.7561,9954.2891,-11406.8929,41090.7403,105.5190,105.5207,1.6667,87.331,88.09,86.88
19958,11424,42690.8487,9965.0483,-11420.1071,41134.9076,105.5203,105.5207,1.8333,87.420,89.34,88.09
19978,11436,42734.6227,9975.2661,-11430.8929,41177.3429,105.5190,105.5207,1.6667,87.509,88.27,87.10
19999,11448,42778.7534,9985.5673,-11439.8929,41220.6442,105.5151,105.2626,1.7500,87.599,90.31,89.14
20020,11460,42824.4892,9996.2431,-11454.8929,41263.9454,105.5189,105.5207,1.7500,87.687,88.25,87.03
20041,11472,42868.6199,10006.5442,-11463.8929,41307.2467,105.5150,105.5207,1.7500,87.776,89.20,87.97
20062,11484,42914.3558,10017.2201,-11478.8929,41350.5480,105.5188,105.5207,1.7500,87.864,87.88,86.62
20083,11496,42958.4865,10027.5212,-11487.8929,41393.8492,105.5150,105.5207,1.7500,87.955,90.37,89.16
20104,11508,43003.7128,10038.0781,-11504.1071,41436.2845,105.5207,105.6150,1.7500,88.043,88.57,87.19
20125,11520,43048.3530,10048.4982,-11511.8929,41480.4518,105.5149,105.5207,1.7500,88.134,90.71,89.50
20146,11532,43093.5793,10059.0550,-11528.1071,41522.8870,105.5206,105.5207,1.7500,88.221,87.46,86.27
20167,11544,43138.2196,10069.4751,-11535.8929,41567.0543,105.5149,105.5207,1.7500,88.311,89.56,88.35
20188,11556,43183.4459,10080.0320,-11552.1071,41609.4896,105.5205,105.5207,1.7500,88.399,88.44,87.20
20209,11568,43228.0862,10090.4521,-11559.8929,41653.6569,105.5148,105.5207,1.7500,88.489,89.34,88.11
20230,11580,43273.3125,10101.0090,-11576.1071,41696.0921,105.5205,105.5207,1.7500,88.578,88.94,87.69
20251,11592,43317.9527,10111.4291,-11583.8929,41740.2594,105.5147,105.5207,1.7500,88.668,90.42,89.21
20272,11604,43363.1790,10121.9860,-11600.1071,41782.6946,105.5204,105.5207,1.7500,88.759,90.81,89.58
20292,11616,43406.9529,10132.2038,-11610.8929,41825.1299,105.5191,105.7464,1.6667,88.847,88.54,87.36
20314,11628,43453.0456,10142.9629,-11624.1071,41869.2972,105.5203,105.5207,1.8333,88.937,89.90,88.65
20334,11640,43496.8195,10153.1808,-11634.8929,41911.7324,105.5191,105.5207,1.6667,89.027,89.41,88.19
20356,11652,43542.9121,10163.9399,-11648.1071,41955.8997,105.5203,105.5207,1.8333,89.117,90.49,89.22
20376,11664,43586.6860,10174.1578,-11658.8929,41998.3350,105.5190,105.5207,1.6667,89.205,88.16,86.96
20397,11676,43630.8167,10184.4589,-11667.8929,42041.6362,105.5152,105.5207,1.7500,89.296,90.32,89.10
20418,11688,43676.5526,10195.1347,-11682.8929,42084.9375,105.5189,105.5207,1.7500,89.384,88.13,86.90
20439,11700,43720.6833,10205.4359,-11691.8929,42128.2388,105.5151,105.5207,1.7500,89.474,90.61,89.39
20460,11712,43766.4192,10216.1117,-11706.8929,42171.5400,105.5189,105.5207,1.7500,89.563,88.80,87.56
20481,11724,43810.5499,10226.4128,-11715.8929,42214.8413,105.5151,105.5207,1.7500,89.654,90.27,89.04
20502,11736,43855.7762,10236.9697,-11732.1071,42257.2766,105.5207,105.5207,1.7500,89.741,87.83,86.59
20523,11748,43900.4164,10247.3898,-11739.8929,42301.4439,105.5150,105.5207,1.7500,89.832,90.27,89.06
20544,11760,43945.6427,10257.9467,-11756.1071,42343.8791,105.5206,105.5207,1.7500,89.921,89.06,87.84
20565,11772,43990.2830,10268.3668,-11763.8929,42388.0464,105.5150,105.5207,1.7500,90.011,90.74,89.49
20586,11784,44035.5093,10278.9237,-11780.1071,42430.4816,105.5205,105.5207,1.7500,90.101,89.59,88.39
20607,11796,44080.1495,10289.3437,-11787.8929,42474.6489,105.5149,105.5207,1.7500,90.191,90.01,88.83
20628,11808,44125.3758,10299.9006,-11804.1071,42517.0842,105.5205,105.5207,1.7500,90.281,90.07,88.84
20649,11820,44170.0161,10310.3207,-11811.8929,42561.2515,105.5149,105.5207,1.7500,90.371,90.31,89.03
20670,11832,44215.2424,10320.8776,-11828.1071,42603.6867,105.5204,105.5207,1.7500,90.462,90.49,89.20
20690,11844,44259.0163,10331.0954,-11838.8929,42646.1220,105.5192,105.5207,1.6667,90.551,89.48,88.25
20712,11856,44305.1089,10341.8546,-11852.1071,42690.2893,105.5203,105.5207,1.8333,90.642,90.45,89.20
20732,11868,44348.8829,10352.0724,-11862.8929,42732.7245,105.5191,105.5207,1.6667,90.731,88.92,87.71
20753,11880,44393.0136,10362.3736,-11871.8929,42776.0258,105.5153,105.2626,1.7500,90.821,90.19,88.96
20774,11892,44438.7494,10373.0494,-11886.8929,42819.3271,105.5190,105.5207,1.7500,90.909,88.10,86.86
20795,11904,44482.8801,10383.3505,-11895.8929,42862.6283,105.5153,105.5207,1.7500,90.999,89.95,88.68
20816,11916,44528.6160,10394.0264,-11910.8929,42905.9296,105.5190,105.5207,1.7500,91.088,88.69,87.45
20837,11928,44572.7467,10404.3275,-11919.8929,42949.2309,105.5152,105.5207,1.7500,91.179,90.82,89.59
20858,11940,44617.9730,10414.8844,-11936.1071,42991.6661,105.5207,105.6150,1.7500,91.267,88.94,87.71
20879,11952,44662.6132,10425.3045,-11943.8929,43035.8334,105.5152,105.5207,1.7500,91.358,90.70,89.50
20900,11964,44707.8395,10435.8614,-11960.1071,43078.2686,105.5207,105.5207,1.7500,91.447,88.62,87.40
20921,11976,44752.4798,10446.2814,-11967.8929,43122.4359,105.5151,105.5207,1.7500,91.537,90.27,88.99
20942,11988,44797.7061,10456.8383,-11984.1071,43164.8712,105.5206,105.5207,1.7500,91.626,88.80,87.57
20963,12000,44842.3464,10467.2584,-11991.8929,43209.0385,105.5151,105.5207,1.7500,91.716,89.90,88.67
20984,12012,44887.5727,10477.8153,-12008.1071,43251.4737,105.5205,105.5207,1.7500,91.805,89.61,88.39
21005,12024,44932.2129,10488.2354,-12015.8929,43295.6410,105.5150,105.5207,1.7500,91.895,90.08,88.89
23099,13224,49415.5273,11534.7464,-13215.8929,47615.3757,105.5159,105.5207,1.7500,100.862,89.71,88.46
25194,14424,53900.8036,12581.7154,-14420.1071,51935.9765,105.5208,105.5207,1.8333,109.823,90.43,89.16
27288,15624,58384.1180,13628.2264,-15620.1071,56255.7112,105.5211,105.5207,1.7500,118.779,88.28,87.09
29382,16824,62867.9419,14674.8564,-16818.8929,60576.3119,105.5201,105.5207,1.6667,127.708,87.76,86.56
31477,18024,67352.1225,15721.5696,-18015.8929,64897.7787,105.5176,105.5207,1.7500,136.659,90.39,89.16
33571,19224,71835.4369,16768.0806,-19215.8929,69217.5134,105.5180,105.5207,1.7500,145.605,90.40,89.17
35666,20424,76320.7133,17815.0497,-20420.1071,73538.1141,105.5213,105.5207,1.7500,154.548,90.11,88.88
37760,21624,80804.5372,18861.6796,-21618.8929,77858.7149,105.5205,105.5207,1.7500,163.498,88.30,87.09
39854,22824,85287.8516,19908.1907,-22818.8929,82178.4496,105.5208,105.5207,1.6667,172.432,88.66,87.47
41949,24024,89772.0322,20954.9039,-24015.8929,86499.9164,105.5188,105.5207,1.7500,181.374,90.22,89.01
44044,25224,94257.3086,22001.8729,-25220.1071,90820.5171,105.5215,105.5207,1.8333,190.325,90.64,89.40
46138,26424,98740.6230,23048.3840,-26420.1071,95140.2518,105.5216,105.5207,1.7500,199.277,89.42,88.19
48232,27624,103224.4469,24095.0139,-27618.8929,99460.8526,105.5210,105.5207,1.7500,208.216,88.08,86.86
50327,28824,107708.6275,25141.7271,-28815.8929,103782.3193,105.5194,105.5207,1.7500,217.147,89.81,88.57
52421,30024,112191.9418,26188.2382,-30015.8929,108102.0540,105.5196,105.5207,1.7500,226.079,90.04,88.81
54516,31224,116677.2184,27235.2072,-31220.1071,112422.6548,105.5217,105.5207,1.8333,235.011,90.17,88.90
56610,32424,121160.5328,28281.7182,-32420.1071,116742.3895,105.5218,105.5207,1.7500,243.943,88.51,87.24
58704,33624,125644.3566,29328.3482,-33618.8929,121062.9902,105.5213,105.5207,1.6667,252.910,88.00,86.79
60799,34824,130128.5372,30375.0614,-34815.8929,125384.4570,105.5199,105.5207,1.7500,261.975,113.23,111.91
62893,36024,134611.8515,31421.5724,-36015.8929,129704.1917,105.5201,105.5207,1.7500,272.886,114.18,112.87
64988,37224,139097.1281,32468.5415,-37220.1071,134024.7925,105.5218,105.5207,1.7500,283.268,113.46,112.15
67082,38424,143580.4425,33515.0525,-38420.1071,138344.5272,105.5219,105.6150,1.7500,294.177,111.33,109.98
69176,39624,148064.2664,34561.6825,-39618.8929,142665.1279,105.5215,105.5207,1.6667,305.364,88.31,87.12
71271,40824,152548.4469,35608.3957,-40815.8929,146986.5947,105.5203,105.5207,1.7500,314.689,90.30,89.11
73366,42024,157033.7234,36655.3647,-42020.1071,151307.1954,105.5219,105.5207,1.8333,323.620,89.86,88.61
75460,43224,161517.0378,37701.8758,-43220.1071,155626.9301,105.5220,105.5207,1.7500,333.525,112.73,111.42
77554,44424,166000.8617,38748.5057,-44418.8929,159947.5309,105.5216,105.5207,1.7500,344.821,111.23,109.86
79649,45624,170485.0422,39795.2189,-45615.8929,164268.9976,105.5205,105.5207,1.7500,356.125,113.68,112.33
81743,46824,174968.3566,40841.7300,-46815.8929,168588.7323,105.5206,105.5207,1.7500,367.424,114.01,112.68
83838,48024,179453.6331,41888.6990,-48020.1071,172909.3331,105.5220,105.5207,1.8333,378.722,114.00,112.54
85932,49224,183936.9475,42935.2100,-49220.1071,177229.0678,105.5220,105.5207,1.7500,390.016,111.44,110.12
88026,50424,188420.7714,43981.8400,-50418.8929,181549.6685,105.5217,105.5207,1.6667,401.315,111.86,110.55
90121,51624,192904.9519,45028.5532,-51615.8929,185871.1353,105.5208,105.5207,1.7500,412.609,113.97,112.63
92215,52824,197388.2663,46075.0642,-52815.8929,190190.8700,105.5209,105.5207,1.7500,423.907,113.85,112.52
94310,54024,201873.5429,47122.0333,-54020.1071,194511.4708,105.5220,105.5207,1.7500,435.203,113.76,112.42
96404,55224,206356.8572,48168.5443,-55220.1071,198831.2055,105.5221,105.6150,1.7500,446.509,111.88,110.52
98498,56424,210840.6811,49215.1743,-56418.8929,203151.8062,105.5218,105.5207,1.6667,457.810,111.55,110.29
100593,57624,215324.8616,50261.8875,-57615.8929,207473.2730,105.5210,105.5207,1.7500,469.103,113.90,112.57
102687,58824,219808.1760,51308.3985,-58815.8929,211793.0077,105.5210,105.2626,1.7500,480.401,113.69,112.35
104782,60024,224293.4526,52355.3676,-60020.1071,216113.6084,105.5221,105.5207,1.7500,491.697,112.24,110.94
106876,61224,228777.2765,53401.9975,-61218.8929,220434.2092,105.5218,105.5207,1.7500,502.996,112.00,110.65
108971,62424,233261.4569,54448.7107,-62415.8929,224755.6759,105.5210,105.5207,1.7500,514.298,113.72,112.36
111065,63624,237744.7713,55495.2218,-63615.8929,229075.4106,105.5211,105.5207,1.7500,525.833,119.29,117.93
113160,64824,242230.0479,56542.1908,-64820.1071,233396.0114,105.5221,105.5207,1.8333,537.618,118.78,117.38
115254,66024,246713.3623,57588.7019,-66020.1071,237715.7461,105.5221,105.5207,1.7500,549.378,117.30,115.90
117348,67224,251197.1862,58635.3318,-67218.8929,242036.3468,105.5219,105.5207,1.6667,561.145,116.19,114.82
119443,68424,255681.3666,59682.0450,-68415.8929,246357.8136,105.5212,105.5207,1.7500,572.681,113.97,112.61
121537,69624,260164.6810,60728.5560,-69615.8929,250677.5483,105.5213,105.5207,1.7500,584.104,115.27,113.92
123632,70824,264649.9576,61775.5251,-70820.1071,254998.1491,105.5221,105.5207,1.7500,595.487,115.96,114.62
125726,72024,269133.2720,62822.0361,-72020.1071,259317.8838,105.5222,105.6150,1.7500,606.852,111.84,110.48
127820,73224,273617.0959,63868.6661,-73218.8929,263638.4845,105.5219,105.5207,1.6667,618.411,116.80,115.48
129915,74424,278101.2764,64915.3793,-74415.8929,267959.9513,105.5213,105.5207,1.7500,630.175,118.29,116.96
132009,75624,282584.5908,65961.8903,-75615.8929,272279.6860,105.5214,105.2626,1.7500,641.883,114.34,113.00
134104,76824,287069.8673,67008.8594,-76820.1071,276600.2867,105.5222,105.5207,1.7500,653.248,112.90,111.52
136198,78024,291553.6912,68055.4893,-78018.8929,280920.8875,105.5220,105.5207,1.7500,664.541,111.18,109.85
138293,79224,296037.8717,69102.2025,-79215.8929,285242.3542,105.5213,105.5207,1.7500,675.840,113.45,112.11
140387,80424,300521.1861,70148.7136,-80415.8929,289562.0889,105.5214,105.5207,1.7500,687.142,114.32,113.01
142482,81624,305006.4627,71195.6826,-81620.1071,293882.6897,105.5222,105.5207,1.8333,698.445,113.55,112.19
144576,82824,309489.7771,72242.1937,-82820.1071,298202.4244,105.5222,105.5207,1.7500,709.751,111.30,109.92
146670,84024,313973.6009,73288.8236,-84018.8929,302523.0251,105.5220,105.5207,1.6667,721.061,113.33,112.03
148765,85224,318457.7814,74335.5368,-85215.8929,306844.4919,105.5214,105.5207,1.7500,732.355,113.40,112.05
150859,86424,322941.0958,75382.0479,-86415.8929,311164.2266,105.5215,105.5207,1.7500,743.652,113.31,111.99
152954,87624,327426.3724,76429.0169,-87620.1071,315484.8274,105.5222,105.5207,1.7500,754.954,113.64,112.30
155048,88824,331909.6868,77475.5279,-88820.1071,319804.5621,105.5222,105.5207,1.7500,766.259,111.74,110.41
157142,90024,336393.5107,78522.1579,-90018.8929,324125.1628,105.5220,105.5207,1.6667,777.679,115.08,113.75
159237,91224,340877.6911,79568.8711,-91215.8929,328446.6296,105.5215,105.5207,1.7500,789.089,120.09,118.72
161331,92424,345361.0055,80615.3821,-92415.8929,332766.3643,105.5216,105.2626,1.7500,800.422,114.48,113.15
163426,93624,349846.2821,81662.3512,-93620.1071,337086.9650,105.5222,105.5207,1.7500,811.998,117.81,116.43
165520,94824,354330.1060,82708.9812,-94818.8929,341407.5658,105.5220,105.5207,1.7500,823.769,115.57,114.16
167614,96024,358813.4204,83755.4922,-96018.8929,345727.3005,105.5221,105.7464,1.6667,835.452,116.52,115.18
169709,97224,363297.6008,84802.2054,-97215.8929,350048.7672,105.5216,105.5207,1.7500,846.770,114.02,112.68
171804,98424,367782.8775,85849.1744,-98420.1071,354369.3680,105.5222,105.5207,1.8333,858.078,113.96,112.54
173898,99624,372266.1918,86895.6855,-99620.1071,358689.1027,105.5223,105.5207,1.7500,869.369,111.39,110.06
174568,100008,373700.7189,87230.5378,-100004.1071,360071.2792,105.5223,105.6150,1.7500,872.987,111.97,110.59
