generation,path_length_rings,euclid_distance,effective_rings,global_x,global_y,heading_running,heading_windowed,local_clock,elapsed_s,hop_ms,patch_ms
150,42,163.6790,38.4690,149.1071,-73.1791,-26.8480,NaN,3.5714,0.121,120.56,72.68
171,54,208.3169,48.9601,194.9286,-80.4166,-22.9292,-8.9757,1.7500,0.195,74.20,73.06
193,66,253.3708,59.5489,239.1071,-91.3657,-21.3172,-11.4241,1.8333,0.269,74.36,73.19
212,78,294.3507,69.1803,275.3214,-111.1605,-22.3441,-16.7480,1.5833,0.341,72.35,71.25
232,90,337.2079,79.2529,317.3214,-121.5529,-21.2643,-16.0437,1.6667,0.416,74.03,72.80
253,102,376.8038,88.5590,360.8929,-117.3464,-18.2640,-11.7800,1.7500,0.490,73.99,72.84
272,114,422.8648,99.3846,402.0714,-139.3064,-19.3410,-14.6498,1.5833,0.563,73.47,72.41
294,126,469.6370,110.3773,446.3214,-154.4618,-19.2977,-15.2953,1.8333,0.634,70.54,69.34
313,138,510.3881,119.9549,489.0714,-155.1423,-17.7837,-13.5549,1.5833,0.705,71.81,70.78
333,150,553.8746,130.1754,530.9286,-167.0192,-17.6311,-13.8079,1.6667,0.776,70.60,69.42
355,162,600.1300,141.0466,576.0714,-177.6589,-17.2938,-13.7503,1.8333,0.848,71.78,70.62
375,174,643.6265,151.2695,617.9286,-189.5358,-17.1956,-13.9386,1.6667,0.919,70.80,69.74
397,186,689.0722,161.9504,662.1071,-200.4849,-16.9793,-13.9369,1.8333,0.989,70.29,69.15
416,198,729.5364,171.4606,698.3214,-220.2797,-17.6356,-14.9941,1.5833,1.059,70.33,69.32
436,210,772.7161,181.6090,740.3214,-230.6721,-17.4265,-14.9166,1.6667,1.130,70.65,69.60
457,222,813.2070,191.1254,783.8929,-226.4656,-16.2242,-13.5758,1.7500,1.203,73.00,71.92
476,234,858.9346,201.8727,825.0714,-248.4256,-16.8633,-14.5342,1.5833,1.277,73.93,72.84
499,246,903.0373,212.2380,870.8929,-248.9823,-16.0537,-13.6888,1.9167,1.350,73.60,72.41
518,258,948.7326,222.9776,912.0714,-270.9422,-16.6405,-14.5315,1.5833,1.424,73.96,72.94
541,270,992.8742,233.3521,957.8929,-271.4990,-15.9141,-13.7775,1.9167,1.499,74.47,73.28
560,282,1038.5424,244.0853,999.0714,-293.4589,-16.4562,-14.8385,1.5833,1.574,75.00,73.96
582,294,1085.2749,255.0687,1043.3214,-308.6143,-16.5618,-15.1169,1.8333,1.647,73.53,72.39
601,306,1126.5043,264.7587,1086.0714,-309.2948,-15.9752,-13.7330,1.5833,1.722,75.09,74.04
621,318,1170.0138,274.9846,1127.9286,-321.1717,-15.9702,-13.8343,1.6667,1.797,75.02,73.93
643,330,1216.3437,285.8734,1173.0714,-331.8114,-15.8670,-14.7920,1.8333,1.872,74.46,73.26
663,342,1259.8533,296.0993,1214.9286,-343.6884,-15.8661,-14.1137,1.6667,1.946,74.51,73.43
685,354,1305.3430,306.7906,1259.1071,-354.6374,-15.7982,-13.8356,1.8333,2.022,75.59,74.44
704,366,1345.6099,316.2544,1295.3214,-374.4323,-16.1894,-15.2157,1.5833,2.101,78.89,77.65
724,378,1388.8430,326.4153,1337.3214,-384.8246,-16.1181,-15.1148,1.6667,2.182,81.56,80.42
745,390,1429.6250,336.0002,1380.8929,-380.6182,-15.4713,-14.1537,1.7500,2.270,88.02,86.85
764,402,1475.2045,346.7126,1422.0714,-402.5781,-15.8667,-14.8385,1.5833,2.355,84.18,83.02
787,414,1519.4797,357.1185,1467.8929,-403.1348,-15.4145,-14.1168,1.9167,2.439,84.78,83.52
806,426,1565.0473,367.8281,1509.0714,-425.0948,-15.7888,-14.1777,1.5833,2.525,85.39,84.25
829,438,1609.3357,378.2370,1554.8929,-425.6515,-15.3640,-13.4613,1.9167,2.609,84.65,83.38
848,450,1654.8928,388.9442,1596.0714,-447.6114,-15.7194,-15.2316,1.5833,2.694,85.04,83.93
870,462,1701.5958,399.9206,1640.3214,-462.7669,-15.8069,-14.7305,1.8333,2.776,81.55,80.31
889,474,1742.9492,409.6398,1683.0714,-463.4473,-15.4457,-14.7920,1.5833,2.858,81.97,80.87
909,486,1786.4578,419.8655,1724.9286,-475.3242,-15.4553,-14.1137,1.6667,2.940,81.89,80.78
931,498,1832.8044,430.7582,1770.0714,-485.9640,-15.3998,-14.7920,1.8333,3.022,82.02,80.86
951,510,1876.3127,440.9838,1811.9286,-497.8409,-15.4100,-14.1137,1.6667,3.104,82.57,81.49
973,522,1921.8128,451.6775,1856.1071,-508.7899,-15.3747,-13.8356,1.8333,3.188,83.09,81.89
992,534,1962.0022,461.1231,1892.3214,-528.5848,-15.6517,-15.2157,1.5833,3.271,83.23,82.15
1012,546,2005.2490,471.2873,1934.3214,-538.9771,-15.6139,-15.1148,1.6667,3.356,85.34,84.22
1033,558,2046.1412,480.8981,1977.8929,-534.7707,-15.1721,-14.1537,1.7500,3.443,86.91,85.74
1052,570,2091.6577,491.5957,2019.0714,-556.7306,-15.4574,-14.8385,1.5833,3.531,88.10,86.97
1075,582,2136.0020,502.0178,2064.8929,-557.2873,-15.1442,-14.1168,1.9167,3.618,87.04,85.72
1094,594,2181.5125,512.7139,2106.0714,-579.2473,-15.4184,-14.1777,1.5833,3.705,86.92,85.77
1117,606,2225.8633,523.1376,2151.8929,-579.8040,-15.1186,-13.4613,1.9167,3.793,88.21,86.93
1136,618,2271.3683,533.8324,2193.0714,-601.7639,-15.3825,-15.2316,1.5833,3.881,88.09,86.95
1158,630,2318.0550,544.8051,2237.3214,-616.9194,-15.4535,-14.7305,1.8333,3.965,83.21,81.99
1177,642,2359.4652,554.5376,2280.0714,-617.5998,-15.1929,-14.7920,1.5833,4.048,83.25,82.15
1197,654,2402.9720,564.7629,2321.9286,-629.4768,-15.2046,-14.1137,1.6667,4.130,82.24,81.12
1219,666,2449.3256,575.6572,2367.0714,-640.1165,-15.1678,-14.7920,1.8333,4.212,81.88,80.73
1239,678,2492.8322,585.8824,2408.9286,-651.9934,-15.1796,-14.1137,1.6667,4.294,82.35,81.24
1261,690,2538.3366,596.5772,2453.1071,-662.9424,-15.1570,-13.8356,1.8333,4.376,81.68,80.48
1280,702,2578.4847,606.0131,2489.3214,-682.7373,-15.3711,-15.2157,1.5833,4.457,80.85,79.77
1300,714,2621.7373,616.1786,2531.3214,-693.1296,-15.3468,-15.1148,1.6667,4.540,83.09,81.91
1321,726,2662.6874,625.8029,2574.8929,-688.9232,-15.0114,-14.1537,1.7500,4.625,84.93,83.76
1340,738,2708.1691,636.4924,2616.0714,-710.8831,-15.2345,-14.8385,1.5833,4.711,85.95,84.82
1363,750,2752.5506,646.9232,2661.8929,-711.4399,-14.9950,-14.1168,1.9167,4.797,85.75,84.49
1382,762,2798.0287,657.6118,2703.0714,-733.3998,-15.2112,-14.1777,1.5833,4.884,87.93,86.77
1405,774,2842.4141,668.0435,2748.8929,-733.9565,-14.9797,-13.4613,1.9167,4.972,87.51,86.24
1424,786,2887.8888,678.7313,2790.0714,-755.9165,-15.1894,-15.2316,1.5833,5.059,87.34,86.19
1446,798,2934.5653,689.7015,2834.3214,-771.0719,-15.2486,-14.7305,1.8333,5.143,83.97,82.72
1465,810,2976.0081,699.4417,2877.0714,-771.7524,-15.0448,-14.7920,1.5833,5.226,82.87,81.77
1485,822,3019.5135,709.6666,2918.9286,-783.6293,-15.0563,-14.1137,1.6667,5.309,82.40,81.25
1507,834,3065.8708,720.5619,2964.0714,-794.2690,-15.0291,-14.7920,1.8333,5.390,81.66,80.45
1527,846,3109.3761,730.7868,3005.9286,-806.1459,-15.0405,-14.1137,1.6667,5.472,81.99,80.82
1549,858,3154.8826,741.4820,3050.1071,-817.0950,-15.0243,-13.8356,1.8333,5.554,81.98,80.79
1568,870,3195.0052,750.9119,3086.3214,-836.8898,-15.1988,-15.2157,1.5833,5.635,81.25,80.17
1588,882,3238.2608,761.0781,3128.3214,-847.2821,-15.1814,-15.1148,1.6667,5.718,82.38,81.25
1609,894,3279.2466,770.7109,3171.8929,-843.0757,-14.9111,-14.1537,1.7500,5.802,83.70,82.52
1628,906,3324.7062,781.3951,3213.0714,-865.0357,-15.0942,-14.8385,1.5833,5.886,84.47,83.36
1651,918,3369.1110,791.8314,3258.8929,-865.5924,-14.9005,-14.1168,1.9167,5.972,85.63,84.34
1670,930,3414.5683,802.5151,3300.0714,-887.5523,-15.0789,-14.1777,1.5833,6.057,85.51,84.36
1693,942,3458.9755,812.9520,3345.8929,-888.1091,-14.8903,-13.4613,1.9167,6.142,84.61,83.31
1712,954,3504.4305,823.6351,3387.0714,-910.0690,-15.0643,-15.2316,1.5833,6.226,84.60,83.46
1734,966,3551.1002,834.6038,3431.3214,-925.2244,-15.1149,-14.7305,1.8333,6.307,80.98,79.75
1753,978,3592.5640,844.3489,3474.0714,-925.9049,-14.9476,-14.7920,1.5833,6.390,82.19,81.08
1773,990,3636.0683,854.5736,3515.9286,-937.7818,-14.9582,-14.1137,1.6667,6.472,82.37,81.23
1795,1002,3681.5761,865.2691,3560.1071,-948.7308,-14.9454,-14.8292,1.8333,6.554,81.93,80.73
1814,1014,3721.6832,874.6954,3596.3214,-968.5257,-15.0961,-14.7727,1.5833,6.636,81.98,80.90
1834,1026,3764.9405,884.8620,3638.3214,-978.9180,-15.0823,-14.4945,1.6667,6.718,82.02,80.91
1855,1038,3805.9476,894.4997,3681.8929,-974.7116,-14.8505,-14.1537,1.7500,6.803,85.35,84.17
1874,1050,3851.3938,905.1808,3723.0714,-996.6715,-15.0092,-14.8385,1.5833,6.889,85.86,84.73
1897,1062,3895.8127,915.6204,3768.8929,-997.2283,-14.8426,-14.1537,1.9167,6.975,86.09,84.79
1916,1074,3941.2571,926.3011,3810.0714,-1019.1882,-14.9979,-14.8385,1.5833,7.061,86.22,85.07
1939,1086,3985.6778,936.7411,3855.8929,-1019.7449,-14.8351,-14.1168,1.9167,7.149,87.77,86.43
1958,1098,4031.1204,947.4214,3897.0714,-1041.7048,-14.9870,-14.1777,1.5833,7.237,87.95,86.73
1981,1110,4075.5429,957.8619,3942.8929,-1042.2616,-14.8280,-13.4613,1.9167,7.324,87.32,85.95
2000,1122,4120.9840,968.5417,3984.0714,-1064.2215,-14.9766,-15.2316,1.5833,7.413,88.24,87.02
2022,1134,4167.6486,979.5092,4028.3214,-1079.3769,-15.0207,-14.7305,1.8333,7.495,82.55,81.27
2041,1146,4209.1272,989.2578,4071.0714,-1080.0574,-14.8788,-14.7920,1.5833,7.580,84.54,83.43
2061,1158,4252.6307,999.4822,4112.9286,-1091.9343,-14.8886,-14.1137,1.6667,7.664,84.31,83.16
2083,1170,4298.1394,1010.1780,4157.1071,-1102.8834,-14.8784,-14.8292,1.8333,7.748,84.00,82.78
2102,1182,4338.2334,1019.6012,4193.3214,-1122.6782,-15.0082,-14.7727,1.5833,7.832,83.98,82.86
2122,1194,4381.4919,1029.7681,4235.3214,-1133.0705,-14.9973,-14.4945,1.6667,7.917,85.26,84.13
2143,1206,4422.5173,1039.4102,4278.8929,-1128.8641,-14.7986,-14.1537,1.7500,8.007,89.54,88.32
2162,1218,4467.9519,1050.0885,4320.0714,-1150.8240,-14.9360,-14.8385,1.5833,8.095,88.58,87.40
2185,1230,4512.3828,1060.5310,4365.8929,-1151.3808,-14.7928,-14.1168,1.9167,8.183,87.73,86.38
2204,1242,4557.8160,1071.2090,4407.0714,-1173.3407,-14.9276,-14.1777,1.5833,8.271,88.24,87.08
2227,1254,4602.2483,1081.6518,4452.8929,-1173.8974,-14.7873,-13.4613,1.9167,8.360,88.69,87.39
2246,1266,4647.6803,1092.3295,4494.0714,-1195.8574,-14.9195,-15.2316,1.5833,8.448,88.10,86.94
2268,1278,4694.3416,1103.2962,4538.3214,-1211.0128,-14.9592,-14.7305,1.8333,8.532,84.09,82.82
2287,1290,4735.8298,1113.0470,4581.0714,-1211.6933,-14.8336,-14.7920,1.5833,8.616,84.24,83.14
2307,1302,4779.3327,1123.2713,4622.9286,-1223.5702,-14.8428,-14.1137,1.6667,8.702,85.11,83.87
2329,1314,4825.6950,1134.1677,4668.0714,-1234.2099,-14.8276,-14.7920,1.8333,8.788,86.11,84.88
2349,1326,4869.1978,1144.3920,4709.9286,-1246.0868,-14.8367,-14.1137,1.6667,8.873,85.56,84.39
2371,1338,4914.7071,1155.0880,4754.1071,-1257.0359,-14.8282,-14.8292,1.8333,8.958,85.04,83.81
2390,1350,4954.7912,1164.5088,4790.3214,-1276.8307,-14.9423,-14.7727,1.5833,9.043,84.53,83.42
2410,1362,4998.0507,1174.6759,4832.3214,-1287.2230,-14.9332,-14.4945,1.6667,9.127,84.66,83.50
2431,1374,5039.0898,1184.3212,4875.8929,-1283.0166,-14.7594,-14.1537,1.7500,9.215,87.25,86.04
2450,1386,5084.5155,1194.9975,4917.0714,-1304.9766,-14.8804,-14.8385,1.5833,9.302,86.98,85.79
2473,1398,5128.9555,1205.4421,4962.8929,-1305.5333,-14.7550,-14.1168,1.9167,9.389,87.58,86.29
2492,1410,5174.3802,1216.1181,5004.0714,-1327.4932,-14.8740,-14.1777,1.5833,9.477,87.99,86.83
2515,1422,5218.8213,1226.5629,5049.8929,-1328.0500,-14.7508,-13.4613,1.9167,9.564,86.66,85.36
2534,1434,5264.2450,1237.2387,5091.0714,-1350.0099,-14.8678,-15.2316,1.5833,9.651,87.27,86.13
2556,1446,5310.9033,1248.2047,5135.3214,-1365.1653,-14.9034,-14.7305,1.8333,9.734,82.84,81.61
2575,1458,5352.4002,1257.9576,5178.0714,-1365.8458,-14.7927,-14.7920,1.5833,9.818,84.45,83.34
2595,1470,5395.9025,1268.1818,5219.9286,-1377.7227,-14.8011,-14.1137,1.6667,9.902,83.87,82.71
2617,1482,5442.2657,1279.0784,5265.0714,-1388.3624,-14.7880,-14.7920,1.8333,9.987,84.63,83.37
2637,1494,5485.7680,1289.3026,5306.9286,-1400.2394,-14.7964,-14.1137,1.6667,10.070,83.45,82.32
2659,1506,5531.2778,1299.9986,5351.1071,-1411.1884,-14.7892,-13.8356,1.8333,10.154,83.70,82.49
2678,1518,5571.3541,1309.4176,5387.3214,-1430.9833,-14.8909,-15.2157,1.5833,10.236,82.29,81.18
2698,1530,5614.6142,1319.5849,5429.3214,-1441.3756,-14.8833,-15.1148,1.6667,10.318,81.87,80.75
2719,1542,5655.6640,1329.2327,5472.8929,-1437.1692,-14.7287,-14.1537,1.7500,10.402,84.19,83.06
2738,1554,5701.0828,1339.9073,5514.0714,-1459.1291,-14.8369,-14.8385,1.5833,10.487,84.55,83.38
2761,1566,5745.5300,1350.3536,5559.8929,-1459.6858,-14.7253,-14.1168,1.9167,10.572,84.76,83.48
2780,1578,5790.9480,1361.0281,5601.0714,-1481.6457,-14.8319,-14.1777,1.5833,10.657,84.96,83.82
2803,1590,5835.3959,1371.4745,5646.8929,-1482.2025,-14.7220,-13.4613,1.9167,10.742,85.18,83.89
2822,1602,5880.8131,1382.1488,5688.0714,-1504.1624,-14.8270,-15.2316,1.5833,10.826,84.55,83.40
2844,1614,5927.4690,1393.1142,5732.3214,-1519.3179,-14.8591,-14.7305,1.8333,10.908,81.33,80.07
2863,1626,5968.9728,1402.8687,5775.0714,-1519.9983,-14.7602,-14.7920,1.5833,10.990,82.09,81.01
2883,1638,6012.4746,1413.0928,5816.9286,-1531.8752,-14.7680,-14.1137,1.6667,11.072,82.34,81.20
2905,1650,6058.8385,1423.9895,5862.0714,-1542.5150,-14.7565,-14.7920,1.8333,11.155,82.82,81.61
2925,1662,6102.3403,1434.2136,5903.9286,-1554.3919,-14.7642,-14.1137,1.6667,11.237,82.26,81.12
2947,1674,6147.8505,1444.9097,5948.1071,-1565.3409,-14.7580,-13.8356,1.8333,11.319,81.77,80.55
2966,1686,6187.9206,1454.3273,5984.3214,-1585.1358,-14.8498,-15.2157,1.5833,11.401,81.49,80.37
2986,1698,6231.1812,1464.4947,6026.3214,-1595.5281,-14.8432,-15.1148,1.6667,11.483,82.53,81.39
3007,1710,6272.2396,1474.1445,6069.8929,-1591.3217,-14.7041,-14.1537,1.7500,11.567,83.78,82.61
3026,1722,6317.6528,1484.8178,6111.0714,-1613.2816,-14.8019,-14.8385,1.5833,11.652,85.04,83.91
3049,1734,6362.1057,1495.2654,6156.8929,-1613.8383,-14.7014,-14.1168,1.9167,11.737,84.97,83.68
3068,1746,6407.5182,1505.9386,6198.0714,-1635.7983,-14.7978,-14.1777,1.5833,11.822,85.20,84.03
3091,1758,6451.9718,1516.3864,6243.8929,-1636.3550,-14.6987,-13.4613,1.9167,11.907,85.25,83.98
3110,1770,6497.3837,1527.0594,6285.0714,-1658.3149,-14.7939,-15.2316,1.5833,11.993,85.43,84.29
3132,1782,6544.0375,1538.0243,6329.3214,-1673.4704,-14.8232,-14.7305,1.8333,12.074,81.46,80.23
3151,1794,6585.5469,1547.7801,6372.0714,-1674.1508,-14.7338,-14.7920,1.5833,12.157,82.67,81.57
3171,1806,6629.0484,1558.0041,6413.9286,-1686.0277,-14.7411,-14.1137,1.6667,12.238,81.35,80.18
3193,1818,6675.4128,1568.9010,6459.0714,-1696.6675,-14.7308,-14.7920,1.8333,12.320,82.20,81.00
3213,1830,6718.9142,1579.1250,6500.9286,-1708.5444,-14.7380,-14.1137,1.6667,12.402,81.85,80.73
3235,1842,6764.4248,1589.8212,6545.1071,-1719.4934,-14.7325,-13.8356,1.8333,12.484,82.15,80.93
3254,1854,6804.4897,1599.2375,6581.3214,-1739.2883,-14.8161,-15.2157,1.5833,12.564,79.70,78.61
3274,1866,6847.7508,1609.4050,6623.3214,-1749.6806,-14.8103,-15.1148,1.6667,12.647,82.57,81.44
3295,1878,6888.8162,1619.0565,6666.8929,-1745.4742,-14.6839,-14.1537,1.7500,12.732,84.83,83.61
3314,1890,6934.2248,1629.7288,6708.0714,-1767.4341,-14.7732,-14.8385,1.5833,12.817,85.48,84.28
3337,1902,6978.6823,1640.1775,6753.8929,-1767.9909,-14.6816,-14.1168,1.9167,12.901,84.37,83.09
3356,1914,7024.0904,1650.8496,6795.0714,-1789.9508,-14.7698,-14.1777,1.5833,12.986,85.02,83.90
3379,1926,7068.5485,1661.2984,6840.8929,-1790.5075,-14.6795,-13.4613,1.9167,13.072,85.09,83.81
3398,1938,7113.9560,1671.9704,6882.0714,-1812.4675,-14.7665,-15.2316,1.5833,13.156,84.90,83.79
3420,1950,7160.6082,1682.9349,6926.3214,-1827.6229,-14.7935,-14.7305,1.8333,13.237,81.06,79.78
3439,1962,7202.1222,1692.6918,6969.0714,-1828.3033,-14.7119,-14.7920,1.5833,13.319,81.70,80.61
3459,1974,7245.6233,1702.9158,7010.9286,-1840.1803,-14.7187,-14.1137,1.6667,13.401,81.40,80.26
3481,1986,7291.1341,1713.6120,7055.1071,-1851.1293,-14.7137,-14.8292,1.8333,13.482,81.01,79.81
3500,1998,7331.1952,1723.0275,7091.3214,-1870.9242,-14.7915,-14.7727,1.5833,13.563,81.61,80.47
3520,2010,7374.4566,1733.1950,7133.3214,-1881.3165,-14.7862,-14.4945,1.6667,13.646,82.55,81.40
3541,2022,7415.5272,1742.8477,7176.8929,-1877.1101,-14.6689,-14.1537,1.7500,13.729,83.59,82.43
3560,2034,7460.9324,1753.5192,7218.0714,-1899.0700,-14.7519,-14.8385,1.5833,13.813,83.79,82.65
3583,2046,7505.3934,1763.9687,7263.8929,-1899.6267,-14.6670,-14.1537,1.9167,13.898,84.78,83.51
3602,2058,7550.7981,1774.6400,7305.0714,-1921.5867,-14.7491,-14.8385,1.5833,13.982,84.24,83.11
3625,2070,7595.2596,1785.0897,7350.8929,-1922.1434,-14.6651,-14.1168,1.9167,14.067,84.95,83.66
3644,2082,7640.6639,1795.7609,7392.0714,-1944.1033,-14.7463,-14.1777,1.5833,14.152,84.53,83.38
3667,2094,7685.1259,1806.2107,7437.8929,-1944.6600,-14.6633,-13.4613,1.9167,14.237,85.16,83.85
3686,2106,7730.5298,1816.8818,7479.0714,-1966.6200,-14.7435,-15.2316,1.5833,14.321,84.37,83.17
3708,2118,7777.1805,1827.8460,7523.3214,-1981.7754,-14.7685,-14.7305,1.8333,14.402,81.29,80.06
3727,2130,7818.6984,1837.6038,7566.0714,-1982.4559,-14.6935,-14.7920,1.5833,14.483,80.61,79.50
3747,2142,7862.1992,1847.8276,7607.9286,-1994.3328,-14.6998,-14.1137,1.6667,14.563,80.35,79.24
3769,2154,7907.7102,1858.5239,7652.1071,-2005.2818,-14.6954,-14.8292,1.8333,14.645,81.93,80.69
3788,2166,7947.7676,1867.9385,7688.3214,-2025.0767,-14.7672,-14.7727,1.5833,14.726,80.88,79.77
3808,2178,7991.0293,1878.1062,7730.3214,-2035.4690,-14.7625,-14.4945,1.6667,14.808,82.14,81.01
3829,2190,8032.1049,1887.7600,7773.8929,-2031.2626,-14.6542,-14.1537,1.7500,14.893,84.85,83.67
3848,2202,8077.5068,1898.4307,7815.0714,-2053.2225,-14.7310,-14.8385,1.5833,14.978,84.38,83.21
3871,2214,8121.9712,1908.8810,7860.8929,-2053.7792,-14.6526,-14.1168,1.9167,15.061,83.54,82.26
3890,2226,8167.3727,1919.5516,7902.0714,-2075.7392,-14.7286,-14.1777,1.5833,15.145,84.04,82.90
3913,2238,8211.8375,1930.0020,7947.8929,-2076.2959,-14.6511,-13.4613,1.9167,15.230,85.04,83.76
3932,2250,8257.2386,1940.6725,7989.0714,-2098.2558,-14.7262,-15.2316,1.5833,15.314,83.35,82.21
3955,2262,8301.7038,1951.1230,8034.8929,-2098.8126,-14.6496,-13.7412,1.9167,15.398,84.86,83.55
3974,2274,8347.1045,1961.7934,8076.0714,-2120.7725,-14.7239,-15.2316,1.5833,15.484,85.19,84.08
3996,2286,8393.7541,1972.7573,8120.3214,-2135.9279,-14.7472,-14.7305,1.8333,15.565,81.14,79.91
4015,2298,8435.2752,1982.5159,8163.0714,-2136.6084,-14.6778,-14.7920,1.5833,15.647,82.29,81.19
4035,2310,8478.7759,1992.7397,8204.9286,-2148.4853,-14.6837,-14.1137,1.6667,15.728,80.64,79.49
4057,2322,8524.2870,2003.4360,8249.1071,-2159.4343,-14.6796,-14.8292,1.8333,15.810,82.11,80.91
4076,2334,8564.3412,2012.8498,8285.3214,-2179.2292,-14.7464,-14.7727,1.5833,15.891,80.71,79.61
4096,2346,8607.6031,2023.0175,8327.3214,-2189.6215,-14.7421,-14.4945,1.6667,15.972,81.78,80.62
4117,2358,8648.6831,2032.6724,8370.8929,-2185.4151,-14.6417,-14.1537,1.7500,16.055,82.48,81.32
4136,2370,8694.0821,2043.3424,8412.0714,-2207.3750,-14.7131,-14.8385,1.5833,16.140,84.80,83.65
4159,2382,8738.5495,2053.7934,8457.8929,-2207.9318,-14.6403,-14.1168,1.9167,16.224,83.96,82.70
4178,2394,8783.9481,2064.4633,8499.0714,-2229.8917,-14.7110,-14.1777,1.5833,16.307,83.95,82.82
4201,2406,8828.4158,2074.9144,8544.8929,-2230.4484,-14.6390,-13.4613,1.9167,16.392,84.56,83.29
4220,2418,8873.8141,2085.5843,8586.0714,-2252.4084,-14.7090,-15.2316,1.5833,16.477,84.83,83.67
4242,2430,8920.4627,2096.5479,8630.3214,-2267.5638,-14.7310,-14.7305,1.8333,16.561,83.73,82.48
4261,2442,8961.9864,2106.3071,8673.0714,-2268.2443,-14.6657,-14.7920,1.5833,16.643,82.52,81.38
4281,2454,9005.4868,2116.5309,8714.9286,-2280.1212,-14.6714,-14.1137,1.6667,16.725,81.76,80.61
4303,2466,9051.8526,2127.4281,8760.0714,-2290.7609,-14.6642,-14.7920,1.8333,16.807,82.22,81.02
4323,2478,9095.3530,2137.6519,8801.9286,-2302.6378,-14.6698,-14.1137,1.6667,16.889,82.23,81.08
4345,2490,9140.8643,2148.3482,8846.1071,-2313.5869,-14.6661,-14.8292,1.8333,16.972,82.54,81.30
4364,2502,9180.9158,2157.7614,8882.3214,-2333.3817,-14.7283,-14.7727,1.5833,17.054,81.67,80.58
4384,2514,9224.1779,2167.9292,8924.3214,-2343.7740,-14.7245,-14.4945,1.6667,17.135,81.47,80.35
4405,2526,9265.2617,2177.5849,8967.8929,-2339.5676,-14.6308,-14.1537,1.7500,17.220,84.58,83.37
4424,2538,9310.6581,2188.2543,9009.0714,-2361.5276,-14.6976,-14.8385,1.5833,17.304,84.51,83.34
4447,2550,9355.1280,2198.7059,9054.8929,-2362.0843,-14.6297,-14.1168,1.9167,17.387,82.68,81.44
4466,2562,9400.5242,2209.3753,9096.0714,-2384.0442,-14.6958,-14.1777,1.5833,17.472,85.18,84.06
4489,2574,9444.9944,2219.8270,9141.8929,-2384.6009,-14.6285,-13.4613,1.9167,17.556,84.29,83.00
4508,2586,9490.3903,2230.4962,9183.0714,-2406.5609,-14.6940,-15.2316,1.5833,17.641,84.98,83.82
4530,2598,9537.0380,2241.4597,9227.3214,-2421.7163,-14.7147,-14.7305,1.8333,17.723,81.56,80.31
4549,2610,9578.5642,2251.2194,9270.0714,-2422.3968,-14.6536,-14.7920,1.5833,17.806,82.84,81.74
4569,2622,9622.0644,2261.4432,9311.9286,-2434.2737,-14.6590,-14.1137,1.6667,17.888,82.06,80.92
4591,2634,9668.4305,2272.3404,9357.0714,-2444.9134,-14.6523,-14.7920,1.8333,17.971,82.91,81.67
4611,2646,9711.9307,2282.5641,9398.9286,-2456.7904,-14.6576,-14.1137,1.6667,18.051,80.82,79.70
4633,2658,9757.4421,2293.2605,9443.1071,-2467.7394,-14.6542,-13.8356,1.8333,18.133,81.26,80.04
4652,2670,9797.4912,2302.6732,9479.3214,-2487.5343,-14.7126,-15.2157,1.5833,18.214,81.65,80.54
4672,2682,9840.7535,2312.8409,9521.3214,-2497.9266,-14.7090,-15.1148,1.6667,18.296,81.47,80.31
4693,2694,9881.8405,2322.4975,9564.8929,-2493.7202,-14.6213,-14.1537,1.7500,18.380,84.31,83.14
4712,2706,9927.2348,2333.1664,9606.0714,-2515.6801,-14.6839,-14.8385,1.5833,18.465,85.32,84.14
4735,2718,9971.7069,2343.6185,9651.8929,-2516.2368,-14.6203,-14.1168,1.9167,18.551,85.36,84.04
4754,2730,10017.1010,2354.2873,9693.0714,-2538.1967,-14.6824,-14.1777,1.5833,18.635,83.95,82.82
4777,2742,10061.5733,2364.7395,9738.8929,-2538.7535,-14.6193,-13.4613,1.9167,18.720,85.04,83.77
4796,2754,10106.9671,2375.4083,9780.0714,-2560.7134,-14.6809,-15.2316,1.5833,18.804,84.12,82.97
4818,2766,10153.6140,2386.3715,9824.3214,-2575.8688,-14.7003,-14.7305,1.8333,18.886,81.78,80.54
4837,2778,10195.1424,2396.1318,9867.0714,-2576.5493,-14.6430,-14.7920,1.5833,18.968,82.59,81.43
4857,2790,10238.6425,2406.3555,9908.9286,-2588.4262,-14.6481,-14.1137,1.6667,19.050,81.58,80.43
4879,2802,10285.0087,2417.2528,9954.0714,-2599.0660,-14.6419,-14.7920,1.8333,19.133,83.01,81.80
4899,2814,10328.5088,2427.4765,9995.9286,-2610.9429,-14.6469,-14.1137,1.6667,19.213,80.53,79.31
4921,2826,10374.0203,2438.1729,10040.1071,-2621.8919,-14.6437,-13.8356,1.8333,19.295,82.03,80.83
4940,2838,10414.0673,2447.5851,10076.3214,-2641.6868,-14.6987,-15.2157,1.5833,19.377,81.33,80.22
4960,2850,10457.3297,2457.7529,10118.3214,-2652.0791,-14.6954,-15.1148,1.6667,19.459,81.78,80.67
4981,2862,10498.4196,2467.4101,10161.8929,-2647.8727,-14.6129,-14.1537,1.7500,19.542,83.94,82.78
5000,2874,10543.8119,2478.0785,10203.0714,-2669.8326,-14.6719,-14.8385,1.5833,19.627,84.83,83.60
5023,2886,10588.2860,2488.5311,10248.8929,-2670.3893,-14.6120,-14.1168,1.9167,19.712,84.34,83.05
5042,2898,10633.6782,2499.1995,10290.0714,-2692.3493,-14.6705,-14.1777,1.5833,19.797,84.92,83.78
5065,2910,10678.1525,2509.6522,10335.8929,-2692.9060,-14.6112,-13.4613,1.9167,19.882,85.42,84.09
5084,2922,10723.5444,2520.3205,10377.0714,-2714.8659,-14.6692,-15.2316,1.5833,19.967,84.88,83.74
5106,2934,10770.1905,2531.2836,10421.3214,-2730.0214,-14.6876,-14.7305,1.8333,20.049,81.84,80.61
5125,2946,10811.7209,2541.0443,10464.0714,-2730.7018,-14.6336,-14.7920,1.5833,20.131,82.26,81.16
5145,2958,10855.2208,2551.2680,10505.9286,-2742.5787,-14.6385,-14.1137,1.6667,20.212,81.29,80.16
5167,2970,10901.5872,2562.1653,10551.0714,-2753.2185,-14.6326,-14.7920,1.8333,20.295,82.44,81.24
5187,2982,10945.0871,2572.3890,10592.9286,-2765.0954,-14.6374,-14.1137,1.6667,20.377,82.14,80.98
5209,2994,10990.5987,2583.0854,10637.1071,-2776.0444,-14.6344,-13.8356,1.8333,20.459,82.19,80.94
5228,3006,11030.6438,2592.4971,10673.3214,-2795.8393,-14.6864,-15.2157,1.5833,20.540,80.55,79.45
5248,3018,11073.9064,2602.6649,10715.3214,-2806.2316,-14.6833,-15.1148,1.6667,20.621,81.37,80.24
5269,3030,11114.9989,2612.3228,10758.8929,-2802.0252,-14.6054,-14.1537,1.7500,20.705,84.19,83.03
5288,3042,11160.3895,2622.9908,10800.0714,-2823.9851,-14.6612,-14.8385,1.5833,20.789,84.20,83.03
5311,3054,11204.8653,2633.4438,10845.8929,-2824.5419,-14.6047,-14.1168,1.9167,20.874,84.92,83.63
5330,3066,11250.2558,2644.1118,10887.0714,-2846.5018,-14.6600,-14.1777,1.5833,20.959,85.16,84.01
5353,3078,11294.7318,2654.5648,10932.8929,-2847.0585,-14.6039,-13.4613,1.9167,21.044,84.95,83.69
5372,3090,11340.1220,2665.2328,10974.0714,-2869.0184,-14.6588,-15.2316,1.5833,21.129,84.49,83.33
5394,3102,11386.7675,2676.1957,11018.3214,-2884.1739,-14.6762,-14.7305,1.8333,21.210,81.61,80.38
5413,3114,11428.2996,2685.9569,11061.0714,-2884.8543,-14.6252,-14.7920,1.5833,21.293,82.55,81.46
5433,3126,11471.7994,2696.1805,11102.9286,-2896.7313,-14.6299,-14.1137,1.6667,21.375,82.14,80.99
5455,3138,11517.3111,2706.8769,11147.1071,-2907.6803,-14.6270,-14.8292,1.8333,21.457,81.93,80.72
5474,3150,11557.3547,2716.2883,11183.3214,-2927.4752,-14.6767,-14.7727,1.5833,21.538,80.59,79.46
5494,3162,11600.6173,2726.4561,11225.3214,-2937.8675,-14.6738,-14.4945,1.6667,21.620,81.89,80.77
5515,3174,11641.7119,2736.1145,11268.8929,-2933.6611,-14.5994,-14.1537,1.7500,21.705,85.02,83.81
5534,3186,11687.1011,2746.7822,11310.0714,-2955.6210,-14.6527,-14.8385,1.5833,21.789,84.52,83.33
5557,3198,11731.5783,2757.2355,11355.8929,-2956.1777,-14.5987,-14.1537,1.9167,21.872,83.26,81.99
5576,3210,11776.9674,2767.9031,11397.0714,-2978.1376,-14.6516,-14.8385,1.5833,21.957,84.74,83.60
5599,3222,11821.4448,2778.3565,11442.8929,-2978.6944,-14.5981,-14.1168,1.9167,22.042,84.96,83.67
5618,3234,11866.8337,2789.0241,11484.0714,-3000.6543,-14.6506,-14.1777,1.5833,22.126,83.52,82.34
5641,3246,11911.3113,2799.4775,11529.8929,-3001.2110,-14.5974,-13.4613,1.9167,22.210,84.77,83.48
5660,3258,11956.7000,2810.1451,11571.0714,-3023.1710,-14.6495,-15.2316,1.5833,22.295,84.80,83.67
5682,3270,12003.3449,2821.1079,11615.3214,-3038.3264,-14.6661,-14.7305,1.8333,22.377,81.74,80.42
5701,3282,12044.8786,2830.8694,11658.0714,-3039.0069,-14.6177,-14.7920,1.5833,22.459,82.46,81.35
5721,3294,12088.3783,2841.0930,11699.9286,-3050.8838,-14.6221,-14.1137,1.6667,22.541,81.94,80.80
5743,3306,12133.8900,2851.7895,11744.1071,-3061.8328,-14.6195,-14.8292,1.8333,22.622,80.68,79.45
5762,3318,12173.9321,2861.2005,11780.3214,-3081.6277,-14.6666,-14.7727,1.5833,22.701,79.51,78.44
5782,3330,12217.1948,2871.3684,11822.3214,-3092.0200,-14.6639,-14.4945,1.6667,22.784,82.02,80.91
5803,3342,12258.2915,2881.0272,11865.8929,-3087.8136,-14.5933,-14.1537,1.7500,22.868,84.17,82.99
5822,3354,12303.6793,2891.6946,11907.0714,-3109.7735,-14.6440,-14.8385,1.5833,22.953,85.25,84.10
5845,3366,12348.1579,2902.1482,11952.8929,-3110.3302,-14.5927,-14.1168,1.9167,23.038,85.46,84.18
5864,3378,12393.5456,2912.8156,11994.0714,-3132.2902,-14.6430,-14.1777,1.5833,23.124,85.12,83.97
5887,3390,12438.0244,2923.2693,12039.8929,-3132.8469,-14.5921,-13.4613,1.9167,23.210,86.05,84.76
5906,3402,12483.4120,2933.9365,12081.0714,-3154.8068,-14.6420,-15.2316,1.5833,23.295,85.08,83.91
5929,3414,12527.8909,2944.3903,12126.8929,-3155.3636,-14.5915,-13.7412,1.9167,23.380,85.71,84.42
5948,3426,12573.2783,2955.0575,12168.0714,-3177.3235,-14.6411,-15.2316,1.5833,23.466,85.29,84.15
5970,3438,12619.9226,2966.0202,12212.3214,-3192.4789,-14.6569,-14.7305,1.8333,23.547,81.57,80.29
5989,3450,12661.4577,2975.7821,12255.0714,-3193.1594,-14.6109,-14.7920,1.5833,23.629,82.15,81.07
6009,3462,12704.9573,2986.0056,12296.9286,-3205.0363,-14.6151,-14.1137,1.6667,23.709,79.51,78.43
6031,3474,12750.4691,2996.7021,12341.1071,-3215.9853,-14.6127,-14.8292,1.8333,23.790,81.34,80.17
6050,3486,12790.5098,3006.1128,12377.3214,-3235.7802,-14.6575,-14.7727,1.5833,23.870,79.68,78.59
6070,3498,12833.7726,3016.2807,12419.3214,-3246.1725,-14.6550,-14.4945,1.6667,23.951,80.87,79.75
6091,3510,12874.8712,3025.9400,12462.8929,-3241.9661,-14.5878,-14.1537,1.7500,24.034,83.29,82.17
6110,3522,12920.2578,3036.6070,12504.0714,-3263.9260,-14.6361,-14.8385,1.5833,24.119,84.55,83.42
6133,3534,12964.7377,3047.0610,12549.8929,-3264.4828,-14.5873,-14.1168,1.9167,24.203,84.48,83.20
6152,3546,13010.1241,3057.7280,12591.0714,-3286.4427,-14.6352,-14.1777,1.5833,24.286,83.32,82.19
6175,3558,13054.6042,3068.1820,12636.8929,-3286.9994,-14.5867,-13.4613,1.9167,24.371,84.89,83.59
6194,3570,13099.9905,3078.8490,12678.0714,-3308.9593,-14.6343,-15.2316,1.5833,24.456,84.60,83.48
6216,3582,13146.6344,3089.8116,12722.3214,-3324.1148,-14.6495,-14.7305,1.8333,24.537,81.26,80.03
6235,3594,13188.1706,3099.5737,12765.0714,-3324.7952,-14.6054,-14.7920,1.5833,24.619,81.37,80.30
6255,3606,13231.6701,3109.7973,12806.9286,-3336.6722,-14.6095,-14.1137,1.6667,24.700,81.58,80.47
6277,3618,13278.0371,3120.6948,12852.0714,-3347.3119,-14.6048,-14.7920,1.8333,24.781,80.88,79.69
6297,3630,13321.5365,3130.9183,12893.9286,-3359.1888,-14.6088,-14.1137,1.6667,24.862,80.57,79.47
6319,3642,13367.0484,3141.6148,12938.1071,-3370.1379,-14.6065,-14.8292,1.8333,24.944,82.23,81.02
6338,3654,13407.0878,3151.0251,12974.3214,-3389.9327,-14.6493,-14.7727,1.5833,25.025,81.30,80.22
6358,3666,13450.3507,3161.1931,13016.3214,-3400.3250,-14.6469,-14.4945,1.6667,25.107,81.52,80.41
6379,3678,13491.4510,3170.8528,13059.8929,-3396.1186,-14.5828,-14.1537,1.7500,25.190,83.44,82.29
6398,3690,13536.8364,3181.5195,13101.0714,-3418.0786,-14.6289,-14.8385,1.5833,25.274,84.17,82.97
6421,3702,13581.3175,3191.9738,13146.8929,-3418.6353,-14.5823,-14.1168,1.9167,25.357,82.80,81.56
6440,3714,13626.7028,3202.6405,13188.0714,-3440.5952,-14.6281,-14.1777,1.5833,25.442,84.69,83.56
6463,3726,13671.1840,3213.0948,13233.8929,-3441.1519,-14.5818,-13.4613,1.9167,25.526,84.77,83.49
6482,3738,13716.5692,3223.7616,13275.0714,-3463.1119,-14.6273,-15.2316,1.5833,25.611,84.65,83.50
6504,3750,13763.2126,3234.7240,13319.3214,-3478.2673,-14.6418,-14.7305,1.8333,25.692,81.35,80.10
6523,3762,13804.7501,3244.4864,13362.0714,-3478.9478,-14.5997,-14.7920,1.5833,25.775,82.16,81.06
6543,3774,13848.2494,3254.7099,13403.9286,-3490.8247,-14.6036,-14.1137,1.6667,25.856,81.83,80.69
6565,3786,13894.6165,3265.6075,13449.0714,-3501.4644,-14.5991,-14.7920,1.8333,25.939,82.51,81.31
6585,3798,13938.1159,3275.8310,13490.9286,-3513.3413,-14.6030,-14.1137,1.6667,26.020,81.40,80.28
6607,3810,13983.6278,3286.5275,13535.1071,-3524.2904,-14.6008,-13.8356,1.8333,26.102,81.14,79.95
6626,3822,14023.6661,3295.9376,13571.3214,-3544.0852,-14.6418,-15.2157,1.5833,26.183,81.38,80.23
6646,3834,14066.9291,3306.1055,13613.3214,-3554.4776,-14.6395,-15.1148,1.6667,26.264,80.79,79.66
6667,3846,14108.0309,3315.7656,13656.8929,-3550.2711,-14.5782,-14.1537,1.7500,26.348,84.24,83.08
6686,3858,14153.4153,3326.4321,13698.0714,-3572.2311,-14.6223,-14.8385,1.5833,26.432,83.77,82.64
6709,3870,14197.8974,3336.8866,13743.8929,-3572.7878,-14.5778,-14.1168,1.9167,26.513,81.65,80.41
6728,3882,14243.2817,3347.5531,13785.0714,-3594.7477,-14.6216,-14.1777,1.5833,26.597,84.05,82.95
6751,3894,14287.7639,3358.0076,13830.8929,-3595.3045,-14.5774,-13.4613,1.9167,26.682,84.69,83.42
6770,3906,14333.1481,3368.6741,13872.0714,-3617.2644,-14.6209,-15.2316,1.5833,26.767,84.58,83.43
6792,3918,14379.7911,3379.6365,13916.3214,-3632.4198,-14.6348,-14.7305,1.8333,26.848,81.47,80.22
6811,3930,14421.3296,3389.3992,13959.0714,-3633.1003,-14.5945,-14.7920,1.5833,26.932,83.70,82.57
6831,3942,14464.8289,3399.6227,14000.9286,-3644.9772,-14.5983,-14.1137,1.6667,27.014,82.32,81.17
6853,3954,14511.1961,3410.5202,14046.0714,-3655.6169,-14.5940,-14.7920,1.8333,27.095,80.84,79.59
6873,3966,14554.6954,3420.7437,14087.9286,-3667.4939,-14.5977,-14.1137,1.6667,27.177,81.93,80.79
6895,3978,14600.2073,3431.4402,14132.1071,-3678.4429,-14.5956,-13.8356,1.8333,27.259,82.02,80.82
6914,3990,14640.2446,3440.8500,14168.3214,-3698.2378,-14.6349,-15.2157,1.5833,27.340,80.85,79.77
6934,4002,14683.5076,3451.0180,14210.3214,-3708.6301,-14.6327,-15.1148,1.6667,27.420,80.67,79.57
6955,4014,14724.6109,3460.6784,14253.8929,-3704.4237,-14.5740,-14.1537,1.7500,27.505,84.24,83.07
6974,4026,14769.9943,3471.3447,14295.0714,-3726.3836,-14.6163,-14.8385,1.5833,27.589,84.69,83.56
6997,4038,14814.4774,3481.7994,14340.8929,-3726.9403,-14.5737,-14.1168,1.9167,27.674,84.60,83.34
7016,4050,14859.8607,3492.4657,14382.0714,-3748.9003,-14.6156,-14.1777,1.5833,27.757,82.63,81.50
7039,4062,14904.3439,3502.9205,14427.8929,-3749.4570,-14.5733,-13.4613,1.9167,27.842,85.03,83.73
7058,4074,14949.7271,3513.5867,14469.0714,-3771.4169,-14.6150,-15.2316,1.5833,27.927,85.23,83.98
7080,4086,14996.3698,3524.5490,14513.3214,-3786.5724,-14.6284,-14.7305,1.8333,28.008,81.17,79.89
7099,4098,15037.9093,3534.3119,14556.0714,-3787.2528,-14.5898,-14.7920,1.5833,28.089,81.23,80.14
7119,4110,15081.4085,3544.5354,14597.9286,-3799.1297,-14.5934,-14.1137,1.6667,28.171,81.93,80.75
7141,4122,15127.7758,3555.4330,14643.0714,-3809.7695,-14.5893,-14.7920,1.8333,28.254,82.35,81.15
7161,4134,15171.2750,3565.6564,14684.9286,-3821.6464,-14.5929,-14.1137,1.6667,28.335,81.77,80.64
7183,4146,15216.7870,3576.3530,14729.1071,-3832.5954,-14.5909,-13.8356,1.8333,28.417,81.81,80.60
7202,4158,15256.8233,3585.7626,14765.3214,-3852.3903,-14.6285,-15.2157,1.5833,28.497,79.47,78.40
7222,4170,15300.0864,3595.9306,14807.3214,-3862.7826,-14.6265,-15.1148,1.6667,28.579,81.94,80.84
7243,4182,15341.1910,3605.5912,14850.8929,-3858.5762,-14.5702,-14.1537,1.7500,28.663,84.15,82.96
7262,4194,15386.5735,3616.2573,14892.0714,-3880.5361,-14.6108,-14.8385,1.5833,28.747,84.75,83.55
7285,4206,15431.0575,3626.7123,14937.8929,-3881.0928,-14.5698,-14.1168,1.9167,28.832,84.66,83.39
7304,4218,15476.4399,3637.3784,14979.0714,-3903.0528,-14.6102,-14.1777,1.5833,28.917,84.86,83.68
7327,4230,15520.9240,3647.8333,15024.8929,-3903.6095,-14.5695,-13.4613,1.9167,29.002,85.06,83.77
7346,4242,15566.3063,3658.4994,15066.0714,-3925.5694,-14.6096,-15.2316,1.5833,29.087,85.39,84.26
7368,4254,15612.9487,3669.4616,15110.3214,-3940.7249,-14.6225,-14.7305,1.8333,29.169,81.52,80.28
7387,4266,15654.4891,3679.2247,15153.0714,-3941.4053,-14.5854,-14.7920,1.5833,29.251,82.13,81.04
7407,4278,15697.9882,3689.4482,15194.9286,-3953.2823,-14.5888,-14.1137,1.6667,29.332,81.34,80.20
7429,4290,15743.5002,3700.1447,15239.1071,-3964.2313,-14.5869,-14.8292,1.8333,29.414,81.94,80.74
7448,4302,15783.5357,3709.5541,15275.3214,-3984.0262,-14.6233,-14.7727,1.5833,29.495,81.01,79.90
7468,4314,15826.7989,3719.7221,15317.3214,-3994.4185,-14.6214,-14.4945,1.6667,29.577,81.62,80.51
7489,4326,15867.9046,3729.3831,15360.8929,-3990.2120,-14.5670,-14.1537,1.7500,29.661,84.06,82.90
7508,4338,15913.2863,3740.0490,15402.0714,-4012.1720,-14.6062,-14.8385,1.5833,29.746,84.73,83.55
7531,4350,15957.7711,3750.5041,15447.8929,-4012.7287,-14.5666,-14.1537,1.9167,29.830,84.39,83.12
7550,4362,16003.1528,3761.1700,15489.0714,-4034.6886,-14.6056,-14.8385,1.5833,29.915,84.97,83.82
7573,4374,16047.6376,3771.6252,15534.8929,-4035.2454,-14.5663,-14.1168,1.9167,30.001,85.51,84.23
7592,4386,16093.0192,3782.2910,15576.0714,-4057.2053,-14.6051,-14.1777,1.5833,30.086,85.17,84.03
7615,4398,16137.5042,3792.7462,15621.8929,-4057.7620,-14.5660,-13.4613,1.9167,30.169,83.50,82.17
7634,4410,16182.8857,3803.4121,15663.0714,-4079.7220,-14.6046,-15.2316,1.5833,30.254,84.37,83.23
7656,4422,16229.5277,3814.3742,15707.3214,-4094.8774,-14.6170,-14.7305,1.8333,30.335,81.42,80.19
7675,4434,16271.0689,3824.1375,15750.0714,-4095.5579,-14.5813,-14.7920,1.5833,30.417,82.28,81.19
7695,4446,16314.5680,3834.3609,15791.9286,-4107.4348,-14.5847,-14.1137,1.6667,30.499,81.68,80.54
7717,4458,16360.0801,3845.0575,15836.1071,-4118.3838,-14.5828,-14.8292,1.8333,30.581,82.06,80.86
7736,4470,16400.1147,3854.4667,15872.3214,-4138.1787,-14.6179,-14.7727,1.5833,30.662,81.27,80.12
7756,4482,16443.3779,3864.6347,15914.3214,-4148.5710,-14.6160,-14.4945,1.6667,30.743,80.47,79.35
7777,4494,16484.4848,3874.2959,15957.8929,-4144.3646,-14.5636,-14.1537,1.7500,30.824,81.49,80.37
7796,4506,16529.8658,3884.9617,15999.0714,-4166.3245,-14.6014,-14.8385,1.5833,30.907,82.26,81.17
7819,4518,16574.3513,3895.4170,16044.8929,-4166.8812,-14.5633,-14.1168,1.9167,30.991,84.54,83.29
7838,4530,16619.7322,3906.0827,16086.0714,-4188.8412,-14.6009,-14.1777,1.5833,31.075,83.48,82.33
7861,4542,16664.2178,3916.5380,16131.8929,-4189.3979,-14.5631,-13.4613,1.9167,31.159,84.34,83.10
7880,4554,16709.5987,3927.2037,16173.0714,-4211.3578,-14.6004,-15.2316,1.5833,31.244,84.86,83.73
7903,4566,16754.0844,3937.6591,16218.8929,-4211.9146,-14.5628,-13.7412,1.9167,31.327,83.36,82.09
7922,4578,16799.4651,3948.3248,16260.0714,-4233.8745,-14.6000,-15.2316,1.5833,31.409,82.11,81.00
7944,4590,16846.1068,3959.2868,16304.3214,-4249.0299,-14.6119,-14.7305,1.8333,31.490,80.84,79.62
7963,4602,16887.6489,3969.0503,16347.0714,-4249.7104,-14.5775,-14.7920,1.5833,31.572,82.13,80.99
7983,4614,16931.1479,3979.2737,16388.9286,-4261.5873,-14.5808,-14.1137,1.6667,31.654,81.76,80.63
8005,4626,16976.6600,3989.9703,16433.1071,-4272.5363,-14.5790,-14.8292,1.8333,31.736,81.92,80.73
8024,4638,17016.6938,3999.3793,16469.3214,-4292.3312,-14.6128,-14.7727,1.5833,31.817,81.16,80.04
8044,4650,17059.9571,4009.5474,16511.3214,-4302.7235,-14.6110,-14.4945,1.6667,31.899,81.51,80.39
8065,4662,17101.0650,4019.2088,16554.8929,-4298.5171,-14.5606,-14.1537,1.7500,31.983,84.09,82.92
8084,4674,17146.4453,4029.8744,16596.0714,-4320.4770,-14.5970,-14.8385,1.5833,32.067,84.61,83.49
8107,4686,17190.9315,4040.3299,16641.8929,-4321.0338,-14.5603,-14.1168,1.9167,32.152,84.35,83.10
8126,4698,17236.3117,4050.9954,16683.0714,-4342.9937,-14.5965,-14.1777,1.5833,32.236,84.79,83.65
8149,4710,17280.7981,4061.4509,16728.8929,-4343.5504,-14.5600,-13.4613,1.9167,32.321,84.78,83.48
8168,4722,17326.1782,4072.1165,16770.0714,-4365.5103,-14.5961,-15.2316,1.5833,32.406,84.73,83.60
8190,4734,17372.8197,4083.0785,16814.3214,-4380.6658,-14.6077,-14.7305,1.8333,32.487,80.91,79.63
8209,4746,17414.3623,4092.8421,16857.0714,-4381.3462,-14.5744,-14.7920,1.5833,32.569,81.91,80.81
8229,4758,17457.8613,4103.0655,16898.9286,-4393.2232,-14.5775,-14.1137,1.6667,32.650,81.66,80.53
8251,4770,17504.2289,4113.9631,16944.0714,-4403.8629,-14.5740,-14.7920,1.8333,32.733,82.20,81.01
8271,4782,17547.7278,4124.1866,16985.9286,-4415.7398,-14.5772,-14.1137,1.6667,32.814,81.77,80.63
8293,4794,17593.2399,4134.8831,17030.1071,-4426.6889,-14.5755,-14.8292,1.8333,32.896,81.56,80.37
8312,4806,17633.2731,4144.2920,17066.3214,-4446.4837,-14.6081,-14.7727,1.5833,32.977,81.40,80.32
8332,4818,17676.5364,4154.4600,17108.3214,-4456.8760,-14.6064,-14.4945,1.6667,33.059,81.33,80.19
8353,4830,17717.6453,4164.1217,17151.8929,-4452.6696,-14.5577,-14.1537,1.7500,33.143,84.24,83.07
8372,4842,17763.0249,4174.7872,17193.0714,-4474.6295,-14.5929,-14.8385,1.5833,33.228,84.82,83.66
8395,4854,17807.5118,4185.2428,17238.8929,-4475.1863,-14.5574,-14.1168,1.9167,33.312,84.21,82.95
8414,4866,17852.8914,4195.9082,17280.0714,-4497.1462,-14.5924,-14.1777,1.5833,33.397,84.77,83.61
8437,4878,17897.3784,4206.3638,17325.8929,-4497.7029,-14.5572,-13.4613,1.9167,33.481,84.76,83.49
8456,4890,17942.7578,4217.0292,17367.0714,-4519.6629,-14.5920,-15.2316,1.5833,33.566,84.64,83.50
8478,4902,17989.3990,4227.9912,17411.3214,-4534.8183,-14.6032,-14.7305,1.8333,33.646,79.79,78.55
8497,4914,18030.9424,4237.7550,17454.0714,-4535.4988,-14.5711,-14.7920,1.5833,33.728,81.72,80.64
8517,4926,18074.4413,4247.9784,17495.9286,-4547.3757,-14.5741,-14.1137,1.6667,33.808,80.50,79.37
8539,4938,18120.8089,4258.8760,17541.0714,-4558.0154,-14.5708,-14.7920,1.8333,33.890,81.76,80.58
8559,4950,18164.3078,4269.0994,17582.9286,-4569.8923,-14.5738,-14.1137,1.6667,33.972,82.24,81.08
8581,4962,18209.8200,4279.7960,17627.1071,-4580.8414,-14.5722,-13.8356,1.8333,34.053,80.85,79.66
8600,4974,18249.8525,4289.2047,17663.3214,-4600.6362,-14.6037,-15.2157,1.5833,34.133,79.97,78.90
8620,4986,18293.1158,4299.3727,17705.3214,-4611.0285,-14.6021,-15.1148,1.6667,34.215,82.25,81.13
8641,4998,18334.2256,4309.0346,17748.8929,-4606.8221,-14.5550,-14.1537,1.7500,34.300,84.55,83.34
8660,5010,18379.6046,4319.6999,17790.0714,-4628.7821,-14.5890,-14.8385,1.5833,34.384,84.37,83.24
8683,5022,18424.0921,4330.1557,17835.8929,-4629.3388,-14.5548,-14.1168,1.9167,34.469,84.63,83.35
8702,5034,18469.4711,4340.8210,17877.0714,-4651.2987,-14.5886,-14.1777,1.5833,34.553,84.67,83.53
8725,5046,18513.9587,4351.2767,17922.8929,-4651.8555,-14.5546,-13.4613,1.9167,34.638,84.79,83.50
8744,5058,18559.3376,4361.9420,17964.0714,-4673.8154,-14.5883,-15.2316,1.5833,34.723,84.29,83.16
8766,5070,18605.9785,4372.9039,18008.3214,-4688.9708,-14.5991,-14.7305,1.8333,34.803,80.89,79.64
8785,5082,18647.5225,4382.6678,18051.0714,-4689.6513,-14.5680,-14.7920,1.5833,34.885,81.13,80.06
8805,5094,18691.0214,4392.8912,18092.9286,-4701.5282,-14.5710,-14.1137,1.6667,34.966,81.27,80.15
8827,5106,18737.3890,4403.7889,18138.0714,-4712.1679,-14.5677,-14.7920,1.8333,35.047,80.97,79.77
8847,5118,18780.8879,4414.0123,18179.9286,-4724.0449,-14.5707,-14.1137,1.6667,35.127,79.99,78.85
8869,5130,18826.4001,4424.7088,18224.1071,-4734.9939,-14.5691,-13.8356,1.8333,35.209,82.18,80.97
8888,5142,18866.4319,4434.1174,18260.3214,-4754.7888,-14.5996,-15.2157,1.5833,35.290,80.81,79.71
8908,5154,18909.6953,4444.2854,18302.3214,-4765.1811,-14.5980,-15.1148,1.6667,35.373,83.00,81.88
8929,5166,18950.8060,4453.9476,18345.8929,-4760.9747,-14.5525,-14.1537,1.7500,35.461,87.83,86.65
8948,5178,18996.1844,4464.6127,18387.0714,-4782.9346,-14.5854,-14.8385,1.5833,35.550,89.28,88.15
8971,5190,19040.6725,4475.0686,18432.8929,-4783.4913,-14.5523,-14.1168,1.9167,35.643,93.07,91.78
8990,5202,19086.0509,4485.7337,18474.0714,-4805.4512,-14.5851,-14.1777,1.5833,35.734,91.23,90.07
9013,5214,19130.5390,4496.1897,18519.8929,-4806.0080,-14.5521,-13.4613,1.9167,35.825,91.01,89.67
9032,5226,19175.9174,4506.8548,18561.0714,-4827.9679,-14.5847,-15.2316,1.5833,35.915,89.74,88.57
9054,5238,19222.5581,4517.8166,18605.3214,-4843.1234,-14.5952,-14.7305,1.8333,36.006,91.30,90.04
9073,5250,19264.1027,4527.5807,18648.0714,-4843.8038,-14.5651,-14.7920,1.5833,36.103,96.76,95.60
9093,5262,19307.6015,4537.8041,18689.9286,-4855.6807,-14.5680,-14.1137,1.6667,36.203,100.20,99.01
9115,5274,19353.9692,4548.7017,18735.0714,-4866.3205,-14.5649,-14.7920,1.8333,36.304,100.57,99.34
9135,5286,19397.4680,4558.9251,18776.9286,-4878.1974,-14.5677,-14.1137,1.6667,36.405,101.01,99.85
9157,5298,19442.9802,4569.6217,18821.1071,-4889.1464,-14.5662,-13.8356,1.8333,36.506,100.99,99.75
9176,5310,19483.0115,4579.0301,18857.3214,-4908.9413,-14.5958,-15.2157,1.5833,36.605,99.19,98.07
9196,5322,19526.2749,4589.1982,18899.3214,-4919.3336,-14.5942,-15.1148,1.6667,36.704,98.69,97.56
9217,5334,19567.3863,4598.8605,18942.8929,-4915.1272,-14.5502,-14.1537,1.7500,36.807,103.55,102.33
9236,5346,19612.7642,4609.5255,18984.0714,-4937.0871,-14.5820,-14.8385,1.5833,36.912,104.80,103.61
9259,5358,19657.2529,4619.9815,19029.8929,-4937.6438,-14.5500,-14.1168,1.9167,37.017,105.12,103.79
9278,5370,19702.6307,4630.6465,19071.0714,-4959.6038,-14.5817,-14.1777,1.5833,37.122,105.00,103.80
9301,5382,19747.1194,4641.1026,19116.8929,-4960.1605,-14.5498,-13.4613,1.9167,37.226,103.52,102.20
9320,5394,19792.4972,4651.7676,19158.0714,-4982.1204,-14.5814,-15.2316,1.5833,37.327,100.96,99.79
9342,5406,19839.1377,4662.7293,19202.3214,-4997.2759,-14.5916,-14.7305,1.8333,37.418,91.61,90.35
9361,5418,19880.6829,4672.4936,19245.0714,-4997.9563,-14.5624,-14.7920,1.5833,37.506,88.12,87.01
9381,5430,19924.1816,4682.7169,19286.9286,-5009.8332,-14.5652,-14.1137,1.6667,37.592,85.67,84.53
9403,5442,19969.6939,4693.4135,19331.1071,-5020.7823,-14.5638,-14.8292,1.8333,37.678,85.88,84.69
9422,5454,20009.7246,4702.8218,19367.3214,-5040.5771,-14.5925,-14.7727,1.5833,37.764,86.29,85.20
9442,5466,20052.9881,4712.9899,19409.3214,-5050.9694,-14.5910,-14.4945,1.6667,37.853,88.65,87.53
9463,5478,20094.1002,4722.6524,19452.8929,-5046.7630,-14.5481,-14.1537,1.7500,37.943,90.27,89.09
9482,5490,20139.4776,4733.3173,19494.0714,-5068.7230,-14.5792,-14.8385,1.5833,38.033,90.00,88.86
9505,5502,20183.9668,4743.7734,19539.8929,-5069.2797,-14.5480,-14.1537,1.9167,38.125,92.14,90.81
9524,5514,20229.3441,4754.4383,19581.0714,-5091.2396,-14.5789,-14.8385,1.5833,38.221,96.28,95.14
9547,5526,20273.8333,4764.8945,19626.8929,-5091.7964,-14.5478,-14.1168,1.9167,38.322,100.30,99.00
9566,5538,20319.2106,4775.5593,19668.0714,-5113.7563,-14.5786,-14.1777,1.5833,38.425,103.64,102.44
9589,5550,20363.6999,4786.0155,19713.8929,-5114.3130,-14.5476,-13.4613,1.9167,38.528,102.28,100.98
9608,5562,20409.0771,4796.6804,19755.0714,-5136.2730,-14.5783,-15.2316,1.5833,38.633,105.07,103.90
9630,5574,20455.7175,4807.6421,19799.3214,-5151.4284,-14.5882,-14.7305,1.8333,38.734,101.06,99.79
9649,5586,20497.2631,4817.4065,19842.0714,-5152.1088,-14.5599,-14.7920,1.5833,38.836,101.78,100.66
9669,5598,20540.7618,4827.6298,19883.9286,-5163.9858,-14.5626,-14.1137,1.6667,38.936,100.58,99.38
9691,5610,20586.2741,4838.3264,19928.1071,-5174.9348,-14.5612,-14.8292,1.8333,39.033,96.73,95.50
9710,5622,20626.3043,4847.7346,19964.3214,-5194.7297,-14.5891,-14.7727,1.5833,39.124,90.91,89.77
9730,5634,20669.5678,4857.9027,20006.3214,-5205.1220,-14.5877,-14.4945,1.6667,39.214,90.01,88.86
9751,5646,20710.6807,4867.5653,20049.8929,-5200.9156,-14.5461,-14.1537,1.7500,39.304,90.57,89.42
9770,5658,20756.0576,4878.2301,20091.0714,-5222.8755,-14.5762,-14.8385,1.5833,39.394,89.54,88.40
9793,5670,20800.5472,4888.6864,20136.8929,-5223.4322,-14.5459,-14.1168,1.9167,39.486,91.83,90.55
9812,5682,20845.9241,4899.3511,20178.0714,-5245.3922,-14.5759,-14.1777,1.5833,39.582,96.20,95.05
9835,5694,20890.4138,4909.8074,20223.8929,-5245.9489,-14.5458,-13.4613,1.9167,39.684,101.72,100.42
9854,5706,20935.7906,4920.4722,20265.0714,-5267.9088,-14.5756,-15.2316,1.5833,39.787,103.12,101.94
9877,5718,20980.2803,4930.9285,20310.8929,-5268.4655,-14.5456,-13.7412,1.9167,39.889,102.53,101.20
9896,5730,21025.6571,4941.5932,20352.0714,-5290.4255,-14.5753,-15.2316,1.5833,39.994,104.39,103.21
9918,5742,21072.2973,4952.5549,20396.3214,-5305.5809,-14.5849,-14.7305,1.8333,40.095,100.86,99.56
9937,5754,21113.8434,4962.3194,20439.0714,-5306.2614,-14.5575,-14.7920,1.5833,40.195,100.71,99.53
9957,5766,21157.3421,4972.5427,20480.9286,-5318.1383,-14.5602,-14.1137,1.6667,40.294,99.17,98.00
9979,5778,21202.8544,4983.2393,20525.1071,-5329.0873,-14.5588,-14.8292,1.8333,40.396,101.50,100.25
9998,5790,21242.8841,4992.6474,20561.3214,-5348.8822,-14.5859,-14.7727,1.5833,40.496,100.36,99.23
10018,5802,21286.1476,5002.8155,20603.3214,-5359.2745,-14.5845,-14.4945,1.6667,40.595,99.05,97.89
10039,5814,21327.2611,5012.4782,20646.8929,-5355.0681,-14.5441,-14.1537,1.7500,40.700,104.61,103.38
10058,5826,21372.6376,5023.1429,20688.0714,-5377.0280,-14.5734,-14.8385,1.5833,40.804,104.52,103.36
10081,5838,21417.1277,5033.5993,20733.8929,-5377.5847,-14.5440,-14.1168,1.9167,40.906,101.21,99.94
10100,5850,21462.5041,5044.2640,20775.0714,-5399.5447,-14.5731,-14.1777,1.5833,41.010,104.71,103.57
10123,5862,21506.9943,5054.7203,20820.8929,-5400.1014,-14.5438,-13.4613,1.9167,41.112,101.24,99.94
10142,5874,21552.3706,5065.3850,20862.0714,-5422.0613,-14.5728,-15.2316,1.5833,41.215,103.20,102.01
10164,5886,21599.0106,5076.3467,20906.3214,-5437.2168,-14.5822,-14.7305,1.8333,41.313,97.66,96.39
10183,5898,21640.5572,5086.1112,20949.0714,-5437.8972,-14.5555,-14.7920,1.5833,41.408,95.56,94.43
10203,5910,21684.0558,5096.3346,20990.9286,-5449.7741,-14.5580,-14.1137,1.6667,41.502,94.37,93.22
10225,5922,21730.4237,5107.2323,21036.0714,-5460.4139,-14.5553,-14.7920,1.8333,41.599,96.43,95.21
10245,5934,21773.9224,5117.4556,21077.9286,-5472.2908,-14.5578,-14.1137,1.6667,41.695,95.81,94.65
10267,5946,21819.4347,5128.1522,21122.1071,-5483.2398,-14.5565,-14.8292,1.8333,41.786,91.17,89.98
10286,5958,21859.4639,5137.5602,21158.3214,-5503.0347,-14.5829,-14.7727,1.5833,41.874,88.35,87.25
10306,5970,21902.7275,5147.7283,21200.3214,-5513.4270,-14.5815,-14.4945,1.6667,41.959,84.34,83.21
10327,5982,21943.8416,5157.3912,21243.8929,-5509.2206,-14.5422,-14.1537,1.7500,42.043,84.11,82.95
10346,5994,21989.2177,5168.0558,21285.0714,-5531.1805,-14.5707,-14.8385,1.5833,42.127,84.42,83.27
10369,6006,22033.7082,5178.5122,21330.8929,-5531.7373,-14.5421,-14.1168,1.9167,42.210,82.90,81.66
10388,6018,22079.0842,5189.1768,21372.0714,-5553.6972,-14.5704,-14.1777,1.5833,42.292,82.32,81.23
10411,6030,22123.5748,5199.6333,21417.8929,-5554.2539,-14.5420,-13.4613,1.9167,42.377,84.81,83.59
10430,6042,22168.9507,5210.2979,21459.0714,-5576.2139,-14.5702,-15.2316,1.5833,42.462,84.78,83.67
10452,6054,22215.5905,5221.2595,21503.3214,-5591.3693,-14.5793,-14.7305,1.8333,42.544,81.61,80.38
10471,6066,22257.1376,5231.0241,21546.0714,-5592.0498,-14.5533,-14.7920,1.5833,42.626,82.22,81.15
10491,6078,22300.6361,5241.2475,21587.9286,-5603.9267,-14.5558,-14.1137,1.6667,42.705,79.21,78.13
10513,6090,22347.0041,5252.1452,21633.0714,-5614.5664,-14.5531,-14.7920,1.8333,42.785,79.91,78.77
10533,6102,22390.5027,5262.3685,21674.9286,-5626.4433,-14.5556,-14.1137,1.6667,42.866,80.98,79.89
10555,6114,22436.0150,5273.0651,21719.1071,-5637.3924,-14.5544,-13.8356,1.8333,42.948,81.86,80.67
10574,6126,22476.0438,5282.4730,21755.3214,-5657.1872,-14.5800,-15.2157,1.5833,43.029,80.85,79.76
10594,6138,22519.3074,5292.6411,21797.3214,-5667.5795,-14.5787,-15.1148,1.6667,43.109,80.93,79.85
10615,6150,22560.4222,5302.3042,21840.8929,-5663.3731,-14.5405,-14.1537,1.7500,43.193,83.17,81.99
10634,6162,22605.7978,5312.9686,21882.0714,-5685.3331,-14.5682,-14.8385,1.5833,43.277,84.59,83.47
10657,6174,22650.2887,5323.4252,21927.8929,-5685.8898,-14.5404,-14.1168,1.9167,43.362,84.95,83.70
10676,6186,22695.6643,5334.0897,21969.0714,-5707.8497,-14.5679,-14.1777,1.5833,43.447,84.71,83.59
10699,6198,22740.1553,5344.5463,22014.8929,-5708.4064,-14.5403,-13.4613,1.9167,43.532,85.36,84.09
10718,6210,22785.5308,5355.2107,22056.0714,-5730.3664,-14.5677,-15.2316,1.5833,43.617,84.99,83.80
10740,6222,22832.1705,5366.1723,22100.3214,-5745.5218,-14.5766,-14.7305,1.8333,43.696,79.03,77.84
10759,6234,22873.7179,5375.9371,22143.0714,-5746.2023,-14.5513,-14.7920,1.5833,43.776,80.16,79.12
10779,6246,22917.2165,5386.1604,22184.9286,-5758.0792,-14.5537,-14.1137,1.6667,43.858,82.01,80.84
10801,6258,22963.5845,5397.0581,22230.0714,-5768.7189,-14.5511,-14.7920,1.8333,43.941,82.27,81.07
10821,6270,23007.0830,5407.2814,22271.9286,-5780.5959,-14.5536,-14.1137,1.6667,44.023,82.17,81.05
10843,6282,23052.5954,5417.9781,22316.1071,-5791.5449,-14.5523,-13.8356,1.8333,44.104,81.38,80.19
10862,6294,23092.6238,5427.3858,22352.3214,-5811.3398,-14.5773,-15.2157,1.5833,44.185,80.70,79.63
10882,6306,23135.8874,5437.5539,22394.3214,-5821.7321,-14.5760,-15.1148,1.6667,44.267,82.40,81.31
10903,6318,23177.0027,5447.2171,22437.8929,-5817.5256,-14.5388,-14.1537,1.7500,44.355,87.71,86.56
10922,6330,23222.3780,5457.8815,22479.0714,-5839.4856,-14.5658,-14.8385,1.5833,44.444,89.39,88.28
10945,6342,23266.8693,5468.3382,22524.8929,-5840.0423,-14.5387,-14.1168,1.9167,44.543,98.02,96.74
10964,6354,23312.2445,5479.0026,22566.0714,-5862.0022,-14.5656,-14.1777,1.5833,44.634,91.65,90.51
10987,6366,23356.7358,5489.4592,22611.8929,-5862.5590,-14.5386,-13.4613,1.9167,44.722,88.00,86.75
11006,6378,23402.1110,5500.1236,22653.0714,-5884.5189,-14.5654,-15.2316,1.5833,44.812,89.66,88.48
11028,6390,23448.7505,5511.0851,22697.3214,-5899.6743,-14.5740,-14.7305,1.8333,44.905,92.79,91.52
11047,6402,23490.2983,5520.8500,22740.0714,-5900.3548,-14.5494,-14.7920,1.5833,45.003,98.73,97.56
11067,6414,23533.7969,5531.0733,22781.9286,-5912.2317,-14.5518,-14.1137,1.6667,45.104,100.44,99.26
11089,6426,23580.1649,5541.9710,22827.0714,-5922.8715,-14.5492,-14.7920,1.8333,45.205,101.05,99.82
11109,6438,23623.6634,5552.1944,22868.9286,-5934.7484,-14.5516,-14.1137,1.6667,45.306,101.63,100.47
11131,6450,23669.1758,5562.8910,22913.1071,-5945.6974,-14.5504,-13.8356,1.8333,45.409,102.07,100.74
11150,6462,23709.2038,5572.2986,22949.3214,-5965.4923,-14.5747,-15.2157,1.5833,45.509,100.73,99.59
11170,6474,23752.4674,5582.4667,22991.3214,-5975.8846,-14.5735,-15.1148,1.6667,45.610,100.96,99.80
11191,6486,23793.5833,5592.1301,23034.8929,-5971.6782,-14.5373,-14.1537,1.7500,45.715,104.46,103.22
11210,6498,23838.9581,5602.7944,23076.0714,-5993.6381,-14.5635,-14.8385,1.5833,45.817,102.71,101.51
11233,6510,23883.4498,5613.2511,23121.8929,-5994.1948,-14.5372,-14.1168,1.9167,45.922,105.10,103.75
11252,6522,23928.8247,5623.9154,23163.0714,-6016.1548,-14.5633,-14.1777,1.5833,46.028,105.41,104.23
11275,6534,23973.3164,5634.3722,23208.8929,-6016.7115,-14.5371,-13.4613,1.9167,46.133,105.09,103.77
11294,6546,24018.6912,5645.0365,23250.0714,-6038.6714,-14.5631,-15.2316,1.5833,46.238,104.85,103.68
11316,6558,24065.3305,5655.9980,23294.3214,-6053.8269,-14.5716,-14.7305,1.8333,46.337,99.28,97.99
11335,6570,24106.8788,5665.7629,23337.0714,-6054.5073,-14.5476,-14.7920,1.5833,46.439,101.45,100.31
11355,6582,24150.3773,5675.9862,23378.9286,-6066.3842,-14.5499,-14.1137,1.6667,46.538,99.57,98.36
11377,6594,24195.8896,5686.6829,23423.1071,-6077.3333,-14.5487,-14.8292,1.8333,46.640,101.47,100.22
11396,6606,24235.9173,5696.0904,23459.3214,-6097.1281,-14.5725,-14.7727,1.5833,46.740,100.66,99.51
11416,6618,24279.1809,5706.2586,23501.3214,-6107.5204,-14.5713,-14.4945,1.6667,46.841,101.10,99.92
11437,6630,24320.2973,5715.9220,23544.8929,-6103.3140,-14.5359,-14.1537,1.7500,46.945,103.89,102.66
11456,6642,24365.6718,5726.5862,23586.0714,-6125.2740,-14.5616,-14.8385,1.5833,47.051,105.32,104.12
11479,6654,24410.1638,5737.0430,23631.8929,-6125.8307,-14.5358,-14.1537,1.9167,47.155,104.57,103.26
11498,6666,24455.5384,5747.7073,23673.0714,-6147.7906,-14.5614,-14.8385,1.5833,47.259,103.63,102.45
11521,6678,24500.0304,5758.1641,23718.8929,-6148.3474,-14.5357,-14.1168,1.9167,47.364,105.31,103.98
11540,6690,24545.4049,5768.8283,23760.0714,-6170.3073,-14.5612,-14.1777,1.5833,47.467,102.48,101.32
11563,6702,24589.8970,5779.2852,23805.8929,-6170.8640,-14.5356,-13.4613,1.9167,47.569,102.42,101.11
11582,6714,24635.2714,5789.9494,23847.0714,-6192.8239,-14.5610,-15.2316,1.5833,47.674,104.54,103.38
11604,6726,24681.9106,5800.9108,23891.3214,-6207.9794,-14.5692,-14.7305,1.8333,47.774,100.71,99.43
11623,6738,24723.4592,5810.6759,23934.0714,-6208.6598,-14.5458,-14.7920,1.5833,47.876,102.00,100.85
11643,6750,24766.9577,5820.8992,23975.9286,-6220.5368,-14.5481,-14.1137,1.6667,47.978,101.43,100.21
11665,6762,24812.4701,5831.5958,24020.1071,-6231.4858,-14.5469,-14.8292,1.8333,48.079,101.74,100.49
11684,6774,24852.4974,5841.0033,24056.3214,-6251.2807,-14.5702,-14.7727,1.5833,48.179,99.33,98.18
11704,6786,24895.7610,5851.1714,24098.3214,-6261.6730,-14.5690,-14.4945,1.6667,48.280,101.24,100.06
11725,6798,24936.8779,5860.8350,24141.8929,-6257.4666,-14.5344,-14.1537,1.7500,48.384,103.74,102.51
11744,6810,24982.2521,5871.4991,24183.0714,-6279.4265,-14.5595,-14.8385,1.5833,48.489,105.03,103.83
11767,6822,25026.7444,5881.9560,24228.8929,-6279.9832,-14.5344,-14.1168,1.9167,48.594,105.22,103.88
11786,6834,25072.1186,5892.6202,24270.0714,-6301.9431,-14.5593,-14.1777,1.5833,48.699,104.92,103.72
11809,6846,25116.6110,5903.0771,24315.8929,-6302.4999,-14.5343,-13.4613,1.9167,48.804,105.09,103.75
11828,6858,25161.9852,5913.7412,24357.0714,-6324.4598,-14.5591,-15.2316,1.5833,48.909,105.26,104.08
11851,6870,25206.4776,5924.1981,24402.8929,-6325.0165,-14.5342,-13.7412,1.9167,49.015,105.43,104.04
11870,6882,25251.8517,5934.8623,24444.0714,-6346.9765,-14.5590,-15.2316,1.5833,49.120,105.25,104.08
11892,6894,25298.4908,5945.8237,24488.3214,-6362.1319,-14.5670,-14.7305,1.8333,49.221,100.95,99.68
11911,6906,25340.0397,5955.5888,24531.0714,-6362.8124,-14.5442,-14.7920,1.5833,49.322,101.52,100.38
11931,6918,25383.5381,5965.8121,24572.9286,-6374.6893,-14.5464,-14.1137,1.6667,49.421,99.01,97.83
11953,6930,25429.0505,5976.5087,24617.1071,-6385.6383,-14.5453,-14.8292,1.8333,49.520,99.06,97.85
11972,6942,25469.0775,5985.9162,24653.3214,-6405.4332,-14.5679,-14.7727,1.5833,49.619,98.87,97.74
11992,6954,25512.3412,5996.0843,24695.3214,-6415.8255,-14.5668,-14.4945,1.6667,49.721,101.37,100.16
12013,6966,25553.4585,6005.7479,24738.8929,-6411.6191,-14.5331,-14.1537,1.7500,49.825,104.38,103.15
12032,6978,25598.8324,6016.4120,24780.0714,-6433.5790,-14.5575,-14.8385,1.5833,49.930,105.11,103.92
12055,6990,25643.3250,6026.8690,24825.8929,-6434.1357,-14.5330,-14.1168,1.9167,50.035,104.54,103.15
12074,7002,25688.6989,6037.5331,24867.0714,-6456.0957,-14.5574,-14.1777,1.5833,50.140,105.42,104.23
12097,7014,25733.1916,6047.9900,24912.8929,-6456.6524,-14.5329,-13.4613,1.9167,50.245,105.06,103.75
12116,7026,25778.5655,6058.6541,24954.0714,-6478.6123,-14.5572,-15.2316,1.5833,50.350,105.12,103.94
12138,7038,25825.2044,6069.6155,24998.3214,-6493.7678,-14.5651,-14.7305,1.8333,50.448,97.90,96.66
12157,7050,25866.7536,6079.3807,25041.0714,-6494.4482,-14.5427,-14.7920,1.5833,50.549,100.47,99.35
12177,7062,25910.2520,6089.6040,25082.9286,-6506.3251,-14.5449,-14.1137,1.6667,50.650,101.58,100.38
12199,7074,25956.6202,6100.5018,25128.0714,-6516.9649,-14.5426,-14.7920,1.8333,50.752,101.36,100.12
12219,7086,26000.1186,6110.7251,25169.9286,-6528.8418,-14.5448,-14.1137,1.6667,50.850,98.76,97.59
12241,7098,26045.6310,6121.4217,25214.1071,-6539.7908,-14.5437,-14.8292,1.8333,50.952,101.74,100.49
12260,7110,26085.6577,6130.8290,25250.3214,-6559.5857,-14.5658,-14.7727,1.5833,51.053,100.36,99.18
12280,7122,26128.9214,6140.9972,25292.3214,-6569.9780,-14.5647,-14.4945,1.6667,51.154,101.42,100.26
12301,7134,26170.0391,6150.6609,25335.8929,-6565.7716,-14.5318,-14.1537,1.7500,51.258,103.63,102.40
12320,7146,26215.4127,6161.3249,25377.0714,-6587.7315,-14.5557,-14.8385,1.5833,51.360,102.71,101.49
12343,7158,26259.9057,6171.7820,25422.8929,-6588.2883,-14.5317,-14.1168,1.9167,51.462,101.34,100.05
12362,7170,26305.2792,6182.4460,25464.0714,-6610.2482,-14.5555,-14.1777,1.5833,51.566,104.79,103.63
12385,7182,26349.7722,6192.9030,25509.8929,-6610.8049,-14.5317,-13.4613,1.9167,51.672,105.44,104.11
12404,7194,26395.1458,6203.5670,25551.0714,-6632.7648,-14.5554,-15.2316,1.5833,51.777,105.22,104.02
12426,7206,26441.7846,6214.5284,25595.3214,-6647.9203,-14.5631,-14.7305,1.8333,51.878,100.80,99.46
12445,7218,26483.3342,6224.2937,25638.0714,-6648.6007,-14.5412,-14.7920,1.5833,51.977,98.73,97.59
12465,7230,26526.8325,6234.5169,25679.9286,-6660.4777,-14.5434,-14.1137,1.6667,52.078,101.44,100.22
12487,7242,26573.2007,6245.4147,25725.0714,-6671.1174,-14.5411,-14.7920,1.8333,52.180,102.41,101.14
12507,7254,26616.6991,6255.6380,25766.9286,-6682.9943,-14.5432,-14.1137,1.6667,52.282,101.43,100.23
12529,7266,26662.2115,6266.3346,25811.1071,-6693.9434,-14.5422,-13.8356,1.8333,52.383,101.49,100.23
12548,7278,26702.2379,6275.7419,25847.3214,-6713.7382,-14.5638,-15.2157,1.5833,52.484,100.50,99.36
12568,7290,26745.5016,6285.9100,25889.3214,-6724.1305,-14.5627,-15.1148,1.6667,52.585,101.63,100.45
12589,7302,26786.6197,6295.5739,25932.8929,-6719.9241,-14.5306,-14.1537,1.7500,52.690,104.38,103.14
12608,7314,26831.9931,6306.2379,25974.0714,-6741.8841,-14.5539,-14.8385,1.5833,52.795,104.91,103.72
12631,7326,26876.4863,6316.6950,26019.8929,-6742.4408,-14.5305,-14.1168,1.9167,52.899,103.93,102.62
12650,7338,26921.8596,6327.3589,26061.0714,-6764.4007,-14.5537,-14.1777,1.5833,53.003,104.09,102.87
12673,7350,26966.3529,6337.8160,26106.8929,-6764.9574,-14.5304,-13.4613,1.9167,53.106,103.66,102.26
12692,7362,27011.7261,6348.4799,26148.0714,-6786.9174,-14.5536,-15.2316,1.5833,53.212,105.25,104.06
12714,7374,27058.3649,6359.4413,26192.3214,-6802.0728,-14.5611,-14.7305,1.8333,53.313,101.08,99.79
12733,7386,27099.9147,6369.2066,26235.0714,-6802.7533,-14.5398,-14.7920,1.5833,53.414,101.46,100.30
12753,7398,27143.4130,6379.4299,26276.9286,-6814.6302,-14.5419,-14.1137,1.6667,53.515,100.29,99.09
12775,7410,27189.7812,6390.3277,26322.0714,-6825.2699,-14.5397,-14.7920,1.8333,53.616,101.16,99.89
12795,7422,27233.2796,6400.5510,26363.9286,-6837.1468,-14.5418,-14.1137,1.6667,53.717,101.43,100.24
12817,7434,27278.7920,6411.2476,26408.1071,-6848.0959,-14.5407,-13.8356,1.8333,53.819,101.69,100.42
12836,7446,27318.8181,6420.6548,26444.3214,-6867.8907,-14.5619,-15.2157,1.5833,53.919,100.33,99.17
12856,7458,27362.0818,6430.8229,26486.3214,-6878.2831,-14.5608,-15.1148,1.6667,54.021,102.27,101.07
12877,7470,27403.2004,6440.4869,26529.8929,-6874.0766,-14.5294,-14.1537,1.7500,54.127,105.50,104.22
12896,7482,27448.5734,6451.1508,26571.0714,-6896.0366,-14.5522,-14.8385,1.5833,54.233,105.63,104.42
12919,7494,27493.0669,6461.6079,26616.8929,-6896.5933,-14.5293,-14.1168,1.9167,54.338,105.35,104.01
12938,7506,27538.4400,6472.2718,26658.0714,-6918.5532,-14.5521,-14.1777,1.5833,54.442,104.30,103.08
12961,7518,27582.9335,6482.7290,26703.8929,-6919.1100,-14.5293,-13.4613,1.9167,54.548,105.35,103.99
12980,7530,27628.3065,6493.3929,26745.0714,-6941.0699,-14.5519,-15.2316,1.5833,54.653,105.22,104.01
13002,7542,27674.9451,6504.3542,26789.3214,-6956.2253,-14.5593,-14.7305,1.8333,54.754,101.15,99.81
13021,7554,27716.4952,6514.1196,26832.0714,-6956.9058,-14.5384,-14.7920,1.5833,54.853,99.22,98.06
13041,7566,27759.9936,6524.3429,26873.9286,-6968.7827,-14.5405,-14.1137,1.6667,54.955,101.69,100.45
13063,7578,27806.3618,6535.2406,26919.0714,-6979.4224,-14.5383,-14.7920,1.8333,55.057,102.49,101.22
13083,7590,27849.8601,6545.4639,26960.9286,-6991.2994,-14.5404,-14.1137,1.6667,55.159,101.61,100.36
13105,7602,27895.3726,6556.1606,27005.1071,-7002.2484,-14.5394,-13.8356,1.8333,55.260,101.42,100.16
13124,7614,27935.3983,6565.5677,27041.3214,-7022.0433,-14.5600,-15.2157,1.5833,55.360,100.04,98.90
13144,7626,27978.6621,6575.7358,27083.3214,-7032.4356,-14.5590,-15.1148,1.6667,55.460,99.40,98.26
13165,7638,28019.7810,6585.3999,27126.8929,-7028.2292,-14.5283,-14.1537,1.7500,55.562,102.09,100.89
13184,7650,28065.1538,6596.0637,27168.0714,-7050.1891,-14.5506,-14.8385,1.5833,55.667,104.96,103.76
13207,7662,28109.6476,6606.5209,27213.8929,-7050.7458,-14.5282,-14.1168,1.9167,55.772,105.02,103.68
13226,7674,28155.0204,6617.1847,27255.0714,-7072.7058,-14.5504,-14.1777,1.5833,55.877,105.32,104.12
13249,7686,28199.5142,6627.6420,27300.8929,-7073.2625,-14.5281,-13.4613,1.9167,55.983,105.34,103.98
13268,7698,28244.8869,6638.3058,27342.0714,-7095.2224,-14.5503,-15.2316,1.5833,56.088,105.34,104.14
13290,7710,28291.5254,6649.2671,27386.3214,-7110.3779,-14.5575,-14.7305,1.8333,56.188,100.15,98.82
13309,7722,28333.0758,6659.0325,27429.0714,-7111.0583,-14.5371,-14.7920,1.5833,56.290,102.02,100.83
13329,7734,28376.5741,6669.2558,27470.9286,-7122.9352,-14.5391,-14.1137,1.6667,56.391,101.27,100.05
13351,7746,28422.0866,6679.9525,27515.1071,-7133.8843,-14.5381,-14.8292,1.8333,56.493,101.50,100.23
13370,7758,28462.1121,6689.3595,27551.3214,-7153.6791,-14.5584,-14.7727,1.5833,56.594,101.02,99.86
13390,7770,28505.3758,6699.5277,27593.3214,-7164.0714,-14.5574,-14.4945,1.6667,56.695,101.36,100.17
13411,7782,28546.4951,6709.1918,27636.8929,-7159.8650,-14.5272,-14.1537,1.7500,56.800,104.35,103.11
13430,7794,28591.8677,6719.8556,27678.0714,-7181.8250,-14.5491,-14.8385,1.5833,56.904,104.16,102.97
13453,7806,28636.3617,6730.3129,27723.8929,-7182.3817,-14.5272,-14.1537,1.9167,57.007,103.47,102.13
13472,7818,28681.7342,6740.9766,27765.0714,-7204.3416,-14.5490,-14.8385,1.5833,57.112,104.93,103.75
13495,7830,28726.2283,6751.4339,27810.8929,-7204.8983,-14.5271,-14.1168,1.9167,57.215,102.41,101.05
13514,7842,28771.6008,6762.0977,27852.0714,-7226.8583,-14.5489,-14.1777,1.5833,57.317,102.32,101.13
13537,7854,28816.0948,6772.5550,27897.8929,-7227.4150,-14.5271,-13.4613,1.9167,57.421,104.57,103.26
13556,7866,28861.4673,6783.2187,27939.0714,-7249.3749,-14.5488,-15.2316,1.5833,57.523,102.03,100.87
13578,7878,28908.1057,6794.1800,27983.3214,-7264.5304,-14.5558,-14.7305,1.8333,57.622,99.00,97.73
13597,7890,28949.6564,6803.9455,28026.0714,-7265.2108,-14.5359,-14.7920,1.5833,57.724,101.67,100.52
13617,7902,28993.1547,6814.1688,28067.9286,-7277.0878,-14.5378,-14.1137,1.6667,57.825,101.33,100.14
13639,7914,29038.6671,6824.8654,28112.1071,-7288.0368,-14.5368,-14.8292,1.8333,57.927,101.48,100.21
13658,7926,29078.6924,6834.2724,28148.3214,-7307.8317,-14.5567,-14.7727,1.5833,58.028,100.75,99.61
13678,7938,29121.9561,6844.4406,28190.3214,-7318.2240,-14.5557,-14.4945,1.6667,58.129,101.26,100.10
13699,7950,29163.0758,6854.1048,28233.8929,-7314.0175,-14.5262,-14.1537,1.7500,58.232,102.85,101.58
13718,7962,29208.4481,6864.7685,28275.0714,-7335.9775,-14.5476,-14.8385,1.5833,58.335,103.56,102.37
13741,7974,29252.9424,6875.2259,28320.8929,-7336.5342,-14.5261,-14.1168,1.9167,58.440,104.44,103.11
13760,7986,29298.3147,6885.8896,28362.0714,-7358.4941,-14.5475,-14.1777,1.5833,58.545,105.07,103.88
13783,7998,29342.8089,6896.3469,28407.8929,-7359.0509,-14.5261,-13.4613,1.9167,58.650,105.25,103.88
13802,8010,29388.1812,6907.0106,28449.0714,-7381.0108,-14.5474,-15.2316,1.5833,58.755,104.91,103.71
13824,8022,29434.8195,6917.9719,28493.3214,-7396.1662,-14.5543,-14.7305,1.8333,58.856,100.97,99.66
13843,8034,29476.3704,6927.7374,28536.0714,-7396.8467,-14.5347,-14.7920,1.5833,58.957,101.03,99.88
13863,8046,29519.8687,6937.9607,28577.9286,-7408.7236,-14.5367,-14.1137,1.6667,59.057,100.48,99.28
13885,8058,29566.2370,6948.8585,28623.0714,-7419.3634,-14.5347,-14.7920,1.8333,59.158,100.38,99.13
13905,8070,29609.7352,6959.0817,28664.9286,-7431.2403,-14.5366,-14.1137,1.6667,59.258,100.27,99.06
13927,8082,29655.2477,6969.7784,28709.1071,-7442.1893,-14.5356,-14.8292,1.8333,59.359,100.73,99.50
13946,8094,29695.2727,6979.1854,28745.3214,-7461.9842,-14.5551,-14.7727,1.5833,59.458,99.27,98.14
13966,8106,29738.5365,6989.3535,28787.3214,-7472.3765,-14.5541,-14.4945,1.6667,59.559,100.67,99.50
13987,8118,29779.6565,6999.0178,28830.8929,-7468.1701,-14.5252,-14.1537,1.7500,59.663,104.33,103.09
14006,8130,29825.0286,7009.6815,28872.0714,-7490.1300,-14.5462,-14.8385,1.5833,59.767,104.26,103.09
14029,8142,29869.5231,7020.1389,28917.8929,-7490.6867,-14.5252,-14.1168,1.9167,59.870,102.15,100.85
14048,8154,29914.8951,7030.8025,28959.0714,-7512.6467,-14.5461,-14.1777,1.5833,59.975,105.06,103.88
14071,8166,29959.3896,7041.2599,29004.8929,-7513.2034,-14.5251,-13.4613,1.9167,60.079,104.69,103.34
14090,8178,30004.7617,7051.9236,29046.0714,-7535.1633,-14.5460,-15.2316,1.5833,60.183,103.78,102.58
14112,8190,30051.3999,7062.8848,29090.3214,-7550.3188,-14.5528,-14.7305,1.8333,60.284,101.03,99.67
14131,8202,30092.9510,7072.6504,29133.0714,-7550.9992,-14.5336,-14.7920,1.5833,60.386,101.86,100.71
14151,8214,30136.4492,7082.8737,29174.9286,-7562.8761,-14.5355,-14.1137,1.6667,60.488,101.71,100.51
14173,8226,30182.8176,7093.7715,29220.0714,-7573.5159,-14.5335,-14.7920,1.8333,60.588,100.46,99.22
14193,8238,30226.3158,7103.9947,29261.9286,-7585.3928,-14.5354,-14.1137,1.6667,60.690,101.56,100.36
14215,8250,30271.8283,7114.6914,29306.1071,-7596.3418,-14.5345,-13.8356,1.8333,60.792,101.95,100.70
14234,8262,30311.8531,7124.0983,29342.3214,-7616.1367,-14.5535,-15.2157,1.5833,60.892,100.12,98.96
14254,8274,30355.1169,7134.2664,29384.3214,-7626.5290,-14.5526,-15.1148,1.6667,60.993,101.13,99.96
14275,8286,30396.2372,7143.9308,29427.8929,-7622.3226,-14.5243,-14.1537,1.7500,61.098,104.91,103.66
14294,8298,30441.6090,7154.5944,29469.0714,-7644.2825,-14.5448,-14.8385,1.5833,61.204,105.93,104.72
14317,8310,30486.1037,7165.0518,29514.8929,-7644.8393,-14.5242,-14.1168,1.9167,61.309,104.99,103.60
14336,8322,30531.4756,7175.7154,29556.0714,-7666.7992,-14.5447,-14.1777,1.5833,61.413,104.21,103.03
14359,8334,30575.9703,7186.1729,29601.8929,-7667.3559,-14.5242,-13.4613,1.9167,61.516,103.07,101.76
14378,8346,30621.3421,7196.8365,29643.0714,-7689.3158,-14.5446,-15.2316,1.5833,61.619,102.78,101.63
14400,8358,30667.9803,7207.7977,29687.3214,-7704.4713,-14.5513,-14.7305,1.8333,61.717,98.47,97.21
14419,8370,30709.5316,7217.5634,29730.0714,-7705.1517,-14.5325,-14.7920,1.5833,61.819,101.74,100.62
14439,8382,30753.0298,7227.7866,29771.9286,-7717.0287,-14.5343,-14.1137,1.6667,61.920,101.10,99.94
14461,8394,30799.3982,7238.6844,29817.0714,-7727.6684,-14.5324,-14.7920,1.8333,62.020,99.78,98.57
14481,8406,30842.8964,7248.9077,29858.9286,-7739.5453,-14.5342,-14.1137,1.6667,62.122,102.16,100.99
14503,8418,30888.4089,7259.6044,29903.1071,-7750.4944,-14.5333,-13.8356,1.8333,62.224,102.18,100.92
14522,8430,30928.4334,7269.0112,29939.3214,-7770.2892,-14.5520,-15.2157,1.5833,62.326,101.28,100.05
14542,8442,30971.6972,7279.1793,29981.3214,-7780.6815,-14.5511,-15.1148,1.6667,62.427,101.45,100.26
14563,8454,31012.8179,7288.8438,30024.8929,-7776.4751,-14.5233,-14.1537,1.7500,62.532,104.93,103.69
14582,8466,31058.1895,7299.5073,30066.0714,-7798.4350,-14.5435,-14.8385,1.5833,62.637,105.60,104.40
14605,8478,31102.6844,7309.9648,30111.8929,-7798.9918,-14.5233,-14.1168,1.9167,62.743,105.77,104.43
14624,8490,31148.0561,7320.6284,30153.0714,-7820.9517,-14.5434,-14.1777,1.5833,62.848,105.11,103.93
14647,8502,31192.5510,7331.0859,30198.8929,-7821.5084,-14.5233,-13.4613,1.9167,62.954,105.18,103.85
14666,8514,31237.9226,7341.7494,30240.0714,-7843.4684,-14.5433,-15.2316,1.5833,63.060,106.06,104.86
14688,8526,31284.5607,7352.7106,30284.3214,-7858.6238,-14.5498,-14.7305,1.8333,63.159,99.45,98.14
14707,8538,31326.1122,7362.4764,30327.0714,-7859.3043,-14.5314,-14.7920,1.5833,63.261,102.07,100.90
14727,8550,31369.6104,7372.6996,30368.9286,-7871.1812,-14.5332,-14.1137,1.6667,63.361,100.25,99.04
14749,8562,31415.9788,7383.5974,30414.0714,-7881.8209,-14.5313,-14.7920,1.8333,63.464,102.32,101.07
14769,8574,31459.4770,7393.8207,30455.9286,-7893.6978,-14.5331,-14.1137,1.6667,63.566,102.11,100.92
14791,8586,31504.9895,7404.5173,30500.1071,-7904.6469,-14.5323,-13.8356,1.8333,63.668,102.19,100.93
14810,8598,31545.0138,7413.9241,30536.3214,-7924.4417,-14.5506,-15.2157,1.5833,63.768,99.83,98.70
14830,8610,31588.2776,7424.0923,30578.3214,-7934.8340,-14.5497,-15.1148,1.6667,63.870,101.93,100.75
14851,8622,31629.3986,7433.7568,30621.8929,-7930.6276,-14.5225,-14.1537,1.7500,63.975,105.31,104.08
14870,8634,31674.7700,7444.4203,30663.0714,-7952.5876,-14.5422,-14.8385,1.5833,64.081,105.51,104.31
14893,8646,31719.2652,7454.8778,30708.8929,-7953.1443,-14.5224,-14.1168,1.9167,64.186,105.28,103.93
14912,8658,31764.6366,7465.5413,30750.0714,-7975.1042,-14.5421,-14.1777,1.5833,64.289,103.64,102.44
14935,8670,31809.1317,7475.9989,30795.8929,-7975.6610,-14.5224,-13.4613,1.9167,64.396,106.22,104.83
14954,8682,31854.5031,7486.6624,30837.0714,-7997.6209,-14.5421,-15.2316,1.5833,64.502,105.84,104.62
14976,8694,31901.1411,7497.6236,30881.3214,-8012.7763,-14.5484,-14.7305,1.8333,64.602,100.93,99.64
14995,8706,31942.6929,7507.3894,30924.0714,-8013.4568,-14.5304,-14.7920,1.5833,64.703,100.64,99.48
15015,8718,31986.1911,7517.6126,30965.9286,-8025.3337,-14.5321,-14.1137,1.6667,64.803,100.14,98.96
15037,8730,32032.5594,7528.5104,31011.0714,-8035.9734,-14.5303,-14.7920,1.8333,64.904,100.64,99.41
15057,8742,32076.0576,7538.7336,31052.9286,-8047.8504,-14.5321,-14.1137,1.6667,65.006,101.98,100.81
15079,8754,32121.5702,7549.4303,31097.1071,-8058.7994,-14.5312,-13.8356,1.8333,65.108,102.54,101.27
15098,8766,32161.5942,7558.8370,31133.3214,-8078.5943,-14.5492,-15.2157,1.5833,65.210,101.53,100.38
15118,8778,32204.8581,7569.0052,31175.3214,-8088.9866,-14.5483,-15.1148,1.6667,65.313,102.68,101.51
15139,8790,32245.9793,7578.6698,31218.8929,-8084.7802,-14.5216,-14.1537,1.7500,65.418,105.36,104.10
15158,8802,32291.3505,7589.3333,31260.0714,-8106.7401,-14.5410,-14.8385,1.5833,65.524,105.87,104.67
15181,8814,32335.8459,7599.7908,31305.8929,-8107.2968,-14.5216,-14.1168,1.9167,65.628,104.09,102.76
15200,8826,32381.2171,7610.4543,31347.0714,-8129.2567,-14.5409,-14.1777,1.5833,65.733,104.55,103.34
15223,8838,32425.7124,7620.9119,31392.8929,-8129.8135,-14.5215,-13.4613,1.9167,65.837,104.09,102.76
15242,8850,32471.0837,7631.5754,31434.0714,-8151.7734,-14.5408,-15.2316,1.5833,65.941,104.52,103.32
15264,8862,32517.7215,7642.5365,31478.3214,-8166.9289,-14.5471,-14.7305,1.8333,66.043,101.82,100.51
15283,8874,32559.2735,7652.3023,31521.0714,-8167.6093,-14.5294,-14.7920,1.5833,66.145,102.40,101.25
15303,8886,32602.7717,7662.5256,31562.9286,-8179.4862,-14.5311,-14.1137,1.6667,66.245,99.17,97.99
15325,8898,32648.2842,7673.2222,31607.1071,-8190.4353,-14.5303,-14.8292,1.8333,66.346,101.91,100.67
15344,8910,32688.3081,7682.6289,31643.3214,-8210.2301,-14.5479,-14.7727,1.5833,66.446,99.75,98.60
15364,8922,32731.5720,7692.7971,31685.3214,-8220.6224,-14.5471,-14.4945,1.6667,66.548,101.87,100.68
15385,8934,32772.6935,7702.4617,31728.8929,-8216.4160,-14.5208,-14.1537,1.7500,66.652,104.24,103.02
15404,8946,32818.0645,7713.1252,31770.0714,-8238.3759,-14.5399,-14.8385,1.5833,66.758,105.79,104.62
15427,8958,32862.5600,7723.5828,31815.8929,-8238.9327,-14.5208,-14.1537,1.9167,66.863,105.16,103.83
15446,8970,32907.9311,7734.2462,31857.0714,-8260.8926,-14.5398,-14.8385,1.5833,66.969,105.79,104.60
15469,8982,32952.4266,7744.7039,31902.8929,-8261.4493,-14.5208,-14.1168,1.9167,67.075,105.91,104.54
15488,8994,32997.7976,7755.3673,31944.0714,-8283.4093,-14.5398,-14.1777,1.5833,67.181,105.92,104.72
15511,9006,33042.2932,7765.8249,31989.8929,-8283.9660,-14.5207,-13.4613,1.9167,67.287,105.91,104.55
15530,9018,33087.6642,7776.4883,32031.0714,-8305.9259,-14.5397,-15.2316,1.5833,67.392,104.75,103.57
15552,9030,33134.3020,7787.4495,32075.3214,-8321.0814,-14.5458,-14.7305,1.8333,67.493,101.23,99.91
15571,9042,33175.8542,7797.2153,32118.0714,-8321.7618,-14.5284,-14.7920,1.5833,67.595,102.60,101.46
15591,9054,33219.3523,7807.4386,32159.9286,-8333.6387,-14.5301,-14.1137,1.6667,67.695,100.09,98.93
15613,9066,33264.8649,7818.1352,32204.1071,-8344.5878,-14.5293,-14.8292,1.8333,67.795,99.91,98.68
15632,9078,33304.8886,7827.5419,32240.3214,-8364.3826,-14.5466,-14.7727,1.5833,67.897,101.27,100.11
15652,9090,33348.1524,7837.7100,32282.3214,-8374.7749,-14.5458,-14.4945,1.6667,67.999,101.98,100.80
15673,9102,33389.2742,7847.3747,32325.8929,-8370.5685,-14.5200,-14.1537,1.7500,68.104,105.00,103.77
15692,9114,33434.6451,7858.0381,32367.0714,-8392.5285,-14.5388,-14.8385,1.5833,68.207,103.37,102.20
15715,9126,33479.1407,7868.4958,32412.8929,-8393.0852,-14.5200,-14.1168,1.9167,68.311,103.54,102.22
15734,9138,33524.5116,7879.1592,32454.0714,-8415.0451,-14.5387,-14.1777,1.5833,68.416,105.84,104.64
15757,9150,33569.0073,7889.6169,32499.8929,-8415.6019,-14.5200,-13.4613,1.9167,68.520,103.47,102.06
15776,9162,33614.3782,7900.2802,32541.0714,-8437.5618,-14.5386,-15.2316,1.5833,68.625,104.96,103.74
15798,9174,33661.0159,7911.2413,32585.3214,-8452.7172,-14.5447,-14.7305,1.8333,68.726,101.52,100.15
15817,9186,33702.5683,7921.0073,32628.0714,-8453.3977,-14.5276,-14.7920,1.5833,68.829,102.41,101.25
15837,9198,33746.0664,7931.2305,32669.9286,-8465.2746,-14.5292,-14.1137,1.6667,68.931,102.17,100.96
15859,9210,33792.4348,7942.1283,32715.0714,-8475.9143,-14.5275,-14.7920,1.8333,69.034,102.82,101.52
15879,9222,33835.9330,7952.3515,32756.9286,-8487.7913,-14.5292,-14.1137,1.6667,69.135,100.89,99.71
15901,9234,33881.4455,7963.0482,32801.1071,-8498.7403,-14.5284,-14.8292,1.8333,69.235,100.20,98.97
15920,9246,33921.4690,7972.4548,32837.3214,-8518.5352,-14.5454,-14.7727,1.5833,69.334,99.62,98.45
15940,9258,33964.7329,7982.6230,32879.3214,-8528.9275,-14.5446,-14.4945,1.6667,69.436,102.00,100.81
15961,9270,34005.8549,7992.2878,32922.8929,-8524.7211,-14.5193,-14.1537,1.7500,69.540,104.04,102.79
15980,9282,34051.2256,8002.9511,32964.0714,-8546.6810,-14.5377,-14.8385,1.5833,69.645,105.01,103.84
16003,9294,34095.7215,8013.4088,33009.8929,-8547.2377,-14.5193,-14.1168,1.9167,69.751,105.27,103.93
16022,9306,34141.0922,8024.0721,33051.0714,-8569.1977,-14.5376,-14.1777,1.5833,69.857,105.95,104.75
16045,9318,34185.5880,8034.5299,33096.8929,-8569.7544,-14.5192,-13.4613,1.9167,69.961,104.78,103.45
16064,9330,34230.9587,8045.1932,33138.0714,-8591.7143,-14.5375,-15.2316,1.5833,70.068,106.14,104.92
16086,9342,34277.5964,8056.1543,33182.3214,-8606.8698,-14.5435,-14.7305,1.8333,70.170,102.49,101.16
16105,9354,34319.1489,8065.9203,33225.0714,-8607.5502,-14.5267,-14.7920,1.5833,70.274,103.57,102.39
16125,9366,34362.6471,8076.1435,33266.9286,-8619.4271,-14.5283,-14.1137,1.6667,70.377,103.25,102.04
16147,9378,34409.0155,8087.0413,33312.0714,-8630.0669,-14.5266,-14.7920,1.8333,70.480,102.91,101.62
16167,9390,34452.5136,8097.2645,33353.9286,-8641.9438,-14.5283,-14.1137,1.6667,70.581,101.49,100.21
16189,9402,34498.0262,8107.9612,33398.1071,-8652.8928,-14.5275,-13.8356,1.8333,70.685,103.72,102.43
16208,9414,34538.0495,8117.3678,33434.3214,-8672.6877,-14.5442,-15.2157,1.5833,70.787,102.11,100.92
16228,9426,34581.3134,8127.5359,33476.3214,-8683.0800,-14.5434,-15.1148,1.6667,70.889,101.65,100.46
16249,9438,34622.4357,8137.2008,33519.8929,-8678.8736,-14.5185,-14.1537,1.7500,70.996,106.81,105.52
16268,9450,34667.8062,8147.8641,33561.0714,-8700.8335,-14.5366,-14.8385,1.5833,71.105,108.99,107.76
16291,9462,34712.3022,8158.3218,33606.8929,-8701.3902,-14.5185,-14.1168,1.9167,71.211,106.01,104.67
16310,9474,34757.6727,8168.9851,33648.0714,-8723.3502,-14.5366,-14.1777,1.5833,71.318,107.18,105.97
16333,9486,34802.1688,8179.4429,33693.8929,-8723.9069,-14.5185,-13.4613,1.9167,71.426,108.19,106.80
16352,9498,34847.5393,8190.1062,33735.0714,-8745.8668,-14.5365,-15.2316,1.5833,71.535,108.72,107.47
16374,9510,34894.1769,8201.0672,33779.3214,-8761.0223,-14.5423,-14.7305,1.8333,71.638,103.53,102.17
16393,9522,34935.7296,8210.8332,33822.0714,-8761.7027,-14.5258,-14.7920,1.5833,71.741,102.35,101.18
16413,9534,34979.2277,8221.0565,33863.9286,-8773.5796,-14.5274,-14.1137,1.6667,71.846,105.34,104.08
16435,9546,35025.5962,8231.9543,33909.0714,-8784.2194,-14.5258,-14.7920,1.8333,71.951,105.42,104.09
16455,9558,35069.0943,8242.1775,33950.9286,-8796.0963,-14.5274,-14.1137,1.6667,72.056,105.12,103.88
16477,9570,35114.6069,8252.8742,33995.1071,-8807.0453,-14.5266,-13.8356,1.8333,72.162,105.34,104.03
16496,9582,35154.6300,8262.2807,34031.3214,-8826.8402,-14.5430,-15.2157,1.5833,72.266,104.26,103.06
16516,9594,35197.8939,8272.4489,34073.3214,-8837.2325,-14.5423,-15.1148,1.6667,72.370,104.41,103.15
16537,9606,35239.0164,8282.1138,34116.8929,-8833.0261,-14.5178,-14.1537,1.7500,72.478,107.44,106.17
16556,9618,35284.3868,8292.7770,34158.0714,-8854.9860,-14.5356,-14.8385,1.5833,72.587,108.96,107.70
16579,9630,35328.8830,8303.2348,34203.8929,-8855.5428,-14.5178,-14.1168,1.9167,72.696,108.95,107.55
16598,9642,35374.2533,8313.8981,34245.0714,-8877.5027,-14.5355,-14.1777,1.5833,72.803,106.85,105.62
16621,9654,35418.7495,8324.3559,34290.8929,-8878.0594,-14.5178,-13.4613,1.9167,72.909,106.43,105.07
16640,9666,35464.1199,8335.0191,34332.0714,-8900.0194,-14.5355,-15.2316,1.5833,73.018,108.64,107.41
16662,9678,35510.7574,8345.9802,34376.3214,-8915.1748,-14.5412,-14.7305,1.8333,73.129,111.15,109.75
16681,9690,35552.3103,8355.7462,34419.0714,-8915.8552,-14.5250,-14.7920,1.5833,73.233,104.24,103.02
16701,9702,35595.8084,8365.9695,34460.9286,-8927.7322,-14.5266,-14.1137,1.6667,73.338,105.34,104.09
16723,9714,35642.1769,8376.8673,34506.0714,-8938.3719,-14.5250,-14.7920,1.8333,73.444,105.57,104.27
16743,9726,35685.6750,8387.0905,34547.9286,-8950.2488,-14.5266,-14.1137,1.6667,73.549,105.13,103.89
16765,9738,35731.1875,8397.7872,34592.1071,-8961.1979,-14.5258,-13.8356,1.8333,73.654,105.16,103.80
16784,9750,35771.2105,8407.1937,34628.3214,-8980.9927,-14.5419,-15.2157,1.5833,73.758,103.93,102.74
16804,9762,35814.4744,8417.3618,34670.3214,-8991.3850,-14.5411,-15.1148,1.6667,73.861,102.32,101.14
16825,9774,35855.5972,8427.0268,34713.8929,-8987.1786,-14.5172,-14.1537,1.7500,73.967,106.15,104.87
16844,9786,35900.9674,8437.6900,34755.0714,-9009.1386,-14.5346,-14.8385,1.5833,74.075,108.77,107.48
16867,9798,35945.4637,8448.1478,34800.8929,-9009.6953,-14.5171,-14.1168,1.9167,74.184,108.90,107.52
16886,9810,35990.8339,8458.8110,34842.0714,-9031.6552,-14.5346,-14.1777,1.5833,74.291,106.35,105.11
16909,9822,36035.3303,8469.2689,34887.8929,-9032.2119,-14.5171,-13.4613,1.9167,74.398,107.48,106.08
16928,9834,36080.7005,8479.9321,34929.0714,-9054.1719,-14.5345,-15.2316,1.5833,74.507,108.84,107.60
16950,9846,36127.3380,8490.8932,34973.3214,-9069.3273,-14.5401,-14.7305,1.8333,74.612,104.58,103.22
16969,9858,36168.8910,8500.6592,35016.0714,-9070.0078,-14.5242,-14.7920,1.5833,74.717,105.77,104.52
16989,9870,36212.3891,8510.8824,35057.9286,-9081.8847,-14.5258,-14.1137,1.6667,74.823,105.14,103.88
17011,9882,36257.9017,8521.5791,35102.1071,-9092.8337,-14.5250,-14.8292,1.8333,74.928,105.11,103.81
17030,9894,36297.9245,8530.9856,35138.3214,-9112.6286,-14.5409,-14.7727,1.5833,75.032,103.99,102.79
17050,9906,36341.1884,8541.1537,35180.3214,-9123.0209,-14.5402,-14.4945,1.6667,75.136,104.60,103.32
17071,9918,36382.3113,8550.8187,35223.8929,-9118.8145,-14.5165,-14.1537,1.7500,75.244,107.76,106.46
17090,9930,36427.6814,8561.4819,35265.0714,-9140.7744,-14.5337,-14.8385,1.5833,75.352,108.20,106.91
17113,9942,36472.1779,8571.9398,35310.8929,-9141.3311,-14.5165,-14.1537,1.9167,75.460,107.38,105.96
17132,9954,36517.5480,8582.6030,35352.0714,-9163.2911,-14.5337,-14.8385,1.5833,75.568,108.24,106.99
17155,9966,36562.0445,8593.0608,35397.8929,-9163.8478,-14.5165,-14.1168,1.9167,75.676,108.36,106.97
17174,9978,36607.4145,8603.7240,35439.0714,-9185.8077,-14.5336,-14.1777,1.5833,75.785,108.96,107.63
17197,9990,36651.9110,8614.1819,35484.8929,-9186.3645,-14.5165,-13.4613,1.9167,75.894,109.01,107.59
17216,10002,36697.2811,8624.8451,35526.0714,-9208.3244,-14.5335,-15.2316,1.5833,76.003,109.09,107.81
17238,10014,36743.9185,8635.8061,35570.3214,-9223.4798,-14.5391,-14.7305,1.8333,76.108,104.60,103.23
17257,10026,36785.4717,8645.5722,35613.0714,-9224.1603,-14.5234,-14.7920,1.5833,76.214,105.77,104.56
17277,10038,36828.9698,8655.7954,35654.9286,-9236.0372,-14.5250,-14.1137,1.6667,76.317,103.87,102.54
17299,10050,36874.4824,8666.4921,35699.1071,-9246.9862,-14.5242,-14.8292,1.8333,76.423,105.14,103.78
17318,10062,36914.5050,8675.8985,35735.3214,-9266.7811,-14.5399,-14.7727,1.5833,76.526,102.95,101.74
17338,10074,36957.7689,8686.0667,35777.3214,-9277.1734,-14.5391,-14.4945,1.6667,76.628,102.03,100.79
17359,10086,36998.8921,8695.7317,35820.8929,-9272.9670,-14.5159,-14.1537,1.7500,76.732,103.95,102.70
17378,10098,37044.2620,8706.3949,35862.0714,-9294.9269,-14.5328,-14.8385,1.5833,76.840,108.39,107.13
17401,10110,37088.7587,8716.8528,35907.8929,-9295.4837,-14.5159,-14.1168,1.9167,76.947,107.02,105.62
17420,10122,37134.1286,8727.5159,35949.0714,-9317.4436,-14.5327,-14.1777,1.5833,77.054,106.71,105.44
17443,10134,37178.6252,8737.9739,35994.8929,-9318.0003,-14.5159,-13.4613,1.9167,77.160,106.02,104.66
17462,10146,37223.9951,8748.6370,36036.0714,-9339.9603,-14.5327,-15.2316,1.5833,77.266,106.39,105.18
17485,10158,37268.4918,8759.0949,36081.8929,-9340.5170,-14.5158,-13.7412,1.9167,77.371,104.48,103.12
17504,10170,37313.8617,8769.7580,36123.0714,-9362.4769,-14.5326,-15.2316,1.5833,77.475,104.33,103.19
17526,10182,37360.4991,8780.7191,36167.3214,-9377.6324,-14.5381,-14.7305,1.8333,77.575,100.39,99.14
17545,10194,37402.0524,8790.4852,36210.0714,-9378.3128,-14.5227,-14.7920,1.5833,77.678,102.46,101.33
17565,10206,37445.5505,8800.7084,36251.9286,-9390.1897,-14.5242,-14.1137,1.6667,77.780,101.98,100.80
17587,10218,37491.0631,8811.4051,36296.1071,-9401.1388,-14.5235,-14.8292,1.8333,77.882,102.33,101.04
17606,10230,37531.0856,8820.8115,36332.3214,-9420.9336,-14.5389,-14.7727,1.5833,77.983,101.41,100.28
17626,10242,37574.3495,8830.9797,36374.3214,-9431.3259,-14.5381,-14.4945,1.6667,78.085,101.70,100.53
17647,10254,37615.4729,8840.6448,36417.8929,-9427.1195,-14.5153,-14.1537,1.7500,78.190,104.51,103.30
17666,10266,37660.8426,8851.3079,36459.0714,-9449.0795,-14.5319,-14.8385,1.5833,78.295,105.41,104.24
17689,10278,37705.3394,8861.7658,36504.8929,-9449.6362,-14.5152,-14.1168,1.9167,78.401,106.11,104.81
17708,10290,37750.7092,8872.4289,36546.0714,-9471.5961,-14.5319,-14.1777,1.5833,78.509,107.53,106.32
17731,10302,37795.2060,8882.8869,36591.8929,-9472.1529,-14.5152,-13.4613,1.9167,78.618,109.31,107.91
17750,10314,37840.5758,8893.5500,36633.0714,-9494.1128,-14.5318,-15.2316,1.5833,78.725,106.84,105.61
17772,10326,37887.2131,8904.5110,36677.3214,-9509.2682,-14.5372,-14.7305,1.8333,78.826,101.04,99.75
17791,10338,37928.7665,8914.2772,36720.0714,-9509.9487,-14.5220,-14.7920,1.5833,78.927,101.42,100.22
17811,10350,37972.2646,8924.5004,36761.9286,-9521.8256,-14.5235,-14.1137,1.6667,79.029,102.11,100.92
17833,10362,38018.6331,8935.3982,36807.0714,-9532.4653,-14.5220,-14.7920,1.8333,79.134,104.97,103.66
17853,10374,38062.1312,8945.6214,36848.9286,-9544.3423,-14.5235,-14.1137,1.6667,79.239,104.49,103.25
17875,10386,38107.6438,8956.3181,36893.1071,-9555.2913,-14.5227,-14.8292,1.8333,79.343,104.33,103.03
17894,10398,38147.6661,8965.7244,36929.3214,-9575.0862,-14.5379,-14.7727,1.5833,79.446,102.50,101.32
17914,10410,38190.9300,8975.8926,36971.3214,-9585.4785,-14.5372,-14.4945,1.6667,79.548,102.35,101.16
17935,10422,38232.0536,8985.5578,37014.8929,-9581.2721,-14.5147,-14.1537,1.7500,79.654,105.45,104.22
17954,10434,38277.4233,8996.2209,37056.0714,-9603.2320,-14.5310,-14.8385,1.5833,79.757,103.84,102.68
17977,10446,38321.9202,9006.6788,37101.8929,-9603.7887,-14.5147,-14.1168,1.9167,79.859,101.92,100.65
17996,10458,38367.2898,9017.3419,37143.0714,-9625.7486,-14.5310,-14.1777,1.5833,79.965,105.87,104.69
18019,10470,38411.7868,9027.7999,37188.8929,-9626.3054,-14.5146,-13.4613,1.9167,80.071,106.10,104.77
18038,10482,38457.1564,9038.4630,37230.0714,-9648.2653,-14.5309,-15.2316,1.5833,80.178,106.32,105.13
18060,10494,38503.7936,9049.4240,37274.3214,-9663.4208,-14.5363,-14.7305,1.8333,80.280,102.09,100.82
18079,10506,38545.3473,9059.1902,37317.0714,-9664.1012,-14.5213,-14.7920,1.5833,80.384,104.00,102.83
18099,10518,38588.8453,9069.4134,37358.9286,-9675.9781,-14.5228,-14.1137,1.6667,80.486,102.56,101.36
18121,10530,38635.2138,9080.3112,37404.0714,-9686.6179,-14.5213,-14.7920,1.8333,80.589,103.22,101.93
18141,10542,38678.7119,9090.5344,37445.9286,-9698.4948,-14.5227,-14.1137,1.6667,80.694,104.39,103.16
18163,10554,38724.2245,9101.2311,37490.1071,-9709.4438,-14.5220,-13.8356,1.8333,80.798,104.08,102.78
18182,10566,38764.2467,9110.6374,37526.3214,-9729.2387,-14.5369,-15.2157,1.5833,80.900,102.39,101.22
18202,10578,38807.5106,9120.8056,37568.3214,-9739.6310,-14.5362,-15.1148,1.6667,81.003,102.74,101.48
18223,10590,38848.6344,9130.4708,37611.8929,-9735.4246,-14.5141,-14.1537,1.7500,81.108,105.21,103.98
18242,10602,38894.0039,9141.1338,37653.0714,-9757.3845,-14.5302,-14.8385,1.5833,81.212,104.15,102.98
18265,10614,38938.5010,9151.5918,37698.8929,-9757.9412,-14.5141,-14.1168,1.9167,81.316,103.79,102.50
18284,10626,38983.8705,9162.2549,37740.0714,-9779.9012,-14.5302,-14.1777,1.5833,81.422,105.95,104.78
18307,10638,39028.3675,9172.7129,37785.8929,-9780.4579,-14.5141,-13.4613,1.9167,81.527,104.86,103.54
18326,10650,39073.7370,9183.3759,37827.0714,-9802.4178,-14.5301,-15.2316,1.5833,81.633,106.09,104.90
18348,10662,39120.3742,9194.3369,37871.3214,-9817.5733,-14.5353,-14.7305,1.8333,81.735,101.68,100.39
18367,10674,39161.9280,9204.1032,37914.0714,-9818.2537,-14.5206,-14.7920,1.5833,81.837,102.52,101.38
18387,10686,39205.4260,9214.3264,37955.9286,-9830.1306,-14.5221,-14.1137,1.6667,81.939,102.16,100.98
18409,10698,39251.7946,9225.2242,38001.0714,-9840.7704,-14.5206,-14.7920,1.8333,82.043,103.11,101.85
18429,10710,39295.2926,9235.4474,38042.9286,-9852.6473,-14.5220,-14.1137,1.6667,82.144,101.72,100.50
18451,10722,39340.8052,9246.1441,38087.1071,-9863.5963,-14.5213,-13.8356,1.8333,82.244,99.73,98.50
18470,10734,39380.8273,9255.5504,38123.3214,-9883.3912,-14.5360,-15.2157,1.5833,82.344,99.90,98.77
18490,10746,39424.0912,9265.7186,38165.3214,-9893.7835,-14.5353,-15.1148,1.6667,82.447,102.59,101.42
18511,10758,39465.2152,9275.3838,38208.8929,-9889.5771,-14.5135,-14.1537,1.7500,82.550,103.79,102.60
18530,10770,39510.5845,9286.0468,38250.0714,-9911.5370,-14.5294,-14.8385,1.5833,82.656,106.00,104.83
18553,10782,39555.0817,9296.5049,38295.8929,-9912.0938,-14.5135,-14.1168,1.9167,82.761,104.86,103.53
18572,10794,39600.4511,9307.1679,38337.0714,-9934.0537,-14.5293,-14.1777,1.5833,82.868,106.87,105.65
18595,10806,39644.9483,9317.6259,38382.8929,-9934.6104,-14.5135,-13.4613,1.9167,82.975,106.89,105.52
18614,10818,39690.3177,9328.2889,38424.0714,-9956.5703,-14.5293,-15.2316,1.5833,83.083,107.59,106.37
18636,10830,39736.9548,9339.2499,38468.3214,-9971.7258,-14.5344,-14.7305,1.8333,83.186,103.87,102.50
18655,10842,39778.5087,9349.0162,38511.0714,-9972.4062,-14.5199,-14.7920,1.5833,83.293,106.41,105.13
18675,10854,39822.0067,9359.2394,38552.9286,-9984.2832,-14.5214,-14.1137,1.6667,83.398,105.54,104.28
18697,10866,39868.3753,9370.1372,38598.0714,-9994.9229,-14.5199,-14.7920,1.8333,83.504,105.27,103.79
18717,10878,39911.8733,9380.3604,38639.9286,-10006.7998,-14.5214,-14.1137,1.6667,83.608,104.83,103.60
18739,10890,39957.3859,9391.0571,38684.1071,-10017.7489,-14.5207,-13.8356,1.8333,83.711,102.25,100.97
18758,10902,39997.4078,9400.4634,38720.3214,-10037.5437,-14.5351,-15.2157,1.5833,83.814,102.86,101.67
18778,10914,40040.6718,9410.6315,38762.3214,-10047.9360,-14.5344,-15.1148,1.6667,83.919,105.31,104.08
18799,10926,40081.7960,9420.2968,38805.8929,-10043.7296,-14.5130,-14.1537,1.7500,84.027,108.64,107.37
18818,10938,40127.1652,9430.9598,38847.0714,-10065.6896,-14.5286,-14.8385,1.5833,84.136,108.79,107.48
18841,10950,40171.6625,9441.4179,38892.8929,-10066.2463,-14.5130,-14.1168,1.9167,84.245,109.15,107.77
18860,10962,40217.0318,9452.0809,38934.0714,-10088.2062,-14.5286,-14.1777,1.5833,84.353,107.78,106.54
18883,10974,40261.5291,9462.5389,38979.8929,-10088.7629,-14.5130,-13.4613,1.9167,84.462,108.78,107.39
18902,10986,40306.8983,9473.2019,39021.0714,-10110.7229,-14.5285,-15.2316,1.5833,84.568,106.21,104.97
18924,10998,40353.5354,9484.1629,39065.3214,-10125.8783,-14.5336,-14.7305,1.8333,84.671,102.42,101.09
18943,11010,40395.0895,9493.9292,39108.0714,-10126.5588,-14.5193,-14.7920,1.5833,84.775,104.78,103.58
18963,11022,40438.5874,9504.1524,39149.9286,-10138.4357,-14.5207,-14.1137,1.6667,84.880,105.09,103.86
18985,11034,40484.1001,9514.8491,39194.1071,-10149.3847,-14.5201,-14.8292,1.8333,84.986,105.18,103.88
19004,11046,40524.1219,9524.2553,39230.3214,-10169.1796,-14.5343,-14.7727,1.5833,85.090,104.27,103.05
19024,11058,40567.3858,9534.4235,39272.3214,-10179.5719,-14.5336,-14.4945,1.6667,85.196,105.64,104.32
19045,11070,40608.5102,9544.0888,39315.8929,-10175.3655,-14.5125,-14.1537,1.7500,85.304,108.31,107.03
19064,11082,40653.8793,9554.7517,39357.0714,-10197.3254,-14.5279,-14.8385,1.5833,85.413,109.32,108.07
19087,11094,40698.3767,9565.2098,39402.8929,-10197.8821,-14.5125,-14.1537,1.9167,85.521,108.27,106.89
19106,11106,40743.7459,9575.8728,39444.0714,-10219.8421,-14.5278,-14.8385,1.5833,85.630,108.94,107.68
19129,11118,40788.2433,9586.3309,39489.8929,-10220.3988,-14.5125,-14.1168,1.9167,85.739,108.88,107.47
19148,11130,40833.6124,9596.9938,39531.0714,-10242.3587,-14.5278,-14.1777,1.5833,85.846,106.94,105.66
19171,11142,40878.1099,9607.4519,39576.8929,-10242.9155,-14.5124,-13.4613,1.9167,85.954,107.67,106.30
19190,11154,40923.4790,9618.1149,39618.0714,-10264.8754,-14.5278,-15.2316,1.5833,86.062,107.89,106.63
19212,11166,40970.1160,9629.0759,39662.3214,-10280.0308,-14.5328,-14.7305,1.8333,86.165,103.42,102.07
19231,11178,41011.6702,9638.8422,39705.0714,-10280.7113,-14.5187,-14.7920,1.5833,86.270,104.78,103.54
19251,11190,41055.1682,9649.0654,39746.9286,-10292.5882,-14.5201,-14.1137,1.6667,86.373,102.87,101.59
19273,11202,41100.6808,9659.7621,39791.1071,-10303.5372,-14.5194,-14.8292,1.8333,86.477,104.46,103.14
19292,11214,41140.7025,9669.1682,39827.3214,-10323.3321,-14.5335,-14.7727,1.5833,86.581,103.87,102.64
19312,11226,41183.9664,9679.3364,39869.3214,-10333.7244,-14.5328,-14.4945,1.6667,86.685,103.96,102.72
19333,11238,41225.0910,9689.0018,39912.8929,-10329.5180,-14.5119,-14.1537,1.7500,86.792,107.14,105.86
19352,11250,41270.4600,9699.6647,39954.0714,-10351.4779,-14.5271,-14.8385,1.5833,86.900,107.51,106.26
19375,11262,41314.9575,9710.1229,39999.8929,-10352.0347,-14.5119,-14.1168,1.9167,87.007,107.20,105.81
19394,11274,41360.3265,9720.7858,40041.0714,-10373.9946,-14.5271,-14.1777,1.5833,87.111,104.21,102.98
19417,11286,41404.8241,9731.2439,40086.8929,-10374.5513,-14.5119,-13.4613,1.9167,87.216,104.75,103.42
19436,11298,41450.1931,9741.9068,40128.0714,-10396.5113,-14.5271,-15.2316,1.5833,87.320,104.02,102.76
19459,11310,41494.6907,9752.3650,40173.8929,-10397.0680,-14.5119,-13.7412,1.9167,87.423,103.05,101.71
19478,11322,41540.0596,9763.0279,40215.0714,-10419.0279,-14.5270,-15.2316,1.5833,87.528,105.31,104.12
19500,11334,41586.6966,9773.9888,40259.3214,-10434.1834,-14.5319,-14.7305,1.8333,87.629,100.91,99.63
19519,11346,41628.2509,9783.7552,40302.0714,-10434.8638,-14.5181,-14.7920,1.5833,87.731,102.05,100.91
19539,11358,41671.7489,9793.9784,40343.9286,-10446.7407,-14.5195,-14.1137,1.6667,87.832,100.98,99.80
19561,11370,41717.2615,9804.6751,40388.1071,-10457.6898,-14.5188,-14.8292,1.8333,87.933,100.45,99.23
19580,11382,41757.2831,9814.0812,40424.3214,-10477.4846,-14.5327,-14.7727,1.5833,88.033,100.02,98.90
19600,11394,41800.5471,9824.2494,40466.3214,-10487.8769,-14.5320,-14.4945,1.6667,88.132,99.57,98.43
19621,11406,41841.6717,9833.9148,40509.8929,-10483.6705,-14.5114,-14.1537,1.7500,88.236,104.15,102.94
19640,11418,41887.0406,9844.5777,40551.0714,-10505.6305,-14.5264,-14.8385,1.5833,88.342,105.08,103.87
19663,11430,41931.5383,9855.0359,40596.8929,-10506.1872,-14.5114,-14.1168,1.9167,88.446,104.50,103.19
19682,11442,41976.9072,9865.6988,40638.0714,-10528.1471,-14.5264,-14.1777,1.5833,88.551,105.14,103.97
19705,11454,42021.4049,9876.1569,40683.8929,-10528.7038,-14.5114,-13.4613,1.9167,88.655,103.60,102.27
19724,11466,42066.7738,9886.8198,40725.0714,-10550.6638,-14.5263,-15.2316,1.5833,88.758,103.01,101.82
19746,11478,42113.4107,9897.7808,40769.3214,-10565.8192,-14.5312,-14.7305,1.8333,88.858,100.34,99.02
19765,11490,42154.9651,9907.5472,40812.0714,-10566.4997,-14.5175,-14.7920,1.5833,88.958,99.43,98.32
19785,11502,42198.4631,9917.7704,40853.9286,-10578.3766,-14.5189,-14.1137,1.6667,89.058,100.66,99.49
19807,11514,42244.8317,9928.6682,40899.0714,-10589.0163,-14.5175,-14.7920,1.8333,89.159,100.47,99.26
19827,11526,42288.3296,9938.8914,40940.9286,-10600.8932,-14.5189,-14.1137,1.6667,89.259,100.59,99.40
19849,11538,42333.8423,9949.5881,40985.1071,-10611.8423,-14.5182,-14.8292,1.8333,89.361,101.66,100.44
19868,11550,42373.8637,9958.9942,41021.3214,-10631.6372,-14.5319,-14.7727,1.5833,89.462,100.94,99.76
19888,11562,42417.1277,9969.1624,41063.3214,-10642.0295,-14.5312,-14.4945,1.6667,89.563,101.06,99.89
19909,11574,42458.2525,9978.8278,41106.8929,-10637.8230,-14.5110,-14.1537,1.7500,89.667,104.24,103.02
19928,11586,42503.6213,9989.4907,41148.0714,-10659.7830,-14.5257,-14.8385,1.5833,89.771,103.66,102.51
19951,11598,42548.1191,9999.9489,41193.8929,-10660.3397,-14.5110,-14.1168,1.9167,89.874,103.55,102.29
19970,11610,42593.4879,10010.6118,41235.0714,-10682.2996,-14.5257,-14.1777,1.5833,89.979,104.37,103.24
19993,11622,42637.9857,10021.0699,41280.8929,-10682.8564,-14.5110,-13.4613,1.9167,90.083,104.70,103.40
20012,11634,42683.3544,10031.7328,41322.0714,-10704.8163,-14.5257,-15.2316,1.5833,90.189,105.28,104.10
20034,11646,42729.9913,10042.6937,41366.3214,-10719.9717,-14.5304,-14.7305,1.8333,90.289,100.77,99.49
20053,11658,42771.5459,10052.4602,41409.0714,-10720.6522,-14.5170,-14.7920,1.5833,90.391,101.86,100.71
20073,11670,42815.0438,10062.6834,41450.9286,-10732.5291,-14.5183,-14.1137,1.6667,90.493,101.79,100.56
20095,11682,42861.4124,10073.5812,41496.0714,-10743.1689,-14.5169,-14.7920,1.8333,90.595,101.92,100.67
20115,11694,42904.9104,10083.8044,41537.9286,-10755.0458,-14.5183,-14.1137,1.6667,90.697,101.72,100.52
20137,11706,42950.4230,10094.5011,41582.1071,-10765.9948,-14.5177,-13.8356,1.8333,90.798,101.56,100.32
20156,11718,42990.4443,10103.9072,41618.3214,-10785.7897,-14.5311,-15.2157,1.5833,90.899,100.62,99.49
20176,11730,43033.7083,10114.0754,41660.3214,-10796.1820,-14.5305,-15.1148,1.6667,91.000,101.13,99.96
20197,11742,43074.8333,10123.7409,41703.8929,-10791.9756,-14.5105,-14.1537,1.7500,91.105,104.94,103.70
20216,11754,43120.2020,10134.4037,41745.0714,-10813.9355,-14.5250,-14.8385,1.5833,91.210,104.84,103.66
20239,11766,43164.6999,10144.8619,41790.8929,-10814.4922,-14.5105,-14.1168,1.9167,91.314,104.49,103.17
20258,11778,43210.0686,10155.5248,41832.0714,-10836.4522,-14.5250,-14.1777,1.5833,91.420,105.22,104.06
20281,11790,43254.5665,10165.9830,41877.8929,-10837.0089,-14.5105,-13.4613,1.9167,91.523,103.64,102.30
20300,11802,43299.9351,10176.6458,41919.0714,-10858.9688,-14.5250,-15.2316,1.5833,91.625,102.22,101.07
20322,11814,43346.5720,10187.6067,41963.3214,-10874.1243,-14.5297,-14.7305,1.8333,91.727,101.46,100.18
20341,11826,43388.1266,10197.3732,42006.0714,-10874.8047,-14.5164,-14.7920,1.5833,91.828,101.57,100.44
20361,11838,43431.6246,10207.5964,42047.9286,-10886.6816,-14.5177,-14.1137,1.6667,91.930,101.48,100.31
20383,11850,43477.9932,10218.4942,42093.0714,-10897.3214,-14.5164,-14.7920,1.8333,92.031,101.53,100.30
20403,11862,43521.4911,10228.7174,42134.9286,-10909.1983,-14.5177,-14.1137,1.6667,92.130,98.95,97.82
20425,11874,43567.0038,10239.4141,42179.1071,-10920.1473,-14.5171,-13.8356,1.8333,92.232,101.73,100.49
20444,11886,43607.0250,10248.8202,42215.3214,-10939.9422,-14.5303,-15.2157,1.5833,92.333,100.43,99.29
20464,11898,43650.2890,10258.9884,42257.3214,-10950.3345,-14.5297,-15.1148,1.6667,92.434,101.85,100.69
20485,11910,43691.4141,10268.6539,42300.8929,-10946.1281,-14.5100,-14.1537,1.7500,92.538,103.17,101.91
20504,11922,43736.7827,10279.3167,42342.0714,-10968.0880,-14.5244,-14.8385,1.5833,92.640,102.86,101.71
20527,11934,43781.2807,10289.7749,42387.8929,-10968.6448,-14.5100,-14.1168,1.9167,92.746,105.65,104.31
20546,11946,43826.6493,10300.4378,42429.0714,-10990.6047,-14.5243,-14.1777,1.5833,92.850,103.79,102.63
20569,11958,43871.1473,10310.8960,42474.8929,-10991.1614,-14.5100,-13.4613,1.9167,92.952,102.00,100.72
20588,11970,43916.5158,10321.5588,42516.0714,-11013.1213,-14.5243,-15.2316,1.5833,93.056,104.50,103.34
20610,11982,43963.1526,10332.5197,42560.3214,-11028.2768,-14.5290,-14.7305,1.8333,93.157,100.93,99.65
20629,11994,44004.7074,10342.2862,42603.0714,-11028.9572,-14.5159,-14.7920,1.5833,93.259,102.06,100.92
20649,12006,44048.2053,10352.5094,42644.9286,-11040.8342,-14.5172,-14.1137,1.6667,93.361,101.64,100.46
20671,12018,44094.5740,10363.4073,42690.0714,-11051.4739,-14.5159,-14.7920,1.8333,93.463,101.71,100.47
20691,12030,44138.0719,10373.6304,42731.9286,-11063.3508,-14.5172,-14.1137,1.6667,93.563,100.66,99.47
20713,12042,44183.5845,10384.3271,42776.1071,-11074.2999,-14.5166,-13.8356,1.8333,93.665,102.01,100.77
22766,13242,48579.5618,11417.4997,47031.0714,-12178.7915,-14.5197,-14.8385,1.5833,103.884,104.94,103.73
24824,14442,52985.4936,12453.0118,51297.0714,-13280.3758,-14.5163,-15.2316,1.5833,114.325,105.62,104.44
26881,15642,57388.8956,13487.9293,55562.1071,-14375.5887,-14.5075,-14.8292,1.8333,124.544,100.98,99.74
28934,16842,61784.8725,14521.1018,59817.0714,-15480.0804,-14.5107,-14.8385,1.5833,134.756,104.20,102.98
30992,18042,66190.8047,15556.6140,64083.0714,-16581.6647,-14.5085,-15.2316,1.5833,145.034,105.63,104.44
33049,19242,70595.0637,16591.7329,68349.0714,-17676.5682,-14.5014,-14.7920,1.5833,155.473,105.55,104.35
35104,20442,74993.5555,17625.4965,72605.3214,-18786.1324,-14.5079,-14.4945,1.6667,166.097,104.91,103.66
37160,21642,79396.1165,18660.2163,76869.0714,-19882.9535,-14.5034,-14.1777,1.5833,176.729,109.14,107.87
39217,22842,83800.3762,19695.3355,81135.0714,-20977.8571,-14.4976,-14.7920,1.5833,187.379,105.02,103.79
41275,24042,88205.4527,20730.6466,85400.1071,-22079.7507,-14.4971,-13.8356,1.8333,198.016,105.59,104.24
43328,25242,92601.4288,21763.8188,89655.0714,-23184.2424,-14.4996,-14.8385,1.5833,208.615,108.61,107.33
45386,26442,97007.3614,22799.3311,93921.0714,-24285.8267,-14.4987,-15.2316,1.5833,219.100,104.98,103.79
47443,27642,101411.6216,23834.4504,98187.0714,-25380.7302,-14.4942,-14.7920,1.8333,229.471,101.23,100.00
49498,28842,105810.1122,24868.2136,102443.3214,-26490.2943,-14.4990,-15.1148,1.6667,239.710,101.63,100.44
51554,30042,110212.6740,25902.9337,106707.0714,-27587.1155,-14.4961,-14.1777,1.5833,249.960,104.03,102.86
53611,31242,114616.9346,26938.0530,110973.0714,-28682.0191,-14.4922,-14.7920,1.5833,260.213,101.96,100.82
55669,32442,119022.0111,27973.3641,115238.1071,-29783.9127,-14.4920,-13.8356,1.8333,270.436,101.54,100.29
57722,33642,123417.9869,29006.5363,119493.0714,-30888.4044,-14.4941,-14.8385,1.5833,280.679,105.41,104.20
59780,34842,127823.9195,30042.0486,123759.0714,-31989.9887,-14.4936,-15.2316,1.5833,290.908,101.81,100.67
61837,36042,132227.3242,31076.9668,128024.1071,-33085.2015,-14.4905,-14.8292,1.8333,301.141,101.38,100.13
63890,37242,136623.2998,32110.1389,132279.0714,-34189.6932,-14.4925,-14.8385,1.5833,311.358,104.53,103.32
65948,38442,141029.2325,33145.6513,136545.0714,-35291.2775,-14.4921,-15.2316,1.5833,321.620,104.93,103.74
68005,39642,145433.4936,34180.7707,140811.0714,-36386.1811,-14.4891,-14.7920,1.8333,331.848,99.12,97.88
70060,40842,149831.9832,35214.5337,145067.3214,-37495.7452,-14.4927,-14.4945,1.6667,342.099,101.46,100.28
72116,42042,154234.5456,36249.2539,149331.0714,-38592.5664,-14.4908,-14.1777,1.5833,352.367,106.44,105.23
74173,43242,158638.8068,37284.3734,153597.0714,-39687.4699,-14.4881,-14.7920,1.5833,362.656,99.99,98.84
76231,44442,163043.8833,38319.6845,157862.1071,-40789.3635,-14.4881,-13.8356,1.8333,372.928,101.55,100.29
78284,45642,167439.8587,39352.8566,162117.0714,-41893.8552,-14.4898,-14.8385,1.5833,383.179,104.47,103.28
80342,46842,171845.7915,40388.3690,166383.0714,-42995.4395,-14.4895,-15.2316,1.5833,393.396,105.26,104.07
82399,48042,176250.0528,41423.4885,170649.0714,-44090.3430,-14.4871,-14.7920,1.8333,403.677,101.37,100.14
84454,49242,180648.5421,42457.2514,174905.3214,-45199.9072,-14.4901,-15.1148,1.6667,413.927,101.88,100.69
86510,50442,185051.1047,43491.9717,179169.0714,-46296.7283,-14.4886,-14.1777,1.5833,424.207,104.41,103.23
88567,51642,189455.3661,44527.0912,183435.0714,-47391.6319,-14.4864,-14.7920,1.5833,434.458,102.01,100.84
90622,52842,193853.8553,45560.8541,187691.3214,-48501.1960,-14.4893,-14.4945,1.6667,444.690,101.27,100.07
92678,54042,198256.4179,46595.5744,191955.0714,-49598.0172,-14.4879,-14.8385,1.5833,454.937,105.12,103.92
94736,55242,202662.3507,47631.0867,196221.0714,-50699.6015,-14.4877,-15.2316,1.5833,465.190,105.11,103.89
96793,56442,207065.7560,48666.0050,200486.1071,-51794.8143,-14.4858,-14.8292,1.8333,475.423,100.22,98.96
98846,57642,211461.7312,49699.1771,204741.0714,-52899.3060,-14.4872,-14.8385,1.5833,485.681,104.88,103.71
100904,58842,215867.6640,50734.6894,209007.0714,-54000.8903,-14.4870,-15.2316,1.5833,495.928,104.88,103.71
102961,60042,220271.9256,51769.8090,213273.0714,-55095.7939,-14.4852,-14.7920,1.8333,506.132,100.12,98.84
105016,61242,224670.4145,52803.5718,217529.3214,-56205.3580,-14.4877,-14.4945,1.6667,516.360,101.58,100.39
107072,62442,229072.9773,53838.2921,221793.0714,-57302.1792,-14.4865,-14.1777,1.5833,526.599,102.69,101.52
109129,63642,233477.2389,54873.4117,226059.0714,-58397.0827,-14.4847,-14.7920,1.5833,536.827,100.00,98.89
111187,64842,237882.3155,55908.7228,230324.1071,-59498.9763,-14.4848,-13.8356,1.8333,547.085,98.86,97.65
113240,66042,242278.2906,56941.8949,234579.0714,-60603.4680,-14.4860,-14.8385,1.5833,557.345,105.27,104.08
115298,67242,246684.2234,57977.4072,238845.0714,-61705.0523,-14.4858,-15.2316,1.5833,567.603,104.65,103.48
117355,68442,251088.4851,59012.5268,243111.0714,-62799.9559,-14.4842,-14.7920,1.8333,577.864,100.85,99.62
119410,69642,255486.9738,60046.2896,247367.3214,-63909.5200,-14.4864,-15.1148,1.6667,588.073,101.70,100.54
121466,70842,259889.5367,61081.0099,251631.0714,-65006.3412,-14.4854,-14.1777,1.5833,598.321,104.31,103.11
123523,72042,264293.7985,62116.1295,255897.0714,-66101.2447,-14.4839,-14.7920,1.5833,608.576,101.84,100.69
125578,73242,268692.2872,63149.8923,260153.3214,-67210.8088,-14.4860,-14.4945,1.6667,618.812,98.94,97.80
127634,74442,273094.8501,64184.6127,264417.0714,-68307.6300,-14.4850,-14.1777,1.5833,629.084,105.12,103.93
129692,75642,277500.7828,65220.1250,268683.0714,-69409.2143,-14.4849,-15.2316,1.5833,639.278,105.28,104.08
131749,76842,281904.1884,66255.0434,272948.1071,-70504.4272,-14.4836,-14.8292,1.8333,649.589,106.28,105.00
133802,78042,286300.1634,67288.2154,277203.0714,-71608.9188,-14.4847,-14.8385,1.5833,659.833,105.03,103.83
135860,79242,290706.0962,68323.7277,281469.0714,-72710.5032,-14.4846,-15.2316,1.5833,670.108,104.31,103.12
137917,80442,295110.3581,69358.8474,285735.0714,-73805.4067,-14.4832,-14.7920,1.8333,680.348,101.61,100.35
139972,81642,299508.8466,70392.6101,289991.3214,-74914.9708,-14.4851,-15.1148,1.6667,690.599,100.24,99.07
142028,82842,303911.4096,71427.3305,294255.0714,-76011.7920,-14.4843,-14.1777,1.5833,700.857,103.30,102.12
144085,84042,308315.6715,72462.4501,298521.0714,-77106.6955,-14.4830,-14.7920,1.5833,711.085,101.58,100.46
146143,85242,312720.7480,73497.7612,302786.1071,-78208.5892,-14.4830,-13.8356,1.8333,721.320,101.36,100.10
148196,86442,317116.7230,74530.9332,307041.0714,-79313.0808,-14.4840,-14.8385,1.5833,731.542,102.71,101.49
150254,87642,321522.6558,75566.4456,311307.0714,-80414.6652,-14.4839,-15.2316,1.5833,741.792,103.67,102.46
152311,88842,325926.0614,76601.3640,315572.1071,-81509.8780,-14.4828,-14.8292,1.8333,751.997,101.65,100.39
154364,90042,330322.0364,77634.5360,319827.0714,-82614.3697,-14.4837,-14.8385,1.5833,762.233,104.35,103.17
156422,91242,334727.9692,78670.0483,324093.0714,-83715.9540,-14.4836,-14.1777,1.5833,772.495,103.91,102.72
158479,92442,339132.2311,79705.1680,328359.0714,-84810.8575,-14.4825,-14.7920,1.5833,782.724,101.87,100.71
160534,93642,343530.7195,80738.9307,332615.3214,-85920.4217,-14.4841,-14.4945,1.6667,793.617,100.70,99.53
162590,94842,347933.2826,81773.6511,336879.0714,-87017.2428,-14.4834,-14.1777,1.5833,804.917,117.65,116.38
164647,96042,352337.5446,82808.7707,341145.0714,-88112.1464,-14.4823,-14.7920,1.5833,816.570,115.28,114.03
166705,97242,356742.6211,83844.0818,345410.1071,-89214.0400,-14.4823,-14.8292,1.8333,827.902,99.02,97.77
168758,98442,361138.5960,84877.2538,349665.0714,-90318.5317,-14.4832,-14.8385,1.5833,838.860,103.16,101.99
170816,99642,365544.5288,85912.7661,353931.0714,-91420.1160,-14.4831,-15.2316,1.5833,850.040,115.85,114.57
172873,100842,369948.7908,86947.8858,358197.0714,-92515.0195,-14.4821,-14.7920,1.8333,861.658,115.31,113.94
174928,102042,374347.2791,87981.6485,362453.3214,-93624.5836,-14.4836,-15.1148,1.6667,872.614,113.85,112.57
176984,103242,378749.8422,89016.3689,366717.0714,-94721.4048,-14.4829,-14.1777,1.5833,884.259,119.28,117.91
179041,104442,383154.1042,90051.4886,370983.0714,-95816.3084,-14.4819,-14.7920,1.5833,895.889,115.50,114.22
181099,105642,387559.1808,91086.7997,375248.1071,-96918.2020,-14.4820,-13.8356,1.8333,907.430,100.60,99.38
183152,106842,391955.1556,92119.9716,379503.0714,-98022.6937,-14.4827,-14.8385,1.5833,918.338,105.13,103.96
185210,108042,396361.0884,93155.4840,383769.0714,-99124.2780,-14.4827,-15.2316,1.5833,928.598,105.20,104.01
187267,109242,400764.4942,94190.4024,388034.1071,-100219.4908,-14.4818,-14.8292,1.8333,938.839,101.29,100.01
189320,110442,405160.4690,95223.5744,392289.0714,-101323.9825,-14.4826,-14.8385,1.5833,949.094,105.29,104.09
191378,111642,409566.4018,96259.0867,396555.0714,-102425.5668,-14.4825,-15.2316,1.5833,959.317,103.31,102.15
193435,112842,413970.6639,97294.2064,400821.0714,-103520.4704,-14.4816,-14.7920,1.5833,969.549,102.00,100.85
195490,114042,418369.1521,98327.9691,405077.3214,-104630.0345,-14.4830,-14.4945,1.6667,980.314,115.65,114.38
197546,115242,422771.7152,99362.6895,409341.0714,-105726.8557,-14.4824,-14.1777,1.5833,991.500,120.21,118.92
199603,116442,427175.9774,100397.8092,413607.0714,-106821.7592,-14.4815,-14.7920,1.5833,1003.205,116.28,115.01
201661,117642,431581.0539,101433.1203,417872.1071,-107923.6528,-14.4815,-13.8356,1.8333,1014.888,115.87,114.50
203714,118842,435977.0287,102466.2922,422127.0714,-109028.1445,-14.4822,-14.8385,1.5833,1026.508,120.01,118.69
205772,120042,440382.9615,103501.8046,426393.0714,-110129.7288,-14.4822,-15.2316,1.5833,1038.177,118.30,117.03
207829,121242,444787.2236,104536.9243,430659.0714,-111224.6324,-14.4813,-14.7920,1.8333,1049.885,111.84,110.52
209884,122442,449185.7118,105570.6870,434915.3214,-112334.1965,-14.4826,-15.1148,1.6667,1061.580,115.56,114.27
211940,123642,453588.2749,106605.4073,439179.0714,-113431.0176,-14.4820,-14.1777,1.5833,1073.337,119.89,118.59
213997,124842,457992.5371,107640.5270,443445.0714,-114525.9212,-14.4812,-14.7920,1.5833,1085.057,115.47,114.23
216052,126042,462391.0252,108674.2897,447701.3214,-115635.4853,-14.4824,-14.4945,1.6667,1096.764,116.20,114.91
218108,127242,466793.5883,109709.0101,451965.0714,-116732.3065,-14.4819,-14.8385,1.5833,1108.456,118.23,116.88
220166,128442,471199.5212,110744.5224,456231.0714,-117833.8908,-14.4819,-15.2316,1.5833,1120.182,120.68,119.35
222223,129642,475602.9270,111779.4409,460496.1071,-118929.1036,-14.4811,-14.8292,1.8333,1131.913,116.51,115.08
224276,130842,479998.9018,112812.6128,464751.0714,-120033.5953,-14.4818,-14.8385,1.5833,1143.605,118.19,116.94
226334,132042,484404.8346,113848.1252,469017.0714,-121135.1796,-14.4818,-15.2316,1.5833,1155.284,118.70,117.40
228391,133242,488809.0968,114883.2449,473283.0714,-122230.0832,-14.4810,-14.7920,1.8333,1167.003,116.74,115.36
230446,134442,493207.5849,115917.0076,477539.3214,-123339.6473,-14.4821,-14.4945,1.6667,1178.708,114.98,113.70
232502,135642,497610.1480,116951.7279,481803.0714,-124436.4685,-14.4816,-14.1777,1.5833,1190.401,119.58,118.25
234559,136842,502014.4102,117986.8477,486069.0714,-125531.3720,-14.4809,-14.7920,1.5833,1202.128,114.58,113.33
236617,138042,506419.4867,119022.1588,490334.1071,-126633.2656,-14.4809,-13.8356,1.8333,1213.829,115.28,113.92
238670,139242,510815.4615,120055.3307,494589.0714,-127737.7573,-14.4815,-14.8385,1.5833,1225.527,118.84,117.54
240728,140442,515221.3943,121090.8431,498855.0714,-128839.3416,-14.4815,-15.2316,1.5833,1237.235,116.81,115.55
242785,141642,519625.6565,122125.9628,503121.0714,-129934.2452,-14.4808,-14.7920,1.8333,1248.862,116.41,114.98
244840,142842,524024.1445,123159.7254,507377.3214,-131043.8093,-14.4819,-15.1148,1.6667,1260.519,115.34,114.05
246896,144042,528426.7077,124194.4458,511641.0714,-132140.6305,-14.4814,-14.1777,1.5833,1272.126,114.87,113.54
248953,145242,532830.9700,125229.5655,515907.0714,-133235.5340,-14.4807,-14.7920,1.5833,1283.706,115.53,114.25
251008,146442,537229.4580,126263.3282,520163.3214,-134345.0981,-14.4818,-14.4945,1.6667,1295.307,114.47,113.18
253064,147642,541632.0212,127298.0486,524427.0714,-135441.9193,-14.4813,-14.8385,1.5833,1306.956,119.57,118.27
255122,148842,546037.9540,128333.5609,528693.0714,-136543.5036,-14.4813,-15.2316,1.5833,1318.618,120.34,119.02
257179,150042,550441.3599,129368.4794,532958.1071,-137638.7165,-14.4806,-14.8292,1.8333,1330.293,113.63,112.29
259232,151242,554837.3346,130401.6513,537213.0714,-138743.2081,-14.4812,-14.8385,1.5833,1342.018,119.65,118.37
261290,152442,559243.2674,131437.1637,541479.0714,-139844.7925,-14.4812,-15.2316,1.5833,1353.687,119.56,118.21
263347,153642,563647.5297,132472.2834,545745.0714,-140939.6960,-14.4805,-14.7920,1.8333,1365.357,116.45,115.07
265402,154842,568046.0177,133506.0460,550001.3214,-142049.2601,-14.4815,-15.1148,1.6667,1377.026,115.92,114.63
267458,156042,572448.5809,134540.7664,554265.0714,-143146.0813,-14.4811,-14.1777,1.5833,1388.725,115.15,113.94
269515,157242,576852.8431,135575.8861,558531.0714,-144240.9848,-14.4804,-14.7920,1.5833,1400.382,116.49,115.23
271573,158442,581257.9196,136611.1972,562796.1071,-145342.8785,-14.4805,-13.8356,1.8333,1412.064,114.33,112.97
273626,159642,585653.8943,137644.3692,567051.0714,-146447.3701,-14.4810,-14.8385,1.5833,1423.733,119.84,118.54
275684,160842,590059.8271,138679.8815,571317.0714,-147548.9545,-14.4810,-15.2316,1.5833,1435.399,115.67,114.44
277741,162042,594464.0894,139715.0013,575583.0714,-148643.8580,-14.4804,-14.7920,1.8333,1447.103,116.35,114.98
279796,163242,598862.5774,140748.7639,579839.3214,-149753.4221,-14.4813,-15.1148,1.6667,1458.791,115.03,113.73
281852,164442,603265.1406,141783.4843,584103.0714,-150850.2433,-14.4809,-14.1777,1.5833,1470.473,119.82,118.51
283909,165642,607669.4029,142818.6040,588369.0714,-151945.1468,-14.4803,-14.7920,1.5833,1482.160,116.35,115.06
285964,166842,612067.8908,143852.3666,592625.3214,-153054.7110,-14.4812,-14.4945,1.6667,1493.798,113.51,112.24
288020,168042,616470.4540,144887.0870,596889.0714,-154151.5321,-14.4808,-14.1777,1.5833,1505.582,120.60,119.29
290078,169242,620876.3869,145922.5994,601155.0714,-155253.1164,-14.4808,-15.2316,1.5833,1517.414,122.90,121.56
292135,170442,625279.7928,146957.5179,605420.1071,-156348.3293,-14.4803,-14.8292,1.8333,1529.307,116.56,115.19
294188,171642,629675.7675,147990.6898,609675.0714,-157452.8210,-14.4808,-14.8385,1.5833,1541.195,121.75,120.40
296246,172842,634081.7003,149026.2021,613941.0714,-158554.4053,-14.4808,-15.2316,1.5833,1553.135,121.20,119.90
298303,174042,638485.9626,150061.3219,618207.0714,-159649.3088,-14.4802,-14.7920,1.8333,1565.030,118.81,117.41
300358,175242,642884.4505,151095.0845,622463.3214,-160758.8729,-14.4811,-15.1148,1.6667,1576.978,118.55,117.22
302414,176442,647287.0138,152129.8049,626727.0714,-161855.6941,-14.4807,-14.1777,1.5833,1588.958,122.22,120.92
304471,177642,651691.2761,153164.9246,630993.0714,-162950.5977,-14.4801,-14.7920,1.5833,1600.967,119.21,117.92
306529,178842,656096.3526,154200.2357,635258.1071,-164052.4913,-14.4801,-13.8356,1.8333,1612.971,117.37,116.02
308582,180042,660492.3272,155233.4077,639513.0714,-165156.9830,-14.4806,-14.8385,1.5833,1624.968,123.39,122.02
310640,181242,664898.2600,156268.9200,643779.0714,-166258.5673,-14.4806,-15.2316,1.5833,1636.845,122.50,121.17
312697,182442,669301.6660,157303.8385,648044.1071,-167353.7801,-14.4801,-14.8292,1.8333,1648.578,116.13,114.72
314750,183642,673697.6407,158337.0104,652299.0714,-168458.2718,-14.4806,-14.8385,1.5833,1660.318,120.68,119.36
316808,184842,678103.5735,159372.5228,656565.0714,-169559.8561,-14.4805,-14.1777,1.5833,1672.146,122.62,121.28
318865,186042,682507.8358,160407.6425,660831.0714,-170654.7597,-14.4800,-14.7920,1.5833,1683.948,118.70,117.41
320920,187242,686906.3237,161441.4051,665087.3214,-171764.3238,-14.4808,-14.4945,1.6667,1695.674,115.24,113.95
322976,188442,691308.8869,162476.1255,669351.0714,-172861.1450,-14.4805,-14.1777,1.5833,1707.372,121.67,120.32
325033,189642,695713.1493,163511.2453,673617.0714,-173956.0485,-14.4799,-14.7920,1.5833,1719.161,111.31,110.13
327091,190842,700118.2258,164546.5564,677882.1071,-175057.9421,-14.4800,-14.8292,1.8333,1730.837,114.86,113.48
329144,192042,704514.2004,165579.7283,682137.0714,-176162.4338,-14.4804,-14.8385,1.5833,1742.487,117.19,115.90
331202,193242,708920.1332,166615.2406,686403.0714,-177264.0181,-14.4804,-15.2316,1.5833,1754.176,121.19,119.86
333259,194442,713324.3955,167650.3604,690669.0714,-178358.9217,-14.4799,-14.7920,1.8333,1765.974,118.14,116.72
335314,195642,717722.8834,168684.1230,694925.3214,-179468.4858,-14.4807,-15.1148,1.6667,1777.867,118.25,116.94
337370,196842,722125.4467,169718.8434,699189.0714,-180565.3069,-14.4804,-14.1777,1.5833,1789.823,122.58,121.25
339427,198042,726529.7090,170753.9631,703455.0714,-181660.2105,-14.4798,-14.7920,1.5833,1801.721,117.00,115.74
341485,199242,730934.7855,171789.2742,707720.1071,-182762.1041,-14.4799,-13.8356,1.8333,1813.629,118.45,117.04
343538,200442,735330.7601,172822.4461,711975.0714,-183866.5958,-14.4803,-14.8385,1.5833,1825.558,118.42,117.07
345596,201642,739736.6930,173857.9585,716241.0714,-184968.1801,-14.4803,-15.2316,1.5833,1837.368,119.85,118.53
347653,202842,744140.0990,174892.8770,720506.1071,-186063.3929,-14.4798,-14.8292,1.8333,1849.108,110.55,109.27
349706,204042,748536.0736,175926.0489,724761.0714,-187167.8846,-14.4802,-14.8385,1.5833,1860.727,118.57,117.30
351764,205242,752942.0064,176961.5613,729027.0714,-188269.4689,-14.4802,-15.2316,1.5833,1872.341,119.19,117.91
353821,206442,757346.2688,177996.6810,733293.0714,-189364.3725,-14.4797,-14.7920,1.5833,1884.003,115.51,114.24
355876,207642,761744.7566,179030.4436,737549.3214,-190473.9366,-14.4805,-14.4945,1.6667,1895.640,114.22,112.92
357932,208842,766147.3199,180065.1640,741813.0714,-191570.7578,-14.4802,-14.1777,1.5833,1907.261,119.03,117.72
359989,210042,770551.5822,181100.2838,746079.0714,-192665.6613,-14.4797,-14.7920,1.5833,1918.926,116.12,114.85
362047,211242,774956.6587,182135.5949,750344.1071,-193767.5549,-14.4797,-13.8356,1.8333,1930.525,115.19,113.80
364100,212442,779352.6333,183168.7668,754599.0714,-194872.0466,-14.4801,-14.8385,1.5833,1942.149,119.09,117.77
366158,213642,783758.5661,184204.2791,758865.0714,-195973.6309,-14.4801,-15.2316,1.5833,1953.785,115.02,113.75
368215,214842,788162.8285,185239.3989,763131.0714,-197068.5345,-14.4797,-14.7920,1.8333,1965.410,116.49,115.11
370270,216042,792561.3163,186273.1615,767387.3214,-198178.0986,-14.4804,-15.1148,1.6667,1977.025,115.04,113.74
372326,217242,796963.8796,187307.8819,771651.0714,-199274.9198,-14.4801,-14.1777,1.5833,1988.640,117.64,116.32
374383,218442,801368.1420,188343.0016,775917.0714,-200369.8233,-14.4796,-14.7920,1.5833,2000.261,115.77,114.52
376438,219642,805766.6298,189376.7642,780173.3214,-201479.3874,-14.4803,-14.4945,1.6667,2011.869,114.81,113.47
378494,220842,810169.1931,190411.4846,784437.0714,-202576.2086,-14.4800,-14.8385,1.5833,2023.511,119.18,117.88
380552,222042,814575.1259,191446.9970,788703.0714,-203677.7929,-14.4800,-15.2316,1.5833,2035.140,119.26,117.91
382609,223242,818978.5319,192481.9155,792968.1071,-204773.0058,-14.4796,-14.8292,1.8333,2046.732,113.90,112.52
384662,224442,823374.5065,193515.0874,797223.0714,-205877.4974,-14.4800,-14.8385,1.5833,2058.345,119.07,117.74
386720,225642,827780.4393,194550.5998,801489.0714,-206979.0818,-14.4800,-15.2316,1.5833,2069.931,118.62,117.24
388777,226842,832184.7017,195585.7195,805755.0714,-208073.9853,-14.4795,-14.7920,1.8333,2081.522,114.51,113.12
390832,228042,836583.1895,196619.4821,810011.3214,-209183.5494,-14.4802,-14.4945,1.6667,2093.112,115.00,113.70
392888,229242,840985.7528,197654.2025,814275.0714,-210280.3706,-14.4800,-14.1777,1.5833,2104.721,119.16,117.85
394945,230442,845390.0152,198689.3223,818541.0714,-211375.2741,-14.4795,-14.7920,1.5833,2116.357,115.56,114.28
397003,231642,849795.0917,199724.6334,822806.1071,-212477.1678,-14.4795,-13.8356,1.8333,2127.936,115.05,113.68
399056,232842,854191.0663,200757.8053,827061.0714,-213581.6594,-14.4799,-14.8385,1.5833,2139.547,117.73,116.42
401114,234042,858596.9991,201793.3176,831327.0714,-214683.2438,-14.4799,-15.2316,1.5833,2151.174,118.66,117.35
403171,235242,863001.2615,202828.4374,835593.0714,-215778.1473,-14.4795,-14.7920,1.8333,2162.752,115.56,114.18
405226,236442,867399.7492,203862.1999,839849.3214,-216887.7114,-14.4801,-15.1148,1.6667,2174.381,115.86,114.57
407282,237642,871802.3126,204896.9204,844113.0714,-217984.5326,-14.4799,-14.1777,1.5833,2186.018,119.80,118.49
409339,238842,876206.5749,205932.0401,848379.0714,-219079.4361,-14.4794,-14.7920,1.5833,2197.776,118.05,116.78
411394,240042,880605.0627,206965.8027,852635.3214,-220189.0003,-14.4801,-14.4945,1.6667,2209.563,116.84,115.53
413450,241242,885007.6260,208000.5231,856899.0714,-221285.8214,-14.4798,-14.8385,1.5833,2221.275,119.14,117.78
415508,242442,889413.5588,209036.0355,861165.0714,-222387.4057,-14.4798,-15.2316,1.5833,2232.901,119.46,118.15
417565,243642,893816.9649,210070.9540,865430.1071,-223482.6186,-14.4794,-14.8292,1.8333,2244.667,114.73,113.36
419618,244842,898212.9395,211104.1259,869685.0714,-224587.1103,-14.4798,-14.8385,1.5833,2256.274,118.17,116.84
421676,246042,902618.8723,212139.6382,873951.0714,-225688.6946,-14.4798,-15.2316,1.5833,2267.891,119.35,118.03
423733,247242,907023.1347,213174.7580,878217.0714,-226783.5981,-14.4794,-14.7920,1.8333,2279.512,116.53,115.13
425788,248442,911421.6225,214208.5206,882473.3214,-227893.1622,-14.4800,-15.1148,1.6667,2291.294,118.01,116.63
427844,249642,915824.1858,215243.2410,886737.0714,-228989.9834,-14.4798,-14.1777,1.5833,2303.275,122.30,120.94
429901,250842,920228.4482,216278.3608,891003.0714,-230084.8870,-14.4793,-14.7920,1.5833,2315.270,118.67,117.36
431959,252042,924633.5247,217313.6719,895268.1071,-231186.7806,-14.4794,-13.8356,1.8333,2327.243,117.34,115.96
434012,253242,929029.4992,218346.8438,899523.0714,-232291.2723,-14.4797,-14.8385,1.5833,2339.193,121.10,119.71
436070,254442,933435.4320,219382.3561,903789.0714,-233392.8566,-14.4797,-15.2316,1.5833,2351.126,120.78,119.44
438127,255642,937839.6944,220417.4759,908055.0714,-234487.7601,-14.4793,-14.7920,1.8333,2362.958,115.80,114.41
440182,256842,942238.1822,221451.2384,912311.3214,-235597.3242,-14.4799,-15.1148,1.6667,2374.681,115.90,114.63
442238,258042,946640.7455,222485.9589,916575.0714,-236694.1454,-14.4797,-14.1777,1.5833,2386.322,117.10,115.81
444295,259242,951045.0079,223521.0786,920841.0714,-237789.0490,-14.4793,-14.7920,1.5833,2397.947,112.70,111.44
446350,260442,955443.4957,224554.8412,925097.3214,-238898.6131,-14.4799,-14.4945,1.6667,2409.568,113.93,112.65
448406,261642,959846.0590,225589.5616,929361.0714,-239995.4343,-14.4796,-14.1777,1.5833,2421.201,118.01,116.71
450463,262842,964250.3214,226624.6814,933627.0714,-241090.3378,-14.4793,-14.7920,1.5833,2432.818,111.91,110.67
452521,264042,968655.3979,227659.9925,937892.1071,-242192.2314,-14.4793,-14.8292,1.8333,2444.382,112.52,111.14
454574,265242,973051.3724,228693.1644,942147.0714,-243296.7231,-14.4796,-14.8385,1.5833,2456.004,119.50,118.22
456632,266442,977457.3053,229728.6767,946413.0714,-244398.3074,-14.4796,-15.2316,1.5833,2467.637,119.30,117.93
458689,267642,981861.5677,230763.7965,950679.0714,-245493.2110,-14.4792,-14.7920,1.8333,2479.252,114.89,113.50
460744,268842,986260.0554,231797.5591,954935.3214,-246602.7751,-14.4798,-15.1148,1.6667,2490.859,115.59,114.24
462800,270042,990662.6187,232832.2795,959199.0714,-247699.5962,-14.4796,-14.1777,1.5833,2502.494,119.34,118.03
464857,271242,995066.8811,233867.3993,963465.0714,-248794.4998,-14.4792,-14.7920,1.5833,2514.114,116.12,114.83
466915,272442,999471.9576,234902.7104,967730.1071,-249896.3934,-14.4792,-13.8356,1.8333,2525.725,115.06,113.67
468968,273642,1003867.9322,235935.8823,971985.0714,-251000.8851,-14.4796,-14.8385,1.5833,2537.341,118.81,117.51
471026,274842,1008273.8650,236971.3946,976251.0714,-252102.4694,-14.4796,-15.2316,1.5833,2548.954,117.79,116.45
473083,276042,1012677.2711,238006.3131,980516.1071,-253197.6822,-14.4792,-14.8292,1.8333,2560.610,113.37,112.05
475136,277242,1017073.2457,239039.4850,984771.0714,-254302.1739,-14.4795,-14.8385,1.5833,2572.238,117.02,115.68
477194,278442,1021479.1785,240074.9974,989037.0714,-255403.7582,-14.4795,-14.1777,1.5833,2583.867,117.44,116.12
479251,279642,1025883.4409,241110.1171,993303.0714,-256498.6618,-14.4792,-14.7920,1.5833,2595.450,115.59,114.32
481306,280842,1030281.9286,242143.8797,997559.3214,-257608.2259,-14.4797,-14.4945,1.6667,2607.036,110.15,108.92
483362,282042,1034684.4919,243178.6001,1001823.0714,-258705.0471,-14.4795,-14.1777,1.5833,2618.666,118.78,117.50
485419,283242,1039088.7544,244213.7199,1006089.0714,-259799.9506,-14.4791,-14.7920,1.5833,2630.272,115.70,114.42
487477,284442,1043493.8309,245249.0310,1010354.1071,-260901.8442,-14.4792,-14.8292,1.8333,2641.847,114.73,113.37
489530,285642,1047889.8054,246282.2029,1014609.0714,-262006.3359,-14.4795,-14.8385,1.5833,2653.464,118.16,116.85
491588,286842,1052295.7382,247317.7152,1018875.0714,-263107.9202,-14.4795,-15.2316,1.5833,2665.040,115.97,114.66
493645,288042,1056700.0007,248352.8350,1023141.0714,-264202.8238,-14.4791,-14.7920,1.8333,2676.641,113.11,111.73
495700,289242,1061098.4884,249386.5976,1027397.3214,-265312.3879,-14.4797,-15.1148,1.6667,2688.274,116.29,114.94
497756,290442,1065501.0517,250421.3180,1031661.0714,-266409.2091,-14.4794,-14.1777,1.5833,2699.940,119.84,118.53
499813,291642,1069905.3141,251456.4378,1035927.0714,-267504.1126,-14.4791,-14.7920,1.5833,2711.605,116.46,115.13
501871,292842,1074310.3906,252491.7489,1040192.1071,-268606.0062,-14.4791,-13.8356,1.8333,2723.298,114.20,112.80
503924,294042,1078706.3652,253524.9208,1044447.0714,-269710.4979,-14.4794,-14.8385,1.5833,2734.939,119.64,118.36
505982,295242,1083112.2980,254560.4331,1048713.0714,-270812.0822,-14.4794,-15.2316,1.5833,2746.603,119.30,118.01
508039,296442,1087515.7041,255595.3516,1052978.1071,-271907.2951,-14.4791,-14.8292,1.8333,2758.267,115.70,114.35
510092,297642,1091911.6786,256628.5235,1057233.0714,-273011.7867,-14.4794,-14.8385,1.5833,2769.923,119.06,117.76
512150,298842,1096317.6114,257664.0359,1061499.0714,-274113.3711,-14.4794,-15.2316,1.5833,2781.581,120.06,118.75
514207,300042,1100721.8739,258699.1556,1065765.0714,-275208.2746,-14.4790,-14.7920,1.5833,2793.236,114.77,113.50
516262,301242,1105120.3616,259732.9182,1070021.3214,-276317.8387,-14.4796,-14.4945,1.6667,2804.864,114.13,112.86
518318,302442,1109522.9249,260767.6386,1074285.0714,-277414.6599,-14.4794,-14.1777,1.5833,2816.468,117.11,115.84
520375,303642,1113927.1873,261802.7584,1078551.0714,-278509.5634,-14.4790,-14.7920,1.5833,2828.076,115.05,113.81
522433,304842,1118332.2638,262838.0695,1082816.1071,-279611.4571,-14.4791,-13.8356,1.8333,2839.682,115.27,113.86
524486,306042,1122728.2384,263871.2414,1087071.0714,-280715.9487,-14.4793,-14.8385,1.5833,2851.294,115.04,113.74
526544,307242,1127134.1712,264906.7538,1091337.0714,-281817.5331,-14.4793,-15.2316,1.5833,2862.891,118.30,117.02
528601,308442,1131538.4336,265941.8735,1095603.0714,-282912.4366,-14.4790,-14.7920,1.8333,2874.519,111.74,110.43
530656,309642,1135936.9213,266975.6361,1099859.3214,-284022.0007,-14.4795,-15.1148,1.6667,2886.115,111.57,110.30
532712,310842,1140339.4847,268010.3565,1104123.0714,-285118.8219,-14.4793,-14.1777,1.5833,2897.743,117.10,115.86
534769,312042,1144743.7471,269045.4763,1108389.0714,-286213.7254,-14.4790,-14.7920,1.5833,2909.346,115.56,114.25
536824,313242,1149142.2348,270079.2388,1112645.3214,-287323.2896,-14.4795,-14.4945,1.6667,2920.912,110.10,108.86
538880,314442,1153544.7981,271113.9593,1116909.0714,-288420.1107,-14.4793,-14.8385,1.5833,2932.613,117.09,115.77
540938,315642,1157950.7310,272149.4716,1121175.0714,-289521.6950,-14.4793,-15.2316,1.5833,2944.400,118.89,117.60
542995,316842,1162354.1371,273184.3901,1125440.1071,-290616.9079,-14.4790,-14.8292,1.8333,2956.003,115.24,113.86
545048,318042,1166750.1116,274217.5620,1129695.0714,-291721.3996,-14.4793,-14.8385,1.5833,2967.616,117.58,116.26
547106,319242,1171156.0444,275253.0744,1133961.0714,-292822.9839,-14.4793,-15.2316,1.5833,2979.200,119.12,117.79
549163,320442,1175560.3069,276288.1942,1138227.0714,-293917.8874,-14.4789,-14.7920,1.8333,2990.794,113.38,112.02
551218,321642,1179958.7945,277321.9567,1142483.3214,-295027.4516,-14.4794,-14.4945,1.6667,3002.399,115.09,113.78
553274,322842,1184361.3579,278356.6771,1146747.0714,-296124.2727,-14.4792,-14.1777,1.5833,3014.155,118.62,117.34
555331,324042,1188765.6203,279391.7969,1151013.0714,-297219.1763,-14.4789,-14.7920,1.5833,3026.007,118.85,117.58
557389,325242,1193170.6968,280427.1080,1155278.1071,-298321.0699,-14.4790,-13.8356,1.8333,3037.917,117.09,115.67
559442,326442,1197566.6714,281460.2799,1159533.0714,-299425.5616,-14.4792,-14.8385,1.5833,3049.829,118.95,117.58
561500,327642,1201972.6042,282495.7923,1163799.0714,-300527.1459,-14.4792,-15.2316,1.5833,3061.621,122.31,120.97
563557,328842,1206376.8666,283530.9120,1168065.0714,-301622.0494,-14.4789,-14.7920,1.8333,3073.417,118.81,117.41
565612,330042,1210775.3543,284564.6746,1172321.3214,-302731.6135,-14.4794,-15.1148,1.6667,3085.341,118.75,117.42
567668,331242,1215177.9176,285599.3950,1176585.0714,-303828.4347,-14.4792,-14.1777,1.5833,3097.075,120.29,119.01
569725,332442,1219582.1801,286634.5148,1180851.0714,-304923.3383,-14.4789,-14.7920,1.5833,3108.993,114.99,113.72
571780,333642,1223980.6678,287668.2773,1185107.3214,-306032.9024,-14.4794,-14.4945,1.6667,3120.906,115.86,114.55
573836,334842,1228383.2311,288702.9978,1189371.0714,-307129.7236,-14.4792,-14.1777,1.5833,3132.856,120.22,118.89
575894,336042,1232789.1639,289738.5101,1193637.0714,-308231.3079,-14.4792,-15.2316,1.5833,3144.637,119.61,118.28
577951,337242,1237192.5701,290773.4286,1197902.1071,-309326.5207,-14.4789,-14.8292,1.8333,3156.207,113.27,111.85
580004,338442,1241588.5446,291806.6005,1202157.0714,-310431.0124,-14.4792,-14.8385,1.5833,3167.780,117.26,115.98
582062,339642,1245994.4774,292842.1129,1206423.0714,-311532.5967,-14.4792,-15.2316,1.5833,3179.387,115.63,114.32
584119,340842,1250398.7399,293877.2327,1210689.0714,-312627.5003,-14.4789,-14.7920,1.8333,3191.005,115.61,114.23
586174,342042,1254797.2275,294910.9952,1214945.3214,-313737.0644,-14.4793,-15.1148,1.6667,3202.561,114.72,113.40
588230,343242,1259199.7909,295945.7156,1219209.0714,-314833.8855,-14.4791,-14.1777,1.5833,3214.294,122.67,121.37
590287,344442,1263604.0533,296980.8354,1223475.0714,-315928.7891,-14.4788,-14.7920,1.5833,3226.118,117.98,116.71
592345,345642,1268009.1298,298016.1465,1227740.1071,-317030.6827,-14.4789,-13.8356,1.8333,3238.075,118.13,116.75
594398,346842,1272405.1043,299049.3184,1231995.0714,-318135.1744,-14.4791,-14.8385,1.5833,3249.994,122.46,121.13
596456,348042,1276811.0372,300084.8308,1236261.0714,-319236.7587,-14.4791,-15.2316,1.5833,3261.985,123.20,121.86
598513,349242,1281215.2996,301119.9505,1240527.0714,-320331.6622,-14.4788,-14.7920,1.8333,3273.961,116.79,115.43
600566,350442,1285610.4178,302152.9212,1244781.0714,-321436.4632,-14.4791,-14.8385,1.5833,3285.858,122.27,120.94
602624,351642,1290016.3506,303188.4335,1249047.0714,-322538.0475,-14.4791,-14.1777,1.5833,3297.807,122.94,121.60
604681,352842,1294420.6131,304223.5533,1253313.0714,-323632.9511,-14.4788,-14.7920,1.5833,3309.709,113.62,112.37
606736,354042,1298819.1007,305257.3158,1257569.3214,-324742.5152,-14.4793,-14.4945,1.6667,3321.600,115.79,114.51
608792,355242,1303221.6641,306292.0363,1261833.0714,-325839.3364,-14.4791,-14.1777,1.5833,3333.512,121.54,120.20
610849,356442,1307625.9266,307327.1561,1266099.0714,-326934.2399,-14.4788,-14.7920,1.5833,3345.416,118.43,117.15
612907,357642,1312031.0031,308362.4671,1270364.1071,-328036.1335,-14.4788,-14.8292,1.8333,3357.329,118.31,116.92
614960,358842,1316426.9776,309395.6390,1274619.0714,-329140.6252,-14.4791,-14.8385,1.5833,3369.242,120.85,119.55
617018,360042,1320832.9104,310431.1514,1278885.0714,-330242.2095,-14.4791,-15.2316,1.5833,3381.154,121.84,120.49
619075,361242,1325237.1729,311466.2712,1283151.0714,-331337.1131,-14.4788,-14.7920,1.8333,3393.046,118.63,117.23
621130,362442,1329635.6605,312500.0337,1287407.3214,-332446.6772,-14.4792,-15.1148,1.6667,3404.966,118.76,117.44
623186,363642,1334038.2239,313534.7542,1291671.0714,-333543.4984,-14.4791,-14.1777,1.5833,3416.918,120.58,119.25
625243,364842,1338442.4863,314569.8739,1295937.0714,-334638.4019,-14.4788,-14.7920,1.5833,3428.848,118.92,117.60
627301,366042,1342847.5628,315605.1850,1300202.1071,-335740.2955,-14.4788,-13.8356,1.8333,3440.757,118.08,116.70
629354,367242,1347243.5373,316638.3569,1304457.0714,-336844.7872,-14.4790,-14.8385,1.5833,3452.681,122.26,120.90
631412,368442,1351649.4701,317673.8693,1308723.0714,-337946.3715,-14.4790,-15.2316,1.5833,3464.588,122.72,121.39
633469,369642,1356052.8763,318708.7878,1312988.1071,-339041.5844,-14.4788,-14.8292,1.8333,3476.532,118.19,116.79
635522,370842,1360448.8508,319741.9597,1317243.0714,-340146.0761,-14.4790,-14.8385,1.5833,3488.419,121.10,119.78
637580,372042,1364854.7836,320777.4720,1321509.0714,-341247.6604,-14.4790,-14.1777,1.5833,3500.357,121.01,119.69
639637,373242,1369259.0461,321812.5918,1325775.0714,-342342.5639,-14.4787,-14.7920,1.5833,3512.275,118.34,117.07
641692,374442,1373657.5337,322846.3543,1330031.3214,-343452.1280,-14.4792,-14.4945,1.6667,3524.158,113.20,111.92
643748,375642,1378060.0971,323881.0748,1334295.0714,-344548.9492,-14.4790,-14.1777,1.5833,3536.096,122.75,121.38
645805,376842,1382464.3596,324916.1946,1338561.0714,-345643.8527,-14.4787,-14.7920,1.5833,3548.006,119.14,117.86
647863,378042,1386869.4360,325951.5057,1342826.1071,-346745.7464,-14.4788,-14.8292,1.8333,3559.957,118.35,116.96
649916,379242,1391265.4106,326984.6775,1347081.0714,-347850.2380,-14.4790,-14.8385,1.5833,3571.908,123.40,122.07
651974,380442,1395671.3434,328020.1899,1351347.0714,-348951.8224,-14.4790,-15.2316,1.5833,3583.887,122.40,121.05
654031,381642,1400075.6059,329055.3097,1355613.0714,-350046.7259,-14.4787,-14.7920,1.8333,3595.826,119.60,118.21
656086,382842,1404474.0935,330089.0722,1359869.3214,-351156.2900,-14.4791,-15.1148,1.6667,3607.730,118.64,117.32
658142,384042,1408876.6568,331123.7927,1364133.0714,-352253.1112,-14.4790,-14.1777,1.5833,3619.650,120.76,119.46
660199,385242,1413280.9193,332158.9124,1368399.0714,-353348.0147,-14.4787,-14.7920,1.5833,3631.598,118.93,117.65
662257,386442,1417685.9958,333194.2235,1372664.1071,-354449.9083,-14.4787,-13.8356,1.8333,3643.520,118.09,116.66
664310,387642,1422081.9703,334227.3954,1376919.0714,-355554.4000,-14.4790,-14.8385,1.5833,3655.441,121.91,120.59
666368,388842,1426487.9031,335262.9078,1381185.0714,-356655.9843,-14.4790,-15.2316,1.5833,3667.375,121.91,120.56
668425,390042,1430891.3093,336297.8263,1385450.1071,-357751.1972,-14.4787,-14.8292,1.8333,3679.268,119.08,117.67
670478,391242,1435287.2838,337330.9982,1389705.0714,-358855.6889,-14.4789,-14.8385,1.5833,3691.179,121.63,120.32
672536,392442,1439693.2166,338366.5105,1393971.0714,-359957.2732,-14.4789,-15.2316,1.5833,3703.110,122.78,121.43
674593,393642,1444097.4791,339401.6303,1398237.0714,-361052.1767,-14.4787,-14.7920,1.8333,3715.015,118.71,117.30
676648,394842,1448495.9667,340435.3928,1402493.3214,-362161.7409,-14.4791,-14.4945,1.6667,3726.879,117.76,116.43
678704,396042,1452898.5301,341470.1133,1406757.0714,-363258.5620,-14.4789,-14.1777,1.5833,3738.817,122.72,121.39
680761,397242,1457302.7926,342505.2331,1411023.0714,-364353.4656,-14.4787,-14.7920,1.5833,3750.741,118.63,117.30
682819,398442,1461707.8690,343540.5442,1415288.1071,-365455.3592,-14.4787,-13.8356,1.8333,3762.672,118.60,117.15
684872,399642,1466103.8435,344573.7160,1419543.0714,-366559.8509,-14.4789,-14.8385,1.5833,3774.609,120.13,118.79
686930,400842,1470509.7764,345609.2284,1423809.0714,-367661.4352,-14.4789,-15.2316,1.5833,3786.534,122.63,121.30
688987,402042,1474914.0388,346644.3482,1428075.0714,-368756.3387,-14.4787,-14.7920,1.8333,3798.433,117.93,116.51
691042,403242,1479312.5265,347678.1107,1432331.3214,-369865.9028,-14.4791,-15.1148,1.6667,3810.354,113.39,112.15
693098,404442,1483715.0898,348712.8312,1436595.0714,-370962.7240,-14.4789,-14.1777,1.5833,3822.277,122.40,121.04
695155,405642,1488119.3523,349747.9509,1440861.0714,-372057.6276,-14.4786,-14.7920,1.5833,3834.195,116.47,115.20
697210,406842,1492517.8399,350781.7135,1445117.3214,-373167.1917,-14.4790,-14.4945,1.6667,3846.127,117.54,116.21
699266,408042,1496920.4033,351816.4339,1449381.0714,-374264.0129,-14.4789,-14.8385,1.5833,3858.032,116.91,115.66
701324,409242,1501326.3361,352851.9463,1453647.0714,-375365.5972,-14.4789,-15.2316,1.5833,3869.927,121.10,119.76
703381,410442,1505729.7423,353886.8648,1457912.1071,-376460.8100,-14.4787,-14.8292,1.8333,3881.833,117.88,116.51
705434,411642,1510125.7168,354920.0367,1462167.0714,-377565.3017,-14.4789,-14.8385,1.5833,3893.773,122.62,121.24
707492,412842,1514531.6496,355955.5490,1466433.0714,-378666.8860,-14.4789,-15.2316,1.5833,3905.739,123.07,121.74
709549,414042,1518935.9121,356990.6688,1470699.0714,-379761.7896,-14.4786,-14.7920,1.8333,3917.688,116.00,114.66
711604,415242,1523334.3997,358024.4313,1474955.3214,-380871.3537,-14.4790,-14.4945,1.6667,3929.624,118.07,116.75
713660,416442,1527736.9631,359059.1518,1479219.0714,-381968.1748,-14.4789,-14.1777,1.5833,3941.561,122.65,121.31
715717,417642,1532141.2256,360094.2716,1483485.0714,-383063.0784,-14.4786,-14.7920,1.5833,3953.461,118.59,117.30
717775,418842,1536546.3020,361129.5827,1487750.1071,-384164.9720,-14.4786,-13.8356,1.8333,3965.377,116.88,115.49
719828,420042,1540942.2765,362162.7546,1492005.0714,-385269.4637,-14.4788,-14.8385,1.5833,3977.287,122.25,120.91
721886,421242,1545348.2094,363198.2669,1496271.0714,-386371.0480,-14.4788,-15.2316,1.5833,3989.220,122.53,121.20
723943,422442,1549752.4718,364233.3867,1500537.0714,-387465.9515,-14.4786,-14.7920,1.8333,4001.125,116.72,115.36
725998,423642,1554150.9594,365267.1492,1504793.3214,-388575.5157,-14.4790,-15.1148,1.6667,4013.043,118.79,117.43
728054,424842,1558553.5228,366301.8697,1509057.0714,-389672.3368,-14.4788,-14.1777,1.5833,4024.951,119.28,117.97
730111,426042,1562957.7853,367336.9895,1513323.0714,-390767.2404,-14.4786,-14.7920,1.5833,4036.823,113.67,112.48
732166,427242,1567356.2729,368370.7520,1517579.3214,-391876.8045,-14.4790,-14.4945,1.6667,4048.694,118.09,116.76
734222,428442,1571758.8363,369405.4724,1521843.0714,-392973.6257,-14.4788,-14.1777,1.5833,4060.598,117.27,116.03
736280,429642,1576164.7691,370440.9848,1526109.0714,-394075.2100,-14.4788,-15.2316,1.5833,4072.489,118.64,117.34
738337,430842,1580568.1753,371475.9033,1530374.1071,-395170.4228,-14.4786,-14.8292,1.8333,4084.370,118.27,116.87
740390,432042,1584964.1498,372509.0752,1534629.0714,-396274.9145,-14.4788,-14.8385,1.5833,4096.292,120.89,119.54
742448,433242,1589370.0826,373544.5875,1538895.0714,-397376.4988,-14.4788,-15.2316,1.5833,4108.250,122.51,121.18
744505,434442,1593774.3451,374579.7073,1543161.0714,-398471.4024,-14.4786,-14.7920,1.8333,4120.167,119.23,117.76
746560,435642,1598172.8327,375613.4699,1547417.3214,-399580.9665,-14.4789,-15.1148,1.6667,4132.127,117.97,116.67
748616,436842,1602575.3961,376648.1903,1551681.0714,-400677.7877,-14.4788,-14.1777,1.5833,4144.074,119.05,117.73
750673,438042,1606979.6586,377683.3101,1555947.0714,-401772.6912,-14.4786,-14.7920,1.5833,4155.933,117.92,116.65
752731,439242,1611384.7350,378718.6212,1560212.1071,-402874.5848,-14.4786,-13.8356,1.8333,4167.875,120.11,118.70
754784,440442,1615780.7095,379751.7931,1564467.0714,-403979.0765,-14.4788,-14.8385,1.5833,4179.797,120.44,119.18
756842,441642,1620186.6424,380787.3054,1568733.0714,-405080.6608,-14.4788,-15.2316,1.5833,4191.735,122.59,121.25
758899,442842,1624590.0485,381822.2239,1572998.1071,-406175.8737,-14.4786,-14.8292,1.8333,4203.637,118.32,116.93
760952,444042,1628986.0230,382855.3958,1577253.0714,-407280.3654,-14.4788,-14.8385,1.5833,4215.596,117.50,116.26
763010,445242,1633391.9558,383890.9082,1581519.0714,-408381.9497,-14.4788,-14.1777,1.5833,4227.550,122.67,121.32
765067,446442,1637796.2183,384926.0280,1585785.0714,-409476.8532,-14.4785,-14.7920,1.5833,4239.495,117.55,116.26
767122,447642,1642194.7059,385959.7905,1590041.3214,-410586.4173,-14.4789,-14.4945,1.6667,4251.406,116.75,115.46
769178,448842,1646597.2693,386994.5109,1594305.0714,-411683.2385,-14.4788,-14.1777,1.5833,4263.304,122.67,121.32
771235,450042,1651001.5318,388029.6307,1598571.0714,-412778.1421,-14.4785,-14.7920,1.5833,4275.186,118.78,117.50
773293,451242,1655406.6083,389064.9418,1602836.1071,-413880.0357,-14.4786,-14.8292,1.8333,4287.112,115.14,113.72
775346,452442,1659802.5828,390098.1137,1607091.0714,-414984.5273,-14.4787,-14.8385,1.5833,4299.055,122.38,121.04
777404,453642,1664208.5156,391133.6261,1611357.0714,-416086.1117,-14.4787,-15.2316,1.5833,4311.008,122.42,121.09
779461,454842,1668612.7781,392168.7458,1615623.0714,-417181.0152,-14.4785,-14.7920,1.8333,4322.900,118.87,117.47
781516,456042,1673011.2657,393202.5084,1619879.3214,-418290.5793,-14.4789,-15.1148,1.6667,4334.795,119.17,117.85
783572,457242,1677413.8291,394237.2288,1624143.0714,-419387.4005,-14.4787,-14.1777,1.5833,4346.716,119.84,118.51
785629,458442,1681818.0916,395272.3486,1628409.0714,-420482.3040,-14.4785,-14.7920,1.5833,4358.614,119.22,117.92
787687,459642,1686223.1680,396307.6597,1632674.1071,-421584.1977,-14.4785,-13.8356,1.8333,4370.548,118.51,117.11
789740,460842,1690619.1425,397340.8316,1636929.0714,-422688.6893,-14.4787,-14.8385,1.5833,4382.457,122.38,121.04
791798,462042,1695025.0754,398376.3439,1641195.0714,-423790.2736,-14.4787,-15.2316,1.5833,4394.413,122.52,121.17
793855,463242,1699428.4815,399411.2625,1645460.1071,-424885.4865,-14.4785,-14.8292,1.8333,4406.345,117.88,116.50
795908,464442,1703824.4560,400444.4343,1649715.0714,-425989.9782,-14.4787,-14.8385,1.5833,4418.110,120.03,118.68
797966,465642,1708230.3888,401479.9467,1653981.0714,-427091.5625,-14.4787,-14.1777,1.5833,4429.822,114.74,113.46
800023,466842,1712634.6513,402515.0665,1658247.0714,-428186.4660,-14.4785,-14.7920,1.5833,4441.435,116.60,115.33
802078,468042,1717033.1389,403548.8290,1662503.3214,-429296.0302,-14.4788,-14.4945,1.6667,4453.137,117.76,116.43
804134,469242,1721435.7023,404583.5494,1666767.0714,-430392.8513,-14.4787,-14.1777,1.5833,4464.991,120.29,118.95
806191,470442,1725839.9648,405618.6692,1671033.0714,-431487.7549,-14.4785,-14.7920,1.5833,4476.654,115.52,114.25
808249,471642,1730245.0413,406653.9803,1675298.1071,-432589.6485,-14.4785,-13.8356,1.8333,4488.181,115.00,113.61
810302,472842,1734641.0158,407687.1522,1679553.0714,-433694.1402,-14.4787,-14.8385,1.5833,4499.899,119.31,117.98
812360,474042,1739046.9486,408722.6646,1683819.0714,-434795.7245,-14.4787,-15.2316,1.5833,4511.505,119.37,118.05
814417,475242,1743451.2111,409757.7843,1688085.0714,-435890.6280,-14.4785,-14.7920,1.8333,4523.118,115.68,114.34
816472,476442,1747849.6987,410791.5469,1692341.3214,-437000.1921,-14.4788,-15.1148,1.6667,4534.701,115.63,114.32
818528,477642,1752252.2621,411826.2673,1696605.0714,-438097.0133,-14.4787,-14.1777,1.5833,4546.466,118.53,117.23
820585,478842,1756656.5246,412861.3871,1700871.0714,-439191.9169,-14.4785,-14.7920,1.5833,4558.347,118.03,116.74
822643,480042,1761061.6011,413896.6982,1705136.1071,-440293.8105,-14.4785,-13.8356,1.8333,4570.245,117.47,116.01
824696,481242,1765457.5755,414929.8701,1709391.0714,-441398.3022,-14.4787,-14.8385,1.5833,4582.133,122.07,120.74
826754,482442,1769863.5083,415965.3824,1713657.0714,-442499.8865,-14.4787,-15.2316,1.5833,4594.085,122.54,121.19
828811,483642,1774266.9145,417000.3010,1717922.1071,-443595.0993,-14.4785,-14.8292,1.8333,4605.982,118.59,117.18
830864,484842,1778662.8890,418033.4728,1722177.0714,-444699.5910,-14.4787,-14.8385,1.5833,4617.841,121.84,120.51
832922,486042,1783068.8218,419068.9852,1726443.0714,-445801.1753,-14.4787,-15.2316,1.5833,4629.580,114.88,113.64
834979,487242,1787473.0843,420104.1050,1730709.0714,-446896.0789,-14.4785,-14.7920,1.8333,4641.238,116.42,115.03
837034,488442,1791871.5719,421137.8675,1734965.3214,-448005.6430,-14.4788,-14.4945,1.6667,4652.927,113.28,111.98
839090,489642,1796274.1353,422172.5880,1739229.0714,-449102.4642,-14.4787,-14.1777,1.5833,4664.546,120.37,119.05
841147,490842,1800678.3978,423207.7077,1743495.0714,-450197.3677,-14.4784,-14.7920,1.5833,4676.204,115.65,114.38
843205,492042,1805083.4743,424243.0188,1747760.1071,-451299.2613,-14.4785,-13.8356,1.8333,4687.864,114.44,113.05
845258,493242,1809479.4488,425276.1907,1752015.0714,-452403.7530,-14.4786,-14.8385,1.5833,4699.543,119.07,117.75
847316,494442,1813885.3816,426311.7031,1756281.0714,-453505.3373,-14.4786,-15.2316,1.5833,4711.219,118.39,117.10
849373,495642,1818289.6441,427346.8229,1760547.0714,-454600.2409,-14.4784,-14.7920,1.8333,4722.888,115.59,114.22
851428,496842,1822688.1317,428380.5854,1764803.3214,-455709.8050,-14.4788,-15.1148,1.6667,4734.574,111.30,110.05
853484,498042,1827090.6951,429415.3058,1769067.0714,-456806.6261,-14.4786,-14.1777,1.5833,4746.258,119.13,117.82
855541,499242,1831494.9576,430450.4256,1773333.0714,-457901.5297,-14.4784,-14.7920,1.5833,4757.922,113.42,112.13
857596,500442,1835893.4451,431484.1881,1777589.3214,-459011.0938,-14.4788,-14.4945,1.6667,4769.598,114.33,113.06
859652,501642,1840296.0085,432518.9086,1781853.0714,-460107.9150,-14.4786,-14.8385,1.5833,4781.265,119.08,117.75
861710,502842,1844701.9413,433554.4209,1786119.0714,-461209.4993,-14.4786,-15.2316,1.5833,4792.932,119.29,117.97
863767,504042,1849105.3475,434589.3395,1790384.1071,-462304.7121,-14.4784,-14.8292,1.8333,4804.591,116.37,114.99
865820,505242,1853501.3220,435622.5113,1794639.0714,-463409.2038,-14.4786,-14.8385,1.5833,4816.246,115.87,114.61
867878,506442,1857907.2548,436658.0237,1798905.0714,-464510.7881,-14.4786,-15.2316,1.5833,4827.911,118.43,117.14
869935,507642,1862311.5173,437693.1435,1803171.0714,-465605.6917,-14.4784,-14.7920,1.8333,4839.550,116.32,114.94
871990,508842,1866710.0049,438726.9060,1807427.3214,-466715.2558,-14.4787,-14.4945,1.6667,4851.192,114.70,113.42
874046,510042,1871112.5683,439761.6265,1811691.0714,-467812.0770,-14.4786,-14.1777,1.5833,4862.885,119.51,118.19
876103,511242,1875516.8308,440796.7463,1815957.0714,-468906.9805,-14.4784,-14.7920,1.5833,4874.516,114.47,113.22
878161,512442,1879921.9073,441832.0573,1820222.1071,-470008.8741,-14.4784,-13.8356,1.8333,4886.087,111.82,110.45
880214,513642,1884317.8818,442865.2292,1824477.0714,-471113.3658,-14.4786,-14.8385,1.5833,4897.709,119.08,117.77
882272,514842,1888723.8146,443900.7416,1828743.0714,-472214.9501,-14.4786,-15.2316,1.5833,4909.334,119.49,118.17
884329,516042,1893128.0771,444935.8614,1833009.0714,-473309.8537,-14.4784,-14.7920,1.8333,4920.915,115.67,114.28
886384,517242,1897526.5647,445969.6239,1837265.3214,-474419.4178,-14.4787,-15.1148,1.6667,4932.511,113.66,112.35
888440,518442,1901929.1281,447004.3443,1841529.0714,-475516.2390,-14.4786,-14.1777,1.5833,4944.124,118.58,117.23
890497,519642,1906333.3906,448039.4641,1845795.0714,-476611.1425,-14.4784,-14.7920,1.5833,4955.772,113.97,112.70
892552,520842,1910731.8781,449073.2266,1850051.3214,-477720.7066,-14.4787,-14.4945,1.6667,4967.398,113.98,112.69
894608,522042,1915134.4415,450107.9471,1854315.0714,-478817.5278,-14.4786,-14.1777,1.5833,4979.020,119.80,118.41
896666,523242,1919540.3743,451143.4595,1858581.0714,-479919.1121,-14.4786,-15.2316,1.5833,4990.644,118.14,116.82
898723,524442,1923943.7805,452178.3780,1862846.1071,-481014.3250,-14.4784,-14.8292,1.8333,5002.245,114.28,112.91
900776,525642,1928339.7550,453211.5499,1867101.0714,-482118.8166,-14.4786,-14.8385,1.5833,5013.861,119.12,117.81
902834,526842,1932745.6878,454247.0622,1871367.0714,-483220.4010,-14.4786,-15.2316,1.5833,5025.474,119.22,117.90
904891,528042,1937149.9503,455282.1820,1875633.0714,-484315.3045,-14.4784,-14.7920,1.8333,5037.109,114.20,112.87
906946,529242,1941548.4379,456315.9445,1879889.3214,-485424.8686,-14.4787,-15.1148,1.6667,5048.734,115.03,113.67
909002,530442,1945951.0013,457350.6650,1884153.0714,-486521.6898,-14.4786,-14.1777,1.5833,5060.339,119.43,118.10
911059,531642,1950355.2638,458385.7848,1888419.0714,-487616.5933,-14.4784,-14.7920,1.5833,5071.952,114.17,112.95
913117,532842,1954760.3403,459421.0959,1892684.1071,-488718.4870,-14.4784,-13.8356,1.8333,5083.535,114.56,113.18
915170,534042,1959156.3148,460454.2677,1896939.0714,-489822.9786,-14.4786,-14.8385,1.5833,5095.125,118.45,117.17
917228,535242,1963562.2476,461489.7801,1901205.0714,-490924.5630,-14.4786,-15.2316,1.5833,5106.744,117.68,116.38
919285,536442,1967965.6538,462524.6986,1905470.1071,-492019.7758,-14.4784,-14.8292,1.8333,5118.328,115.23,113.84
921338,537642,1972361.6282,463557.8705,1909725.0714,-493124.2675,-14.4786,-14.8385,1.5833,5129.950,119.28,117.95
923396,538842,1976767.5611,464593.3828,1913991.0714,-494225.8518,-14.4786,-14.1777,1.5833,5141.575,119.25,117.91
925453,540042,1981171.8236,465628.5026,1918257.0714,-495320.7553,-14.4784,-14.7920,1.5833,5153.206,113.22,112.00
927508,541242,1985570.3111,466662.2652,1922513.3214,-496430.3195,-14.4787,-14.4945,1.6667,5164.835,113.59,112.31
929564,542442,1989972.8745,467696.9856,1926777.0714,-497527.1406,-14.4785,-14.1777,1.5833,5176.412,115.38,114.08
931621,543642,1994377.1371,468732.1054,1931043.0714,-498622.0442,-14.4784,-14.7920,1.5833,5188.035,112.40,111.18
933679,544842,1998782.2135,469767.4165,1935308.1071,-499723.9378,-14.4784,-14.8292,1.8333,5199.678,115.00,113.56
935732,546042,2003178.1880,470800.5884,1939563.0714,-500828.4295,-14.4785,-14.8385,1.5833,5211.255,118.22,116.88
937790,547242,2007584.1208,471836.1007,1943829.0714,-501930.0138,-14.4785,-15.2316,1.5833,5222.889,119.22,117.91
939847,548442,2011988.3833,472871.2205,1948095.0714,-503024.9173,-14.4784,-14.7920,1.8333,5234.481,115.71,114.32
941902,549642,2016386.8709,473904.9830,1952351.3214,-504134.4814,-14.4786,-15.1148,1.6667,5246.060,113.87,112.56
943958,550842,2020789.4343,474939.7035,1956615.0714,-505231.3026,-14.4785,-14.1777,1.5833,5257.694,118.78,117.47
946015,552042,2025193.6968,475974.8233,1960881.0714,-506326.2062,-14.4783,-14.7920,1.5833,5269.339,114.38,113.11
948073,553242,2029598.7733,477010.1344,1965146.1071,-507428.0998,-14.4784,-13.8356,1.8333,5280.962,115.52,114.15
950126,554442,2033994.7478,478043.3062,1969401.0714,-508532.5915,-14.4785,-14.8385,1.5833,5292.568,119.70,118.38
952184,555642,2038400.6806,479078.8186,1973667.0714,-509634.1758,-14.4785,-15.2316,1.5833,5304.248,119.20,117.86
954241,556842,2042804.0868,480113.7371,1977932.1071,-510729.3886,-14.4784,-14.8292,1.8333,5315.901,115.98,114.60
956294,558042,2047200.0612,481146.9090,1982187.0714,-511833.8803,-14.4785,-14.8385,1.5833,5327.485,118.98,117.66
958352,559242,2051605.9941,482182.4214,1986453.0714,-512935.4646,-14.4785,-15.2316,1.5833,5339.054,119.01,117.69
960409,560442,2056010.2566,483217.5411,1990719.0714,-514030.3682,-14.4783,-14.7920,1.5833,5350.672,115.81,114.54
962464,561642,2060408.7441,484251.3037,1994975.3214,-515139.9323,-14.4786,-14.4945,1.6667,5362.302,111.11,109.84
964520,562842,2064811.3075,485286.0241,1999239.0714,-516236.7535,-14.4785,-14.1777,1.5833,5373.850,118.72,117.42
966577,564042,2069215.5701,486321.1439,2003505.0714,-517331.6570,-14.4783,-14.7920,1.5833,5385.451,115.63,114.32
968635,565242,2073620.6465,487356.4550,2007770.1071,-518433.5506,-14.4783,-13.8356,1.8333,5397.019,115.59,114.16
970688,566442,2078016.6210,488389.6269,2012025.0714,-519538.0423,-14.4785,-14.8385,1.5833,5408.587,118.93,117.61
972746,567642,2082422.5538,489425.1392,2016291.0714,-520639.6266,-14.4785,-15.2316,1.5833,5420.223,118.01,116.66
974803,568842,2086826.8164,490460.2590,2020557.0714,-521734.5302,-14.4783,-14.7920,1.8333,5431.794,115.72,114.34
976858,570042,2091225.3039,491494.0215,2024813.3214,-522844.0943,-14.4786,-15.1148,1.6667,5443.343,115.23,113.94
978914,571242,2095627.8673,492528.7420,2029077.0714,-523940.9154,-14.4785,-14.1777,1.5833,5454.957,119.07,117.80
980971,572442,2100032.1298,493563.8618,2033343.0714,-525035.8190,-14.4783,-14.7920,1.5833,5466.563,112.79,111.54
983029,573642,2104437.2063,494599.1729,2037608.1071,-526137.7126,-14.4783,-13.8356,1.8333,5478.138,111.13,109.79
985082,574842,2108833.1808,495632.3448,2041863.0714,-527242.2043,-14.4785,-14.8385,1.5833,5489.766,119.02,117.70
987140,576042,2113239.1136,496667.8571,2046129.0714,-528343.7886,-14.4785,-15.2316,1.5833,5501.411,118.36,117.07
989197,577242,2117642.5198,497702.7756,2050394.1071,-529439.0014,-14.4783,-14.8292,1.8333,5513.029,115.59,114.17
991250,578442,2122038.4942,498735.9475,2054649.0714,-530543.4931,-14.4785,-14.8385,1.5833,5524.701,118.41,117.12
993308,579642,2126444.4271,499771.4599,2058915.0714,-531645.0774,-14.4785,-15.2316,1.5833,5536.313,119.27,117.96
995365,580842,2130848.6896,500806.5797,2063181.0714,-532739.9810,-14.4783,-14.7920,1.8333,5547.908,114.64,113.27
997420,582042,2135247.1771,501840.3422,2067437.3214,-533849.5451,-14.4786,-14.4945,1.6667,5559.488,113.96,112.69
999476,583242,2139649.7405,502875.0626,2071701.0714,-534946.3663,-14.4785,-14.1777,1.5833,5571.090,119.17,117.85
1001533,584442,2144054.0031,503910.1824,2075967.0714,-536041.2698,-14.4783,-14.7920,1.5833,5582.658,114.94,113.66
1003591,585642,2148459.0795,504945.4935,2080232.1071,-537143.1634,-14.4783,-13.8356,1.8333,5594.273,115.82,114.45
1005644,586842,2152855.0540,505978.6654,2084487.0714,-538247.6551,-14.4785,-14.8385,1.5833,5605.911,119.36,118.07
1007702,588042,2157260.9868,507014.1777,2088753.0714,-539349.2394,-14.4785,-15.2316,1.5833,5617.543,119.85,118.48
1009759,589242,2161665.2494,508049.2975,2093019.0714,-540444.1430,-14.4783,-14.7920,1.8333,5629.138,115.60,114.21
1011814,590442,2166063.7369,509083.0600,2097275.3214,-541553.7071,-14.4786,-15.1148,1.6667,5640.749,112.55,111.27
1013870,591642,2170466.3003,510117.7805,2101539.0714,-542650.5283,-14.4785,-14.1777,1.5833,5652.388,116.04,114.66
1015927,592842,2174870.5628,511152.9003,2105805.0714,-543745.4318,-14.4783,-14.7920,1.5833,5663.995,110.72,109.55
1017982,594042,2179269.0504,512186.6628,2110061.3214,-544854.9959,-14.4786,-14.4945,1.6667,5675.608,114.97,113.67
1020038,595242,2183671.6138,513221.3833,2114325.0714,-545951.8171,-14.4785,-14.8385,1.5833,5687.237,115.60,114.25
1022096,596442,2188077.5466,514256.8956,2118591.0714,-547053.4014,-14.4785,-15.2316,1.5833,5698.851,119.03,117.72
1024153,597642,2192480.9528,515291.8141,2122856.1071,-548148.6143,-14.4783,-14.8292,1.8333,5710.455,114.88,113.53
1026206,598842,2196876.9273,516324.9860,2127111.0714,-549253.1059,-14.4784,-14.8385,1.5833,5722.058,118.82,117.49
1028264,600042,2201282.8601,517360.4984,2131377.0714,-550354.6903,-14.4784,-15.2316,1.5833,5733.670,119.19,117.84
1030321,601242,2205687.1226,518395.6182,2135643.0714,-551449.5938,-14.4783,-14.7920,1.8333,5745.263,115.94,114.54
1032376,602442,2210085.6101,519429.3807,2139899.3214,-552559.1579,-14.4785,-15.1148,1.6667,5756.890,113.03,111.72
1034432,603642,2214488.1735,520464.1011,2144163.0714,-553655.9791,-14.4784,-14.1777,1.5833,5768.519,119.52,118.21
1036489,604842,2218892.4361,521499.2209,2148429.0714,-554750.8826,-14.4783,-14.7920,1.5833,5780.095,112.58,111.33
1038547,606042,2223297.5126,522534.5320,2152694.1071,-555852.7763,-14.4783,-13.8356,1.8333,5791.684,115.05,113.68
1040600,607242,2227693.4870,523567.7039,2156949.0714,-556957.2679,-14.4784,-14.8385,1.5833,5803.308,119.33,118.02
1042658,608442,2232099.4198,524603.2162,2161215.0714,-558058.8523,-14.4784,-15.2316,1.5833,5814.933,117.34,116.05
1044715,609642,2236503.6824,525638.3360,2165481.0714,-559153.7558,-14.4783,-14.7920,1.8333,5826.609,115.91,114.54
1046770,610842,2240902.1699,526672.0986,2169737.3214,-560263.3199,-14.4785,-15.1148,1.6667,5838.221,116.59,115.25
1048826,612042,2245304.7333,527706.8190,2174001.0714,-561360.1411,-14.4784,-14.1777,1.5833,5849.863,120.02,118.70
1050883,613242,2249708.9958,528741.9388,2178267.0714,-562455.0446,-14.4783,-14.7920,1.5833,5861.445,114.99,113.71
1052938,614442,2254107.4834,529775.7013,2182523.3214,-563564.6088,-14.4785,-14.4945,1.6667,5873.043,113.62,112.33
1054994,615642,2258510.0468,530810.4218,2186787.0714,-564661.4299,-14.4784,-14.1777,1.5833,5884.624,119.07,117.74
1057052,616842,2262915.9796,531845.9341,2191053.0714,-565763.0142,-14.4784,-15.2316,1.5833,5896.192,118.78,117.45
1059109,618042,2267319.3858,532880.8527,2195318.1071,-566858.2271,-14.4783,-14.8292,1.8333,5907.757,110.22,108.89
1061162,619242,2271715.3603,533914.0245,2199573.0714,-567962.7188,-14.4784,-14.8385,1.5833,5919.354,116.00,114.71
1063220,620442,2276121.2931,534949.5369,2203839.0714,-569064.3031,-14.4784,-15.2316,1.5833,5930.979,114.34,113.10
1065277,621642,2280525.5556,535984.6567,2208105.0714,-570159.2066,-14.4783,-14.7920,1.8333,5942.561,113.37,112.02
1067332,622842,2284924.0431,537018.4192,2212361.3214,-571268.7707,-14.4785,-15.1148,1.6667,5954.162,114.67,113.36
1069388,624042,2289326.6065,538053.1396,2216625.0714,-572365.5919,-14.4784,-14.1777,1.5833,5965.773,119.31,117.99
1071445,625242,2293730.8691,539088.2594,2220891.0714,-573460.4955,-14.4782,-14.7920,1.5833,5977.398,115.94,114.66
1073503,626442,2298135.9456,540123.5705,2225156.1071,-574562.3891,-14.4783,-13.8356,1.8333,5988.980,110.01,108.73
1075556,627642,2302531.9200,541156.7424,2229411.0714,-575666.8808,-14.4784,-14.8385,1.5833,6000.605,114.17,112.95
1077614,628842,2306937.8528,542192.2548,2233677.0714,-576768.4651,-14.4784,-15.2316,1.5833,6012.231,118.45,117.15
1079671,630042,2311341.2590,543227.1733,2237942.1071,-577863.6779,-14.4783,-14.8292,1.8333,6023.820,114.72,113.37
1081724,631242,2315737.2335,544260.3452,2242197.0714,-578968.1696,-14.4784,-14.8385,1.5833,6035.426,115.25,113.90
1083782,632442,2320143.1663,545295.8575,2246463.0714,-580069.7539,-14.4784,-14.1777,1.5833,6047.012,119.33,117.99
1085839,633642,2324547.4288,546330.9773,2250729.0714,-581164.6575,-14.4782,-14.7920,1.5833,6058.595,115.50,114.22
1087894,634842,2328945.9164,547364.7398,2254985.3214,-582274.2216,-14.4785,-14.4945,1.6667,6070.219,114.90,113.60
1089950,636042,2333348.4798,548399.4603,2259249.0714,-583371.0428,-14.4784,-14.1777,1.5833,6081.822,118.07,116.80
1092007,637242,2337752.7423,549434.5801,2263515.0714,-584465.9463,-14.4782,-14.7920,1.5833,6093.436,115.47,114.20
1094065,638442,2342157.8188,550469.8912,2267780.1071,-585567.8399,-14.4782,-14.8292,1.8333,6105.062,115.07,113.67
1096118,639642,2346553.7933,551503.0630,2272035.0714,-586672.3316,-14.4784,-14.8385,1.5833,6116.682,116.42,115.19
1098176,640842,2350959.7261,552538.5754,2276301.0714,-587773.9159,-14.4784,-15.2316,1.5833,6128.313,118.90,117.61
1100233,642042,2355363.9886,553573.6952,2280567.0714,-588868.8195,-14.4782,-14.7920,1.8333,6139.911,116.74,115.36
1102288,643242,2359762.4761,554607.4577,2284823.3214,-589978.3836,-14.4785,-15.1148,1.6667,6151.538,115.50,114.20
1104344,644442,2364165.0396,555642.1782,2289087.0714,-591075.2047,-14.4784,-14.1777,1.5833,6163.206,118.02,116.73
1106401,645642,2368569.3021,556677.2979,2293353.0714,-592170.1083,-14.4782,-14.7920,1.5833,6174.774,115.41,114.15
1108459,646842,2372974.3786,557712.6090,2297618.1071,-593272.0019,-14.4782,-13.8356,1.8333,6186.365,114.87,113.48
1110512,648042,2377370.3530,558745.7809,2301873.0714,-594376.4936,-14.4784,-14.8385,1.5833,6197.949,118.84,117.56
1112570,649242,2381776.2858,559781.2933,2306139.0714,-595478.0779,-14.4784,-15.2316,1.5833,6209.569,119.07,117.75
1114627,650442,2386179.6920,560816.2118,2310404.1071,-596573.2907,-14.4782,-14.8292,1.8333,6221.166,115.27,113.86
1116680,651642,2390575.6665,561849.3837,2314659.0714,-597677.7824,-14.4784,-14.8385,1.5833,6232.759,118.97,117.66
1118738,652842,2394981.5993,562884.8960,2318925.0714,-598779.3667,-14.4784,-15.2316,1.5833,6244.368,118.75,117.43
1120795,654042,2399385.8619,563920.0158,2323191.0714,-599874.2703,-14.4782,-14.7920,1.5833,6256.018,115.60,114.25
1122850,655242,2403784.3494,564953.7783,2327447.3214,-600983.8344,-14.4785,-14.4945,1.6667,6267.626,109.71,108.50
1124906,656442,2408186.9128,565988.4988,2331711.0714,-602080.6556,-14.4784,-14.1777,1.5833,6279.229,117.23,115.89
1126963,657642,2412591.1753,567023.6186,2335977.0714,-603175.5591,-14.4782,-14.7920,1.5833,6290.855,113.35,112.12
1129021,658842,2416996.2518,568058.9297,2340242.1071,-604277.4527,-14.4782,-13.8356,1.8333,6302.459,115.22,113.82
1131074,660042,2421392.2263,569092.1015,2344497.0714,-605381.9444,-14.4784,-14.8385,1.5833,6314.086,118.54,117.26
1133132,661242,2425798.1591,570127.6139,2348763.0714,-606483.5287,-14.4784,-15.2316,1.5833,6325.692,119.55,118.21
1135189,662442,2430202.4216,571162.7337,2353029.0714,-607578.4323,-14.4782,-14.7920,1.8333,6337.296,115.81,114.42
1137244,663642,2434600.9091,572196.4962,2357285.3214,-608687.9964,-14.4784,-15.1148,1.6667,6348.922,115.81,114.50
1139300,664842,2439003.4726,573231.2167,2361549.0714,-609784.8176,-14.4784,-14.1777,1.5833,6360.595,119.82,118.50
1141357,666042,2443407.7351,574266.3365,2365815.0714,-610879.7211,-14.4782,-14.7920,1.5833,6372.220,115.56,114.29
1143412,667242,2447806.2226,575300.0990,2370071.3214,-611989.2852,-14.4784,-14.4945,1.6667,6383.788,114.65,113.36
1145468,668442,2452208.7860,576334.8194,2374335.0714,-613086.1064,-14.4783,-14.8385,1.5833,6395.401,118.98,117.67
1147526,669642,2456614.7189,577370.3318,2378601.0714,-614187.6907,-14.4783,-15.2316,1.5833,6407.041,117.73,116.44
1149583,670842,2461018.1251,578405.2503,2382866.1071,-615282.9036,-14.4782,-14.8292,1.8333,6418.648,115.15,113.76
1151636,672042,2465414.0995,579438.4222,2387121.0714,-616387.3952,-14.4783,-14.8385,1.5833,6430.260,119.39,118.08
1153694,673242,2469820.0323,580473.9345,2391387.0714,-617488.9796,-14.4783,-15.2316,1.5833,6441.897,119.99,118.66
1155751,674442,2474224.2949,581509.0543,2395653.0714,-618583.8831,-14.4782,-14.7920,1.8333,6453.533,115.86,114.47
1157806,675642,2478622.7824,582542.8168,2399909.3214,-619693.4472,-14.4784,-14.4945,1.6667,6465.150,115.17,113.86
1159862,676842,2483025.3458,583577.5373,2404173.0714,-620790.2684,-14.4783,-14.1777,1.5833,6476.756,119.42,118.03
1161919,678042,2487429.6083,584612.6571,2408439.0714,-621885.1719,-14.4782,-14.7920,1.5833,6488.368,111.14,109.90
1163977,679242,2491834.6848,585647.9682,2412704.1071,-622987.0656,-14.4782,-13.8356,1.8333,6499.966,115.06,113.67
1166030,680442,2496230.6593,586681.1401,2416959.0714,-624091.5572,-14.4783,-14.8385,1.5833,6511.595,119.08,117.78
1168088,681642,2500636.5921,587716.6524,2421225.0714,-625193.1416,-14.4783,-15.2316,1.5833,6523.222,117.05,115.73
1170145,682842,2505040.8546,588751.7722,2425491.0714,-626288.0451,-14.4782,-14.7920,1.8333,6534.910,113.96,112.58
1172200,684042,2509439.3421,589785.5347,2429747.3214,-627397.6092,-14.4784,-15.1148,1.6667,6546.707,115.44,114.14
1174256,685242,2513841.9056,590820.2552,2434011.0714,-628494.4304,-14.4783,-14.1777,1.5833,6558.313,116.84,115.55
1176313,686442,2518246.1681,591855.3750,2438277.0714,-629589.3339,-14.4782,-14.7920,1.5833,6569.919,113.74,112.51
1178368,687642,2522644.6556,592889.1375,2442533.3214,-630698.8981,-14.4784,-14.4945,1.6667,6581.477,114.79,113.49
1180424,688842,2527047.2190,593923.8579,2446797.0714,-631795.7192,-14.4783,-14.8385,1.5833,6593.091,119.11,117.79
1182482,690042,2531453.1519,594959.3703,2451063.0714,-632897.3035,-14.4783,-15.2316,1.5833,6604.710,119.08,117.78
1184539,691242,2535856.5581,595994.2888,2455328.1071,-633992.5164,-14.4782,-14.8292,1.8333,6616.295,115.33,113.95
1186592,692442,2540252.5325,597027.4607,2459583.0714,-635097.0081,-14.4783,-14.8385,1.5833,6627.887,117.12,115.79
1188650,693642,2544658.4653,598062.9731,2463849.0714,-636198.5924,-14.4783,-15.2316,1.5833,6639.475,115.02,113.73
1190707,694842,2549062.7279,599098.0928,2468115.0714,-637293.4959,-14.4782,-14.7920,1.8333,6651.079,114.80,113.40
1192762,696042,2553461.2154,600131.8554,2472371.3214,-638403.0600,-14.4784,-15.1148,1.6667,6662.710,115.92,114.59
1194818,697242,2557863.7788,601166.5758,2476635.0714,-639499.8812,-14.4783,-14.1777,1.5833,6674.397,115.44,114.02
1196875,698442,2562268.0413,602201.6956,2480901.0714,-640594.7848,-14.4782,-14.7920,1.5833,6686.023,116.37,115.09
1198933,699642,2566673.1178,603237.0067,2485166.1071,-641696.6784,-14.4782,-13.8356,1.8333,6697.617,115.32,113.93
1200986,700842,2571069.0923,604270.1786,2489421.0714,-642801.1701,-14.4783,-14.8385,1.5833,6709.237,118.54,117.24
1203044,702042,2575475.0251,605305.6909,2493687.0714,-643902.7544,-14.4783,-15.2316,1.5833,6720.845,114.04,112.81
1205101,703242,2579879.2876,606340.8107,2497953.0714,-644997.6579,-14.4782,-14.7920,1.8333,6732.413,112.95,111.62
1207156,704442,2584277.7752,607374.5732,2502209.3214,-646107.2220,-14.4784,-15.1148,1.6667,6744.005,115.37,114.07
1209212,705642,2588680.3386,608409.2937,2506473.0714,-647204.0432,-14.4783,-14.1777,1.5833,6755.588,114.18,112.94
1211269,706842,2593084.6011,609444.4135,2510739.0714,-648298.9468,-14.4782,-14.7920,1.5833,6767.176,115.58,114.30
1213324,708042,2597483.0886,610478.1760,2514995.3214,-649408.5109,-14.4784,-14.4945,1.6667,6778.746,109.97,108.75
1215380,709242,2601885.6520,611512.8964,2519259.0714,-650505.3321,-14.4783,-14.1777,1.5833,6790.409,119.16,117.85
1217437,710442,2606289.9146,612548.0162,2523525.0714,-651600.2356,-14.4782,-14.7920,1.5833,6801.994,115.57,114.30
1219495,711642,2610694.9911,613583.3273,2527790.1071,-652702.1292,-14.4782,-14.8292,1.8333,6813.609,113.16,111.74
1221548,712842,2615090.9655,614616.4992,2532045.0714,-653806.6209,-14.4783,-14.8385,1.5833,6825.188,118.78,117.47
1223606,714042,2619496.8983,615652.0116,2536311.0714,-654908.2052,-14.4783,-15.2316,1.5833,6836.824,120.18,118.87
1225663,715242,2623901.1609,616687.1314,2540577.0714,-656003.1088,-14.4782,-14.7920,1.8333,6848.470,115.88,114.46
1227718,716442,2628299.6484,617720.8939,2544833.3214,-657112.6729,-14.4784,-15.1148,1.6667,6860.131,111.15,109.95
1229774,717642,2632702.2118,618755.6143,2549097.0714,-658209.4940,-14.4783,-14.1777,1.5833,6871.809,120.09,118.74
1231831,718842,2637106.4744,619790.7341,2553363.0714,-659304.3976,-14.4782,-14.7920,1.5833,6883.441,116.34,115.06
1233889,720042,2641511.5508,620826.0452,2557628.1071,-660406.2912,-14.4782,-13.8356,1.8333,6895.103,115.83,114.44
1235942,721242,2645907.5253,621859.2171,2561883.0714,-661510.7829,-14.4783,-14.8385,1.5833,6906.776,119.90,118.59
1238000,722442,2650313.4581,622894.7294,2566149.0714,-662612.3672,-14.4783,-15.2316,1.5833,6918.457,119.19,117.88
1240057,723642,2654716.8643,623929.6480,2570414.1071,-663707.5800,-14.4782,-14.8292,1.8333,6930.171,113.79,112.42
1242110,724842,2659112.8388,624962.8198,2574669.0714,-664812.0717,-14.4783,-14.8385,1.5833,6941.849,119.84,118.53
1244168,726042,2663518.7716,625998.3322,2578935.0714,-665913.6560,-14.4783,-14.1777,1.5833,6953.571,120.04,118.72
1246225,727242,2667923.0341,627033.4520,2583201.0714,-667008.5596,-14.4781,-14.7920,1.5833,6965.266,115.47,114.20
1248280,728442,2672321.5216,628067.2145,2587457.3214,-668118.1237,-14.4784,-14.4945,1.6667,6976.939,112.60,111.29
1250336,729642,2676724.0851,629101.9350,2591721.0714,-669214.9449,-14.4783,-14.1777,1.5833,6988.625,120.18,118.86
1252393,730842,2681128.3476,630137.0548,2595987.0714,-670309.8484,-14.4781,-14.7920,1.5833,7000.301,115.52,114.25
1254451,732042,2685533.4241,631172.3658,2600252.1071,-671411.7420,-14.4782,-14.8292,1.8333,7011.929,115.87,114.48
1256504,733242,2689929.3985,632205.5377,2604507.0714,-672516.2337,-14.4783,-14.8385,1.5833,7023.574,119.63,118.27
1258562,734442,2694335.3313,633241.0501,2608773.0714,-673617.8180,-14.4783,-15.2316,1.5833,7035.253,120.14,118.81
1260619,735642,2698739.5939,634276.1699,2613039.0714,-674712.7216,-14.4781,-14.7920,1.8333,7046.892,116.28,114.90
1262674,736842,2703138.0814,635309.9324,2617295.3214,-675822.2857,-14.4784,-15.1148,1.6667,7058.571,116.40,115.10
1264730,738042,2707540.6448,636344.6528,2621559.0714,-676919.1069,-14.4783,-14.1777,1.5833,7070.258,119.36,118.06
1266787,739242,2711944.9074,637379.7726,2625825.0714,-678014.0104,-14.4781,-14.7920,1.5833,7081.925,115.91,114.65
1268845,740442,2716349.9838,638415.0837,2630090.1071,-679115.9040,-14.4781,-13.8356,1.8333,7093.580,115.51,114.10
1270898,741642,2720745.9583,639448.2556,2634345.0714,-680220.3957,-14.4783,-14.8385,1.5833,7105.151,119.01,117.62
1272956,742842,2725151.8911,640483.7679,2638611.0714,-681321.9800,-14.4783,-15.2316,1.5833,7116.728,117.70,116.41
1275013,744042,2729555.2973,641518.6865,2642876.1071,-682417.1929,-14.4781,-14.8292,1.8333,7128.315,115.32,113.94
1277066,745242,2733951.2718,642551.8584,2647131.0714,-683521.6845,-14.4783,-14.8385,1.5833,7139.919,115.59,114.31
1279124,746442,2738357.2046,643587.3707,2651397.0714,-684623.2689,-14.4783,-15.2316,1.5833,7151.501,118.92,117.62
1281181,747642,2742761.4671,644622.4905,2655663.0714,-685718.1724,-14.4781,-14.7920,1.5833,7163.106,113.41,112.17
1283236,748842,2747159.9546,645656.2530,2659919.3214,-686827.7365,-14.4783,-14.4945,1.6667,7174.754,110.84,109.61
1285292,750042,2751562.5181,646690.9735,2664183.0714,-687924.5577,-14.4783,-14.1777,1.5833,7186.482,120.12,118.80
1287349,751242,2755966.7806,647726.0933,2668449.0714,-689019.4612,-14.4781,-14.7920,1.5833,7198.189,116.56,115.24
1289407,752442,2760371.8571,648761.4044,2672714.1071,-690121.3549,-14.4781,-13.8356,1.8333,7209.889,116.04,114.67
1291460,753642,2764767.8315,649794.5762,2676969.0714,-691225.8465,-14.4783,-14.8385,1.5833,7221.543,119.88,118.57
1293518,754842,2769173.7644,650830.0886,2681235.0714,-692327.4309,-14.4783,-15.2316,1.5833,7233.235,120.01,118.69
1295575,756042,2773578.0269,651865.2084,2685501.0714,-693422.3344,-14.4781,-14.7920,1.8333,7244.888,116.37,114.97
1297630,757242,2777976.5144,652898.9709,2689757.3214,-694531.8985,-14.4783,-15.1148,1.6667,7256.545,116.63,115.33
1299686,758442,2782379.0778,653933.6913,2694021.0714,-695628.7197,-14.4783,-14.1777,1.5833,7268.242,116.55,115.26
1301743,759642,2786783.3404,654968.8111,2698287.0714,-696723.6232,-14.4781,-14.7920,1.5833,7279.917,116.47,115.20
1303798,760842,2791181.8279,656002.5736,2702543.3214,-697833.1874,-14.4783,-14.4945,1.6667,7291.604,115.49,114.17
1305854,762042,2795584.3913,657037.2941,2706807.0714,-698930.0085,-14.4782,-14.8385,1.5833,7303.283,119.94,118.64
1307912,763242,2799990.3241,658072.8065,2711073.0714,-700031.5928,-14.4782,-15.2316,1.5833,7315.005,120.00,118.68
1309969,764442,2804393.7303,659107.7250,2715338.1071,-701126.8057,-14.4781,-14.8292,1.8333,7326.671,115.79,114.40
1312022,765642,2808789.7048,660140.8969,2719593.0714,-702231.2974,-14.4782,-14.8385,1.5833,7338.295,115.88,114.59
1314080,766842,2813195.6376,661176.4092,2723859.0714,-703332.8817,-14.4782,-15.2316,1.5833,7349.971,120.14,118.79
1316137,768042,2817599.9001,662211.5290,2728125.0714,-704427.7852,-14.4781,-14.7920,1.8333,7361.598,112.57,111.21
1318192,769242,2821998.3876,663245.2915,2732381.3214,-705537.3494,-14.4783,-14.4945,1.6667,7373.191,115.25,113.94
1320248,770442,2826400.9511,664280.0120,2736645.0714,-706634.1705,-14.4782,-14.1777,1.5833,7384.834,118.58,117.24
1322305,771642,2830805.2136,665315.1318,2740911.0714,-707729.0741,-14.4781,-14.7920,1.5833,7396.443,113.78,112.52
1324363,772842,2835210.2901,666350.4429,2745176.1071,-708830.9677,-14.4781,-13.8356,1.8333,7408.069,115.35,113.95
1326416,774042,2839606.2645,667383.6147,2749431.0714,-709935.4594,-14.4782,-14.8385,1.5833,7419.673,116.49,115.17
1328474,775242,2844012.1974,668419.1271,2753697.0714,-711037.0437,-14.4782,-15.2316,1.5833,7431.281,117.96,116.61
1330531,776442,2848416.4599,669454.2469,2757963.0714,-712131.9472,-14.4781,-14.7920,1.8333,7442.919,115.53,114.14
1332586,777642,2852814.9474,670488.0094,2762219.3214,-713241.5113,-14.4783,-15.1148,1.6667,7454.552,116.45,115.16
1334642,778842,2857217.5108,671522.7299,2766483.0714,-714338.3325,-14.4782,-14.1777,1.5833,7466.257,120.21,118.88
1336699,780042,2861621.7734,672557.8497,2770749.0714,-715433.2361,-14.4781,-14.7920,1.5833,7477.912,116.31,115.03
1338754,781242,2866020.2609,673591.6122,2775005.3214,-716542.8002,-14.4783,-14.4945,1.6667,7489.536,115.39,114.09
1340810,782442,2870422.8243,674626.3326,2779269.0714,-717639.6214,-14.4782,-14.8385,1.5833,7501.182,120.04,118.73
1342868,783642,2874828.7571,675661.8450,2783535.0714,-718741.2057,-14.4782,-15.2316,1.5833,7512.882,116.04,114.78
1344925,784842,2879232.1633,676696.7635,2787800.1071,-719836.4185,-14.4781,-14.8292,1.8333,7524.618,115.46,114.04
1346978,786042,2883628.1378,677729.9354,2792055.0714,-720940.9102,-14.4782,-14.8385,1.5833,7536.279,120.41,119.11
1349036,787242,2888034.0706,678765.4477,2796321.0714,-722042.4945,-14.4782,-15.2316,1.5833,7547.934,117.14,115.83
1351093,788442,2892438.3332,679800.5675,2800587.0714,-723137.3981,-14.4781,-14.7920,1.8333,7559.592,114.97,113.60
1353148,789642,2896836.8206,680834.3300,2804843.3214,-724246.9622,-14.4783,-15.1148,1.6667,7571.244,115.30,114.00
1355204,790842,2901239.3841,681869.0505,2809107.0714,-725343.7833,-14.4782,-14.1777,1.5833,7582.932,119.19,117.92
1357261,792042,2905643.6466,682904.1703,2813373.0714,-726438.6869,-14.4781,-14.7920,1.5833,7594.567,111.03,109.85
1359319,793242,2910048.7231,683939.4814,2817638.1071,-727540.5805,-14.4781,-13.8356,1.8333,7606.269,115.49,114.13
1361372,794442,2914444.6976,684972.6532,2821893.0714,-728645.0722,-14.4782,-14.8385,1.5833,7617.930,119.40,118.08
1363430,795642,2918850.6304,686008.1656,2826159.0714,-729746.6565,-14.4782,-15.2316,1.5833,7629.490,117.79,116.51
1365487,796842,2923254.8929,687043.2854,2830425.0714,-730841.5600,-14.4781,-14.7920,1.8333,7641.078,115.68,114.29
1367540,798042,2927650.0110,688076.2560,2834679.0714,-731946.3610,-14.4782,-14.8385,1.5833,7652.695,117.60,116.32
1369598,799242,2932055.9438,689111.7684,2838945.0714,-733047.9453,-14.4782,-14.1777,1.5833,7664.302,118.97,117.66
1371655,800442,2936460.2064,690146.8882,2843211.0714,-734142.8489,-14.4781,-14.7920,1.5833,7675.898,115.70,114.38
1373710,801642,2940858.6939,691180.6507,2847467.3214,-735252.4130,-14.4783,-14.4945,1.6667,7687.527,112.08,110.81
1375766,802842,2945261.2573,692215.3711,2851731.0714,-736349.2342,-14.4782,-14.1777,1.5833,7699.177,116.55,115.25
1377823,804042,2949665.5199,693250.4909,2855997.0714,-737444.1377,-14.4781,-14.7920,1.5833,7710.793,115.50,114.23
1379881,805242,2954070.5964,694285.8020,2860262.1071,-738546.0313,-14.4781,-14.8292,1.8333,7722.399,115.50,114.13
1381934,806442,2958466.5708,695318.9739,2864517.0714,-739650.5230,-14.4782,-14.8385,1.5833,7734.053,116.44,115.15
1383992,807642,2962872.5036,696354.4862,2868783.0714,-740752.1073,-14.4782,-15.2316,1.5833,7745.671,119.46,118.09
1386049,808842,2967276.7662,697389.6060,2873049.0714,-741847.0109,-14.4781,-14.7920,1.8333,7757.248,115.24,113.88
1388104,810042,2971675.2537,698423.3685,2877305.3214,-742956.5750,-14.4783,-15.1148,1.6667,7768.879,114.49,113.17
1390160,811242,2976077.8171,699458.0890,2881569.0714,-744053.3962,-14.4782,-14.1777,1.5833,7780.523,118.88,117.59
1392217,812442,2980482.0796,700493.2088,2885835.0714,-745148.2997,-14.4781,-14.7920,1.5833,7792.155,115.44,114.20
1394275,813642,2984887.1561,701528.5199,2890100.1071,-746250.1933,-14.4781,-13.8356,1.8333,7803.758,115.12,113.72
1396328,814842,2989283.1306,702561.6918,2894355.0714,-747354.6850,-14.4782,-14.8385,1.5833,7815.381,116.32,115.02
1398386,816042,2993689.0634,703597.2041,2898621.0714,-748456.2693,-14.4782,-15.2316,1.5833,7827.023,119.50,118.16
1400443,817242,2998092.4696,704632.1227,2902886.1071,-749551.4822,-14.4781,-14.8292,1.8333,7838.612,115.20,113.81
1402496,818442,3002488.4440,705665.2945,2907141.0714,-750655.9738,-14.4782,-14.8385,1.5833,7850.215,117.59,116.25
1404554,819642,3006894.3769,706700.8069,2911407.0714,-751757.5582,-14.4782,-14.1777,1.5833,7861.813,119.25,117.95
1406611,820842,3011298.6394,707735.9267,2915673.0714,-752852.4617,-14.4781,-14.7920,1.5833,7873.403,115.09,113.83
1408666,822042,3015697.1269,708769.6892,2919929.3214,-753962.0258,-14.4783,-14.4945,1.6667,7885.003,112.28,111.03
1410722,823242,3020099.6903,709804.4096,2924193.0714,-755058.8470,-14.4782,-14.1777,1.5833,7896.606,117.14,115.86
1412779,824442,3024503.9529,710839.5294,2928459.0714,-756153.7505,-14.4781,-14.7920,1.5833,7908.256,115.67,114.39
1414837,825642,3028909.0294,711874.8405,2932724.1071,-757255.6442,-14.4781,-14.8292,1.8333,7919.867,111.22,109.88
1416890,826842,3033305.0038,712908.0124,2936979.0714,-758360.1358,-14.4782,-14.8385,1.5833,7931.456,119.21,117.95
1418948,828042,3037710.9366,713943.5247,2941245.0714,-759461.7202,-14.4782,-15.2316,1.5833,7943.079,119.30,117.94
1421005,829242,3042115.1992,714978.6445,2945511.0714,-760556.6237,-14.4781,-14.7920,1.8333,7954.656,113.00,111.68
1423060,830442,3046513.6867,716012.4071,2949767.3214,-761666.1878,-14.4783,-15.1148,1.6667,7966.265,115.75,114.41
1425116,831642,3050916.2501,717047.1275,2954031.0714,-762763.0090,-14.4782,-14.1777,1.5833,7977.894,119.36,118.05
1427173,832842,3055320.5127,718082.2473,2958297.0714,-763857.9125,-14.4781,-14.7920,1.5833,7989.491,113.29,112.05
1429231,834042,3059725.5891,719117.5584,2962562.1071,-764959.8061,-14.4781,-13.8356,1.8333,8001.100,115.14,113.77
1431284,835242,3064121.5636,720150.7303,2966817.0714,-766064.2978,-14.4782,-14.8385,1.5833,8012.712,119.00,117.64
1433342,836442,3068527.4964,721186.2426,2971083.0714,-767165.8821,-14.4782,-15.2316,1.5833,8024.338,116.92,115.63
1435399,837642,3072930.9026,722221.1612,2975348.1071,-768261.0950,-14.4781,-14.8292,1.8333,8035.924,115.27,113.87
1437452,838842,3077326.8770,723254.3330,2979603.0714,-769365.5867,-14.4782,-14.8385,1.5833,8047.653,119.87,118.56
1439510,840042,3081732.8099,724289.8454,2983869.0714,-770467.1710,-14.4782,-15.2316,1.5833,8059.399,119.97,118.66
1441567,841242,3086137.0724,725324.9652,2988135.0714,-771562.0745,-14.4781,-14.7920,1.5833,8071.129,115.27,113.99
1443622,842442,3090535.5599,726358.7277,2992391.3214,-772671.6387,-14.4782,-14.4945,1.6667,8082.820,114.72,113.43
1445678,843642,3094938.1233,727393.4481,2996655.0714,-773768.4598,-14.4782,-14.1777,1.5833,8094.520,119.26,117.96
1447735,844842,3099342.3859,728428.5679,3000921.0714,-774863.3634,-14.4781,-14.7920,1.5833,8106.233,116.38,115.10
1449793,846042,3103747.4624,729463.8790,3005186.1071,-775965.2570,-14.4781,-13.8356,1.8333,8117.939,115.49,114.08
1451846,847242,3108143.4368,730497.0509,3009441.0714,-777069.7487,-14.4782,-14.8385,1.5833,8129.645,119.21,117.93
1453904,848442,3112549.3696,731532.5633,3013707.0714,-778171.3330,-14.4782,-15.2316,1.5833,8141.364,119.16,117.84
1455961,849642,3116953.6322,732567.6831,3017973.0714,-779266.2365,-14.4781,-14.7920,1.8333,8153.076,115.96,114.58
1458016,850842,3121352.1197,733601.4456,3022229.3214,-780375.8006,-14.4782,-15.1148,1.6667,8164.766,115.53,114.24
1460072,852042,3125754.6831,734636.1660,3026493.0714,-781472.6218,-14.4782,-14.1777,1.5833,8176.471,119.66,118.29
1462129,853242,3130158.9457,735671.2858,3030759.0714,-782567.5254,-14.4781,-14.7920,1.5833,8188.188,115.59,114.29
1464184,854442,3134557.4331,736705.0483,3035015.3214,-783677.0895,-14.4782,-14.4945,1.6667,8199.884,115.10,113.82
1466240,855642,3138959.9966,737739.7688,3039279.0714,-784773.9107,-14.4782,-14.8385,1.5833,8211.601,119.15,117.82
1468298,856842,3143365.9294,738775.2811,3043545.0714,-785875.4950,-14.4782,-15.2316,1.5833,8223.331,119.69,118.37
1470355,858042,3147769.3356,739810.1997,3047810.1071,-786970.7078,-14.4781,-14.8292,1.8333,8235.053,115.46,114.09
1472408,859242,3152165.3101,740843.3715,3052065.0714,-788075.1995,-14.4782,-14.8385,1.5833,8246.758,119.51,118.19
1474466,860442,3156571.2429,741878.8839,3056331.0714,-789176.7838,-14.4782,-15.2316,1.5833,8258.482,119.13,117.82
1476523,861642,3160975.5054,742914.0037,3060597.0714,-790271.6874,-14.4780,-14.7920,1.8333,8270.184,116.39,115.00
1478578,862842,3165373.9929,743947.7662,3064853.3214,-791381.2515,-14.4782,-14.4945,1.6667,8281.885,114.90,113.59
1480634,864042,3169776.5563,744982.4867,3069117.0714,-792478.0726,-14.4782,-14.1777,1.5833,8293.601,119.87,118.56
1482691,865242,3174180.8189,746017.6065,3073383.0714,-793572.9762,-14.4780,-14.7920,1.5833,8305.317,115.73,114.47
1484749,866442,3178585.8954,747052.9175,3077648.1071,-794674.8698,-14.4781,-13.8356,1.8333,8317.014,114.94,113.55
1486802,867642,3182981.8698,748086.0894,3081903.0714,-795779.3615,-14.4782,-14.8385,1.5833,8328.749,120.19,118.89
1488860,868842,3187387.8026,749121.6018,3086169.0714,-796880.9458,-14.4782,-15.2316,1.5833,8340.468,119.40,118.08
1490917,870042,3191792.0652,750156.7216,3090435.0714,-797975.8493,-14.4780,-14.7920,1.8333,8352.174,115.69,114.31
1492972,871242,3196190.5527,751190.4841,3094691.3214,-799085.4135,-14.4782,-15.1148,1.6667,8363.884,115.92,114.61
1495028,872442,3200593.1161,752225.2045,3098955.0714,-800182.2346,-14.4782,-14.1777,1.5833,8375.613,119.31,117.99
1497085,873642,3204997.3787,753260.3243,3103221.0714,-801277.1382,-14.4780,-14.7920,1.5833,8387.329,115.60,114.32
1499140,874842,3209395.8662,754294.0868,3107477.3214,-802386.7023,-14.4782,-14.4945,1.6667,8399.028,115.12,113.83
1501196,876042,3213798.4296,755328.8073,3111741.0714,-803483.5235,-14.4782,-14.1777,1.5833,8410.755,120.35,119.03
1503254,877242,3218204.3624,756364.3196,3116007.0714,-804585.1078,-14.4782,-15.2316,1.5833,8422.478,119.73,118.41
1505311,878442,3222607.7686,757399.2382,3120272.1071,-805680.3206,-14.4780,-14.8292,1.8333,8434.175,114.99,113.59
1507364,879642,3227003.7431,758432.4101,3124527.0714,-806784.8123,-14.4781,-14.8385,1.5833,8445.883,118.65,117.33
1509422,880842,3231409.6759,759467.9224,3128793.0714,-807886.3966,-14.4781,-15.2316,1.5833,8457.583,118.87,117.57
1511479,882042,3235813.9384,760503.0422,3133059.0714,-808981.3002,-14.4780,-14.7920,1.8333,8469.269,114.99,113.54
1513534,883242,3240212.4259,761536.8047,3137315.3214,-810090.8643,-14.4782,-15.1148,1.6667,8480.968,114.72,113.44
1515590,884442,3244614.9894,762571.5252,3141579.0714,-811187.6855,-14.4781,-14.1777,1.5833,8492.687,119.35,118.05
1517647,885642,3249019.2519,763606.6450,3145845.0714,-812282.5890,-14.4780,-14.7920,1.5833,8504.402,115.57,114.30
1519705,886842,3253424.3284,764641.9561,3150110.1071,-813384.4826,-14.4780,-13.8356,1.8333,8516.095,115.12,113.74
1521758,888042,3257820.3028,765675.1279,3154365.0714,-814488.9743,-14.4781,-14.8385,1.5833,8527.799,119.75,118.41
1523816,889242,3262226.2356,766710.6403,3158631.0714,-815590.5586,-14.4781,-15.2316,1.5833,8539.519,119.50,118.12
1525873,890442,3266630.4982,767745.7601,3162897.0714,-816685.4622,-14.4780,-14.7920,1.8333,8551.259,117.14,115.75
1527926,891642,3271025.6163,768778.7307,3167151.0714,-817790.2632,-14.4781,-14.8385,1.5833,8563.032,119.33,118.02
1529984,892842,3275431.5491,769814.2430,3171417.0714,-818891.8475,-14.4781,-14.1777,1.5833,8574.825,120.54,119.21
1532041,894042,3279835.8117,770849.3628,3175683.0714,-819986.7510,-14.4780,-14.7920,1.5833,8586.561,116.18,114.91
1534096,895242,3284234.2992,771883.1253,3179939.3214,-821096.3151,-14.4782,-14.4945,1.6667,8598.302,116.04,114.74
1536152,896442,3288636.8626,772917.8458,3184203.0714,-822193.1363,-14.4781,-14.1777,1.5833,8610.072,120.20,118.77
1538209,897642,3293041.1252,773952.9656,3188469.0714,-823288.0398,-14.4780,-14.7920,1.5833,8621.829,115.68,114.38
1540267,898842,3297446.2016,774988.2767,3192734.1071,-824389.9335,-14.4780,-14.8292,1.8333,8633.583,116.84,115.46
1542320,900042,3301842.1761,776021.4486,3196989.0714,-825494.4251,-14.4781,-14.8385,1.5833,8645.350,119.47,118.12
1544378,901242,3306248.1089,777056.9609,3201255.0714,-826596.0095,-14.4781,-15.2316,1.5833,8657.117,120.00,118.66
1546435,902442,3310652.3715,778092.0807,3205521.0714,-827690.9130,-14.4780,-14.7920,1.8333,8668.827,116.22,114.82
1548490,903642,3315050.8589,779125.8432,3209777.3214,-828800.4771,-14.4782,-15.1148,1.6667,8680.542,115.50,114.21
1550546,904842,3319453.4224,780160.5637,3214041.0714,-829897.2983,-14.4781,-14.1777,1.5833,8692.254,119.62,118.30
1552603,906042,3323857.6849,781195.6835,3218307.0714,-830992.2018,-14.4780,-14.7920,1.5833,8703.960,115.86,114.60
1554661,907242,3328262.7614,782230.9946,3222572.1071,-832094.0955,-14.4780,-13.8356,1.8333,8715.674,115.67,114.30
1556714,908442,3332658.7358,783264.1664,3226827.0714,-833198.5871,-14.4781,-14.8385,1.5833,8727.395,119.63,118.30
1558772,909642,3337064.6687,784299.6788,3231093.0714,-834300.1714,-14.4781,-15.2316,1.5833,8739.121,119.33,118.01
1560829,910842,3341468.0749,785334.5973,3235358.1071,-835395.3843,-14.4780,-14.8292,1.8333,8750.836,115.30,113.92
1562882,912042,3345864.0493,786367.7692,3239613.0714,-836499.8760,-14.4781,-14.8385,1.5833,8762.549,119.19,117.87
1564940,913242,3350269.9821,787403.2816,3243879.0714,-837601.4603,-14.4781,-14.1777,1.5833,8774.252,119.24,117.88
1566997,914442,3354674.2447,788438.4014,3248145.0714,-838696.3638,-14.4780,-14.7920,1.5833,8785.958,115.78,114.52
1569052,915642,3359072.7322,789472.1639,3252401.3214,-839805.9280,-14.4782,-14.4945,1.6667,8797.665,115.89,114.59
1571108,916842,3363475.2956,790506.8843,3256665.0714,-840902.7491,-14.4781,-14.1777,1.5833,8809.374,119.11,117.82
1573165,918042,3367879.5582,791542.0041,3260931.0714,-841997.6527,-14.4780,-14.7920,1.5833,8821.095,115.62,114.35
1575223,919242,3372284.6346,792577.3152,3265196.1071,-843099.5463,-14.4780,-13.8356,1.8333,8832.779,115.25,113.88
1577276,920442,3376680.6091,793610.4871,3269451.0714,-844204.0380,-14.4781,-14.8385,1.5833,8844.471,120.24,118.88
1579334,921642,3381086.5419,794645.9994,3273717.0714,-845305.6223,-14.4781,-15.2316,1.5833,8856.198,119.33,118.00
1581391,922842,3385490.8045,795681.1192,3277983.0714,-846400.5258,-14.4780,-14.7920,1.8333,8867.909,116.48,115.09
1583446,924042,3389889.2919,796714.8817,3282239.3214,-847510.0899,-14.4782,-15.1148,1.6667,8879.635,115.93,114.59
1585502,925242,3394291.8554,797749.6022,3286503.0714,-848606.9111,-14.4781,-14.1777,1.5833,8891.378,119.73,118.40
1587559,926442,3398696.1179,798784.7220,3290769.0714,-849701.8147,-14.4780,-14.7920,1.5833,8903.190,116.09,114.85
1589617,927642,3403101.1944,799820.0331,3295034.1071,-850803.7083,-14.4780,-13.8356,1.8333,8914.926,116.81,115.43
1591670,928842,3407497.1688,800853.2049,3299289.0714,-851908.2000,-14.4781,-14.8385,1.5833,8926.649,119.13,117.82
1593728,930042,3411903.1017,801888.7173,3303555.0714,-853009.7843,-14.4781,-15.2316,1.5833,8938.373,120.02,118.70
1595785,931242,3416306.5079,802923.6358,3307820.1071,-854104.9971,-14.4780,-14.8292,1.8333,8950.091,115.13,113.76
1597838,932442,3420702.4823,803956.8077,3312075.0714,-855209.4888,-14.4781,-14.8385,1.5833,8961.801,119.14,117.83
1599896,933642,3425108.4151,804992.3201,3316341.0714,-856311.0731,-14.4781,-15.2316,1.5833,8973.511,120.10,118.79
1601953,934842,3429512.6777,806027.4399,3320607.0714,-857405.9767,-14.4780,-14.7920,1.8333,8985.201,115.77,114.38
1604008,936042,3433911.1652,807061.2024,3324863.3214,-858515.5408,-14.4782,-14.4945,1.6667,8996.890,114.96,113.67
1606064,937242,3438313.7286,808095.9228,3329127.0714,-859612.3620,-14.4781,-14.1777,1.5833,9008.609,119.49,118.14
1608121,938442,3442717.9912,809131.0426,3333393.0714,-860707.2655,-14.4780,-14.7920,1.5833,9020.316,115.82,114.54
1610179,939642,3447123.0677,810166.3537,3337658.1071,-861809.1591,-14.4780,-13.8356,1.8333,9032.024,115.16,113.78
1612232,940842,3451519.0421,811199.5256,3341913.0714,-862913.6508,-14.4781,-14.8385,1.5833,9043.734,119.01,117.69
1614290,942042,3455924.9749,812235.0379,3346179.0714,-864015.2351,-14.4781,-15.2316,1.5833,9055.447,119.17,117.87
1616347,943242,3460329.2375,813270.1577,3350445.0714,-865110.1386,-14.4780,-14.7920,1.8333,9067.143,115.77,114.38
1618402,944442,3464727.7249,814303.9202,3354701.3214,-866219.7028,-14.4782,-15.1148,1.6667,9078.848,115.86,114.56
1620458,945642,3469130.2884,815338.6407,3358965.0714,-867316.5239,-14.4781,-14.1777,1.5833,9090.574,119.19,117.87
1622515,946842,3473534.5509,816373.7605,3363231.0714,-868411.4275,-14.4780,-14.7920,1.5833,9102.292,116.18,114.91
1624570,948042,3477933.0384,817407.5230,3367487.3214,-869520.9916,-14.4782,-14.4945,1.6667,9114.053,115.40,114.10
1626626,949242,3482335.6019,818442.2435,3371751.0714,-870617.8128,-14.4781,-14.8385,1.5833,9125.804,119.18,117.89
1628684,950442,3486741.5347,819477.7558,3376017.0714,-871719.3971,-14.4781,-15.2316,1.5833,9137.530,119.63,118.30
1630741,951642,3491144.9409,820512.6744,3380282.1071,-872814.6099,-14.4780,-14.8292,1.8333,9149.248,116.00,114.63
1632794,952842,3495540.9153,821545.8462,3384537.0714,-873919.1016,-14.4781,-14.8385,1.5833,9160.976,119.24,117.93
1634852,954042,3499946.8482,822581.3586,3388803.0714,-875020.6859,-14.4781,-15.2316,1.5833,9172.690,119.65,118.33
1636909,955242,3504351.1107,823616.4784,3393069.0714,-876115.5895,-14.4780,-14.7920,1.8333,9184.395,115.77,114.36
1638964,956442,3508749.5982,824650.2409,3397325.3214,-877225.1536,-14.4782,-14.4945,1.6667,9196.108,115.86,114.54
1641020,957642,3513152.1616,825684.9613,3401589.0714,-878321.9748,-14.4781,-14.1777,1.5833,9207.857,119.54,118.19
1643077,958842,3517556.4242,826720.0811,3405855.0714,-879416.8783,-14.4780,-14.7920,1.5833,9219.563,115.58,114.32
1645135,960042,3521961.5007,827755.3922,3410120.1071,-880518.7719,-14.4780,-13.8356,1.8333,9231.271,115.81,114.40
1647188,961242,3526357.4751,828788.5641,3414375.0714,-881623.2636,-14.4781,-14.8385,1.5833,9242.990,119.14,117.83
1649246,962442,3530763.4079,829824.0765,3418641.0714,-882724.8479,-14.4781,-15.2316,1.5833,9254.718,119.37,118.05
1651303,963642,3535167.6705,830859.1963,3422907.0714,-883819.7515,-14.4780,-14.7920,1.8333,9266.430,116.61,115.23
1653358,964842,3539566.1580,831892.9588,3427163.3214,-884929.3156,-14.4782,-15.1148,1.6667,9278.149,115.95,114.67
1655414,966042,3543968.7214,832927.6792,3431427.0714,-886026.1368,-14.4781,-14.1777,1.5833,9289.867,119.33,118.00
1657471,967242,3548372.9840,833962.7990,3435693.0714,-887121.0403,-14.4780,-14.7920,1.5833,9301.561,115.21,113.94
1659526,968442,3552771.4714,834996.5615,3439949.3214,-888230.6044,-14.4782,-14.4945,1.6667,9313.270,115.37,114.06
1661582,969642,3557174.0349,836031.2820,3444213.0714,-889327.4256,-14.4781,-14.1777,1.5833,9324.990,119.36,118.04
1663640,970842,3561579.9677,837066.7943,3448479.0714,-890429.0099,-14.4781,-15.2316,1.5833,9336.713,119.13,117.80
1665697,972042,3565983.3739,838101.7129,3452744.1071,-891524.2228,-14.4780,-14.8292,1.8333,9348.428,117.53,116.17
1667750,973242,3570379.3483,839134.8847,3456999.0714,-892628.7144,-14.4781,-14.8385,1.5833,9360.141,118.43,117.10
1669808,974442,3574785.2812,840170.3971,3461265.0714,-893730.2988,-14.4781,-15.2316,1.5833,9371.920,119.18,117.85
1671865,975642,3579189.5437,841205.5169,3465531.0714,-894825.2023,-14.4780,-14.7920,1.8333,9383.622,115.55,114.16
1673920,976842,3583588.0312,842239.2794,3469787.3214,-895934.7664,-14.4781,-15.1148,1.6667,9395.340,114.96,113.65
1675976,978042,3587990.5946,843273.9998,3474051.0714,-897031.5876,-14.4781,-14.1777,1.5833,9407.077,120.09,118.76
1678033,979242,3592394.8572,844309.1196,3478317.0714,-898126.4911,-14.4780,-14.7920,1.5833,9418.824,115.81,114.50
1680091,980442,3596799.9337,845344.4307,3482582.1071,-899228.3848,-14.4780,-13.8356,1.8333,9430.625,116.29,114.93
1682144,981642,3601195.9081,846377.6026,3486837.0714,-900332.8764,-14.4781,-14.8385,1.5833,9442.383,120.60,119.26
1684202,982842,3605601.8409,847413.1150,3491103.0714,-901434.4607,-14.4781,-15.2316,1.5833,9454.121,118.90,117.61
1686259,984042,3610005.2472,848448.0335,3495368.1071,-902529.6736,-14.4780,-14.8292,1.8333,9465.825,115.47,114.03
1688312,985242,3614401.2216,849481.2054,3499623.0714,-903634.1653,-14.4781,-14.8385,1.5833,9477.540,119.21,117.87
1690370,986442,3618807.1544,850516.7177,3503889.0714,-904735.7496,-14.4781,-14.1777,1.5833,9489.268,119.88,118.54
1692427,987642,3623211.4170,851551.8375,3508155.0714,-905830.6531,-14.4780,-14.7920,1.5833,9500.979,115.39,114.11
1694482,988842,3627609.9044,852585.6000,3512411.3214,-906940.2173,-14.4781,-14.4945,1.6667,9512.675,115.53,114.21
1696538,990042,3632012.4679,853620.3205,3516675.0714,-908037.0384,-14.4781,-14.1777,1.5833,9524.396,119.67,118.35
1698595,991242,3636416.7304,854655.4403,3520941.0714,-909131.9420,-14.4780,-14.7920,1.5833,9536.103,115.90,114.62
1700653,992442,3640821.8069,855690.7514,3525206.1071,-910233.8356,-14.4780,-14.8292,1.8333,9547.817,116.45,114.98
1702706,993642,3645217.7814,856723.9232,3529461.0714,-911338.3273,-14.4781,-14.8385,1.5833,9559.537,119.52,118.19
1704764,994842,3649623.7142,857759.4356,3533727.0714,-912439.9116,-14.4781,-15.2316,1.5833,9571.253,119.25,117.92
1706821,996042,3654027.9767,858794.5554,3537993.0714,-913534.8151,-14.4780,-14.7920,1.8333,9582.969,115.99,114.55
1708876,997242,3658426.4642,859828.3179,3542249.3214,-914644.3792,-14.4781,-15.1148,1.6667,9594.674,115.67,114.37
1710932,998442,3662829.0276,860863.0384,3546513.0714,-915741.2004,-14.4781,-14.1777,1.5833,9606.384,119.49,118.13
1712989,999642,3667233.2902,861898.1582,3550779.0714,-916836.1040,-14.4780,-14.7920,1.5833,9618.109,115.87,114.57
1713607,1000002,3668555.4622,862208.9040,3552059.1071,-917167.2350,-14.4780,-14.8292,1.8333,9621.624,115.16,113.77
