generation,path_length_rings,euclid_distance,effective_rings,global_x,global_y,heading_running,heading_windowed,local_clock,elapsed_s,hop_ms,patch_ms
60,31,123.7869,28.9365,-71.9286,-97.7372,-127.2922,NaN,1.9355,0.069,69.10,60.38
82,43,171.6850,40.1333,-108.6786,-129.5945,-130.6096,-139.0791,1.8333,0.136,66.67,65.55
103,55,217.1382,50.7584,-134.1071,-167.5759,-129.1799,-131.6792,1.7500,0.206,70.03,68.88
124,67,261.4149,61.1086,-171.6786,-193.6804,-131.9497,-136.1144,1.7500,0.282,75.96,74.85
146,79,307.5050,71.8827,-203.3214,-227.2080,-132.1586,-135.4222,1.8333,0.357,75.55,74.37
167,91,353.2184,82.5687,-230.1071,-264.5708,-131.3116,-133.4746,1.7500,0.433,75.34,74.23
188,103,397.3130,92.8763,-266.3214,-291.2938,-132.6904,-135.1235,1.7500,0.508,75.55,74.40
209,115,442.9734,103.5499,-293.1071,-328.6566,-131.9602,-133.7657,1.7500,0.584,75.43,74.30
230,127,487.1426,113.8749,-329.3214,-355.3797,-133.0261,-134.9722,1.7500,0.659,75.28,74.18
251,139,532.7659,124.5399,-356.1071,-392.7425,-132.3903,-133.9291,1.7500,0.734,75.37,74.29
272,151,576.9837,134.8762,-392.3214,-419.4656,-133.2573,-134.8808,1.7500,0.813,78.87,77.77
293,163,622.5799,145.5349,-419.1071,-456.8284,-132.6962,-134.0337,1.7500,0.891,77.91,76.77
314,175,667.8414,156.1152,-456.0714,-484.2319,-133.4328,-134.8251,1.7500,0.970,79.11,77.92
335,187,712.4071,166.5329,-482.1071,-520.9143,-132.9251,-134.1064,1.7500,1.047,77.33,76.23
355,199,755.6678,176.6456,-512.1071,-552.0912,-132.9808,-134.0921,1.6667,1.125,77.43,76.38
376,211,800.4385,187.1112,-549.6786,-578.1957,-133.6744,-134.8380,1.7500,1.203,77.66,76.54
397,223,845.5058,197.6462,-575.1071,-616.1771,-133.1433,-134.1442,1.7500,1.279,76.00,74.91
418,235,890.2964,208.1165,-612.6786,-642.2816,-133.7588,-134.7997,1.7500,1.354,74.98,73.89
439,247,935.3492,218.6481,-638.1071,-680.2630,-133.2747,-134.1847,1.7500,1.428,74.87,73.78
460,259,979.6634,229.0070,-674.3214,-706.9860,-133.7454,-134.6758,1.7500,1.503,74.64,73.57
481,271,1025.1967,239.6509,-701.1071,-744.3488,-133.3830,-133.9405,1.7500,1.578,74.75,73.66
502,283,1069.5227,250.0126,-737.3214,-771.0719,-133.8097,-134.9866,1.7500,1.653,74.97,73.88
523,295,1115.0473,260.6545,-764.1071,-808.4347,-133.4738,-133.9405,1.7500,1.727,73.97,72.88
544,307,1159.3830,271.0185,-800.3214,-835.1578,-133.8640,-134.4793,1.7500,1.801,74.05,72.95
565,319,1204.9002,281.6586,-827.1071,-872.5206,-133.5512,-134.4793,1.7500,1.875,73.74,72.66
586,331,1249.2443,292.0245,-863.3214,-899.2437,-133.9105,-134.4793,1.7500,1.949,74.39,73.32
607,343,1294.7551,302.6632,-890.1071,-936.6065,-133.6177,-134.4793,1.7500,2.024,75.12,74.03
628,355,1339.1063,313.0307,-926.3214,-963.3295,-133.9507,-134.4793,1.7500,2.098,74.40,73.31
649,367,1384.6114,323.6681,-953.1071,-1000.6924,-133.6757,-134.4793,1.7500,2.172,73.71,72.62
670,379,1428.9688,334.0371,-989.3214,-1027.4154,-133.9859,-134.4793,1.7500,2.247,74.36,73.28
691,391,1474.4691,344.6733,-1016.1071,-1064.7782,-133.7265,-134.4793,1.7500,2.321,74.18,73.09
711,403,1517.7355,354.7873,-1046.1071,-1095.9551,-133.7314,-133.9661,1.6667,2.396,75.33,74.30
732,415,1562.5971,365.2742,-1083.6786,-1122.0596,-134.0652,-135.0203,1.7500,2.471,75.07,73.98
753,427,1607.5942,375.7927,-1109.1071,-1160.0410,-133.7750,-134.4793,1.7500,2.546,74.51,73.43
774,439,1652.4611,386.2809,-1146.6786,-1186.1455,-134.0894,-134.4793,1.7500,2.620,74.45,73.33
795,451,1697.4538,396.7984,-1172.1071,-1224.1269,-133.8139,-134.4793,1.7500,2.695,74.67,73.57
816,463,1741.8255,407.1707,-1208.3214,-1250.8500,-134.0649,-134.3850,1.7500,2.769,74.76,73.67
837,475,1787.3140,417.8042,-1235.1071,-1288.2128,-133.8489,-134.4793,1.7500,2.844,74.93,73.82
858,487,1831.6894,428.1774,-1271.3214,-1314.9359,-134.0868,-134.4793,1.7500,2.919,74.38,73.31
879,499,1877.1749,438.8102,-1298.1071,-1352.2987,-133.8806,-134.4793,1.7500,2.994,74.73,73.65
900,511,1921.5537,449.1842,-1334.3214,-1379.0217,-134.1066,-134.4793,1.7500,3.068,74.83,73.73
921,523,1967.0363,459.8162,-1361.1071,-1416.3845,-133.9094,-134.4793,1.7500,3.142,74.02,72.92
942,535,2011.4181,470.1910,-1397.3214,-1443.1076,-134.1246,-134.4793,1.7500,3.217,74.41,73.33
963,547,2056.8981,480.8224,-1424.1071,-1480.4704,-133.9356,-134.4793,1.7500,3.291,73.97,72.86
984,559,2101.2827,491.1978,-1460.3214,-1507.1935,-134.1411,-134.4793,1.7500,3.366,74.74,73.62
1005,571,2146.7603,501.8287,-1487.1071,-1544.5563,-133.9597,-134.4793,1.7500,3.439,73.96,72.84
1026,583,2191.1475,512.2047,-1523.3214,-1571.2794,-134.1563,-134.4793,1.7500,3.513,73.98,72.92
1047,595,2236.6229,522.8351,-1550.1071,-1608.6422,-133.9818,-134.4793,1.7500,3.588,74.53,73.45
1068,607,2282.0231,533.4478,-1587.0714,-1636.0457,-134.1718,-134.4833,1.7500,3.663,75.17,74.09
1089,619,2326.4858,543.8415,-1613.1071,-1672.7281,-134.0023,-134.4793,1.7500,3.737,73.60,72.52
1109,631,2369.7524,553.9555,-1643.1071,-1703.9050,-134.0003,-134.4793,1.6667,3.811,74.63,73.60
1130,643,2414.6461,564.4499,-1680.6786,-1730.0095,-134.2114,-134.4793,1.7500,3.887,75.30,74.21
1151,655,2459.6155,574.9620,-1706.1071,-1767.9909,-134.0190,-134.4793,1.7500,3.961,74.72,73.62
1172,667,2504.0087,585.3394,-1742.3214,-1794.7139,-134.1900,-134.3850,1.7500,4.036,75.01,73.92
1193,679,2549.4789,595.9686,-1769.1071,-1832.0767,-134.0363,-134.4793,1.7500,4.111,74.94,73.84
1214,691,2593.8739,606.3464,-1805.3214,-1858.7998,-134.2011,-134.4793,1.7500,4.186,74.49,73.38
1235,703,2639.3425,616.9752,-1832.1071,-1896.1626,-134.0524,-134.4793,1.7500,4.261,75.21,74.10
1256,715,2683.7392,627.3534,-1868.3214,-1922.8857,-134.2114,-134.4793,1.7500,4.336,75.08,73.90
1277,727,2729.2063,637.9818,-1895.1071,-1960.2485,-134.0675,-134.4793,1.7500,4.412,76.13,75.03
1298,739,2773.6045,648.3604,-1931.3214,-1986.9716,-134.2211,-134.4793,1.7500,4.491,78.41,77.32
1319,751,2819.0702,658.9885,-1958.1071,-2024.3344,-134.0816,-134.4793,1.7500,4.572,80.91,79.79
1340,763,2863.4700,669.3674,-1994.3214,-2051.0575,-134.2302,-134.4793,1.7500,4.654,82.72,81.59
1361,775,2908.9344,679.9952,-2021.1071,-2088.4203,-134.0949,-134.4793,1.7500,4.736,81.48,80.35
1382,787,2953.3355,690.3745,-2057.3214,-2115.1433,-134.2387,-134.4793,1.7500,4.817,81.21,80.09
1403,799,2998.7986,701.0020,-2084.1071,-2152.5061,-134.1073,-134.4793,1.7500,4.899,81.78,80.63
1424,811,3043.2011,711.3815,-2120.3214,-2179.2292,-134.2467,-134.4793,1.7500,4.981,82.48,81.35
1445,823,3088.6630,722.0088,-2147.1071,-2216.5920,-134.1191,-134.4793,1.7500,5.065,83.66,82.50
1465,835,3131.9293,732.1227,-2177.1071,-2247.7689,-134.1160,-133.9661,1.6667,5.148,82.86,81.67
1486,847,3176.8368,742.6203,-2214.6786,-2273.8734,-134.2748,-135.0203,1.7500,5.228,80.43,79.31
1507,859,3221.7938,753.1295,-2240.1071,-2311.8548,-134.1270,-134.4793,1.7500,5.305,76.90,75.78
1528,871,3266.7026,763.6275,-2277.6786,-2337.9593,-134.2813,-134.4793,1.7500,5.380,74.78,73.69
1549,883,3311.6585,774.1364,-2303.1071,-2375.9407,-134.1374,-134.4793,1.7500,5.456,76.28,75.19
1570,895,3356.0639,784.5166,-2339.3214,-2402.6638,-134.2634,-134.4793,1.7500,5.533,76.83,75.70
1591,907,3401.5232,795.1432,-2366.1071,-2440.0266,-134.1473,-134.4793,1.7500,5.613,79.68,78.57
1612,919,3445.9297,805.5237,-2402.3214,-2466.7496,-134.2699,-134.4793,1.7500,5.696,82.87,81.73
1633,931,3491.3880,816.1501,-2429.1071,-2504.1125,-134.1566,-134.4793,1.7500,5.781,85.06,83.91
1654,943,3535.7955,826.5309,-2465.3214,-2530.8355,-134.2760,-134.4793,1.7500,5.865,84.33,83.18
1675,955,3581.2529,837.1570,-2492.1071,-2568.1983,-134.1655,-134.4793,1.7500,5.949,84.21,83.02
1696,967,3625.6613,847.5380,-2528.3214,-2594.9214,-134.2818,-134.4793,1.7500,6.034,85.23,84.04
1717,979,3671.1179,858.1639,-2555.1071,-2632.2842,-134.1740,-134.4793,1.7500,6.119,84.68,83.53
1738,991,3715.5272,868.5451,-2591.3214,-2659.0073,-134.2873,-134.4793,1.7500,6.205,86.34,85.19
1759,1003,3760.9829,879.1709,-2618.1071,-2696.3701,-134.1820,-134.4793,1.7500,6.291,85.21,84.06
1780,1015,3805.3931,889.5522,-2654.3214,-2723.0932,-134.2926,-134.4793,1.7500,6.375,84.75,83.60
1801,1027,3850.8480,900.1778,-2681.1071,-2760.4560,-134.1897,-134.4793,1.7500,6.460,84.36,83.21
1822,1039,3896.2698,910.7957,-2718.0714,-2787.8595,-134.2985,-134.4833,1.7500,6.545,85.10,83.97
1843,1051,3940.7132,921.1848,-2744.1071,-2824.5419,-134.1970,-134.4793,1.7500,6.628,83.58,82.44
1863,1063,3983.9793,931.2987,-2774.1071,-2855.7188,-134.1937,-134.4793,1.6667,6.714,85.42,84.32
1884,1075,4028.8958,941.7985,-2811.6786,-2881.8232,-134.3180,-134.4793,1.7500,6.800,85.89,84.67
1905,1087,4073.8445,952.3057,-2837.1071,-2919.8046,-134.2007,-134.4793,1.7500,6.885,85.01,83.84
1926,1099,4118.2565,962.6875,-2873.3214,-2946.5277,-134.3027,-134.3850,1.7500,6.970,85.10,83.90
1947,1111,4163.7098,973.3127,-2900.1071,-2983.8905,-134.2074,-134.4793,1.7500,7.055,85.41,84.26
1968,1123,4208.1225,983.6946,-2936.3214,-3010.6136,-134.3071,-134.4793,1.7500,7.140,85.18,84.04
1989,1135,4253.5751,994.3197,-2963.1071,-3047.9764,-134.2138,-134.4793,1.7500,7.225,84.66,83.50
2010,1147,4297.9885,1004.7018,-2999.3214,-3074.6995,-134.3114,-134.4793,1.7500,7.311,85.68,84.53
2031,1159,4343.4405,1015.3267,-3026.1071,-3112.0623,-134.2199,-134.4793,1.7500,7.395,84.45,83.30
2052,1171,4387.8545,1025.7090,-3062.3214,-3138.7854,-134.3155,-134.4793,1.7500,7.480,84.85,83.72
2073,1183,4433.3059,1036.3337,-3089.1071,-3176.1482,-134.2258,-134.4793,1.7500,7.564,84.17,83.04
2094,1195,4477.7206,1046.7162,-3125.3214,-3202.8712,-134.3194,-134.4793,1.7500,7.649,84.66,83.50
2115,1207,4523.1714,1057.3408,-3152.1071,-3240.2340,-134.2315,-134.4793,1.7500,7.733,84.40,83.25
2136,1219,4567.5867,1067.7233,-3188.3214,-3266.9571,-134.3231,-134.4793,1.7500,7.819,85.40,84.20
2157,1231,4613.0369,1078.3478,-3215.1071,-3304.3199,-134.2369,-134.4793,1.7500,7.903,84.34,83.19
2178,1243,4657.4528,1088.7305,-3251.3214,-3331.0430,-134.3268,-134.4793,1.7500,7.988,84.75,83.59
2199,1255,4702.9025,1099.3549,-3278.1071,-3368.4058,-134.2421,-134.4793,1.7500,8.072,84.64,83.46
2219,1267,4746.1683,1109.4687,-3308.1071,-3399.5827,-134.2390,-133.9661,1.6667,8.157,84.97,83.86
2240,1279,4791.0902,1119.9697,-3345.6786,-3425.6872,-134.3431,-135.0203,1.7500,8.243,85.93,84.77
2261,1291,4836.0339,1130.4758,-3371.1071,-3463.6686,-134.2440,-134.4793,1.7500,8.328,84.79,83.64
2282,1303,4880.9564,1140.9769,-3408.6786,-3489.7731,-134.3462,-134.4793,1.7500,8.413,85.13,83.98
2303,1315,4925.8995,1151.4829,-3434.1071,-3527.7545,-134.2489,-134.4793,1.7500,8.498,84.77,83.57
2324,1327,4970.3165,1161.8658,-3470.3214,-3554.4776,-134.3330,-134.4793,1.7500,8.584,86.01,84.83
2345,1339,5015.7652,1172.4900,-3497.1071,-3591.8404,-134.2536,-134.4793,1.7500,8.671,86.60,85.37
2366,1351,5060.1827,1182.8730,-3533.3214,-3618.5634,-134.3361,-134.4793,1.7500,8.758,87.31,86.14
2387,1363,5105.6309,1193.4970,-3560.1071,-3655.9262,-134.2581,-134.4793,1.7500,8.846,87.97,86.78
2408,1375,5150.0488,1203.8802,-3596.3214,-3682.6493,-134.3392,-134.4793,1.7500,8.934,87.95,86.78
2429,1387,5195.4966,1214.5041,-3623.1071,-3720.0121,-134.2625,-134.4793,1.7500,9.021,87.63,86.44
2450,1399,5239.9150,1224.8874,-3659.3214,-3746.7352,-134.3421,-134.4793,1.7500,9.110,88.58,87.39
2471,1411,5285.3623,1235.5112,-3686.1071,-3784.0980,-134.2667,-134.4793,1.7500,9.198,87.64,86.43
2492,1423,5329.7812,1245.8946,-3722.3214,-3810.8211,-134.3450,-134.4793,1.7500,9.285,87.58,86.40
2513,1435,5375.2281,1256.5183,-3749.1071,-3848.1839,-134.2708,-134.4793,1.7500,9.371,86.21,85.02
2534,1447,5419.6474,1266.9018,-3785.3214,-3874.9070,-134.3477,-134.4793,1.7500,9.458,86.22,85.06
2555,1459,5465.0939,1277.5255,-3812.1071,-3912.2698,-134.2747,-134.4793,1.7500,9.543,84.95,83.79
2576,1471,5510.5244,1288.1453,-3849.0714,-3939.6733,-134.3510,-134.4833,1.7500,9.629,86.32,85.13
2597,1483,5554.9597,1298.5326,-3875.1071,-3976.3556,-134.2785,-134.4793,1.7500,9.714,85.08,83.93
2617,1495,5598.2254,1308.6464,-3905.1071,-4007.5326,-134.2756,-134.4793,1.6667,9.800,86.08,84.93
2638,1507,5643.1516,1319.1484,-3942.6786,-4033.6370,-134.3637,-134.4793,1.7500,9.887,86.93,85.72
2659,1519,5688.0912,1329.6535,-3968.1071,-4071.6184,-134.2793,-134.4793,1.7500,9.972,85.40,84.24
2680,1531,5732.5113,1340.0372,-4004.3214,-4098.3415,-134.3520,-134.3850,1.7500,10.059,86.83,85.69
2701,1543,5777.9570,1350.6606,-4031.1071,-4135.7043,-134.2829,-134.4793,1.7500,10.146,86.88,85.70
2722,1555,5822.3775,1361.0444,-4067.3214,-4162.4274,-134.3544,-134.4793,1.7500,10.233,87.18,85.97
2743,1567,5867.8229,1371.6678,-4094.1071,-4199.7902,-134.2864,-134.4793,1.7500,10.322,88.48,87.27
2764,1579,5912.2438,1382.0516,-4130.3214,-4226.5133,-134.3568,-134.4793,1.7500,10.410,88.02,86.81
2785,1591,5957.6888,1392.6749,-4157.1071,-4263.8761,-134.2898,-134.4793,1.7500,10.497,86.76,85.57
2806,1603,6002.1100,1403.0588,-4193.3214,-4290.5991,-134.3591,-134.4793,1.7500,10.583,86.75,85.60
2827,1615,6047.5547,1413.6820,-4220.1071,-4327.9620,-134.2930,-134.4793,1.7500,10.668,85.00,83.83
2848,1627,6091.9763,1424.0661,-4256.3214,-4354.6850,-134.3613,-134.4793,1.7500,10.754,85.23,84.10
2869,1639,6137.4206,1434.6892,-4283.1071,-4392.0478,-134.2962,-134.4793,1.7500,10.838,84.88,83.72
2890,1651,6181.8425,1445.0733,-4319.3214,-4418.7709,-134.3635,-134.4793,1.7500,10.923,84.85,83.68
2911,1663,6227.2866,1455.6963,-4346.1071,-4456.1337,-134.2993,-134.4793,1.7500,11.008,84.46,83.32
2932,1675,6271.7088,1466.0805,-4382.3214,-4482.8568,-134.3656,-134.4793,1.7500,11.093,84.80,83.65
2953,1687,6317.1525,1476.7035,-4409.1071,-4520.2196,-134.3023,-134.4793,1.7500,11.177,83.96,82.81
2973,1699,6360.4181,1486.8173,-4439.1071,-4551.3965,-134.2996,-133.9661,1.6667,11.262,85.21,84.09
2994,1711,6405.3471,1497.3199,-4476.6786,-4577.5010,-134.3770,-135.0203,1.7500,11.347,85.66,84.47
3015,1723,6450.2841,1507.8244,-4502.1071,-4615.4824,-134.3025,-134.4793,1.7500,11.432,84.72,83.55
3036,1735,6495.2134,1518.3272,-4539.6786,-4641.5869,-134.3789,-134.4793,1.7500,11.517,85.24,84.10
3057,1747,6540.1500,1528.8316,-4565.1071,-4679.5683,-134.3054,-134.4793,1.7500,11.602,84.71,83.51
3078,1759,6584.5728,1539.2159,-4601.3214,-4706.2913,-134.3684,-134.4793,1.7500,11.688,86.00,84.83
3099,1771,6630.0160,1549.8388,-4628.1071,-4743.6541,-134.3081,-134.4793,1.7500,11.773,84.81,83.64
3120,1783,6674.4391,1560.2231,-4664.3214,-4770.3772,-134.3704,-134.4793,1.7500,11.858,85.27,84.12
3141,1795,6719.8821,1570.8459,-4691.1071,-4807.7400,-134.3108,-134.4793,1.7500,11.943,85.23,84.08
3162,1807,6764.3054,1581.2304,-4727.3214,-4834.4631,-134.3722,-134.4793,1.7500,12.028,84.54,83.40
3183,1819,6809.7481,1591.8531,-4754.1071,-4871.8259,-134.3135,-134.4793,1.7500,12.112,83.74,82.60
3204,1831,6854.1717,1602.2376,-4790.3214,-4898.5490,-134.3740,-134.4793,1.7500,12.196,84.81,83.68
3225,1843,6899.6141,1612.8603,-4817.1071,-4935.9118,-134.3160,-134.4793,1.7500,12.280,83.83,82.65
3246,1855,6944.0381,1623.2448,-4853.3214,-4962.6349,-134.3758,-134.4793,1.7500,12.365,84.40,83.24
3267,1867,6989.4802,1633.8674,-4880.1071,-4999.9977,-134.3185,-134.4793,1.7500,12.449,84.09,82.89
3288,1879,7033.9044,1644.2521,-4916.3214,-5026.7207,-134.3775,-134.4793,1.7500,12.534,84.75,83.60
3309,1891,7079.3463,1654.8746,-4943.1071,-5064.0835,-134.3210,-134.4793,1.7500,12.618,84.20,83.05
3330,1903,7124.7816,1665.4956,-4980.0714,-5091.4871,-134.3797,-134.4833,1.7500,12.703,85.57,84.42
3351,1915,7169.2123,1675.8818,-5006.1071,-5128.1694,-134.3234,-134.4793,1.7500,12.788,84.83,83.65
3371,1927,7212.4778,1685.9956,-5036.1071,-5159.3463,-134.3208,-134.4793,1.6667,12.874,85.79,84.66
3392,1939,7257.4093,1696.4988,-5073.6786,-5185.4508,-134.3890,-134.4793,1.7500,12.961,87.09,85.92
3413,1951,7302.3438,1707.0027,-5099.1071,-5223.4322,-134.3231,-134.4793,1.7500,13.047,86.45,85.28
3434,1963,7346.7685,1717.3875,-5135.3214,-5250.1553,-134.3796,-134.3850,1.7500,13.133,85.58,84.37
3455,1975,7392.2099,1728.0099,-5162.1071,-5287.5181,-134.3254,-134.4793,1.7500,13.219,86.38,85.22
3476,1987,7436.6348,1738.3947,-5198.3214,-5314.2412,-134.3812,-134.4793,1.7500,13.306,87.03,85.86
3497,1999,7482.0760,1749.0171,-5225.1071,-5351.6040,-134.3276,-134.4793,1.7500,13.394,87.78,86.60
3518,2011,7526.5011,1759.4019,-5261.3214,-5378.3271,-134.3827,-134.4793,1.7500,13.482,87.71,86.53
3539,2023,7571.9422,1770.0243,-5288.1071,-5415.6899,-134.3298,-134.4793,1.7500,13.568,86.55,85.37
3560,2035,7616.3675,1780.4092,-5324.3214,-5442.4129,-134.3842,-134.4793,1.7500,13.655,86.69,85.52
3581,2047,7661.8083,1791.0315,-5351.1071,-5479.7757,-134.3319,-134.4793,1.7500,13.741,85.73,84.53
3602,2059,7706.2338,1801.4164,-5387.3214,-5506.4988,-134.3857,-134.4793,1.7500,13.827,85.81,84.65
3623,2071,7751.6744,1812.0387,-5414.1071,-5543.8616,-134.3340,-134.4793,1.7500,13.910,83.60,82.48
3644,2083,7796.1002,1822.4237,-5450.3214,-5570.5847,-134.3871,-134.4793,1.7500,13.995,84.27,83.06
3665,2095,7841.5406,1833.0459,-5477.1071,-5607.9475,-134.3360,-134.4793,1.7500,14.079,84.38,83.21
3686,2107,7885.9666,1843.4309,-5513.3214,-5634.6706,-134.3885,-134.4793,1.7500,14.163,84.53,83.38
3707,2119,7931.4067,1854.0531,-5540.1071,-5672.0334,-134.3380,-134.4793,1.7500,14.247,83.82,82.68
3727,2131,7974.6721,1864.1668,-5570.1071,-5703.2103,-134.3356,-133.9661,1.6667,14.332,84.77,83.66
3748,2143,8019.6053,1874.6704,-5607.6786,-5729.3148,-134.3973,-135.0203,1.7500,14.417,85.27,84.10
3769,2155,8064.5382,1885.1740,-5633.1071,-5767.2962,-134.3376,-134.4793,1.7500,14.502,84.60,83.44
3790,2167,8109.4717,1895.6777,-5670.6786,-5793.4007,-134.3985,-134.4793,1.7500,14.586,84.53,83.38
3811,2179,8154.4044,1906.1812,-5696.1071,-5831.3821,-134.3395,-134.4793,1.7500,14.671,84.53,83.37
3832,2191,8198.8307,1916.5663,-5732.3214,-5858.1051,-134.3899,-134.4793,1.7500,14.756,84.96,83.76
3853,2203,8244.2706,1927.1884,-5759.1071,-5895.4679,-134.3413,-134.4793,1.7500,14.842,86.01,84.85
3874,2215,8288.6970,1937.5736,-5795.3214,-5922.1910,-134.3912,-134.4793,1.7500,14.926,84.52,83.32
3895,2227,8334.1367,1948.1956,-5822.1071,-5959.5538,-134.3431,-134.4793,1.7500,15.011,84.90,83.76
3916,2239,8378.5634,1958.5808,-5858.3214,-5986.2769,-134.3925,-134.4793,1.7500,15.096,84.97,83.80
3937,2251,8424.0029,1969.2028,-5885.1071,-6023.6397,-134.3449,-134.4793,1.7500,15.181,84.44,83.27
3958,2263,8468.4298,1979.5881,-5921.3214,-6050.3628,-134.3938,-134.4793,1.7500,15.266,84.76,83.62
3979,2275,8513.8691,1990.2100,-5948.1071,-6087.7256,-134.3467,-134.4793,1.7500,15.349,83.85,82.68
4000,2287,8558.2962,2000.5953,-5984.3214,-6114.4486,-134.3950,-134.4793,1.7500,15.434,84.31,83.17
4021,2299,8603.7353,2011.2172,-6011.1071,-6151.8115,-134.3484,-134.4793,1.7500,15.518,83.87,82.69
4042,2311,8648.1626,2021.6026,-6047.3214,-6178.5345,-134.3962,-134.4793,1.7500,15.603,84.92,83.79
4063,2323,8693.6015,2032.2244,-6074.1071,-6215.8973,-134.3501,-134.4793,1.7500,15.687,84.88,83.71
4084,2335,8739.0399,2042.8461,-6111.0714,-6243.3009,-134.3978,-134.4833,1.7500,15.773,85.63,84.37
4105,2347,8783.4678,2053.2316,-6137.1071,-6279.9832,-134.3517,-134.4793,1.7500,15.857,83.53,82.38
4125,2359,8826.7330,2063.3454,-6167.1071,-6311.1601,-134.3495,-134.4793,1.6667,15.942,85.69,84.59
4146,2371,8871.6679,2073.8494,-6204.6786,-6337.2646,-134.4051,-134.4793,1.7500,16.028,86.05,84.88
4167,2383,8916.5992,2084.3526,-6230.1071,-6375.2460,-134.3511,-134.4793,1.7500,16.113,84.91,83.75
4188,2395,8961.0267,2094.7380,-6266.3214,-6401.9691,-134.3972,-134.3850,1.7500,16.198,85.02,83.86
4209,2407,9006.4655,2105.3598,-6293.1071,-6439.3319,-134.3527,-134.4793,1.7500,16.283,84.51,83.34
4230,2419,9050.8931,2115.7452,-6329.3214,-6466.0550,-134.3984,-134.4793,1.7500,16.367,84.34,83.20
4251,2431,9096.3317,2126.3670,-6356.1071,-6503.4178,-134.3543,-134.4793,1.7500,16.452,85.32,84.14
4272,2443,9140.7595,2136.7525,-6392.3214,-6530.1408,-134.3995,-134.4793,1.7500,16.538,85.39,84.22
4293,2455,9186.1979,2147.3742,-6419.1071,-6567.5036,-134.3558,-134.4793,1.7500,16.622,84.29,83.11
4314,2467,9230.6259,2157.7597,-6455.3214,-6594.2267,-134.4005,-134.4793,1.7500,16.706,84.31,83.17
4335,2479,9276.0642,2168.3814,-6482.1071,-6631.5895,-134.3573,-134.4793,1.7500,16.790,83.98,82.83
4356,2491,9320.4923,2178.7670,-6518.3214,-6658.3126,-134.4016,-134.4793,1.7500,16.875,84.46,83.29
4377,2503,9365.9304,2189.3887,-6545.1071,-6695.6754,-134.3587,-134.4793,1.7500,16.960,84.88,83.69
4398,2515,9410.3587,2199.7743,-6581.3214,-6722.3985,-134.4026,-134.4793,1.7500,17.046,86.03,84.85
4419,2527,9455.7967,2210.3959,-6608.1071,-6759.7613,-134.3602,-134.4793,1.7500,17.130,83.82,82.67
4440,2539,9501.2360,2221.0178,-6645.0714,-6787.1648,-134.4040,-134.4833,1.7500,17.215,85.09,83.93
4461,2551,9545.6629,2231.4031,-6671.1071,-6823.8472,-134.3616,-134.4793,1.7500,17.299,84.08,82.91
4481,2563,9588.9282,2241.5168,-6701.1071,-6855.0241,-134.3595,-133.9661,1.6667,17.384,85.25,84.13
4502,2575,9633.8642,2252.0211,-6738.6786,-6881.1286,-134.4107,-135.0203,1.7500,17.471,87.14,85.96
4523,2587,9678.7944,2262.5240,-6764.1071,-6919.1100,-134.3609,-134.4793,1.7500,17.559,87.49,86.27
4544,2599,9723.7306,2273.0284,-6801.6786,-6945.2144,-134.4116,-134.4793,1.7500,17.646,87.62,86.41
4565,2611,9768.6607,2283.5313,-6827.1071,-6983.1958,-134.3623,-134.4793,1.7500,17.734,87.48,86.30
4586,2623,9813.0893,2293.9169,-6863.3214,-7009.9189,-134.4044,-134.4793,1.7500,17.821,86.93,85.76
4607,2635,9858.5269,2304.5385,-6890.1071,-7047.2817,-134.3636,-134.4793,1.7500,17.909,88.08,86.91
4628,2647,9902.9557,2314.9242,-6926.3214,-7074.0048,-134.4053,-134.4793,1.7500,17.996,87.12,85.91
4649,2659,9948.3932,2325.5457,-6953.1071,-7111.3676,-134.3650,-134.4793,1.7500,18.084,87.94,86.71
4670,2671,9992.8221,2335.9314,-6989.3214,-7138.0907,-134.4063,-134.4793,1.7500,18.170,86.35,85.18
4691,2683,10038.2595,2346.5529,-7016.1071,-7175.4535,-134.3663,-134.4793,1.7500,18.256,85.88,84.71
4712,2695,10082.6886,2356.9387,-7052.3214,-7202.1766,-134.4072,-134.4793,1.7500,18.341,85.12,83.98
4733,2707,10128.1258,2367.5602,-7079.1071,-7239.5394,-134.3675,-134.4793,1.7500,18.425,83.74,82.52
4754,2719,10172.5550,2377.9460,-7115.3214,-7266.2624,-134.4081,-134.4793,1.7500,18.510,84.69,83.53
4775,2731,10217.9921,2388.5674,-7142.1071,-7303.6252,-134.3688,-134.4793,1.7500,18.595,85.11,83.90
4796,2743,10262.4214,2398.9532,-7178.3214,-7330.3483,-134.4090,-134.4793,1.7500,18.682,87.04,85.85
4817,2755,10307.8584,2409.5746,-7205.1071,-7367.7111,-134.3700,-134.4793,1.7500,18.769,86.99,85.79
4838,2767,10353.2988,2420.1968,-7242.0714,-7395.1146,-134.4102,-134.4793,1.7500,18.857,88.15,87.00
4859,2779,10397.7247,2430.5818,-7268.1071,-7431.7970,-134.3713,-134.4793,1.7500,18.944,87.45,86.29
4879,2791,10440.9898,2440.6955,-7298.1071,-7462.9739,-134.3693,-134.4793,1.6667,19.032,87.95,86.83
4900,2803,10485.9270,2451.2001,-7335.6786,-7489.0784,-134.4163,-134.4793,1.7500,19.121,89.24,88.06
4921,2815,10530.8561,2461.7028,-7361.1071,-7527.0598,-134.3705,-134.4793,1.7500,19.209,87.87,86.69
4942,2827,10575.2856,2472.0886,-7397.3214,-7553.7829,-134.4095,-134.3850,1.7500,19.298,88.31,87.11
4963,2839,10620.7224,2482.7100,-7424.1071,-7591.1457,-134.3717,-134.4793,1.7500,19.386,87.93,86.73
4984,2851,10665.1520,2493.0959,-7460.3214,-7617.8687,-134.4104,-134.4793,1.7500,19.473,87.88,86.67
5005,2863,10710.5887,2503.7172,-7487.1071,-7655.2316,-134.3728,-134.4793,1.7500,19.561,87.93,86.73
5026,2875,10755.0184,2514.1032,-7523.3214,-7681.9546,-134.4112,-134.4793,1.7500,19.650,88.39,87.21
5047,2887,10800.4550,2524.7245,-7550.1071,-7719.3174,-134.3740,-134.4793,1.7500,19.737,86.95,85.79
5068,2899,10844.8849,2535.1104,-7586.3214,-7746.0405,-134.4120,-134.4793,1.7500,19.825,87.80,86.64
5089,2911,10890.3214,2545.7317,-7613.1071,-7783.4033,-134.3751,-134.4793,1.7500,19.912,87.23,86.05
5110,2923,10934.7513,2556.1177,-7649.3214,-7810.1264,-134.4128,-134.4793,1.7500,19.999,87.48,86.30
5131,2935,10980.1877,2566.7389,-7676.1071,-7847.4892,-134.3762,-134.4793,1.7500,20.086,87.18,86.00
5152,2947,11024.6177,2577.1250,-7712.3214,-7874.2123,-134.4136,-134.4793,1.7500,20.173,87.02,85.86
5173,2959,11070.0540,2587.7462,-7739.1071,-7911.5751,-134.3773,-134.4793,1.7500,20.261,87.97,86.76
5194,2971,11115.4951,2598.3685,-7776.0714,-7938.9786,-134.4147,-134.4833,1.7500,20.350,88.37,87.17
5215,2983,11159.9203,2608.7534,-7802.1071,-7975.6610,-134.3784,-134.4793,1.7500,20.437,86.82,85.64
5235,2995,11203.1854,2618.8671,-7832.1071,-8006.8379,-134.3765,-133.9661,1.6667,20.525,87.92,86.79
5256,3007,11248.1235,2629.3719,-7869.6786,-8032.9424,-134.4203,-135.0203,1.7500,20.614,89.50,88.32
5277,3019,11293.0517,2639.8743,-7895.1071,-8070.9238,-134.3776,-134.4793,1.7500,20.702,88.31,87.08
5298,3031,11337.9899,2650.3791,-7932.6786,-8097.0282,-134.4210,-134.4793,1.7500,20.791,88.20,87.01
5319,3043,11382.9181,2660.8816,-7958.1071,-8135.0096,-134.3786,-134.4793,1.7500,20.879,88.26,87.07
5340,3055,11427.3484,2671.2676,-7994.3214,-8161.7327,-134.4147,-134.4793,1.7500,20.968,89.00,87.81
5361,3067,11472.7844,2681.8888,-8021.1071,-8199.0955,-134.3797,-134.4793,1.7500,21.056,88.39,87.20
5382,3079,11517.2148,2692.2749,-8057.3214,-8225.8186,-134.4155,-134.4793,1.7500,21.144,88.01,86.77
5403,3091,11562.6507,2702.8961,-8084.1071,-8263.1814,-134.3807,-134.4793,1.7500,21.233,88.32,87.13
5424,3103,11607.0813,2713.2822,-8120.3214,-8289.9045,-134.4162,-134.4793,1.7500,21.320,87.75,86.57
5445,3115,11652.5171,2723.9033,-8147.1071,-8327.2673,-134.3817,-134.4793,1.7500,21.407,87.12,85.90
5466,3127,11696.9477,2734.2894,-8183.3214,-8353.9903,-134.4169,-134.4793,1.7500,21.495,87.95,86.74
5487,3139,11742.3834,2744.9105,-8210.1071,-8391.3531,-134.3827,-134.4793,1.7500,21.582,86.93,85.77
5508,3151,11786.8142,2755.2967,-8246.3214,-8418.0762,-134.4176,-134.4793,1.7500,21.670,87.72,86.52
5529,3163,11832.2498,2765.9178,-8273.1071,-8455.4390,-134.3836,-134.4793,1.7500,21.757,86.84,85.63
5550,3175,11876.6806,2776.3040,-8309.3214,-8482.1621,-134.4183,-134.4793,1.7500,21.845,87.98,86.81
5571,3187,11922.1161,2786.9250,-8336.1071,-8519.5249,-134.3846,-134.4793,1.7500,21.932,87.40,86.22
5591,3199,11965.3812,2797.0387,-8366.1071,-8550.7018,-134.3828,-133.9661,1.6667,22.020,88.16,86.99
5612,3211,12010.3200,2807.5436,-8403.6786,-8576.8063,-134.4238,-135.0203,1.7500,22.109,88.78,87.59
5633,3223,12055.2475,2818.0459,-8429.1071,-8614.7877,-134.3838,-134.4793,1.7500,22.197,87.68,86.50
5654,3235,12100.1864,2828.5509,-8466.6786,-8640.8922,-134.4245,-134.4793,1.7500,22.284,87.62,86.47
5675,3247,12145.1139,2839.0532,-8492.1071,-8678.8736,-134.3847,-134.4793,1.7500,22.373,88.28,87.08
5696,3259,12189.5448,2849.4394,-8528.3214,-8705.5967,-134.4185,-134.3850,1.7500,22.461,88.61,87.41
5717,3271,12234.9802,2860.0604,-8555.1071,-8742.9595,-134.3857,-134.4793,1.7500,22.550,88.47,87.29
5738,3283,12279.4112,2870.4467,-8591.3214,-8769.6825,-134.4192,-134.4793,1.7500,22.638,88.54,87.37
5759,3295,12324.8466,2881.0677,-8618.1071,-8807.0453,-134.3866,-134.4793,1.7500,22.726,87.87,86.70
5780,3307,12369.2777,2891.4539,-8654.3214,-8833.7684,-134.4199,-134.4793,1.7500,22.814,87.86,86.67
5801,3319,12414.7129,2902.0749,-8681.1071,-8871.1312,-134.3875,-134.4793,1.7500,22.901,86.99,85.75
5822,3331,12459.1442,2912.4612,-8717.3214,-8897.8543,-134.4205,-134.4793,1.7500,22.989,87.92,86.73
5843,3343,12504.5793,2923.0822,-8744.1071,-8935.2171,-134.3883,-134.4793,1.7500,23.077,88.15,86.95
5864,3355,12549.0106,2933.4685,-8780.3214,-8961.9402,-134.4212,-134.4793,1.7500,23.166,88.49,87.28
5885,3367,12594.4457,2944.0894,-8807.1071,-8999.3030,-134.3892,-134.4793,1.7500,23.253,87.11,85.92
5906,3379,12638.8771,2954.4757,-8843.3214,-9026.0261,-134.4218,-134.4793,1.7500,23.340,87.41,86.24
5927,3391,12684.3120,2965.0966,-8870.1071,-9063.3889,-134.3901,-134.4793,1.7500,23.427,86.71,85.55
5948,3403,12729.7545,2975.7193,-8907.0714,-9090.7924,-134.4227,-134.4833,1.7500,23.515,88.29,87.14
5969,3415,12774.1784,2986.1039,-8933.1071,-9127.4747,-134.3909,-134.4793,1.7500,23.602,86.53,85.36
5989,3427,12817.4434,2996.2176,-8963.1071,-9158.6517,-134.3893,-134.4793,1.6667,23.689,87.37,86.25
6010,3439,12862.3830,3006.7227,-9000.6786,-9184.7561,-134.4275,-134.4793,1.7500,23.778,89.25,88.02
6031,3451,12907.3098,3017.2248,-9026.1071,-9222.7375,-134.3901,-134.4793,1.7500,23.867,89.15,87.90
6052,3463,12952.2494,3027.7299,-9063.6786,-9248.8420,-134.4281,-134.4793,1.7500,23.957,89.27,88.07
6073,3475,12997.1762,3038.2321,-9089.1071,-9286.8234,-134.3909,-134.4793,1.7500,24.045,88.34,87.14
6094,3487,13041.6077,3048.6184,-9125.3214,-9313.5465,-134.4225,-134.4793,1.7500,24.133,87.67,86.51
6115,3499,13087.0425,3059.2393,-9152.1071,-9350.9093,-134.3918,-134.4793,1.7500,24.221,87.88,86.72
6136,3511,13131.4742,3069.6257,-9188.3214,-9377.6324,-134.4231,-134.4793,1.7500,24.309,88.19,86.98
6157,3523,13176.9089,3080.2466,-9215.1071,-9414.9952,-134.3926,-134.4793,1.7500,24.397,88.04,86.86
6178,3535,13221.3406,3090.6330,-9251.3214,-9441.7182,-134.4237,-134.4793,1.7500,24.486,88.99,87.78
6199,3547,13266.7753,3101.2538,-9278.1071,-9479.0811,-134.3934,-134.4793,1.7500,24.574,87.64,86.47
6220,3559,13311.2071,3111.6402,-9314.3214,-9505.8041,-134.4243,-134.4793,1.7500,24.661,87.50,86.30
6241,3571,13356.6417,3122.2611,-9341.1071,-9543.1669,-134.3942,-134.4793,1.7500,24.748,86.57,85.40
6262,3583,13401.0736,3132.6475,-9377.3214,-9569.8900,-134.4249,-134.4793,1.7500,24.835,86.98,85.80
6283,3595,13446.5081,3143.2683,-9404.1071,-9607.2528,-134.3949,-134.4793,1.7500,24.921,86.37,85.22
6304,3607,13490.9400,3153.6548,-9440.3214,-9633.9759,-134.4254,-134.4793,1.7500,25.010,88.77,87.59
6325,3619,13536.3744,3164.2756,-9467.1071,-9671.3387,-134.3957,-134.4793,1.7500,25.097,87.73,86.55
6345,3631,13579.6394,3174.3892,-9497.1071,-9702.5156,-134.3941,-133.9661,1.6667,25.185,87.70,86.57
6366,3643,13624.5795,3184.8945,-9534.6786,-9728.6201,-134.4302,-135.0203,1.7500,25.274,88.42,87.24
6387,3655,13669.5058,3195.3965,-9560.1071,-9766.6015,-134.3949,-134.4793,1.7500,25.361,87.88,86.68
6408,3667,13714.4460,3205.9017,-9597.6786,-9792.7060,-134.4307,-134.4793,1.7500,25.449,87.45,86.30
6429,3679,13759.3722,3216.4037,-9623.1071,-9830.6874,-134.3956,-134.4793,1.7500,25.536,87.12,85.93
6450,3691,13803.8042,3226.7902,-9659.3214,-9857.4104,-134.4254,-134.3850,1.7500,25.623,86.88,85.71
6471,3703,13849.2386,3237.4110,-9686.1071,-9894.7733,-134.3964,-134.4793,1.7500,25.709,86.04,84.88
6492,3715,13893.6707,3247.7975,-9722.3214,-9921.4963,-134.4260,-134.4793,1.7500,25.794,85.39,84.25
6513,3727,13939.1050,3258.4182,-9749.1071,-9958.8591,-134.3971,-134.4793,1.7500,25.879,85.16,83.99
6534,3739,13983.5372,3268.8047,-9785.3214,-9985.5822,-134.4265,-134.4793,1.7500,25.965,85.52,84.35
6555,3751,14028.9714,3279.4255,-9812.1071,-10022.9450,-134.3978,-134.4793,1.7500,26.050,85.00,83.80
6576,3763,14073.4036,3289.8120,-9848.3214,-10049.6681,-134.4271,-134.4793,1.7500,26.135,85.50,84.35
6597,3775,14118.8378,3300.4327,-9875.1071,-10087.0309,-134.3986,-134.4793,1.7500,26.220,84.47,83.29
6618,3787,14163.2701,3310.8193,-9911.3214,-10113.7540,-134.4276,-134.4793,1.7500,26.306,86.41,85.25
6639,3799,14208.7042,3321.4400,-9938.1071,-10151.1168,-134.3993,-134.4793,1.7500,26.391,84.95,83.78
6660,3811,14253.1366,3331.8265,-9974.3214,-10177.8398,-134.4281,-134.4793,1.7500,26.477,85.98,84.84
6681,3823,14298.5706,3342.4472,-10001.1071,-10215.2027,-134.4000,-134.4793,1.7500,26.564,86.48,85.33
6702,3835,14344.0140,3353.0701,-10038.0714,-10242.6062,-134.4289,-134.4833,1.7500,26.652,88.13,86.97
6723,3847,14388.4370,3363.4545,-10064.1071,-10279.2885,-134.4007,-134.4793,1.7500,26.738,86.34,85.17
6743,3859,14431.7019,3373.5681,-10094.1071,-10310.4654,-134.3991,-134.4793,1.6667,26.825,86.53,85.42
6764,3871,14476.6426,3384.0735,-10131.6786,-10336.5699,-134.4331,-134.4793,1.7500,26.912,86.99,85.84
6785,3883,14521.5683,3394.5754,-10157.1071,-10374.5513,-134.3998,-134.4793,1.7500,26.997,85.39,84.22
6806,3895,14566.5091,3405.0808,-10194.6786,-10400.6558,-134.4336,-134.4793,1.7500,27.084,86.49,85.35
6827,3907,14611.4347,3415.5826,-10220.1071,-10438.6372,-134.4005,-134.4793,1.7500,27.168,84.18,83.02
6848,3919,14655.8673,3425.9692,-10256.3214,-10465.3603,-134.4286,-134.4793,1.7500,27.253,85.19,84.02
6869,3931,14701.3011,3436.5899,-10283.1071,-10502.7231,-134.4012,-134.4793,1.7500,27.337,84.18,83.04
6890,3943,14745.7337,3446.9765,-10319.3214,-10529.4462,-134.4291,-134.4793,1.7500,27.421,84.26,83.14
6911,3955,14791.1675,3457.5972,-10346.1071,-10566.8090,-134.4018,-134.4793,1.7500,27.506,84.65,83.50
6932,3967,14835.6002,3467.9838,-10382.3214,-10593.5320,-134.4296,-134.4793,1.7500,27.590,84.20,83.06
6953,3979,14881.0339,3478.6044,-10409.1071,-10630.8948,-134.4025,-134.4793,1.7500,27.674,83.43,82.30
6974,3991,14925.4667,3488.9911,-10445.3214,-10657.6179,-134.4300,-134.4793,1.7500,27.758,83.98,82.85
6995,4003,14970.9003,3499.6117,-10472.1071,-10694.9807,-134.4032,-134.4793,1.7500,27.841,83.33,82.22
7016,4015,15015.3332,3509.9983,-10508.3214,-10721.7038,-134.4305,-134.4793,1.7500,27.925,83.87,82.73
7037,4027,15060.7668,3520.6189,-10535.1071,-10759.0666,-134.4038,-134.4793,1.7500,28.008,83.30,82.16
7058,4039,15105.1997,3531.0056,-10571.3214,-10785.7897,-134.4310,-134.4793,1.7500,28.093,84.31,83.19
7079,4051,15150.6332,3541.6262,-10598.1071,-10823.1525,-134.4044,-134.4793,1.7500,28.176,83.75,82.59
7099,4063,15193.8981,3551.7398,-10628.1071,-10854.3294,-134.4030,-133.9661,1.6667,28.261,84.64,83.46
7120,4075,15238.8393,3562.2453,-10665.6786,-10880.4339,-134.4352,-135.0203,1.7500,28.346,85.13,83.98
7141,4087,15283.7645,3572.7471,-10691.1071,-10918.4153,-134.4036,-134.4793,1.7500,28.431,84.45,83.31
7162,4099,15328.7057,3583.2526,-10728.6786,-10944.5198,-134.4357,-134.4793,1.7500,28.515,84.42,83.30
7183,4111,15373.6309,3593.7543,-10754.1071,-10982.5012,-134.4042,-134.4793,1.7500,28.599,84.02,82.89
7204,4123,15418.0638,3604.1410,-10790.3214,-11009.2242,-134.4309,-134.3850,1.7500,28.683,84.25,83.14
7225,4135,15463.4973,3614.7616,-10817.1071,-11046.5870,-134.4049,-134.4793,1.7500,28.768,84.43,83.32
7246,4147,15507.9303,3625.1483,-10853.3214,-11073.3101,-134.4314,-134.4793,1.7500,28.852,84.29,83.18
7267,4159,15553.3638,3635.7689,-10880.1071,-11110.6729,-134.4055,-134.4793,1.7500,28.937,84.93,83.78
7288,4171,15597.7968,3646.1556,-10916.3214,-11137.3960,-134.4318,-134.4793,1.7500,29.021,84.39,83.23
7309,4183,15643.2302,3656.7761,-10943.1071,-11174.7588,-134.4061,-134.4793,1.7500,29.105,84.23,83.10
7330,4195,15687.6633,3667.1628,-10979.3214,-11201.4819,-134.4323,-134.4793,1.7500,29.190,84.62,83.50
7351,4207,15733.0966,3677.7834,-11006.1071,-11238.8447,-134.4067,-134.4793,1.7500,29.275,85.30,84.09
7372,4219,15777.5298,3688.1701,-11042.3214,-11265.5677,-134.4327,-134.4793,1.7500,29.360,84.17,83.04
7393,4231,15822.9630,3698.7906,-11069.1071,-11302.9306,-134.4073,-134.4793,1.7500,29.443,83.40,82.28
7414,4243,15867.3963,3709.1774,-11105.3214,-11329.6536,-134.4332,-134.4793,1.7500,29.527,84.18,83.06
7435,4255,15912.8294,3719.7979,-11132.1071,-11367.0164,-134.4078,-134.4793,1.7500,29.611,83.70,82.57
7456,4267,15958.2737,3730.4210,-11169.0714,-11394.4200,-134.4338,-134.4833,1.7500,29.696,84.80,83.64
7477,4279,16002.6959,3740.8052,-11195.1071,-11431.1023,-134.4084,-134.4793,1.7500,29.779,83.17,82.03
7497,4291,16045.9608,3750.9188,-11225.1071,-11462.2792,-134.4070,-134.4793,1.6667,29.863,84.24,83.12
7518,4303,16090.9024,3761.4244,-11262.6786,-11488.3837,-134.4376,-134.4793,1.7500,29.949,86.01,84.87
7539,4315,16135.8272,3771.9261,-11288.1071,-11526.3651,-134.4076,-134.4793,1.7500,30.034,85.09,83.94
7560,4327,16180.7689,3782.4317,-11325.6786,-11552.4696,-134.4380,-134.4793,1.7500,30.120,86.28,85.13
7581,4339,16225.6936,3792.9333,-11351.1071,-11590.4510,-134.4082,-134.4793,1.7500,30.205,84.56,83.41
7602,4351,16270.1269,3803.3201,-11387.3214,-11617.1741,-134.4334,-134.4793,1.7500,30.289,84.30,83.17
7623,4363,16315.5600,3813.9406,-11414.1071,-11654.5369,-134.4087,-134.4793,1.7500,30.374,84.48,83.34
7644,4375,16359.9934,3824.3274,-11450.3214,-11681.2599,-134.4339,-134.4793,1.7500,30.458,84.07,82.94
7665,4387,16405.4265,3834.9478,-11477.1071,-11718.6228,-134.4093,-134.4793,1.7500,30.543,84.75,83.60
7686,4399,16449.8599,3845.3346,-11513.3214,-11745.3458,-134.4343,-134.4793,1.7500,30.627,84.51,83.38
7707,4411,16495.2929,3855.9551,-11540.1071,-11782.7086,-134.4099,-134.4793,1.7500,30.711,83.90,82.76
7728,4423,16539.7264,3866.3419,-11576.3214,-11809.4317,-134.4347,-134.4793,1.7500,30.795,84.47,83.30
7749,4435,16585.1593,3876.9624,-11603.1071,-11846.7945,-134.4104,-134.4793,1.7500,30.881,85.09,83.92
7770,4447,16629.5929,3887.3492,-11639.3214,-11873.5176,-134.4351,-134.4793,1.7500,30.966,85.16,84.00
7791,4459,16675.0258,3897.9696,-11666.1071,-11910.8804,-134.4109,-134.4793,1.7500,31.050,84.06,82.83
7812,4471,16719.4594,3908.3565,-11702.3214,-11937.6035,-134.4355,-134.4793,1.7500,31.135,85.29,84.12
7833,4483,16764.8922,3918.9769,-11729.1071,-11974.9663,-134.4115,-134.4793,1.7500,31.219,84.00,82.85
7853,4495,16808.1571,3929.0905,-11759.1071,-12006.1432,-134.4102,-133.9661,1.6667,31.303,84.32,83.21
7874,4507,16853.0991,3939.5962,-11796.6786,-12032.2477,-134.4393,-135.0203,1.7500,31.389,85.15,83.97
7895,4519,16898.0235,3950.0978,-11822.1071,-12070.2291,-134.4107,-134.4793,1.7500,31.473,84.69,83.49
7916,4531,16942.9656,3960.6035,-11859.6786,-12096.3335,-134.4397,-134.4793,1.7500,31.558,84.83,83.66
7937,4543,16987.8899,3971.1050,-11885.1071,-12134.3149,-134.4112,-134.4793,1.7500,31.643,84.89,83.71
7958,4555,17032.3236,3981.4919,-11921.3214,-12161.0380,-134.4353,-134.3850,1.7500,31.728,84.93,83.78
7979,4567,17077.7564,3992.1123,-11948.1071,-12198.4008,-134.4117,-134.4793,1.7500,31.812,84.46,83.30
8000,4579,17122.1900,4002.4992,-11984.3214,-12225.1239,-134.4357,-134.4793,1.7500,31.897,84.63,83.46
8021,4591,17167.6228,4013.1196,-12011.1071,-12262.4867,-134.4123,-134.4793,1.7500,31.982,84.93,83.77
8042,4603,17212.0565,4023.5064,-12047.3214,-12289.2098,-134.4361,-134.4793,1.7500,32.067,84.60,83.45
8063,4615,17257.4892,4034.1268,-12074.1071,-12326.5726,-134.4128,-134.4793,1.7500,32.151,84.92,83.74
8084,4627,17301.9230,4044.5137,-12110.3214,-12353.2957,-134.4365,-134.4793,1.7500,32.236,84.16,83.04
8105,4639,17347.3557,4055.1341,-12137.1071,-12390.6585,-134.4133,-134.4793,1.7500,32.319,83.38,82.24
8126,4651,17391.7895,4065.5210,-12173.3214,-12417.3815,-134.4369,-134.4793,1.7500,32.403,84.35,83.20
8147,4663,17437.2221,4076.1414,-12200.1071,-12454.7443,-134.4138,-134.4793,1.7500,32.487,83.53,82.40
8168,4675,17481.6560,4086.5283,-12236.3214,-12481.4674,-134.4373,-134.4793,1.7500,32.571,84.07,82.88
8189,4687,17527.0886,4097.1486,-12263.1071,-12518.8302,-134.4143,-134.4793,1.7500,32.655,83.79,82.65
8210,4699,17572.5335,4107.7719,-12300.0714,-12546.2337,-134.4378,-134.4833,1.7500,32.739,84.70,83.57
8231,4711,17616.9550,4118.1559,-12326.1071,-12582.9161,-134.4148,-134.4793,1.7500,32.823,83.20,82.07
8251,4723,17660.2199,4128.2695,-12356.1071,-12614.0930,-134.4135,-134.4793,1.6667,32.907,83.92,82.82
8272,4735,17705.1622,4138.7753,-12393.6786,-12640.1975,-134.4412,-134.4793,1.7500,32.992,85.51,84.36
8293,4747,17750.0863,4149.2768,-12419.1071,-12678.1789,-134.4140,-134.4793,1.7500,33.077,85.20,84.00
8314,4759,17794.5202,4159.6637,-12455.3214,-12704.9020,-134.4371,-134.3850,1.7500,33.163,85.43,84.29
8335,4771,17839.9527,4170.2840,-12482.1071,-12742.2648,-134.4145,-134.4793,1.7500,33.248,85.43,84.28
8356,4783,17884.3867,4180.6710,-12518.3214,-12768.9878,-134.4374,-134.4793,1.7500,33.332,84.06,82.94
8377,4795,17929.8192,4191.2913,-12545.1071,-12806.3507,-134.4149,-134.4793,1.7500,33.417,84.49,83.29
8398,4807,17974.2532,4201.6782,-12581.3214,-12833.0737,-134.4378,-134.4793,1.7500,33.501,84.43,83.24
8419,4819,18019.6856,4212.2986,-12608.1071,-12870.4365,-134.4154,-134.4793,1.7500,33.585,83.65,82.50
8440,4831,18064.1197,4222.6855,-12644.3214,-12897.1596,-134.4381,-134.4793,1.7500,33.669,84.22,83.08
8461,4843,18109.5521,4233.3058,-12671.1071,-12934.5224,-134.4159,-134.4793,1.7500,33.753,83.71,82.56
8482,4855,18153.9862,4243.6928,-12707.3214,-12961.2455,-134.4385,-134.4793,1.7500,33.838,85.32,84.16
8503,4867,18199.4185,4254.3131,-12734.1071,-12998.6083,-134.4164,-134.4793,1.7500,33.922,84.48,83.30
8524,4879,18243.8527,4264.7001,-12770.3214,-13025.3314,-134.4389,-134.4793,1.7500,34.008,85.11,83.99
8545,4891,18289.2850,4275.3204,-12797.1071,-13062.6942,-134.4168,-134.4793,1.7500,34.092,84.84,83.69
8566,4903,18333.7192,4285.7073,-12833.3214,-13089.4172,-134.4392,-134.4793,1.7500,34.177,84.33,83.19
8587,4915,18379.1514,4296.3276,-12860.1071,-13126.7801,-134.4173,-134.4793,1.7500,34.260,83.64,82.50
8607,4927,18422.4162,4306.4413,-12890.1071,-13157.9570,-134.4161,-133.9661,1.6667,34.345,84.37,83.23
8628,4939,18467.3589,4316.9471,-12927.6786,-13184.0615,-134.4426,-135.0203,1.7500,34.430,85.36,84.20
8649,4951,18512.2827,4327.4485,-12953.1071,-13222.0429,-134.4165,-134.4793,1.7500,34.515,84.63,83.48
8670,4963,18557.2254,4337.9544,-12990.6786,-13248.1473,-134.4430,-134.4793,1.7500,34.599,84.73,83.59
8691,4975,18602.1491,4348.4558,-13016.1071,-13286.1287,-134.4170,-134.4793,1.7500,34.684,84.46,83.29
8712,4987,18646.5834,4358.8428,-13052.3214,-13312.8518,-134.4390,-134.4793,1.7500,34.769,84.63,83.50
8733,4999,18692.0156,4369.4630,-13079.1071,-13350.2146,-134.4174,-134.4793,1.7500,34.853,84.72,83.53
8754,5011,18736.4499,4379.8500,-13115.3214,-13376.9377,-134.4393,-134.4793,1.7500,34.938,84.65,83.51
8775,5023,18781.8820,4390.4703,-13142.1071,-13414.3005,-134.4179,-134.4793,1.7500,35.022,84.58,83.43
8796,5035,18826.3164,4400.8573,-13178.3214,-13441.0236,-134.4397,-134.4793,1.7500,35.107,84.80,83.58
8817,5047,18871.7485,4411.4776,-13205.1071,-13478.3864,-134.4183,-134.4793,1.7500,35.191,83.49,82.31
8838,5059,18916.1829,4421.8646,-13241.3214,-13505.1094,-134.4400,-134.4793,1.7500,35.277,85.97,84.82
8859,5071,18961.6149,4432.4848,-13268.1071,-13542.4723,-134.4187,-134.4793,1.7500,35.360,83.51,82.39
8880,5083,19006.0494,4442.8719,-13304.3214,-13569.1953,-134.4403,-134.4793,1.7500,35.444,83.80,82.68
8901,5095,19051.4814,4453.4921,-13331.1071,-13606.5581,-134.4192,-134.4793,1.7500,35.528,83.50,82.34
8922,5107,19095.9159,4463.8792,-13367.3214,-13633.2812,-134.4407,-134.4793,1.7500,35.612,84.13,83.00
8943,5119,19141.3479,4474.4994,-13394.1071,-13670.6440,-134.4196,-134.4793,1.7500,35.695,83.53,82.41
8964,5131,19186.7933,4485.1228,-13431.0714,-13698.0475,-134.4412,-134.4833,1.7500,35.780,84.71,83.58
8985,5143,19231.2143,4495.5066,-13457.1071,-13734.7299,-134.4200,-134.4793,1.7500,35.864,83.77,82.62
9005,5155,19274.4791,4505.6203,-13487.1071,-13765.9068,-134.4189,-134.4793,1.6667,35.949,85.42,84.31
9026,5167,19319.4221,4516.1262,-13524.6786,-13792.0113,-134.4443,-134.4793,1.7500,36.034,85.31,84.17
9047,5179,19364.3456,4526.6275,-13550.1071,-13829.9927,-134.4193,-134.4793,1.7500,36.120,85.28,84.07
9068,5191,19408.7800,4537.0146,-13586.3214,-13856.7158,-134.4404,-134.3850,1.7500,36.205,84.90,83.74
9089,5203,19454.2120,4547.6348,-13613.1071,-13894.0786,-134.4197,-134.4793,1.7500,36.290,85.06,83.88
9110,5215,19498.6465,4558.0219,-13649.3214,-13920.8016,-134.4407,-134.4793,1.7500,36.374,84.20,83.07
9131,5227,19544.0785,4568.6421,-13676.1071,-13958.1644,-134.4201,-134.4793,1.7500,36.458,84.29,83.14
9152,5239,19588.5130,4579.0291,-13712.3214,-13984.8875,-134.4411,-134.4793,1.7500,36.543,84.57,83.38
9173,5251,19633.9449,4589.6493,-13739.1071,-14022.2503,-134.4205,-134.4793,1.7500,36.626,83.52,82.38
9194,5263,19678.3795,4600.0364,-13775.3214,-14048.9734,-134.4414,-134.4793,1.7500,36.710,84.09,82.97
9215,5275,19723.8114,4610.6566,-13802.1071,-14086.3362,-134.4209,-134.4793,1.7500,36.794,83.79,82.59
9236,5287,19768.2460,4621.0437,-13838.3214,-14113.0593,-134.4417,-134.4793,1.7500,36.879,84.64,83.50
9257,5299,19813.6779,4631.6639,-13865.1071,-14150.4221,-134.4214,-134.4793,1.7500,36.964,85.09,83.90
9278,5311,19858.1125,4642.0510,-13901.3214,-14177.1452,-134.4420,-134.4793,1.7500,37.050,86.55,85.40
9299,5323,19903.5443,4652.6711,-13928.1071,-14214.5080,-134.4218,-134.4793,1.7500,37.134,83.88,82.71
9320,5335,19947.9790,4663.0582,-13964.3214,-14241.2310,-134.4423,-134.4793,1.7500,37.218,84.15,82.99
9341,5347,19993.4108,4673.6784,-13991.1071,-14278.5938,-134.4222,-134.4793,1.7500,37.302,83.58,82.42
9361,5359,20036.6756,4683.7920,-14021.1071,-14309.7708,-134.4210,-133.9661,1.6667,37.386,84.32,83.21
9382,5371,20081.6189,4694.2980,-14058.6786,-14335.8752,-134.4455,-135.0203,1.7500,37.471,84.85,83.71
9403,5383,20126.5421,4704.7993,-14084.1071,-14373.8566,-134.4214,-134.4793,1.7500,37.556,84.51,83.36
9424,5395,20171.4854,4715.3053,-14121.6786,-14399.9611,-134.4457,-134.4793,1.7500,37.640,84.34,83.20
9445,5407,20216.4085,4725.8066,-14147.1071,-14437.9425,-134.4218,-134.4793,1.7500,37.725,84.69,83.54
9466,5419,20260.8432,4736.1937,-14183.3214,-14464.6656,-134.4421,-134.4793,1.7500,37.810,85.12,83.91
9487,5431,20306.2750,4746.8138,-14210.1071,-14502.0284,-134.4222,-134.4793,1.7500,37.894,84.51,83.37
9508,5443,20350.7097,4757.2009,-14246.3214,-14528.7515,-134.4424,-134.4793,1.7500,37.979,84.38,83.24
9529,5455,20396.1414,4767.8211,-14273.1071,-14566.1143,-134.4226,-134.4793,1.7500,38.064,85.42,84.11
9550,5467,20440.5762,4778.2082,-14309.3214,-14592.8373,-134.4427,-134.4793,1.7500,38.149,85.02,83.84
9571,5479,20486.0079,4788.8284,-14336.1071,-14630.2002,-134.4230,-134.4793,1.7500,38.233,83.51,82.37
9592,5491,20530.4427,4799.2155,-14372.3214,-14656.9232,-134.4430,-134.4793,1.7500,38.317,84.17,83.04
9613,5503,20575.8744,4809.8356,-14399.1071,-14694.2860,-134.4234,-134.4793,1.7500,38.400,83.23,82.11
9634,5515,20620.3092,4820.2228,-14435.3214,-14721.0091,-134.4433,-134.4793,1.7500,38.484,84.10,82.95
9655,5527,20665.7408,4830.8429,-14462.1071,-14758.3719,-134.4237,-134.4793,1.7500,38.568,83.79,82.65
9676,5539,20710.1757,4841.2301,-14498.3214,-14785.0950,-134.4435,-134.4793,1.7500,38.652,84.17,83.03
9697,5551,20755.6073,4851.8502,-14525.1071,-14822.4578,-134.4241,-134.4793,1.7500,38.736,84.31,83.08
9718,5563,20801.0532,4862.4737,-14562.0714,-14849.8613,-134.4440,-134.4833,1.7500,38.823,86.79,85.63
9739,5575,20845.4738,4872.8574,-14588.1071,-14886.5437,-134.4245,-134.4793,1.7500,38.908,84.46,83.28
9759,5587,20888.7385,4882.9711,-14618.1071,-14917.7206,-134.4234,-134.4793,1.6667,38.992,84.52,83.38
9780,5599,20933.6821,4893.4771,-14655.6786,-14943.8251,-134.4468,-134.4793,1.7500,39.078,85.74,84.59
9801,5611,20978.6050,4903.9783,-14681.1071,-14981.8065,-134.4238,-134.4793,1.7500,39.163,84.90,83.68
9822,5623,21023.0399,4914.3655,-14717.3214,-15008.5295,-134.4433,-134.3850,1.7500,39.248,85.18,84.03
9843,5635,21068.4715,4924.9856,-14744.1071,-15045.8924,-134.4241,-134.4793,1.7500,39.333,84.81,83.64
9864,5647,21112.9064,4935.3728,-14780.3214,-15072.6154,-134.4436,-134.4793,1.7500,39.417,84.41,83.25
9885,5659,21158.3379,4945.9929,-14807.1071,-15109.9782,-134.4245,-134.4793,1.7500,39.502,84.49,83.35
9906,5671,21202.7729,4956.3800,-14843.3214,-15136.7013,-134.4439,-134.4793,1.7500,39.587,84.88,83.69
9927,5683,21248.2044,4967.0001,-14870.1071,-15174.0641,-134.4249,-134.4793,1.7500,39.671,84.00,82.82
9948,5695,21292.6394,4977.3873,-14906.3214,-15200.7872,-134.4441,-134.4793,1.7500,39.755,84.81,83.64
9969,5707,21338.0709,4988.0074,-14933.1071,-15238.1500,-134.4252,-134.4793,1.7500,39.839,83.67,82.53
9990,5719,21382.5059,4998.3946,-14969.3214,-15264.8731,-134.4444,-134.4793,1.7500,39.923,84.08,82.96
10011,5731,21427.9373,5009.0147,-14996.1071,-15302.2359,-134.4256,-134.4793,1.7500,40.007,83.36,82.21
10032,5743,21472.3725,5019.4019,-15032.3214,-15328.9589,-134.4447,-134.4793,1.7500,40.091,84.47,83.33
10053,5755,21517.8038,5030.0219,-15059.1071,-15366.3218,-134.4259,-134.4793,1.7500,40.175,83.65,82.52
10074,5767,21562.2390,5040.4092,-15095.3214,-15393.0448,-134.4450,-134.4793,1.7500,40.259,84.21,83.07
10095,5779,21607.6703,5051.0292,-15122.1071,-15430.4076,-134.4263,-134.4793,1.7500,40.342,83.37,82.25
10115,5791,21650.9351,5061.1428,-15152.1071,-15461.5845,-134.4252,-133.9661,1.6667,40.427,84.58,83.47
10136,5803,21695.8788,5071.6489,-15189.6786,-15487.6890,-134.4478,-135.0203,1.7500,40.512,84.93,83.75
10157,5815,21740.8015,5082.1501,-15215.1071,-15525.6704,-134.4256,-134.4793,1.7500,40.596,84.61,83.45
10178,5827,21785.7453,5092.6562,-15252.6786,-15551.7749,-134.4481,-134.4793,1.7500,40.682,85.60,84.42
10199,5839,21830.6680,5103.1574,-15278.1071,-15589.7563,-134.4259,-134.4793,1.7500,40.766,84.49,83.32
10220,5851,21875.1031,5113.5446,-15314.3214,-15616.4794,-134.4447,-134.4793,1.7500,40.851,84.41,83.26
10241,5863,21920.5345,5124.1646,-15341.1071,-15653.8422,-134.4263,-134.4793,1.7500,40.935,84.43,83.24
10262,5875,21964.9696,5134.5519,-15377.3214,-15680.5653,-134.4450,-134.4793,1.7500,41.020,84.22,83.08
10283,5887,22010.4009,5145.1719,-15404.1071,-15717.9281,-134.4266,-134.4793,1.7500,41.104,84.68,83.50
10304,5899,22054.8362,5155.5591,-15440.3214,-15744.6511,-134.4452,-134.4793,1.7500,41.188,84.10,82.97
10325,5911,22100.2674,5166.1792,-15467.1071,-15782.0139,-134.4270,-134.4793,1.7500,41.272,83.55,82.39
10346,5923,22144.7027,5176.5664,-15503.3214,-15808.7370,-134.4455,-134.4793,1.7500,41.356,84.18,83.00
10367,5935,22190.1339,5187.1865,-15530.1071,-15846.0998,-134.4273,-134.4793,1.7500,41.439,83.37,82.21
10388,5947,22234.5692,5197.5737,-15566.3214,-15872.8229,-134.4458,-134.4793,1.7500,41.525,85.12,83.98
10409,5959,22280.0004,5208.1937,-15593.1071,-15910.1857,-134.4276,-134.4793,1.7500,41.608,83.72,82.56
10430,5971,22324.4357,5218.5810,-15629.3214,-15936.9088,-134.4460,-134.4793,1.7500,41.693,84.41,83.23
10451,5983,22369.8668,5229.2010,-15656.1071,-15974.2716,-134.4280,-134.4793,1.7500,41.776,83.77,82.63
10472,5995,22415.3131,5239.8246,-15693.0714,-16001.6751,-134.4464,-134.4833,1.7500,41.861,85.08,83.89
10493,6007,22459.7333,5250.2083,-15719.1071,-16038.3575,-134.4283,-134.4793,1.7500,41.945,83.39,82.18
10513,6019,22502.9981,5260.3219,-15749.1071,-16069.5344,-134.4273,-134.4793,1.6667,42.029,84.08,82.99
10534,6031,22547.9421,5270.8280,-15786.6786,-16095.6389,-134.4490,-134.4793,1.7500,42.114,85.54,84.38
10555,6043,22592.8646,5281.3292,-15812.1071,-16133.6203,-134.4276,-134.4793,1.7500,42.199,84.39,83.25
10576,6055,22637.2998,5291.7164,-15848.3214,-16160.3433,-134.4457,-134.3850,1.7500,42.284,85.00,83.79
10597,6067,22682.7310,5302.3364,-15875.1071,-16197.7061,-134.4279,-134.4793,1.7500,42.369,84.69,83.53
10618,6079,22727.1664,5312.7237,-15911.3214,-16224.4292,-134.4460,-134.4793,1.7500,42.453,84.17,83.02
10639,6091,22772.5975,5323.3437,-15938.1071,-16261.7920,-134.4283,-134.4793,1.7500,42.537,84.45,83.27
10660,6103,22817.0329,5333.7309,-15974.3214,-16288.5151,-134.4462,-134.4793,1.7500,42.622,84.97,83.74
10681,6115,22862.4640,5344.3510,-16001.1071,-16325.8779,-134.4286,-134.4793,1.7500,42.707,84.83,83.64
10702,6127,22906.8994,5354.7382,-16037.3214,-16352.6010,-134.4465,-134.4793,1.7500,42.792,84.57,83.42
10723,6139,22952.3305,5365.3582,-16064.1071,-16389.9638,-134.4289,-134.4793,1.7500,42.875,83.35,82.23
10744,6151,22996.7659,5375.7455,-16100.3214,-16416.6868,-134.4467,-134.4793,1.7500,42.960,84.75,83.60
10765,6163,23042.1969,5386.3655,-16127.1071,-16454.0497,-134.4292,-134.4793,1.7500,43.043,83.79,82.63
10786,6175,23086.6324,5396.7528,-16163.3214,-16480.7727,-134.4470,-134.4793,1.7500,43.128,84.84,83.63
10807,6187,23132.0634,5407.3728,-16190.1071,-16518.1355,-134.4296,-134.4793,1.7500,43.212,83.56,82.41
10828,6199,23177.5099,5417.9964,-16227.0714,-16545.5391,-134.4474,-134.4833,1.7500,43.297,84.81,83.66
10849,6211,23221.9299,5428.3801,-16253.1071,-16582.2214,-134.4299,-134.4793,1.7500,43.380,83.50,82.34
10869,6223,23265.1946,5438.4937,-16283.1071,-16613.3983,-134.4289,-133.9661,1.6667,43.465,84.44,83.34
10890,6235,23310.1388,5448.9999,-16320.6786,-16639.5028,-134.4499,-135.0203,1.7500,43.551,85.99,84.82
10911,6247,23355.0611,5459.5009,-16346.1071,-16677.4842,-134.4292,-134.4793,1.7500,43.635,84.65,83.49
10932,6259,23400.0053,5470.0071,-16383.6786,-16703.5887,-134.4501,-134.4793,1.7500,43.720,84.41,83.26
10953,6271,23444.9276,5480.5082,-16409.1071,-16741.5701,-134.4295,-134.4793,1.7500,43.804,84.12,82.99
10974,6283,23489.3631,5490.8955,-16445.3214,-16768.2932,-134.4470,-134.4793,1.7500,43.890,86.03,84.86
10995,6295,23534.7941,5501.5155,-16472.1071,-16805.6560,-134.4298,-134.4793,1.7500,43.975,85.06,83.85
11016,6307,23579.2296,5511.9028,-16508.3214,-16832.3790,-134.4472,-134.4793,1.7500,44.059,84.46,83.31
11037,6319,23624.6606,5522.5228,-16535.1071,-16869.7419,-134.4301,-134.4793,1.7500,44.145,85.44,84.24
11058,6331,23669.0961,5532.9100,-16571.3214,-16896.4649,-134.4474,-134.4793,1.7500,44.229,84.31,83.18
11079,6343,23714.5270,5543.5300,-16598.1071,-16933.8277,-134.4304,-134.4793,1.7500,44.313,83.80,82.64
11100,6355,23758.9626,5553.9173,-16634.3214,-16960.5508,-134.4477,-134.4793,1.7500,44.397,84.16,83.02
11121,6367,23804.3935,5564.5373,-16661.1071,-16997.9136,-134.4307,-134.4793,1.7500,44.481,83.99,82.81
11142,6379,23848.8291,5574.9246,-16697.3214,-17024.6367,-134.4479,-134.4793,1.7500,44.567,85.65,84.41
11163,6391,23894.2600,5585.5446,-16724.1071,-17061.9995,-134.4310,-134.4793,1.7500,44.652,84.96,83.78
11184,6403,23938.6957,5595.9319,-16760.3214,-17088.7226,-134.4481,-134.4793,1.7500,44.736,84.66,83.50
11205,6415,23984.1265,5606.5518,-16787.1071,-17126.0854,-134.4313,-134.4793,1.7500,44.820,84.19,83.03
11226,6427,24029.5731,5617.1755,-16824.0714,-17153.4889,-134.4485,-134.4793,1.7500,44.905,84.85,83.67
11247,6439,24073.9930,5627.5591,-16850.1071,-17190.1713,-134.4316,-134.4793,1.7500,44.989,83.50,82.36
11267,6451,24117.2577,5637.6727,-16880.1071,-17221.3482,-134.4307,-134.4793,1.6667,45.074,84.86,83.69
11288,6463,24162.2021,5648.1790,-16917.6786,-17247.4526,-134.4509,-134.4793,1.7500,45.159,85.25,84.09
11309,6475,24207.1242,5658.6800,-16943.1071,-17285.4340,-134.4310,-134.4793,1.7500,45.243,84.45,83.27
11330,6487,24251.5598,5669.0673,-16979.3214,-17312.1571,-134.4479,-134.3850,1.7500,45.328,84.35,83.22
11351,6499,24296.9907,5679.6873,-17006.1071,-17349.5199,-134.4312,-134.4793,1.7500,45.414,86.08,84.92
11372,6511,24341.4263,5690.0746,-17042.3214,-17376.2430,-134.4481,-134.4793,1.7500,45.499,85.06,83.89
11393,6523,24386.8571,5700.6945,-17069.1071,-17413.6058,-134.4315,-134.4793,1.7500,45.584,85.46,84.31
11414,6535,24431.2928,5711.0819,-17105.3214,-17440.3289,-134.4483,-134.4793,1.7500,45.668,84.15,82.99
11435,6547,24476.7236,5721.7018,-17132.1071,-17477.6917,-134.4318,-134.4793,1.7500,45.752,83.50,82.34
11456,6559,24521.1594,5732.0892,-17168.3214,-17504.4148,-134.4485,-134.4793,1.7500,45.837,85.13,83.99
11477,6571,24566.5901,5742.7091,-17195.1071,-17541.7776,-134.4321,-134.4793,1.7500,45.921,83.55,82.42
11498,6583,24611.0259,5753.0964,-17231.3214,-17568.5006,-134.4488,-134.4793,1.7500,46.005,83.95,82.81
11519,6595,24656.4566,5763.7164,-17258.1071,-17605.8634,-134.4324,-134.4793,1.7500,46.089,84.01,82.83
11540,6607,24700.8924,5774.1037,-17294.3214,-17632.5865,-134.4490,-134.4793,1.7500,46.173,84.00,82.87
11561,6619,24746.3231,5784.7236,-17321.1071,-17669.9493,-134.4327,-134.4793,1.7500,46.256,83.49,82.36
11582,6631,24791.7699,5795.3473,-17358.0714,-17697.3528,-134.4494,-134.4833,1.7500,46.341,84.63,83.51
11603,6643,24836.1896,5805.7309,-17384.1071,-17734.0352,-134.4330,-134.4793,1.7500,46.424,83.62,82.44
11623,6655,24879.4543,5815.8445,-17414.1071,-17765.2121,-134.4320,-133.9661,1.6667,46.509,85.10,83.96
11644,6667,24924.3988,5826.3508,-17451.6786,-17791.3166,-134.4517,-135.0203,1.7500,46.595,85.44,84.28
11665,6679,24969.3208,5836.8518,-17477.1071,-17829.2980,-134.4323,-134.4793,1.7500,46.679,84.41,83.22
11686,6691,25014.2654,5847.3581,-17514.6786,-17855.4025,-134.4519,-134.4793,1.7500,46.764,84.58,83.44
11707,6703,25059.1873,5857.8591,-17540.1071,-17893.3839,-134.4326,-134.4793,1.7500,46.848,84.30,83.14
11728,6715,25103.6231,5868.2464,-17576.3214,-17920.1069,-134.4489,-134.4793,1.7500,46.933,84.54,83.40
11749,6727,25149.0538,5878.8663,-17603.1071,-17957.4698,-134.4329,-134.4793,1.7500,47.017,84.46,83.29
11770,6739,25193.4896,5889.2537,-17639.3214,-17984.1928,-134.4491,-134.4793,1.7500,47.103,85.69,84.50
11791,6751,25238.9202,5899.8736,-17666.1071,-18021.5556,-134.4332,-134.4793,1.7500,47.188,84.65,83.51
11812,6763,25283.3561,5910.2610,-17702.3214,-18048.2787,-134.4494,-134.4793,1.7500,47.272,84.25,83.09
11833,6775,25328.7867,5920.8809,-17729.1071,-18085.6415,-134.4334,-134.4793,1.7500,47.356,83.77,82.60
11854,6787,25373.2226,5931.2683,-17765.3214,-18112.3646,-134.4496,-134.4793,1.7500,47.441,84.96,83.65
11875,6799,25418.6532,5941.8882,-17792.1071,-18149.7274,-134.4337,-134.4793,1.7500,47.526,85.01,83.80
11896,6811,25463.0891,5952.2755,-17828.3214,-18176.4505,-134.4498,-134.4793,1.7500,47.610,84.47,83.34
11917,6823,25508.5197,5962.8954,-17855.1071,-18213.8133,-134.4340,-134.4793,1.7500,47.693,83.47,82.35
11938,6835,25552.9557,5973.2828,-17891.3214,-18240.5363,-134.4500,-134.4793,1.7500,47.778,84.13,82.98
11959,6847,25598.3862,5983.9027,-17918.1071,-18277.8992,-134.4342,-134.4793,1.7500,47.862,84.17,83.02
11980,6859,25643.8331,5994.5264,-17955.0714,-18305.3027,-134.4503,-134.4793,1.7500,47.947,84.79,83.63
12001,6871,25688.2527,6004.9100,-17981.1071,-18341.9850,-134.4345,-134.4793,1.7500,48.030,83.07,81.94
12021,6883,25731.5174,6015.0236,-18011.1071,-18373.1620,-134.4336,-134.4793,1.6667,48.114,84.68,83.57
12042,6895,25776.4621,6025.5299,-18048.6786,-18399.2664,-134.4526,-134.4793,1.7500,48.199,85.13,83.97
12063,6907,25821.3839,6036.0309,-18074.1071,-18437.2478,-134.4339,-134.4793,1.7500,48.284,84.39,83.23
12084,6919,25865.8198,6046.4182,-18110.3214,-18463.9709,-134.4497,-134.3850,1.7500,48.369,85.37,84.16
12105,6931,25911.2504,6057.0381,-18137.1071,-18501.3337,-134.4341,-134.4793,1.7500,48.455,85.41,84.19
12126,6943,25955.6863,6067.4255,-18173.3214,-18528.0568,-134.4499,-134.4793,1.7500,48.539,84.32,83.19
12147,6955,26001.1169,6078.0454,-18200.1071,-18565.4196,-134.4344,-134.4793,1.7500,48.623,84.50,83.34
12168,6967,26045.5529,6088.4328,-18236.3214,-18592.1427,-134.4501,-134.4793,1.7500,48.708,84.22,83.05
12189,6979,26090.9833,6099.0527,-18263.1071,-18629.5055,-134.4347,-134.4793,1.7500,48.792,84.18,82.98
12210,6991,26135.4194,6109.4401,-18299.3214,-18656.2285,-134.4503,-134.4793,1.7500,48.876,83.97,82.84
12231,7003,26180.8498,6120.0599,-18326.1071,-18693.5914,-134.4349,-134.4793,1.7500,48.960,83.74,82.59
12252,7015,26225.2859,6130.4474,-18362.3214,-18720.3144,-134.4505,-134.4793,1.7500,49.044,84.24,83.07
12273,7027,26270.7163,6141.0672,-18389.1071,-18757.6772,-134.4352,-134.4793,1.7500,49.128,83.95,82.78
12294,7039,26315.1524,6151.4546,-18425.3214,-18784.4003,-134.4507,-134.4793,1.7500,49.212,84.44,83.29
12315,7051,26360.5828,6162.0745,-18452.1071,-18821.7631,-134.4354,-134.4793,1.7500,49.297,84.44,83.23
12336,7063,26406.0299,6172.6982,-18489.0714,-18849.1666,-134.4511,-134.4833,1.7500,49.381,84.74,83.56
12357,7075,26450.4493,6183.0818,-18515.1071,-18885.8490,-134.4357,-134.4793,1.7500,49.465,83.28,82.14
12377,7087,26493.7140,6193.1954,-18545.1071,-18917.0259,-134.4348,-133.9661,1.6667,49.549,84.05,82.96
12398,7099,26538.6589,6203.7017,-18582.6786,-18943.1304,-134.4533,-135.0203,1.7500,49.634,85.15,83.99
12419,7111,26583.5805,6214.2026,-18608.1071,-18981.1118,-134.4351,-134.4793,1.7500,49.718,84.42,83.28
12440,7123,26628.5254,6224.7090,-18645.6786,-19007.2163,-134.4535,-134.4793,1.7500,49.803,84.41,83.27
12461,7135,26673.4470,6235.2099,-18671.1071,-19045.1977,-134.4353,-134.4793,1.7500,49.887,84.07,82.93
12482,7147,26717.8831,6245.5973,-18707.3214,-19071.9207,-134.4507,-134.4793,1.7500,49.971,84.40,83.27
12503,7159,26763.3135,6256.2172,-18734.1071,-19109.2835,-134.4356,-134.4793,1.7500,50.055,84.25,83.10
12524,7171,26807.7496,6266.6046,-18770.3214,-19136.0066,-134.4509,-134.4793,1.7500,50.140,84.93,83.72
12545,7183,26853.1800,6277.2245,-18797.1071,-19173.3694,-134.4358,-134.4793,1.7500,50.225,84.78,83.63
12566,7195,26897.6161,6287.6119,-18833.3214,-19200.0925,-134.4511,-134.4793,1.7500,50.310,84.69,83.53
12587,7207,26943.0465,6298.2317,-18860.1071,-19237.4553,-134.4361,-134.4793,1.7500,50.394,84.19,83.03
12608,7219,26987.4826,6308.6192,-18896.3214,-19264.1784,-134.4513,-134.4793,1.7500,50.478,84.07,82.95
12629,7231,27032.9130,6319.2390,-18923.1071,-19301.5412,-134.4363,-134.4793,1.7500,50.561,83.44,82.30
12650,7243,27077.3492,6329.6265,-18959.3214,-19328.2643,-134.4514,-134.4793,1.7500,50.645,83.93,82.77
12671,7255,27122.7795,6340.2463,-18986.1071,-19365.6271,-134.4366,-134.4793,1.7500,50.729,83.43,82.27
12692,7267,27167.2157,6350.6338,-19022.3214,-19392.3501,-134.4516,-134.4793,1.7500,50.813,83.91,82.75
12713,7279,27212.6460,6361.2536,-19049.1071,-19429.7129,-134.4368,-134.4793,1.7500,50.896,83.26,82.13
12733,7291,27255.9107,6371.3672,-19079.1071,-19460.8899,-134.4360,-133.9661,1.6667,50.980,84.43,83.31
12754,7303,27300.8557,6381.8736,-19116.6786,-19486.9943,-134.4539,-135.0203,1.7500,51.065,84.96,83.74
12775,7315,27345.7771,6392.3744,-19142.1071,-19524.9757,-134.4362,-134.4793,1.7500,51.150,84.89,83.72
12796,7327,27390.7222,6402.8808,-19179.6786,-19551.0802,-134.4541,-134.4793,1.7500,51.236,85.31,84.12
12817,7339,27435.6436,6413.3817,-19205.1071,-19589.0616,-134.4364,-134.4793,1.7500,51.320,84.50,83.32
12838,7351,27480.0798,6423.7692,-19241.3214,-19615.7847,-134.4513,-134.3850,1.7500,51.405,84.50,83.37
12859,7363,27525.5101,6434.3890,-19268.1071,-19653.1475,-134.4367,-134.4793,1.7500,51.489,84.41,83.26
12880,7375,27569.9464,6444.7765,-19304.3214,-19679.8706,-134.4515,-134.4793,1.7500,51.573,84.34,83.19
12901,7387,27615.3766,6455.3963,-19331.1071,-19717.2334,-134.4369,-134.4793,1.7500,51.658,84.60,83.43
12922,7399,27659.8129,6465.7837,-19367.3214,-19743.9565,-134.4517,-134.4793,1.7500,51.742,84.15,83.01
12943,7411,27705.2431,6476.4035,-19394.1071,-19781.3193,-134.4372,-134.4793,1.7500,51.826,83.44,82.31
12964,7423,27749.6794,6486.7910,-19430.3214,-19808.0423,-134.4519,-134.4793,1.7500,51.910,84.26,83.09
12985,7435,27795.1096,6497.4108,-19457.1071,-19845.4051,-134.4374,-134.4793,1.7500,51.993,83.68,82.54
13006,7447,27839.5459,6507.7983,-19493.3214,-19872.1282,-134.4521,-134.4793,1.7500,52.078,84.53,83.35
13027,7459,27884.9761,6518.4181,-19520.1071,-19909.4910,-134.4376,-134.4793,1.7500,52.162,84.06,82.90
13048,7471,27929.4124,6528.8056,-19556.3214,-19936.2141,-134.4523,-134.4793,1.7500,52.248,85.66,84.49
13069,7483,27974.8426,6539.4254,-19583.1071,-19973.5769,-134.4379,-134.4793,1.7500,52.331,83.73,82.57
13090,7495,28020.2899,6550.0492,-19620.0714,-20000.9804,-134.4526,-134.4833,1.7500,52.417,85.13,83.96
13111,7507,28064.7091,6560.4327,-19646.1071,-20037.6628,-134.4381,-134.4793,1.7500,52.500,83.45,82.30
13131,7519,28107.9738,6570.5462,-19676.1071,-20068.8397,-134.4373,-134.4793,1.6667,52.585,84.58,83.47
13152,7531,28152.9190,6581.0527,-19713.6786,-20094.9442,-134.4547,-134.4793,1.7500,52.670,85.24,84.09
13173,7543,28197.8403,6591.5535,-19739.1071,-20132.9256,-134.4375,-134.4793,1.7500,52.754,84.54,83.36
13194,7555,28242.7855,6602.0600,-19776.6786,-20159.0301,-134.4549,-134.4793,1.7500,52.839,84.37,83.24
13215,7567,28287.7068,6612.5608,-19802.1071,-20197.0115,-134.4377,-134.4793,1.7500,52.923,84.13,82.99
13236,7579,28332.1431,6622.9483,-19838.3214,-20223.7345,-134.4522,-134.4793,1.7500,53.007,84.29,83.14
13257,7591,28377.5733,6633.5681,-19865.1071,-20261.0973,-134.4380,-134.4793,1.7500,53.092,84.96,83.76
13278,7603,28422.0096,6643.9556,-19901.3214,-20287.8204,-134.4524,-134.4793,1.7500,53.177,84.68,83.51
13299,7615,28467.4398,6654.5754,-19928.1071,-20325.1832,-134.4382,-134.4793,1.7500,53.262,85.08,83.92
13320,7627,28511.8762,6664.9628,-19964.3214,-20351.9063,-134.4526,-134.4793,1.7500,53.346,84.07,82.93
13341,7639,28557.3063,6675.5826,-19991.1071,-20389.2691,-134.4384,-134.4793,1.7500,53.430,83.54,82.39
13362,7651,28601.7427,6685.9701,-20027.3214,-20415.9922,-134.4527,-134.4793,1.7500,53.514,84.15,83.03
13383,7663,28647.1728,6696.5899,-20054.1071,-20453.3550,-134.4386,-134.4793,1.7500,53.597,83.61,82.46
13404,7675,28691.6092,6706.9774,-20090.3214,-20480.0780,-134.4529,-134.4793,1.7500,53.681,84.18,82.97
13425,7687,28737.0393,6717.5972,-20117.1071,-20517.4409,-134.4389,-134.4793,1.7500,53.766,84.93,83.77
13446,7699,28781.4757,6727.9847,-20153.3214,-20544.1639,-134.4531,-134.4793,1.7500,53.851,84.43,83.29
13467,7711,28826.9058,6738.6045,-20180.1071,-20581.5267,-134.4391,-134.4793,1.7500,53.935,83.72,82.58
13487,7723,28870.1705,6748.7181,-20210.1071,-20612.7036,-134.4383,-133.9661,1.6667,54.019,84.31,83.19
13508,7735,28915.1157,6759.2245,-20247.6786,-20638.8081,-134.4552,-135.0203,1.7500,54.104,85.51,84.31
13529,7747,28960.0370,6769.7253,-20273.1071,-20676.7895,-134.4385,-134.4793,1.7500,54.189,84.60,83.40
13550,7759,29004.9823,6780.2318,-20310.6786,-20702.8940,-134.4554,-134.4793,1.7500,54.274,84.87,83.70
13571,7771,29049.9034,6790.7326,-20336.1071,-20740.8754,-134.4387,-134.4793,1.7500,54.358,84.19,83.03
13592,7783,29094.3399,6801.1201,-20372.3214,-20767.5985,-134.4528,-134.3850,1.7500,54.442,84.38,83.23
13613,7795,29139.7699,6811.7399,-20399.1071,-20804.9613,-134.4390,-134.4793,1.7500,54.527,84.46,83.26
13634,7807,29184.2064,6822.1274,-20435.3214,-20831.6844,-134.4530,-134.4793,1.7500,54.611,84.34,83.20
13655,7819,29229.6364,6832.7472,-20462.1071,-20869.0472,-134.4392,-134.4793,1.7500,54.696,84.73,83.56
13676,7831,29274.0729,6843.1347,-20498.3214,-20895.7702,-134.4532,-134.4793,1.7500,54.780,84.36,83.22
13697,7843,29319.5029,6853.7544,-20525.1071,-20933.1330,-134.4394,-134.4793,1.7500,54.864,83.59,82.46
13718,7855,29363.9394,6864.1420,-20561.3214,-20959.8561,-134.4533,-134.4793,1.7500,54.948,84.31,83.18
13739,7867,29409.3694,6874.7617,-20588.1071,-20997.2189,-134.4396,-134.4793,1.7500,55.032,83.50,82.36
13760,7879,29453.8060,6885.1492,-20624.3214,-21023.9420,-134.4535,-134.4793,1.7500,55.117,85.76,84.62
13781,7891,29499.2359,6895.7690,-20651.1071,-21061.3048,-134.4398,-134.4793,1.7500,55.202,84.19,83.05
13802,7903,29543.6725,6906.1565,-20687.3214,-21088.0279,-134.4537,-134.4793,1.7500,55.286,84.09,82.96
13823,7915,29589.1024,6916.7763,-20714.1071,-21125.3907,-134.4400,-134.4793,1.7500,55.369,83.37,82.24
13844,7927,29634.5500,6927.4001,-20751.0714,-21152.7942,-134.4540,-134.4833,1.7500,55.454,84.56,83.40
13865,7939,29678.9689,6937.7835,-20777.1071,-21189.4766,-134.4403,-134.4793,1.7500,55.537,83.25,82.09
13885,7951,29722.2336,6947.8971,-20807.1071,-21220.6535,-134.4395,-134.4793,1.6667,55.621,84.14,83.04
13906,7963,29767.1790,6958.4036,-20844.6786,-21246.7580,-134.4559,-134.4793,1.7500,55.706,85.13,83.99
13927,7975,29812.1001,6968.9044,-20870.1071,-21284.7394,-134.4397,-134.4793,1.7500,55.791,84.32,83.16
13948,7987,29857.0456,6979.4109,-20907.6786,-21310.8438,-134.4561,-134.4793,1.7500,55.875,84.47,83.34
13969,7999,29901.9666,6989.9117,-20933.1071,-21348.8252,-134.4399,-134.4793,1.7500,55.959,84.44,83.31
13990,8011,29946.4032,7000.2992,-20969.3214,-21375.5483,-134.4536,-134.4793,1.7500,56.044,84.79,83.61
14011,8023,29991.8331,7010.9190,-20996.1071,-21412.9111,-134.4401,-134.4793,1.7500,56.130,85.55,84.34
14032,8035,30036.2697,7021.3065,-21032.3214,-21439.6342,-134.4537,-134.4793,1.7500,56.214,84.60,83.45
14053,8047,30081.6996,7031.9262,-21059.1071,-21476.9970,-134.4403,-134.4793,1.7500,56.298,83.64,82.46
14074,8059,30126.1362,7042.3138,-21095.3214,-21503.7201,-134.4539,-134.4793,1.7500,56.382,84.07,82.94
14095,8071,30171.5661,7052.9335,-21122.1071,-21541.0829,-134.4405,-134.4793,1.7500,56.466,83.91,82.73
14116,8083,30216.0027,7063.3211,-21158.3214,-21567.8060,-134.4541,-134.4793,1.7500,56.550,84.30,83.15
14137,8095,30261.4326,7073.9408,-21185.1071,-21605.1688,-134.4407,-134.4793,1.7500,56.634,83.34,82.18
14158,8107,30305.8693,7084.3283,-21221.3214,-21631.8918,-134.4542,-134.4793,1.7500,56.717,83.83,82.69
14179,8119,30351.2991,7094.9481,-21248.1071,-21669.2546,-134.4409,-134.4793,1.7500,56.801,83.38,82.23
14200,8131,30395.7358,7105.3356,-21284.3214,-21695.9777,-134.4544,-134.4793,1.7500,56.885,83.95,82.82
14221,8143,30441.1656,7115.9554,-21311.1071,-21733.3405,-134.4411,-134.4793,1.7500,56.969,83.95,82.78
14241,8155,30484.4303,7126.0689,-21341.1071,-21764.5174,-134.4404,-133.9661,1.6667,57.054,85.13,83.99
14262,8167,30529.3758,7136.5754,-21378.6786,-21790.6219,-134.4564,-135.0203,1.7500,57.140,85.69,84.46
14283,8179,30574.2968,7147.0762,-21404.1071,-21828.6033,-134.4406,-134.4793,1.7500,57.226,86.09,84.90
14304,8191,30619.2423,7157.5827,-21441.6786,-21854.7078,-134.4566,-134.4793,1.7500,57.310,84.74,83.58
14325,8203,30664.1633,7168.0835,-21467.1071,-21892.6892,-134.4408,-134.4793,1.7500,57.395,84.33,83.18
14346,8215,30708.5999,7178.4710,-21503.3214,-21919.4123,-134.4541,-134.3850,1.7500,57.479,84.23,83.09
14367,8227,30754.0298,7189.0908,-21530.1071,-21956.7751,-134.4410,-134.4793,1.7500,57.564,84.84,83.68
14388,8239,30798.4665,7199.4783,-21566.3214,-21983.4981,-134.4543,-134.4793,1.7500,57.649,84.74,83.58
14409,8251,30843.8963,7210.0981,-21593.1071,-22020.8610,-134.4412,-134.4793,1.7500,57.733,84.72,83.55
14430,8263,30888.3330,7220.4856,-21629.3214,-22047.5840,-134.4544,-134.4793,1.7500,57.817,84.16,83.02
14451,8275,30933.7628,7231.1053,-21656.1071,-22084.9468,-134.4414,-134.4793,1.7500,57.901,83.58,82.45
14472,8287,30978.1995,7241.4929,-21692.3214,-22111.6699,-134.4546,-134.4793,1.7500,57.986,84.62,83.46
14493,8299,31023.6293,7252.1126,-21719.1071,-22149.0327,-134.4416,-134.4793,1.7500,58.070,84.59,83.37
14514,8311,31068.0660,7262.5002,-21755.3214,-22175.7558,-134.4548,-134.4793,1.7500,58.155,84.48,83.30
14535,8323,31113.4958,7273.1199,-21782.1071,-22213.1186,-134.4418,-134.4793,1.7500,58.238,83.44,82.28
14556,8335,31157.9326,7283.5075,-21818.3214,-22239.8417,-134.4549,-134.4793,1.7500,58.322,83.75,82.60
14577,8347,31203.3623,7294.1272,-21845.1071,-22277.2045,-134.4420,-134.4793,1.7500,58.405,83.38,82.21
14598,8359,31248.8101,7304.7511,-21882.0714,-22304.6080,-134.4552,-134.4833,1.7500,58.490,84.50,83.36
14619,8371,31293.2288,7315.1344,-21908.1071,-22341.2904,-134.4422,-134.4793,1.7500,58.573,83.32,82.18
14639,8383,31336.4935,7325.2480,-21938.1071,-22372.4673,-134.4414,-134.4793,1.6667,58.657,84.01,82.92
14660,8395,31381.4391,7335.7546,-21975.6786,-22398.5717,-134.4570,-134.4793,1.7500,58.742,84.86,83.73
14681,8407,31426.3600,7346.2553,-22001.1071,-22436.5531,-134.4416,-134.4793,1.7500,58.826,84.44,83.29
14702,8419,31470.7967,7356.6429,-22037.3214,-22463.2762,-134.4546,-134.3850,1.7500,58.911,84.64,83.43
14723,8431,31516.2265,7367.2626,-22064.1071,-22500.6390,-134.4418,-134.4793,1.7500,58.997,85.81,84.67
14744,8443,31560.6632,7377.6502,-22100.3214,-22527.3621,-134.4548,-134.4793,1.7500,59.082,84.79,83.65
14765,8455,31606.0930,7388.2699,-22127.1071,-22564.7249,-134.4420,-134.4793,1.7500,59.166,84.53,83.40
14786,8467,31650.5298,7398.6574,-22163.3214,-22591.4480,-134.4550,-134.4793,1.7500,59.250,84.29,83.14
14807,8479,31695.9595,7409.2771,-22190.1071,-22628.8108,-134.4422,-134.4793,1.7500,59.334,83.59,82.45
14828,8491,31740.3963,7419.6647,-22226.3214,-22655.5339,-134.4551,-134.4793,1.7500,59.418,84.12,82.96
14849,8503,31785.8260,7430.2844,-22253.1071,-22692.8967,-134.4424,-134.4793,1.7500,59.502,84.18,83.03
14870,8515,31830.2628,7440.6720,-22289.3214,-22719.6197,-134.4553,-134.4793,1.7500,59.586,84.21,83.08
14891,8527,31875.6925,7451.2917,-22316.1071,-22756.9825,-134.4426,-134.4793,1.7500,59.670,83.35,82.20
14912,8539,31920.1293,7461.6793,-22352.3214,-22783.7056,-134.4554,-134.4793,1.7500,59.754,84.13,82.99
14933,8551,31965.5590,7472.2990,-22379.1071,-22821.0684,-134.4428,-134.4793,1.7500,59.838,83.83,82.62
14954,8563,32009.9959,7482.6866,-22415.3214,-22847.7915,-134.4556,-134.4793,1.7500,59.923,85.50,84.32
14975,8575,32055.4255,7493.3063,-22442.1071,-22885.1543,-134.4430,-134.4793,1.7500,60.008,84.64,83.46
14995,8587,32098.6902,7503.4198,-22472.1071,-22916.3312,-134.4422,-133.9661,1.6667,60.093,84.86,83.73
15016,8599,32143.6359,7513.9264,-22509.6786,-22942.4357,-134.4575,-135.0203,1.7500,60.178,85.20,84.05
15037,8611,32188.5567,7524.4271,-22535.1071,-22980.4171,-134.4424,-134.4793,1.7500,60.263,84.93,83.76
15058,8623,32233.5024,7534.9337,-22572.6786,-23006.5216,-134.4576,-134.4793,1.7500,60.347,84.39,83.26
15079,8635,32278.4232,7545.4344,-22598.1071,-23044.5030,-134.4426,-134.4793,1.7500,60.431,84.00,82.86
15100,8647,32322.8600,7555.8220,-22634.3214,-23071.2261,-134.4553,-134.4793,1.7500,60.516,84.83,83.70
15121,8659,32368.2897,7566.4417,-22661.1071,-23108.5889,-134.4428,-134.4793,1.7500,60.601,84.49,83.34
15142,8671,32412.7265,7576.8293,-22697.3214,-23135.3119,-134.4554,-134.4793,1.7500,60.685,84.60,83.40
15163,8683,32458.1562,7587.4490,-22724.1071,-23172.6747,-134.4430,-134.4793,1.7500,60.770,85.06,83.89
15184,8695,32502.5931,7597.8366,-22760.3214,-23199.3978,-134.4556,-134.4793,1.7500,60.856,85.33,84.14
15205,8707,32548.0227,7608.4562,-22787.1071,-23236.7606,-134.4432,-134.4793,1.7500,60.941,85.44,84.29
15226,8719,32592.4596,7618.8438,-22823.3214,-23263.4837,-134.4557,-134.4793,1.7500,61.026,84.63,83.48
15247,8731,32637.8892,7629.4635,-22850.1071,-23300.8465,-134.4434,-134.4793,1.7500,61.110,84.28,83.07
15268,8743,32682.3261,7639.8511,-22886.3214,-23327.5696,-134.4559,-134.4793,1.7500,61.194,84.27,83.12
15289,8755,32727.7557,7650.4708,-22913.1071,-23364.9324,-134.4436,-134.4793,1.7500,61.278,83.77,82.61
15310,8767,32772.1926,7660.8584,-22949.3214,-23391.6555,-134.4560,-134.4793,1.7500,61.362,83.77,82.64
15331,8779,32817.6222,7671.4781,-22976.1071,-23429.0183,-134.4437,-134.4793,1.7500,61.445,83.40,82.26
15352,8791,32863.0701,7682.1020,-23013.0714,-23456.4218,-134.4563,-134.4833,1.7500,61.530,84.56,83.43
15373,8803,32907.4887,7692.4853,-23039.1071,-23493.1041,-134.4439,-134.4793,1.7500,61.613,83.45,82.24
15393,8815,32950.7534,7702.5989,-23069.1071,-23524.2811,-134.4432,-134.4793,1.6667,61.697,84.26,83.14
15414,8827,32995.6992,7713.1055,-23106.6786,-23550.3855,-134.4580,-134.4793,1.7500,61.783,85.07,83.92
15435,8839,33040.6199,7723.6062,-23132.1071,-23588.3669,-134.4434,-134.4793,1.7500,61.868,85.75,84.62
15456,8851,33085.0568,7733.9938,-23168.3214,-23615.0900,-134.4558,-134.3850,1.7500,61.955,86.42,85.24
15477,8863,33130.4864,7744.6135,-23195.1071,-23652.4528,-134.4436,-134.4793,1.7500,62.039,84.82,83.68
15498,8875,33174.9233,7755.0011,-23231.3214,-23679.1759,-134.4559,-134.4793,1.7500,62.125,85.11,83.94
15519,8887,33220.3529,7765.6208,-23258.1071,-23716.5387,-134.4437,-134.4793,1.7500,62.210,84.92,83.71
15540,8899,33264.7898,7776.0084,-23294.3214,-23743.2618,-134.4560,-134.4793,1.7500,62.294,84.35,83.16
15561,8911,33310.2194,7786.6280,-23321.1071,-23780.6246,-134.4439,-134.4793,1.7500,62.377,83.50,82.34
15582,8923,33354.6564,7797.0157,-23357.3214,-23807.3476,-134.4562,-134.4793,1.7500,62.462,84.14,82.97
15603,8935,33400.0859,7807.6353,-23384.1071,-23844.7105,-134.4441,-134.4793,1.7500,62.545,83.52,82.40
15624,8947,33444.5229,7818.0230,-23420.3214,-23871.4335,-134.4563,-134.4793,1.7500,62.629,84.14,83.02
15645,8959,33489.9524,7828.6426,-23447.1071,-23908.7963,-134.4443,-134.4793,1.7500,62.712,83.16,82.03
15666,8971,33534.3894,7839.0302,-23483.3214,-23935.5194,-134.4565,-134.4793,1.7500,62.797,84.26,83.10
15687,8983,33579.8189,7849.6499,-23510.1071,-23972.8822,-134.4445,-134.4793,1.7500,62.880,83.89,82.72
15708,8995,33624.2560,7860.0375,-23546.3214,-23999.6053,-134.4566,-134.4793,1.7500,62.965,84.08,82.95
15729,9007,33669.6854,7870.6572,-23573.1071,-24036.9681,-134.4446,-134.4793,1.7500,63.048,83.35,82.18
15749,9019,33712.9501,7880.7707,-23603.1071,-24068.1450,-134.4439,-133.9661,1.6667,63.133,85.34,84.19
15770,9031,33757.8960,7891.2774,-23640.6786,-24094.2495,-134.4584,-135.0203,1.7500,63.218,85.17,84.01
15791,9043,33802.8166,7901.7780,-23666.1071,-24132.2309,-134.4441,-134.4793,1.7500,63.303,84.56,83.37
15812,9055,33847.7626,7912.2846,-23703.6786,-24158.3354,-134.4586,-134.4793,1.7500,63.388,84.55,83.39
15833,9067,33892.6831,7922.7853,-23729.1071,-24196.3168,-134.4443,-134.4793,1.7500,63.472,84.14,82.99
15854,9079,33937.1201,7933.1729,-23765.3214,-24223.0398,-134.4563,-134.4793,1.7500,63.556,84.24,83.09
15875,9091,33982.5496,7943.7926,-23792.1071,-24260.4026,-134.4445,-134.4793,1.7500,63.640,84.53,83.38
15896,9103,34026.9866,7954.1802,-23828.3214,-24287.1257,-134.4565,-134.4793,1.7500,63.725,84.96,83.71
15917,9115,34072.4161,7964.7999,-23855.1071,-24324.4885,-134.4446,-134.4793,1.7500,63.810,84.55,83.37
15938,9127,34116.8532,7975.1875,-23891.3214,-24351.2116,-134.4566,-134.4793,1.7500,63.894,84.11,82.97
15959,9139,34162.2826,7985.8071,-23918.1071,-24388.5744,-134.4448,-134.4793,1.7500,63.978,83.51,82.35
15980,9151,34206.7197,7996.1948,-23954.3214,-24415.2975,-134.4568,-134.4793,1.7500,64.062,84.14,82.97
16001,9163,34252.1491,8006.8144,-23981.1071,-24452.6603,-134.4450,-134.4793,1.7500,64.147,84.84,83.66
16022,9175,34296.5862,8017.2021,-24017.3214,-24479.3834,-134.4569,-134.4793,1.7500,64.231,84.19,83.02
16043,9187,34342.0156,8027.8217,-24044.1071,-24516.7462,-134.4452,-134.4793,1.7500,64.314,83.54,82.37
16064,9199,34386.4527,8038.2094,-24080.3214,-24543.4692,-134.4571,-134.4793,1.7500,64.398,84.04,82.89
16085,9211,34431.8822,8048.8290,-24107.1071,-24580.8320,-134.4453,-134.4793,1.7500,64.483,84.34,83.17
16106,9223,34477.3302,8059.4530,-24144.0714,-24608.2356,-134.4573,-134.4833,1.7500,64.568,85.04,83.88
16127,9235,34521.7487,8069.8363,-24170.1071,-24644.9179,-134.4455,-134.4793,1.7500,64.651,83.41,82.26
16147,9247,34565.0133,8079.9498,-24200.1071,-24676.0948,-134.4448,-134.4793,1.6667,64.736,85.16,84.03
16168,9259,34609.9593,8090.4565,-24237.6786,-24702.1993,-134.4590,-134.4793,1.7500,64.822,85.30,84.12
16189,9271,34654.8798,8100.9571,-24263.1071,-24740.1807,-134.4450,-134.4793,1.7500,64.906,84.29,83.13
16210,9283,34699.3169,8111.3448,-24299.3214,-24766.9038,-134.4568,-134.3850,1.7500,64.990,84.64,83.50
16231,9295,34744.7463,8121.9644,-24326.1071,-24804.2666,-134.4451,-134.4793,1.7500,65.075,84.57,83.39
16252,9307,34789.1834,8132.3521,-24362.3214,-24830.9897,-134.4569,-134.4793,1.7500,65.159,84.35,83.20
16273,9319,34834.6128,8142.9717,-24389.1071,-24868.3525,-134.4453,-134.4793,1.7500,65.245,85.12,83.94
16294,9331,34879.0499,8153.3593,-24425.3214,-24895.0756,-134.4570,-134.4793,1.7500,65.329,84.29,83.15
16315,9343,34924.4793,8163.9790,-24452.1071,-24932.4384,-134.4455,-134.4793,1.7500,65.412,83.54,82.40
16336,9355,34968.9165,8174.3666,-24488.3214,-24959.1614,-134.4572,-134.4793,1.7500,65.497,84.20,83.07
16357,9367,35014.3459,8184.9862,-24515.1071,-24996.5242,-134.4457,-134.4793,1.7500,65.580,83.60,82.46
16378,9379,35058.7830,8195.3739,-24551.3214,-25023.2473,-134.4573,-134.4793,1.7500,65.665,84.82,83.66
16399,9391,35104.2124,8205.9935,-24578.1071,-25060.6101,-134.4458,-134.4793,1.7500,65.750,84.58,83.40
16420,9403,35148.6495,8216.3812,-24614.3214,-25087.3332,-134.4575,-134.4793,1.7500,65.834,84.14,82.99
16441,9415,35194.0789,8227.0008,-24641.1071,-25124.6960,-134.4460,-134.4793,1.7500,65.918,83.92,82.78
16462,9427,35238.5161,8237.3885,-24677.3214,-25151.4191,-134.4576,-134.4793,1.7500,66.003,84.93,83.71
16483,9439,35283.9454,8248.0081,-24704.1071,-25188.7819,-134.4461,-134.4793,1.7500,66.086,83.84,82.67
16503,9451,35327.2100,8258.1217,-24734.1071,-25219.9588,-134.4455,-133.9661,1.6667,66.172,85.37,84.25
16524,9463,35372.1561,8268.6283,-24771.6786,-25246.0633,-134.4593,-135.0203,1.7500,66.257,85.41,84.21
16545,9475,35417.0765,8279.1289,-24797.1071,-25284.0447,-134.4456,-134.4793,1.7500,66.341,84.25,83.12
16566,9487,35462.0227,8289.6356,-24834.6786,-25310.1492,-134.4594,-134.4793,1.7500,66.426,84.28,83.14
16587,9499,35506.9430,8300.1362,-24860.1071,-25348.1306,-134.4458,-134.4793,1.7500,66.510,83.97,82.84
16608,9511,35551.3802,8310.5239,-24896.3214,-25374.8536,-134.4573,-134.4793,1.7500,66.594,84.44,83.29
16629,9523,35596.8096,8321.1435,-24923.1071,-25412.2164,-134.4460,-134.4793,1.7500,66.679,84.41,83.26
16650,9535,35641.2467,8331.5312,-24959.3214,-25438.9395,-134.4574,-134.4793,1.7500,66.763,84.51,83.34
16671,9547,35686.6761,8342.1508,-24986.1071,-25476.3023,-134.4461,-134.4793,1.7500,66.847,84.40,83.21
16692,9559,35731.1133,8352.5385,-25022.3214,-25503.0254,-134.4576,-134.4793,1.7500,66.931,84.01,82.88
16713,9571,35776.5426,8363.1581,-25049.1071,-25540.3882,-134.4463,-134.4793,1.7500,67.015,83.47,82.31
16734,9583,35820.9798,8373.5457,-25085.3214,-25567.1113,-134.4577,-134.4793,1.7500,67.100,85.14,84.00
16755,9595,35866.4091,8384.1653,-25112.1071,-25604.4741,-134.4465,-134.4793,1.7500,67.185,84.99,83.81
16776,9607,35910.8463,8394.5530,-25148.3214,-25631.1971,-134.4578,-134.4793,1.7500,67.269,84.04,82.88
16797,9619,35956.2756,8405.1726,-25175.1071,-25668.5600,-134.4466,-134.4793,1.7500,67.352,83.28,82.17
16818,9631,36000.7128,8415.5603,-25211.3214,-25695.2830,-134.4580,-134.4793,1.7500,67.437,84.41,83.23
16839,9643,36046.1421,8426.1799,-25238.1071,-25732.6458,-134.4468,-134.4793,1.7500,67.521,84.12,82.93
16860,9655,36091.5903,8436.8039,-25275.0714,-25760.0494,-134.4582,-134.4833,1.7500,67.607,85.66,84.45
16881,9667,36136.0086,8447.1872,-25301.1071,-25796.7317,-134.4469,-134.4793,1.7500,67.691,83.93,82.72
16901,9679,36179.2733,8457.3008,-25331.1071,-25827.9086,-134.4463,-134.4793,1.6667,67.775,84.94,83.80
16922,9691,36224.2195,8467.8074,-25368.6786,-25854.0131,-134.4598,-134.4793,1.7500,67.862,86.49,85.31
16943,9703,36269.1398,8478.3080,-25394.1071,-25891.9945,-134.4464,-134.4793,1.7500,67.946,84.47,83.30
16964,9715,36313.5770,8488.6957,-25430.3214,-25918.7176,-134.4577,-134.3850,1.7500,68.031,84.93,83.76
16985,9727,36359.0063,8499.3153,-25457.1071,-25956.0804,-134.4466,-134.4793,1.7500,68.117,85.69,84.51
17006,9739,36403.4435,8509.7030,-25493.3214,-25982.8035,-134.4578,-134.4793,1.7500,68.202,84.51,83.33
17027,9751,36448.8728,8520.3226,-25520.1071,-26020.1663,-134.4467,-134.4793,1.7500,68.287,84.98,83.81
17048,9763,36493.3100,8530.7103,-25556.3214,-26046.8893,-134.4580,-134.4793,1.7500,68.371,84.78,83.61
17069,9775,36538.7393,8541.3299,-25583.1071,-26084.2521,-134.4469,-134.4793,1.7500,68.455,83.70,82.54
17090,9787,36583.1766,8551.7176,-25619.3214,-26110.9752,-134.4581,-134.4793,1.7500,68.539,84.38,83.19
17111,9799,36628.6058,8562.3372,-25646.1071,-26148.3380,-134.4471,-134.4793,1.7500,68.624,84.83,83.60
17132,9811,36673.0431,8572.7249,-25682.3214,-26175.0611,-134.4582,-134.4793,1.7500,68.709,84.37,83.25
17153,9823,36718.4723,8583.3444,-25709.1071,-26212.4239,-134.4472,-134.4793,1.7500,68.792,83.25,82.11
17174,9835,36762.9096,8593.7321,-25745.3214,-26239.1470,-134.4583,-134.4793,1.7500,68.876,83.77,82.63
17195,9847,36808.3388,8604.3517,-25772.1071,-26276.5098,-134.4474,-134.4793,1.7500,68.959,83.48,82.32
17216,9859,36852.7762,8614.7394,-25808.3214,-26303.2329,-134.4585,-134.4793,1.7500,69.043,83.94,82.76
17237,9871,36898.2054,8625.3590,-25835.1071,-26340.5957,-134.4475,-134.4793,1.7500,69.126,83.47,82.28
17257,9883,36941.4700,8635.4726,-25865.1071,-26371.7726,-134.4469,-133.9661,1.6667,69.211,84.55,83.45
17278,9895,36986.4163,8645.9793,-25902.6786,-26397.8771,-134.4601,-135.0203,1.7500,69.296,85.21,84.05
17299,9907,37031.3365,8656.4799,-25928.1071,-26435.8585,-134.4470,-134.4793,1.7500,69.381,84.44,83.29
17320,9919,37076.2828,8666.9865,-25965.6786,-26461.9629,-134.4602,-134.4793,1.7500,69.466,85.01,83.84
17341,9931,37121.2030,8677.4871,-25991.1071,-26499.9443,-134.4472,-134.4793,1.7500,69.552,86.44,85.23
17362,9943,37165.6403,8687.8748,-26027.3214,-26526.6674,-134.4582,-134.4793,1.7500,69.637,85.36,84.21
17383,9955,37211.0695,8698.4944,-26054.1071,-26564.0302,-134.4473,-134.4793,1.7500,69.722,84.49,83.33
17404,9967,37255.5068,8708.8821,-26090.3214,-26590.7533,-134.4583,-134.4793,1.7500,69.806,84.17,83.04
17425,9979,37300.9360,8719.5017,-26117.1071,-26628.1161,-134.4475,-134.4793,1.7500,69.890,84.28,83.15
17446,9991,37345.3734,8729.8894,-26153.3214,-26654.8392,-134.4584,-134.4793,1.7500,69.975,84.18,83.05
17467,10003,37390.8025,8740.5090,-26180.1071,-26692.2020,-134.4476,-134.4793,1.7500,70.058,83.53,82.39
17488,10015,37435.2399,8750.8967,-26216.3214,-26718.9251,-134.4586,-134.4793,1.7500,70.143,84.62,83.47
17509,10027,37480.6691,8761.5163,-26243.1071,-26756.2879,-134.4478,-134.4793,1.7500,70.226,83.40,82.23
17530,10039,37525.1064,8771.9040,-26279.3214,-26783.0109,-134.4587,-134.4793,1.7500,70.311,84.33,83.19
17551,10051,37570.5356,8782.5235,-26306.1071,-26820.3737,-134.4479,-134.4793,1.7500,70.394,83.32,82.15
17572,10063,37614.9730,8792.9113,-26342.3214,-26847.0968,-134.4588,-134.4793,1.7500,70.478,84.28,83.11
17593,10075,37660.4021,8803.5308,-26369.1071,-26884.4596,-134.4481,-134.4793,1.7500,70.562,83.94,82.79
17614,10087,37705.8505,8814.1549,-26406.0714,-26911.8631,-134.4590,-134.4833,1.7500,70.647,85.16,84.00
17635,10099,37750.2686,8824.5381,-26432.1071,-26948.5455,-134.4482,-134.4793,1.7500,70.731,83.36,82.20
17655,10111,37793.5332,8834.6517,-26462.1071,-26979.7224,-134.4476,-134.4793,1.6667,70.815,84.15,83.06
17676,10123,37838.4796,8845.1584,-26499.6786,-27005.8269,-134.4605,-134.4793,1.7500,70.900,85.03,83.88
17697,10135,37883.3997,8855.6590,-26525.1071,-27043.8083,-134.4478,-134.4793,1.7500,70.984,84.36,83.21
17718,10147,37927.8371,8866.0467,-26561.3214,-27070.5314,-134.4585,-134.3850,1.7500,71.069,84.57,83.42
17739,10159,37973.2663,8876.6662,-26588.1071,-27107.8942,-134.4479,-134.4793,1.7500,71.154,85.12,83.94
17760,10171,38017.7036,8887.0540,-26624.3214,-27134.6172,-134.4587,-134.4793,1.7500,71.239,85.02,83.82
17781,10183,38063.1328,8897.6735,-26651.1071,-27171.9801,-134.4481,-134.4793,1.7500,71.323,84.44,83.26
17802,10195,38107.5702,8908.0612,-26687.3214,-27198.7031,-134.4588,-134.4793,1.7500,71.408,84.29,83.15
17823,10207,38152.9993,8918.6808,-26714.1071,-27236.0659,-134.4482,-134.4793,1.7500,71.493,84.96,83.79
17844,10219,38197.4367,8929.0685,-26750.3214,-27262.7890,-134.4589,-134.4793,1.7500,71.579,86.04,84.85
17865,10231,38242.8658,8939.6881,-26777.1071,-27300.1518,-134.4483,-134.4793,1.7500,71.662,83.61,82.45
17886,10243,38287.3032,8950.0758,-26813.3214,-27326.8749,-134.4590,-134.4793,1.7500,71.747,84.44,83.29
17907,10255,38332.7323,8960.6954,-26840.1071,-27364.2377,-134.4485,-134.4793,1.7500,71.830,83.58,82.44
17928,10267,38377.1697,8971.0831,-26876.3214,-27390.9608,-134.4592,-134.4793,1.7500,71.914,83.86,82.74
17949,10279,38422.5988,8981.7026,-26903.1071,-27428.3236,-134.4486,-134.4793,1.7500,71.998,83.48,82.35
17970,10291,38468.0472,8992.3267,-26940.0714,-27455.7271,-134.4594,-134.4833,1.7500,72.082,84.62,83.47
17991,10303,38512.4653,9002.7099,-26966.1071,-27492.4095,-134.4488,-134.4793,1.7500,72.166,83.45,82.23
18011,10315,38555.7300,9012.8235,-26996.1071,-27523.5864,-134.4482,-133.9661,1.6667,72.250,83.94,82.82
18032,10327,38600.6764,9023.3302,-27033.6786,-27549.6909,-134.4608,-135.0203,1.7500,72.335,85.31,84.14
18053,10339,38645.5965,9033.8308,-27059.1071,-27587.6723,-134.4483,-134.4793,1.7500,72.420,85.22,84.03
18074,10351,38690.5429,9044.3375,-27096.6786,-27613.7767,-134.4610,-134.4793,1.7500,72.505,85.14,83.96
18095,10363,38735.4630,9054.8381,-27122.1071,-27651.7581,-134.4485,-134.4793,1.7500,72.589,84.31,83.16
18116,10375,38779.9004,9065.2258,-27158.3214,-27678.4812,-134.4590,-134.4793,1.7500,72.674,84.46,83.32
18137,10387,38825.3295,9075.8453,-27185.1071,-27715.8440,-134.4486,-134.4793,1.7500,72.758,84.40,83.25
18158,10399,38869.7669,9086.2331,-27221.3214,-27742.5671,-134.4591,-134.4793,1.7500,72.843,84.18,83.00
18179,10411,38915.1960,9096.8526,-27248.1071,-27779.9299,-134.4487,-134.4793,1.7500,72.927,84.46,83.30
18200,10423,38959.6335,9107.2404,-27284.3214,-27806.6530,-134.4592,-134.4793,1.7500,73.012,84.66,83.44
18221,10435,39005.0625,9117.8599,-27311.1071,-27844.0158,-134.4489,-134.4793,1.7500,73.096,84.03,82.86
18242,10447,39049.5000,9128.2477,-27347.3214,-27870.7388,-134.4594,-134.4793,1.7500,73.180,84.49,83.33
18263,10459,39094.9291,9138.8672,-27374.1071,-27908.1016,-134.4490,-134.4793,1.7500,73.264,83.63,82.48
18284,10471,39139.3665,9149.2549,-27410.3214,-27934.8247,-134.4595,-134.4793,1.7500,73.348,84.09,82.90
18305,10483,39184.7956,9159.8745,-27437.1071,-27972.1875,-134.4492,-134.4793,1.7500,73.432,83.90,82.73
18326,10495,39229.2331,9170.2622,-27473.3214,-27998.9106,-134.4596,-134.4793,1.7500,73.516,84.54,83.41
18347,10507,39274.6621,9180.8817,-27500.1071,-28036.2734,-134.4493,-134.4793,1.7500,73.600,83.47,82.32
18368,10519,39320.1106,9191.5058,-27537.0714,-28063.6769,-134.4598,-134.4793,1.7500,73.685,84.78,83.64
18389,10531,39364.5286,9201.8890,-27563.1071,-28100.3593,-134.4494,-134.4793,1.7500,73.768,83.23,82.08
18409,10543,39407.7932,9212.0026,-27593.1071,-28131.5362,-134.4488,-134.4793,1.6667,73.852,84.29,83.13
18430,10555,39452.7397,9222.5093,-27630.6786,-28157.6407,-134.4612,-134.4793,1.7500,73.937,84.90,83.76
18451,10567,39497.6597,9233.0099,-27656.1071,-28195.6221,-134.4490,-134.4793,1.7500,74.021,84.15,83.00
18472,10579,39542.0972,9243.3976,-27692.3214,-28222.3452,-134.4593,-134.3850,1.7500,74.106,84.72,83.55
18493,10591,39587.5262,9254.0172,-27719.1071,-28259.7080,-134.4491,-134.4793,1.7500,74.191,84.69,83.51
18514,10603,39631.9637,9264.4049,-27755.3214,-28286.4310,-134.4594,-134.4793,1.7500,74.275,84.35,83.13
18535,10615,39677.3928,9275.0244,-27782.1071,-28323.7938,-134.4493,-134.4793,1.7500,74.361,86.13,84.95
18556,10627,39721.8303,9285.4122,-27818.3214,-28350.5169,-134.4596,-134.4793,1.7500,74.446,85.18,84.02
18577,10639,39767.2593,9296.0317,-27845.1071,-28387.8797,-134.4494,-134.4793,1.7500,74.530,84.01,82.84
18598,10651,39811.6968,9306.4195,-27881.3214,-28414.6028,-134.4597,-134.4793,1.7500,74.615,84.30,83.16
18619,10663,39857.1258,9317.0390,-27908.1071,-28451.9656,-134.4495,-134.4793,1.7500,74.698,83.90,82.74
18640,10675,39901.5633,9327.4268,-27944.3214,-28478.6887,-134.4598,-134.4793,1.7500,74.783,84.36,83.16
18661,10687,39946.9923,9338.0463,-27971.1071,-28516.0515,-134.4497,-134.4793,1.7500,74.866,83.20,82.05
18682,10699,39991.4299,9348.4341,-28007.3214,-28542.7746,-134.4599,-134.4793,1.7500,74.950,83.72,82.57
18703,10711,40036.8588,9359.0536,-28034.1071,-28580.1374,-134.4498,-134.4793,1.7500,75.035,85.08,83.91
18724,10723,40082.3074,9369.6777,-28071.0714,-28607.5409,-134.4601,-134.4833,1.7500,75.120,85.07,83.89
18745,10735,40126.7253,9380.0609,-28097.1071,-28644.2232,-134.4499,-134.4793,1.7500,75.203,83.31,82.17
18765,10747,40169.9900,9390.1744,-28127.1071,-28675.4002,-134.4493,-133.9661,1.6667,75.288,85.00,83.82
18786,10759,40214.9365,9400.6812,-28164.6786,-28701.5046,-134.4615,-135.0203,1.7500,75.374,86.15,84.98
18807,10771,40259.8565,9411.1817,-28190.1071,-28739.4860,-134.4495,-134.4793,1.7500,75.459,84.60,83.44
18828,10783,40304.8031,9421.6885,-28227.6786,-28765.5905,-134.4616,-134.4793,1.7500,75.543,84.40,83.28
18849,10795,40349.7230,9432.1890,-28253.1071,-28803.5719,-134.4496,-134.4793,1.7500,75.628,84.26,83.08
18870,10807,40394.1605,9442.5768,-28289.3214,-28830.2950,-134.4597,-134.4793,1.7500,75.712,84.34,83.16
18891,10819,40439.5895,9453.1963,-28316.1071,-28867.6578,-134.4498,-134.4793,1.7500,75.796,84.46,83.28
18912,10831,40484.0271,9463.5840,-28352.3214,-28894.3809,-134.4599,-134.4793,1.7500,75.881,84.20,83.06
18933,10843,40529.4560,9474.2036,-28379.1071,-28931.7437,-134.4499,-134.4793,1.7500,75.965,84.53,83.38
18954,10855,40573.8936,9484.5913,-28415.3214,-28958.4667,-134.4600,-134.4793,1.7500,76.050,84.52,83.35
18975,10867,40619.3225,9495.2108,-28442.1071,-28995.8296,-134.4500,-134.4793,1.7500,76.134,84.29,83.11
18996,10879,40663.7601,9505.5986,-28478.3214,-29022.5526,-134.4601,-134.4793,1.7500,76.218,84.19,83.06
19017,10891,40709.1891,9516.2181,-28505.1071,-29059.9154,-134.4502,-134.4793,1.7500,76.302,84.17,83.01
19038,10903,40753.6267,9526.6059,-28541.3214,-29086.6385,-134.4602,-134.4793,1.7500,76.387,84.59,83.43
19059,10915,40799.0556,9537.2254,-28568.1071,-29124.0013,-134.4503,-134.4793,1.7500,76.470,83.62,82.47
19080,10927,40843.4932,9547.6132,-28604.3214,-29150.7244,-134.4603,-134.4793,1.7500,76.555,84.21,83.02
19101,10939,40888.9221,9558.2327,-28631.1071,-29188.0872,-134.4504,-134.4793,1.7500,76.638,83.61,82.43
19121,10951,40932.1867,9568.3463,-28661.1071,-29219.2641,-134.4498,-133.9661,1.6667,76.723,84.75,83.62
19142,10963,40977.1333,9578.8530,-28698.6786,-29245.3686,-134.4618,-135.0203,1.7500,76.808,84.86,83.71
19163,10975,41022.0532,9589.3535,-28724.1071,-29283.3500,-134.4500,-134.4793,1.7500,76.893,84.61,83.46
19184,10987,41066.9999,9599.8603,-28761.6786,-29309.4545,-134.4619,-134.4793,1.7500,76.977,84.45,83.29
19205,10999,41111.9197,9610.3608,-28787.1071,-29347.4359,-134.4501,-134.4793,1.7500,77.061,84.22,83.08
19226,11011,41156.3573,9620.7486,-28823.3214,-29374.1589,-134.4600,-134.3850,1.7500,77.146,85.05,83.85
19247,11023,41201.7863,9631.3681,-28850.1071,-29411.5218,-134.4502,-134.4793,1.7500,77.231,84.96,83.76
19268,11035,41246.2239,9641.7559,-28886.3214,-29438.2448,-134.4602,-134.4793,1.7500,77.317,85.39,84.22
19289,11047,41291.6528,9652.3754,-28913.1071,-29475.6076,-134.4504,-134.4793,1.7500,77.401,84.72,83.55
19310,11059,41336.0904,9662.7632,-28949.3214,-29502.3307,-134.4603,-134.4793,1.7500,77.485,84.16,83.01
19331,11071,41381.5193,9673.3827,-28976.1071,-29539.6935,-134.4505,-134.4793,1.7500,77.569,83.66,82.51
19352,11083,41425.9569,9683.7704,-29012.3214,-29566.4166,-134.4604,-134.4793,1.7500,77.654,84.50,83.34
19373,11095,41471.3858,9694.3899,-29039.1071,-29603.7794,-134.4506,-134.4793,1.7500,77.737,83.38,82.23
19394,11107,41515.8235,9704.7777,-29075.3214,-29630.5025,-134.4605,-134.4793,1.7500,77.822,84.58,83.44
19415,11119,41561.2523,9715.3972,-29102.1071,-29667.8653,-134.4508,-134.4793,1.7500,77.905,83.82,82.67
19436,11131,41605.6900,9725.7850,-29138.3214,-29694.5883,-134.4606,-134.4793,1.7500,77.990,84.19,83.03
19457,11143,41651.1188,9736.4045,-29165.1071,-29731.9512,-134.4509,-134.4793,1.7500,78.073,83.86,82.69
19478,11155,41696.5675,9747.0286,-29202.0714,-29759.3547,-134.4608,-134.4833,1.7500,78.159,85.51,84.33
19499,11167,41740.9854,9757.4118,-29228.1071,-29796.0370,-134.4510,-134.4793,1.7500,78.243,83.65,82.51
19519,11179,41784.2500,9767.5254,-29258.1071,-29827.2139,-134.4504,-134.4793,1.6667,78.327,84.46,83.36
19540,11191,41829.1967,9778.0321,-29295.6786,-29853.3184,-134.4621,-134.4793,1.7500,78.412,85.40,84.24
19561,11203,41874.1165,9788.5326,-29321.1071,-29891.2998,-134.4506,-134.4793,1.7500,78.497,84.51,83.36
19582,11215,41919.0632,9799.0394,-29358.6786,-29917.4043,-134.4622,-134.4793,1.7500,78.581,84.31,83.14
19603,11227,41963.9830,9809.5399,-29384.1071,-29955.3857,-134.4507,-134.4793,1.7500,78.666,85.13,84.00
19624,11239,42008.4207,9819.9277,-29420.3214,-29982.1088,-134.4604,-134.4793,1.7500,78.751,84.14,83.02
19645,11251,42053.8495,9830.5472,-29447.1071,-30019.4716,-134.4508,-134.4793,1.7500,78.835,84.41,83.25
19666,11263,42098.2872,9840.9350,-29483.3214,-30046.1947,-134.4605,-134.4793,1.7500,78.919,84.24,83.08
19687,11275,42143.7160,9851.5545,-29510.1071,-30083.5575,-134.4510,-134.4793,1.7500,79.004,84.56,83.42
19708,11287,42188.1537,9861.9423,-29546.3214,-30110.2805,-134.4606,-134.4793,1.7500,79.088,84.53,83.39
19729,11299,42233.5826,9872.5618,-29573.1071,-30147.6433,-134.4511,-134.4793,1.7500,79.174,85.27,84.05
19750,11311,42278.0203,9882.9496,-29609.3214,-30174.3664,-134.4608,-134.4793,1.7500,79.258,84.84,83.69
19771,11323,42323.4491,9893.5690,-29636.1071,-30211.7292,-134.4512,-134.4793,1.7500,79.342,83.33,82.18
19792,11335,42367.8868,9903.9568,-29672.3214,-30238.4523,-134.4609,-134.4793,1.7500,79.426,84.11,82.95
19813,11347,42413.3156,9914.5763,-29699.1071,-30275.8151,-134.4513,-134.4793,1.7500,79.509,83.39,82.23
19834,11359,42457.7533,9924.9641,-29735.3214,-30302.5382,-134.4610,-134.4793,1.7500,79.593,84.00,82.85
19855,11371,42503.1821,9935.5836,-29762.1071,-30339.9010,-134.4515,-134.4793,1.7500,79.677,83.49,82.35
19875,11383,42546.4467,9945.6972,-29792.1071,-30371.0779,-134.4509,-133.9661,1.6667,79.761,84.32,83.20
19896,11395,42591.3935,9956.2040,-29829.6786,-30397.1824,-134.4624,-135.0203,1.7500,79.846,85.08,83.91
19917,11407,42636.3132,9966.7045,-29855.1071,-30435.1638,-134.4510,-134.4793,1.7500,79.930,84.27,83.12
19938,11419,42681.2600,9977.2113,-29892.6786,-30461.2683,-134.4625,-134.4793,1.7500,80.015,84.37,83.17
19959,11431,42726.1798,9987.7117,-29918.1071,-30499.2497,-134.4511,-134.4793,1.7500,80.100,84.79,83.58
19980,11443,42770.6175,9998.0995,-29954.3214,-30525.9727,-134.4607,-134.3850,1.7500,80.185,84.96,83.82
20001,11455,42816.0463,10008.7190,-29981.1071,-30563.3355,-134.4513,-134.4793,1.7500,80.271,86.26,85.10
20022,11467,42860.4840,10019.1068,-30017.3214,-30590.0586,-134.4608,-134.4793,1.7500,80.355,84.50,83.36
20043,11479,42905.9128,10029.7263,-30044.1071,-30627.4214,-134.4514,-134.4793,1.7500,80.440,84.31,83.16
20064,11491,42950.3505,10040.1141,-30080.3214,-30654.1445,-134.4609,-134.4793,1.7500,80.524,84.08,82.94
20085,11503,42995.7793,10050.7336,-30107.1071,-30691.5073,-134.4515,-134.4793,1.7500,80.607,83.62,82.47
20106,11515,43040.2171,10061.1214,-30143.3214,-30718.2304,-134.4610,-134.4793,1.7500,80.692,84.54,83.38
20127,11527,43085.6458,10071.7409,-30170.1071,-30755.5932,-134.4516,-134.4793,1.7500,80.776,83.91,82.74
20148,11539,43130.0836,10082.1287,-30206.3214,-30782.3162,-134.4611,-134.4793,1.7500,80.860,84.67,83.49
20169,11551,43175.5124,10092.7482,-30233.1071,-30819.6791,-134.4518,-134.4793,1.7500,80.944,83.65,82.47
20190,11563,43219.9501,10103.1360,-30269.3214,-30846.4021,-134.4612,-134.4793,1.7500,81.028,84.06,82.89
20211,11575,43265.3789,10113.7554,-30296.1071,-30883.7649,-134.4519,-134.4793,1.7500,81.113,84.53,83.33
20232,11587,43310.8276,10124.3796,-30333.0714,-30911.1685,-134.4614,-134.4833,1.7500,81.198,85.25,84.09
20253,11599,43355.2454,10134.7627,-30359.1071,-30947.8508,-134.4520,-134.4793,1.7500,81.281,83.24,82.10
20273,11611,43398.5100,10144.8763,-30389.1071,-30979.0277,-134.4515,-134.4793,1.6667,81.365,84.21,83.10
20294,11623,43443.4568,10155.3831,-30426.6786,-31005.1322,-134.4627,-134.4793,1.7500,81.451,85.26,84.12
20315,11635,43488.3765,10165.8836,-30452.1071,-31043.1136,-134.4516,-134.4793,1.7500,81.535,84.56,83.40
20336,11647,43533.3233,10176.3904,-30489.6786,-31069.2181,-134.4628,-134.4793,1.7500,81.620,85.23,84.04
20357,11659,43578.2430,10186.8909,-30515.1071,-31107.1995,-134.4517,-134.4793,1.7500,81.705,84.42,83.23
20378,11671,43622.6808,10197.2787,-30551.3214,-31133.9226,-134.4611,-134.4793,1.7500,81.789,84.41,83.21
20399,11683,43668.1096,10207.8981,-30578.1071,-31171.2854,-134.4518,-134.4793,1.7500,81.873,84.10,82.95
20420,11695,43712.5473,10218.2860,-30614.3214,-31198.0084,-134.4612,-134.4793,1.7500,81.958,84.13,82.96
20441,11707,43757.9761,10228.9054,-30641.1071,-31235.3713,-134.4519,-134.4793,1.7500,82.043,85.66,84.48
20462,11719,43802.4139,10239.2932,-30677.3214,-31262.0943,-134.4613,-134.4793,1.7500,82.128,84.37,83.22
20483,11731,43847.8426,10249.9127,-30704.1071,-31299.4571,-134.4521,-134.4793,1.7500,82.211,83.95,82.75
20504,11743,43892.2804,10260.3005,-30740.3214,-31326.1802,-134.4614,-134.4793,1.7500,82.296,84.43,83.27
20525,11755,43937.7091,10270.9200,-30767.1071,-31363.5430,-134.4522,-134.4793,1.7500,82.380,84.28,83.11
20546,11767,43982.1469,10281.3078,-30803.3214,-31390.2661,-134.4615,-134.4793,1.7500,82.464,84.07,82.88
20567,11779,44027.5756,10291.9273,-30830.1071,-31427.6289,-134.4523,-134.4793,1.7500,82.548,83.28,82.14
20588,11791,44072.0135,10302.3151,-30866.3214,-31454.3520,-134.4616,-134.4793,1.7500,82.631,83.95,82.76
20609,11803,44117.4422,10312.9346,-30893.1071,-31491.7148,-134.4524,-134.4793,1.7500,82.715,83.39,82.25
20629,11815,44160.7068,10323.0481,-30923.1071,-31522.8917,-134.4519,-133.9661,1.6667,82.800,84.86,83.73
20650,11827,44205.6536,10333.5549,-30960.6786,-31548.9962,-134.4629,-135.0203,1.7500,82.885,85.26,84.11
20671,11839,44250.5733,10344.0554,-30986.1071,-31586.9776,-134.4520,-134.4793,1.7500,82.970,85.07,83.89
20692,11851,44295.5202,10354.5622,-31023.6786,-31613.0820,-134.4630,-134.4793,1.7500,83.055,84.54,83.35
20713,11863,44340.4398,10365.0627,-31049.1071,-31651.0634,-134.4521,-134.4793,1.7500,83.139,84.61,83.43
20734,11875,44384.8776,10375.4505,-31085.3214,-31677.7865,-134.4613,-134.3850,1.7500,83.224,85.11,83.94
20755,11887,44430.3063,10386.0700,-31112.1071,-31715.1493,-134.4522,-134.4793,1.7500,83.309,84.42,83.24
20776,11899,44474.7441,10396.4578,-31148.3214,-31741.8724,-134.4614,-134.4793,1.7500,83.393,84.30,83.14
20797,11911,44520.1728,10407.0772,-31175.1071,-31779.2352,-134.4523,-134.4793,1.7500,83.477,84.38,83.21
20818,11923,44564.6107,10417.4651,-31211.3214,-31805.9583,-134.4615,-134.4793,1.7500,83.562,84.08,82.92
20839,11935,44610.0394,10428.0845,-31238.1071,-31843.3211,-134.4525,-134.4793,1.7500,83.645,83.49,82.34
20860,11947,44654.4772,10438.4724,-31274.3214,-31870.0442,-134.4616,-134.4793,1.7500,83.729,84.15,83.01
20881,11959,44699.9059,10449.0918,-31301.1071,-31907.4070,-134.4526,-134.4793,1.7500,83.813,83.57,82.42
20902,11971,44744.3437,10459.4796,-31337.3214,-31934.1300,-134.4617,-134.4793,1.7500,83.897,84.23,83.09
20923,11983,44789.7724,10470.0991,-31364.1071,-31971.4928,-134.4527,-134.4793,1.7500,83.983,86.37,85.18
20944,11995,44834.2103,10480.4869,-31400.3214,-31998.2159,-134.4618,-134.4793,1.7500,84.069,85.79,84.57
20965,12007,44879.6389,10491.1064,-31427.1071,-32035.5787,-134.4528,-134.4793,1.7500,84.154,85.17,83.94
20986,12019,44925.0878,10501.7305,-31464.0714,-32062.9822,-134.4620,-134.4833,1.7500,84.239,84.91,83.76
21007,12031,44969.5054,10512.1137,-31490.1071,-32099.6646,-134.4529,-134.4793,1.7500,84.322,83.22,82.07
23101,13231,49452.8195,11560.1374,-34631.1071,-35298.7624,-134.4549,-134.4793,1.7500,92.810,84.50,83.30
25195,14431,53936.1337,12608.1611,-37772.1071,-38497.8603,-134.4566,-134.4793,1.7500,102.827,104.88,103.58
27290,15631,58420.6218,13656.4592,-40919.3214,-41692.5043,-134.4654,-134.4793,1.7500,112.487,84.39,83.24
29384,16831,62903.9361,14704.4829,-44060.3214,-44891.6021,-134.4661,-134.4793,1.7500,121.850,106.77,105.45
31479,18031,67389.4138,15753.0124,-47198.1071,-48096.8859,-134.4611,-134.4793,1.7500,132.342,104.16,102.87
33573,19231,71872.7281,16801.0362,-50339.1071,-51295.9837,-134.4619,-134.4793,1.7500,142.876,105.83,104.49
35667,20431,76356.0424,17849.0599,-53480.1071,-54495.0815,-134.4627,-133.9661,1.6667,153.377,105.34,104.01
37762,21631,80840.5311,18897.3582,-56627.3214,-57689.7255,-134.4687,-134.4793,1.7500,163.848,104.26,102.99
39856,22831,85324.3548,19945.5010,-59769.6786,-60888.2048,-134.4700,-134.4793,1.7500,174.314,105.58,104.27
41951,24031,89809.3229,20993.9113,-62906.1071,-64094.1071,-134.4651,-134.4793,1.7500,184.802,108.56,107.26
44045,25231,94292.6372,22041.9351,-66047.1071,-67293.2050,-134.4656,-134.4793,1.7500,195.748,109.61,108.34
46140,26431,98777.1263,23090.2334,-69194.3214,-70487.8490,-134.4704,-134.4793,1.7500,206.500,108.08,106.74
48234,27631,103260.4407,24138.2572,-72335.3214,-73686.9468,-134.4706,-134.4793,1.7500,217.089,104.38,103.10
50329,28831,107745.9178,25186.7865,-75473.1071,-76892.2305,-134.4673,-134.4793,1.7500,228.006,105.78,104.46
52423,30031,112229.2322,26234.8103,-78614.1071,-80091.3284,-134.4676,-134.4793,1.7500,238.515,103.78,102.49
54517,31231,116712.5465,27282.8341,-81755.1071,-83290.4262,-134.4678,-134.4793,1.7500,248.991,104.80,103.53
56612,32431,121197.0359,28331.1325,-84902.3214,-86485.0702,-134.4717,-134.4793,1.7500,259.462,105.22,103.95
58706,33631,125680.3503,29379.1562,-88043.3214,-89684.1681,-134.4718,-134.4793,1.7500,269.940,104.56,103.30
60801,34831,130165.8272,30427.6855,-91181.1071,-92889.4518,-134.4690,-134.4793,1.7500,280.506,108.47,107.17
62895,36031,134649.1416,31475.7093,-94322.1071,-96088.5496,-134.4692,-134.4793,1.7500,291.224,109.70,108.44
64989,37231,139132.4560,32523.7331,-97463.1071,-99287.6475,-134.4694,-133.9661,1.6667,301.935,104.47,103.18
67084,38431,143616.9455,33572.0315,-100610.3214,-102482.2915,-134.4726,-134.4793,1.7500,312.400,104.66,103.36
69178,39631,148100.7693,34620.1744,-103752.6786,-105680.7707,-134.4732,-134.4793,1.7500,322.872,104.97,103.58
71273,40831,152585.7368,35668.5846,-106889.1071,-108886.6731,-134.4702,-134.4793,1.7500,333.344,103.36,102.07
73367,42031,157069.0511,36716.6083,-110030.1071,-112085.7709,-134.4704,-134.4793,1.7500,343.814,105.62,104.28
75462,43231,161553.5408,37764.9068,-113177.3214,-115280.4149,-134.4732,-134.4793,1.7500,354.274,105.27,103.93
77556,44431,166036.8552,38812.9306,-116318.3214,-118479.5127,-134.4732,-134.4793,1.7500,364.749,104.81,103.49
79650,45631,170520.6789,39861.0734,-119460.6786,-121677.9920,-134.4737,-135.0203,1.7500,375.210,104.84,103.58
81745,46831,175005.6463,40909.4836,-122597.1071,-124883.8943,-134.4711,-134.4793,1.7500,385.928,107.61,106.31
83839,48031,179488.9607,41957.5074,-125738.1071,-128082.9922,-134.4712,-134.4793,1.7500,396.785,106.02,104.67
85934,49231,183973.4504,43005.8059,-128885.3214,-131277.6362,-134.4737,-134.4793,1.7500,407.320,104.66,103.32
88028,50431,188456.7648,44053.8296,-132026.3214,-134476.7340,-134.4737,-134.4793,1.7500,418.269,109.45,108.16
90123,51631,192942.2416,45102.3589,-135164.1071,-137682.0177,-134.4718,-134.4793,1.7500,429.219,108.93,107.59
92217,52831,197425.5559,46150.3826,-138305.1071,-140881.1156,-134.4718,-134.4793,1.7500,440.164,110.01,108.72
94311,54031,201908.8703,47198.4064,-141446.1071,-144080.2134,-134.4719,-134.4793,1.6667,451.102,109.77,108.51
96406,55231,206393.3601,48246.7049,-144593.3214,-147274.8574,-134.4741,-134.4793,1.7500,462.053,109.18,107.91
98500,56431,210877.1839,49294.8478,-147735.6786,-150473.3367,-134.4745,-134.4793,1.7500,472.993,110.12,108.83
100595,57631,215362.1512,50343.2579,-150872.1071,-153679.2390,-134.4723,-134.4793,1.7500,483.949,108.69,107.40
102689,58831,219845.4656,51391.2817,-154013.1071,-156878.3368,-134.4724,-134.4793,1.7500,494.890,109.74,108.44
104784,60031,224329.9554,52439.5802,-157160.3214,-160072.9808,-134.4744,-134.4793,1.7500,505.828,108.82,107.59
106878,61231,228813.2698,53487.6040,-160301.3214,-163272.0787,-134.4744,-134.4793,1.7500,516.781,109.25,107.99
108972,62431,233297.0936,54535.7468,-163443.6786,-166470.5579,-134.4748,-135.0203,1.7500,527.723,110.21,108.95
111067,63631,237782.0608,55584.1570,-166580.1071,-169676.4602,-134.4728,-134.4793,1.7500,538.665,108.76,107.42
113161,64831,242265.3752,56632.1807,-169721.1071,-172875.5581,-134.4729,-134.4793,1.7500,549.612,111.83,110.49
115256,66031,246749.8651,57680.4793,-172868.3214,-176070.2021,-134.4747,-134.4793,1.7500,560.553,110.59,109.31
117350,67231,251233.1795,58728.5031,-176009.3214,-179269.2999,-134.4747,-134.4793,1.7500,571.254,108.64,107.34
119445,68431,255718.6561,59777.0323,-179147.1071,-182474.5837,-134.4732,-134.4793,1.7500,581.803,108.30,107.05
121539,69631,260201.9705,60825.0560,-182288.1071,-185673.6815,-134.4732,-134.4793,1.7500,592.681,104.57,103.31
123633,70831,264685.2849,61873.0798,-185429.1071,-188872.7793,-134.4732,-134.4793,1.6667,603.128,104.26,103.03
125728,72031,269169.7748,62921.3784,-188576.3214,-192067.4233,-134.4749,-134.4793,1.7500,613.582,104.62,103.33
127822,73231,273653.5986,63969.5212,-191718.6786,-195265.9026,-134.4752,-134.4793,1.7500,624.028,104.93,103.68
129917,74431,278138.5658,65017.9313,-194855.1071,-198471.8049,-134.4735,-134.4793,1.7500,634.478,103.52,102.25
132011,75631,282621.8802,66065.9551,-197996.1071,-201670.9028,-134.4735,-134.4793,1.7500,644.915,105.14,103.87
134106,76831,287107.3811,67114.4900,-201144.0714,-204866.2272,-134.4751,-134.4833,1.7500,655.363,105.60,104.30
136200,78031,291589.6845,68162.2774,-204284.3214,-208064.6446,-134.4751,-134.4793,1.7500,665.814,104.28,103.00
138294,79231,296073.5083,69210.4203,-207426.6786,-211263.1239,-134.4753,-135.0203,1.7500,676.262,105.33,104.05
140389,80431,300558.4754,70258.8304,-210563.1071,-214469.0262,-134.4738,-134.4793,1.7500,686.727,103.21,101.88
142483,81631,305041.7898,71306.8541,-213704.1071,-217668.1240,-134.4738,-134.4793,1.7500,697.192,104.10,102.85
144578,82831,309526.2798,72355.1527,-216851.3214,-220862.7680,-134.4752,-134.4793,1.7500,707.644,103.95,102.67
146672,84031,314009.5942,73403.1765,-219992.3214,-224061.8659,-134.4752,-134.4793,1.7500,718.090,103.99,102.71
148767,85231,318495.0707,74451.7057,-223130.1071,-227267.1496,-134.4740,-134.4793,1.7500,728.561,106.35,105.04
150861,86431,322978.3851,75499.7294,-226271.1071,-230466.2474,-134.4740,-134.4793,1.7500,739.024,103.80,102.52
152955,87631,327461.6995,76547.7532,-229412.1071,-233665.3453,-134.4741,-134.4793,1.6667,749.466,104.67,103.41
155050,88831,331946.1895,77596.0518,-232559.3214,-236859.9893,-134.4754,-134.4793,1.7500,759.919,104.35,103.07
157144,90031,336429.5039,78644.0756,-235700.3214,-240059.0871,-134.4754,-134.3850,1.7500,770.366,104.67,103.36
159239,91231,340914.9804,79692.6047,-238838.1071,-243264.3709,-134.4743,-134.4793,1.7500,780.816,103.23,101.96
161333,92431,345398.2948,80740.6285,-241979.1071,-246463.4687,-134.4743,-134.4793,1.7500,791.263,104.34,103.06
163428,93631,349883.7958,81789.1634,-245127.0714,-249658.7931,-134.4755,-134.4833,1.7500,801.720,104.74,103.48
165522,94831,354366.0992,82836.9508,-248267.3214,-252857.2105,-134.4755,-134.4793,1.7500,812.166,106.02,104.63
167616,96031,358849.9231,83885.0937,-251409.6786,-256055.6898,-134.4757,-135.0203,1.7500,822.617,107.03,105.74
169711,97231,363334.8901,84933.5038,-254546.1071,-259261.5921,-134.4744,-134.4793,1.7500,833.072,103.55,102.24
171805,98431,367818.2045,85981.5276,-257687.1071,-262460.6900,-134.4745,-134.4793,1.7500,843.524,104.08,102.81
173900,99631,372302.6945,87029.8261,-260834.3214,-265655.3340,-134.4756,-134.4793,1.7500,853.971,103.91,102.58
175994,100831,376786.0089,88077.8499,-263975.3214,-268854.4318,-134.4756,-134.4793,1.7500,864.418,105.06,103.73
178089,102031,381271.4854,89126.3791,-267113.1071,-272059.7155,-134.4746,-134.4793,1.7500,874.859,103.45,102.13
180183,103231,385754.7998,90174.4029,-270254.1071,-275258.8134,-134.4746,-134.4793,1.7500,885.319,103.73,102.40
182277,104431,390238.1142,91222.4266,-273395.1071,-278457.9112,-134.4746,-134.4793,1.7500,895.781,104.72,103.30
184372,105631,394722.6043,92270.7252,-276542.3214,-281652.5552,-134.4757,-134.4793,1.7500,906.231,104.50,103.23
186466,106831,399205.9187,93318.7490,-279683.3214,-284851.6531,-134.4757,-134.3850,1.7500,916.673,104.70,103.40
188561,108031,403691.3951,94367.2782,-282821.1071,-288056.9368,-134.4748,-134.4793,1.7500,927.108,103.29,102.04
190655,109231,408174.7095,95415.3019,-285962.1071,-291256.0346,-134.4748,-134.4793,1.7500,937.553,104.60,103.34
192750,110431,412660.2106,96463.8368,-289110.0714,-294451.3591,-134.4758,-134.4833,1.7500,947.991,104.61,103.30
194844,111631,417142.5140,97511.6243,-292250.3214,-297649.7765,-134.4758,-134.4793,1.7500,958.438,104.61,103.20
196938,112831,421626.3378,98559.7671,-295392.6786,-300848.2557,-134.4760,-134.4793,1.7500,968.883,105.34,103.98
199033,114031,426111.3048,99608.1772,-298529.1071,-304054.1581,-134.4749,-134.4793,1.7500,979.330,103.39,102.12
201127,115231,430594.6192,100656.2010,-301670.1071,-307253.2559,-134.4749,-134.4793,1.7500,989.797,104.34,103.02
203222,116431,435079.1093,101704.4996,-304817.3214,-310447.8999,-134.4759,-134.4793,1.7500,1000.387,108.24,106.84
205316,117631,439562.4237,102752.5234,-307958.3214,-313646.9977,-134.4759,-134.4793,1.7500,1010.859,105.26,104.00
207411,118831,444047.9001,103801.0525,-311096.1071,-316852.2815,-134.4750,-134.4793,1.7500,1021.382,103.32,102.05
209505,120031,448531.2145,104849.0763,-314237.1071,-320051.3793,-134.4750,-134.4793,1.7500,1031.835,103.58,102.31
211599,121231,453014.5289,105897.1000,-317378.1071,-323250.4772,-134.4750,-134.4793,1.7500,1042.290,104.03,102.75
213694,122431,457499.0190,106945.3987,-320525.3214,-326445.1211,-134.4760,-134.4793,1.7500,1052.750,104.18,102.92
215788,123631,461982.3334,107993.4224,-323666.3214,-329644.2190,-134.4760,-134.3850,1.7500,1063.195,104.67,103.33
217883,124831,466467.8098,109041.9516,-326804.1071,-332849.5027,-134.4751,-134.4793,1.7500,1073.651,104.48,103.14
219977,126031,470951.1242,110089.9753,-329945.1071,-336048.6006,-134.4751,-134.4793,1.7500,1084.143,106.35,105.02
222071,127231,475434.4386,111137.9991,-333086.1071,-339247.6984,-134.4751,-133.9661,1.6667,1094.605,104.44,103.16
224166,128431,479918.9287,112186.2977,-336233.3214,-342442.3424,-134.4760,-134.4793,1.7500,1105.081,104.37,103.06
226260,129631,484402.7526,113234.4406,-339375.6786,-345640.8217,-134.4762,-134.4793,1.7500,1115.625,106.94,105.56
228355,130831,488887.7195,114282.8506,-342512.1071,-348846.7240,-134.4752,-134.4793,1.7500,1126.222,105.50,104.15
230449,132031,493371.0339,115330.8744,-345653.1071,-352045.8218,-134.4752,-134.4793,1.7500,1136.732,104.81,103.47
232544,133231,497855.5240,116379.1730,-348800.3214,-355240.4658,-134.4761,-134.4793,1.7500,1147.175,104.71,103.31
234638,134431,502338.8384,117427.1968,-351941.3214,-358439.5637,-134.4761,-134.4793,1.7500,1157.630,104.69,103.37
236733,135631,506824.3148,118475.7259,-355079.1071,-361644.8474,-134.4753,-134.4793,1.7500,1168.075,103.18,101.90
238827,136831,511307.6292,119523.7497,-358220.1071,-364843.9452,-134.4753,-134.4793,1.7500,1178.528,103.79,102.46
240921,138031,515790.9436,120571.7735,-361361.1071,-368043.0431,-134.4753,-134.4793,1.7500,1188.980,104.64,103.35
243016,139231,520275.4338,121620.0721,-364508.3214,-371237.6871,-134.4762,-134.4793,1.7500,1199.426,104.75,103.43
245110,140431,524758.7482,122668.0959,-367649.3214,-374436.7849,-134.4761,-134.4793,1.7500,1209.877,104.54,103.24
247205,141631,529244.2245,123716.6250,-370787.1071,-377642.0687,-134.4754,-134.4793,1.7500,1220.321,103.63,102.27
249299,142831,533727.5389,124764.6488,-373928.1071,-380841.1665,-134.4754,-134.4793,1.7500,1230.769,105.01,103.66
251393,144031,538210.8533,125812.6725,-377069.1071,-384040.2643,-134.4754,-133.9661,1.6667,1241.213,104.26,102.99
253488,145231,542695.3435,126860.9712,-380216.3214,-387234.9083,-134.4762,-134.4793,1.7500,1251.662,105.03,103.70
255582,146431,547179.1673,127909.1140,-383358.6786,-390433.3876,-134.4763,-134.4793,1.7500,1262.110,104.56,103.25
257677,147631,551664.1342,128957.5241,-386495.1071,-393639.2899,-134.4755,-134.4793,1.7500,1272.558,104.13,102.86
259771,148831,556147.4486,130005.5478,-389636.1071,-396838.3878,-134.4755,-134.4793,1.7500,1283.006,104.20,102.93
261866,150031,560631.9388,131053.8465,-392783.3214,-400033.0318,-134.4763,-134.4793,1.7500,1293.464,103.89,102.64
263960,151231,565115.2532,132101.8702,-395924.3214,-403232.1296,-134.4762,-134.4793,1.7500,1303.960,106.93,105.54
266055,152431,569600.7296,133150.3994,-399062.1071,-406437.4133,-134.4756,-134.4793,1.7500,1314.486,102.98,101.72
268149,153631,574084.0440,134198.4231,-402203.1071,-409636.5112,-134.4756,-134.4793,1.7500,1324.974,104.18,102.87
270243,154831,578567.3584,135246.4469,-405344.1071,-412835.6090,-134.4756,-134.4793,1.7500,1335.444,105.42,104.06
272338,156031,583051.8485,136294.7455,-408491.3214,-416030.2530,-134.4763,-134.4793,1.7500,1345.922,104.82,103.47
274432,157231,587535.1629,137342.7693,-411632.3214,-419229.3509,-134.4763,-134.4793,1.7500,1356.402,104.28,103.02
276527,158431,592020.6393,138391.2984,-414770.1071,-422434.6346,-134.4756,-134.4793,1.7500,1366.873,104.31,102.92
278621,159631,596503.9537,139439.3222,-417911.1071,-425633.7324,-134.4756,-134.4793,1.7500,1377.346,105.77,104.37
280715,160831,600987.2681,140487.3460,-421052.1071,-428832.8303,-134.4756,-133.9661,1.6667,1387.817,104.39,103.11
282810,162031,605471.7582,141535.6446,-424199.3214,-432027.4743,-134.4763,-134.4793,1.7500,1398.290,104.79,103.49
284904,163231,609955.5821,142583.7875,-427341.6786,-435225.9535,-134.4765,-134.4793,1.7500,1408.757,106.32,104.99
286999,164431,614440.5490,143632.1975,-430478.1071,-438431.8559,-134.4757,-134.4793,1.7500,1419.253,105.71,104.32
289093,165631,618923.8634,144680.2213,-433619.1071,-441630.9537,-134.4757,-134.4793,1.7500,1429.762,105.01,103.68
291188,166831,623408.3536,145728.5199,-436766.3214,-444825.5977,-134.4764,-134.4793,1.7500,1440.258,105.54,104.26
293282,168031,627891.6680,146776.5437,-439907.3214,-448024.6955,-134.4764,-134.4793,1.7500,1450.748,104.64,103.25
295377,169231,632377.1443,147825.0728,-443045.1071,-451229.9793,-134.4758,-134.4793,1.7500,1461.256,103.28,101.98
297471,170431,636860.4587,148873.0966,-446186.1071,-454429.0771,-134.4758,-134.4793,1.7500,1471.779,104.74,103.44
299565,171631,641343.7731,149921.1203,-449327.1071,-457628.1750,-134.4758,-134.4793,1.7500,1482.304,105.27,103.93
301660,172831,645828.2633,150969.4190,-452474.3214,-460822.8190,-134.4764,-134.4793,1.7500,1492.813,104.85,103.50
303754,174031,650311.5777,152017.4427,-455615.3214,-464021.9168,-134.4764,-134.4793,1.7500,1503.323,106.48,105.14
305849,175231,654797.0540,153065.9719,-458753.1071,-467227.2005,-134.4758,-134.4793,1.7500,1513.821,104.32,103.03
307943,176431,659280.3684,154113.9956,-461894.1071,-470426.2984,-134.4758,-134.4793,1.7500,1524.338,106.42,105.02
310037,177631,663763.6828,155162.0194,-465035.1071,-473625.3962,-134.4758,-134.4793,1.6667,1534.879,106.14,104.88
312132,178831,668248.1730,156210.3180,-468182.3214,-476820.0402,-134.4765,-134.4793,1.7500,1545.407,104.76,103.40
314226,180031,672731.9969,157258.4609,-471324.6786,-480018.5195,-134.4766,-134.4793,1.7500,1555.910,105.39,104.00
316321,181231,677216.9637,158306.8709,-474461.1071,-483224.4218,-134.4759,-134.4793,1.7500,1566.399,103.52,102.25
318415,182431,681700.2781,159354.8947,-477602.1071,-486423.5196,-134.4759,-134.4793,1.7500,1576.874,105.38,104.04
320510,183631,686184.7683,160403.1933,-480749.3214,-489618.1636,-134.4765,-134.4793,1.7500,1587.348,104.92,103.57
322604,184831,690668.0827,161451.2171,-483890.3214,-492817.2615,-134.4765,-134.4793,1.7500,1597.827,104.47,103.18
324698,186031,695151.9066,162499.3600,-487032.6786,-496015.7407,-134.4766,-135.0203,1.7500,1608.306,106.06,104.74
326793,187231,699636.8734,163547.7700,-490169.1071,-499221.6430,-134.4759,-134.4793,1.7500,1618.782,104.61,103.29
328887,188431,704120.1878,164595.7938,-493310.1071,-502420.7409,-134.4759,-134.4793,1.7500,1629.267,105.22,103.91
330982,189631,708604.6781,165644.0924,-496457.3214,-505615.3849,-134.4765,-134.4793,1.7500,1639.738,103.98,102.70
333076,190831,713087.9924,166692.1162,-499598.3214,-508814.4827,-134.4765,-134.4793,1.7500,1650.262,105.15,103.83
335171,192031,717573.4688,167740.6453,-502736.1071,-512019.7665,-134.4760,-134.4793,1.7500,1660.803,106.94,105.56
337265,193231,722056.7832,168788.6691,-505877.1071,-515218.8643,-134.4760,-134.4793,1.7500,1671.598,107.32,105.95
339359,194431,726540.0976,169836.6928,-509018.1071,-518417.9621,-134.4760,-134.4793,1.6667,1682.345,106.89,105.56
341454,195631,731024.5878,170884.9915,-512165.3214,-521612.6061,-134.4765,-134.4793,1.7500,1693.096,108.07,106.72
343548,196831,735508.4116,171933.1343,-515307.6786,-524811.0854,-134.4766,-134.4793,1.7500,1703.787,107.64,106.29
345643,198031,739993.3785,172981.5444,-518444.1071,-528016.9877,-134.4760,-134.4793,1.7500,1714.485,105.70,104.39
347737,199231,744476.6929,174029.5681,-521585.1071,-531216.0856,-134.4760,-134.4793,1.7500,1725.150,107.44,106.05
349832,200431,748962.1941,175078.1031,-524733.0714,-534411.4100,-134.4766,-134.4833,1.7500,1735.839,105.79,104.47
351926,201631,753444.4975,176125.8905,-527873.3214,-537609.8274,-134.4766,-134.4793,1.7500,1746.546,107.51,106.11
354020,202831,757928.3213,177174.0334,-531015.6786,-540808.3067,-134.4767,-135.0203,1.7500,1757.229,107.96,106.56
356115,204031,762413.2882,178222.4434,-534152.1071,-544014.2090,-134.4760,-134.4793,1.7500,1767.908,106.75,105.37
358209,205231,766896.6026,179270.4672,-537293.1071,-547213.3068,-134.4760,-134.4793,1.7500,1778.594,106.52,105.14
360304,206431,771381.0928,180318.7658,-540440.3214,-550407.9508,-134.4766,-134.4793,1.7500,1789.273,106.46,105.09
362398,207631,775864.4072,181366.7896,-543581.3214,-553607.0487,-134.4766,-134.4793,1.7500,1799.964,107.65,106.28
364493,208831,780349.8835,182415.3188,-546719.1071,-556812.3324,-134.4761,-134.4793,1.7500,1810.638,104.42,103.06
366587,210031,784833.1979,183463.3425,-549860.1071,-560011.4302,-134.4761,-134.4793,1.7500,1821.316,106.58,105.23
368681,211231,789316.5123,184511.3663,-553001.1071,-563210.5281,-134.4761,-134.4793,1.6667,1831.993,107.33,106.00
370776,212431,793801.0025,185559.6649,-556148.3214,-566405.1721,-134.4766,-134.4793,1.7500,1842.711,107.38,106.03
372870,213631,798284.3169,186607.6887,-559289.3214,-569604.2699,-134.4766,-134.3850,1.7500,1853.367,107.89,106.53
374965,214831,802769.7932,187656.2178,-562427.1071,-572809.5537,-134.4761,-134.4793,1.7500,1864.024,107.12,105.71
377059,216031,807253.1076,188704.2416,-565568.1071,-576008.6515,-134.4761,-134.4793,1.7500,1874.704,105.46,104.13
379154,217231,811738.6089,189752.7765,-568716.0714,-579203.9759,-134.4767,-134.4833,1.7500,1885.396,108.05,106.71
381248,218431,816220.9123,190800.5640,-571856.3214,-582402.3933,-134.4766,-134.4793,1.7500,1896.109,104.73,103.33
383342,219631,820704.7361,191848.7068,-574998.6786,-585600.8726,-134.4767,-135.0203,1.7500,1906.809,108.70,107.34
385437,220831,825189.7030,192897.1169,-578135.1071,-588806.7749,-134.4762,-134.4793,1.7500,1917.516,104.45,103.08
387531,222031,829673.0174,193945.1407,-581276.1071,-592005.8728,-134.4762,-134.4793,1.7500,1928.208,104.28,102.98
389626,223231,834157.5076,194993.4393,-584423.3214,-595200.5168,-134.4767,-134.4793,1.7500,1938.867,107.29,105.90
391720,224431,838640.8220,196041.4631,-587564.3214,-598399.6146,-134.4767,-134.4793,1.7500,1949.585,105.16,103.85
393815,225631,843126.2983,197089.9922,-590702.1071,-601604.8983,-134.4762,-134.4793,1.7500,1960.269,106.87,105.52
395909,226831,847609.6127,198138.0160,-593843.1071,-604803.9962,-134.4762,-134.4793,1.7500,1970.953,107.10,105.75
398003,228031,852092.9271,199186.0397,-596984.1071,-608003.0940,-134.4762,-134.4793,1.7500,1981.619,107.20,105.87
400098,229231,856577.4173,200234.3384,-600131.3214,-611197.7380,-134.4767,-134.4793,1.7500,1992.308,108.07,106.74
402192,230431,861060.7317,201282.3621,-603272.3214,-614396.8359,-134.4767,-134.3850,1.7500,2003.007,105.18,103.89
404287,231631,865546.2080,202330.8913,-606410.1071,-617602.1196,-134.4762,-134.4793,1.7500,2013.656,106.85,105.51
406381,232831,870029.5224,203378.9150,-609551.1071,-620801.2174,-134.4762,-134.4793,1.7500,2024.352,108.00,106.67
408476,234031,874515.0236,204427.4500,-612699.0714,-623996.5419,-134.4767,-134.4833,1.7500,2035.029,106.02,104.70
410570,235231,878997.3270,205475.2374,-615839.3214,-627194.9593,-134.4767,-134.4793,1.7500,2045.697,106.19,104.81
412664,236431,883481.1509,206523.3803,-618981.6786,-630393.4385,-134.4768,-134.4793,1.7500,2056.370,108.43,107.10
414759,237631,887966.1177,207571.7903,-622118.1071,-633599.3409,-134.4763,-134.4793,1.7500,2067.109,106.72,105.36
416853,238831,892449.4321,208619.8141,-625259.1071,-636798.4387,-134.4763,-134.4793,1.7500,2078.240,119.26,117.91
418948,240031,896933.9224,209668.1127,-628406.3214,-639993.0827,-134.4767,-134.4793,1.7500,2089.968,120.16,118.77
421042,241231,901417.2367,210716.1365,-631547.3214,-643192.1805,-134.4767,-134.4793,1.7500,2100.919,107.33,105.92
423137,242431,905902.7130,211764.6656,-634685.1071,-646397.4643,-134.4763,-134.4793,1.7500,2112.718,119.36,117.98
425231,243631,910386.0274,212812.6894,-637826.1071,-649596.5621,-134.4763,-134.4793,1.7500,2124.659,119.05,117.69
427325,244831,914869.3418,213860.7132,-640967.1071,-652795.6600,-134.4763,-134.4793,1.7500,2136.626,120.97,119.58
429420,246031,919353.8321,214909.0118,-644114.3214,-655990.3040,-134.4767,-134.4793,1.7500,2148.617,118.92,117.58
431514,247231,923837.1465,215957.0356,-647255.3214,-659189.4018,-134.4767,-134.3850,1.7500,2160.555,119.62,118.26
433609,248431,928322.6228,217005.5647,-650393.1071,-662394.6855,-134.4763,-134.4793,1.7500,2172.533,119.71,118.32
435703,249631,932805.9372,218053.5885,-653534.1071,-665593.7834,-134.4763,-134.4793,1.7500,2183.981,108.07,106.69
437797,250831,937289.2516,219101.6122,-656675.1071,-668792.8812,-134.4763,-133.9661,1.6667,2194.637,105.25,103.90
439892,252031,941773.7418,220149.9109,-659822.3214,-671987.5252,-134.4768,-134.4793,1.7500,2206.284,120.50,119.16
441986,253231,946257.5657,221198.0537,-662964.6786,-675186.0045,-134.4768,-134.4793,1.7500,2217.693,108.62,107.27
444081,254431,950742.5325,222246.4638,-666101.1071,-678391.9068,-134.4763,-134.4793,1.7500,2228.906,119.35,117.97
446175,255631,955225.8469,223294.4875,-669242.1071,-681591.0046,-134.4763,-134.4793,1.7500,2240.875,118.41,117.03
448270,256831,959710.3371,224342.7862,-672389.3214,-684785.6486,-134.4768,-134.4793,1.7500,2252.835,117.79,116.35
450364,258031,964193.6515,225390.8099,-675530.3214,-687984.7465,-134.4768,-134.4793,1.7500,2264.820,120.27,118.88
452459,259231,968679.1278,226439.3391,-678668.1071,-691190.0302,-134.4764,-134.4793,1.7500,2276.803,118.50,117.12
454553,260431,973162.4422,227487.3628,-681809.1071,-694389.1280,-134.4764,-134.4793,1.7500,2288.517,120.05,118.67
456647,261631,977645.7566,228535.3866,-684950.1071,-697588.2259,-134.4764,-134.4793,1.7500,2299.335,115.39,114.03
458742,262831,982130.2468,229583.6852,-688097.3214,-700782.8699,-134.4768,-134.4793,1.7500,2311.236,116.80,115.47
460836,264031,986613.5612,230631.7090,-691238.3214,-703981.9677,-134.4768,-134.4793,1.7500,2323.327,121.20,119.84
462931,265231,991099.0375,231680.2381,-694376.1071,-707187.2515,-134.4764,-134.4793,1.7500,2335.319,119.88,118.45
465025,266431,995582.3519,232728.2619,-697517.1071,-710386.3493,-134.4764,-134.4793,1.7500,2347.302,121.08,119.68
467119,267631,1000065.6663,233776.2857,-700658.1071,-713585.4471,-134.4764,-133.9661,1.6667,2359.246,119.03,117.68
469214,268831,1004550.1566,234824.5843,-703805.3214,-716780.0911,-134.4768,-134.4793,1.7500,2371.227,121.53,120.16
471308,270031,1009033.9804,235872.7272,-706947.6786,-719978.5704,-134.4769,-134.4793,1.7500,2383.198,121.38,119.96
473403,271231,1013518.9472,236921.1372,-710084.1071,-723184.4727,-134.4764,-134.4793,1.7500,2395.133,110.14,108.75
475497,272431,1018002.2616,237969.1610,-713225.1071,-726383.5706,-134.4764,-134.4793,1.7500,2406.163,114.73,113.32
477592,273631,1022486.7519,239017.4596,-716372.3214,-729578.2146,-134.4768,-134.4793,1.7500,2417.501,120.19,118.79
479686,274831,1026970.0663,240065.4834,-719513.3214,-732777.3124,-134.4768,-134.4793,1.7500,2428.846,107.71,106.32
481781,276031,1031455.5426,241114.0125,-722651.1071,-735982.5961,-134.4764,-134.4793,1.7500,2439.549,105.86,104.52
483875,277231,1035938.8570,242162.0363,-725792.1071,-739181.6940,-134.4764,-134.4793,1.7500,2450.249,107.08,105.75
485969,278431,1040422.1714,243210.0600,-728933.1071,-742380.7918,-134.4764,-134.4793,1.7500,2460.917,107.69,106.28
488064,279631,1044906.6616,244258.3587,-732080.3214,-745575.4358,-134.4768,-134.4793,1.7500,2471.596,107.44,106.02
490158,280831,1049389.9760,245306.3824,-735221.3214,-748774.5337,-134.4768,-134.4793,1.7500,2482.280,106.83,105.40
492253,282031,1053875.4523,246354.9116,-738359.1071,-751979.8174,-134.4765,-134.4793,1.7500,2492.956,106.12,104.74
494347,283231,1058358.7667,247402.9353,-741500.1071,-755178.9152,-134.4765,-134.4793,1.7500,2503.641,106.21,104.81
496441,284431,1062842.0811,248450.9591,-744641.1071,-758378.0131,-134.4764,-133.9661,1.6667,2514.324,106.79,105.46
498536,285631,1067326.5713,249499.2577,-747788.3214,-761572.6571,-134.4768,-134.4793,1.7500,2525.018,108.47,107.09
500630,286831,1071810.3952,250547.4006,-750930.6786,-764771.1363,-134.4769,-134.4793,1.7500,2535.695,105.00,103.68
502725,288031,1076295.3620,251595.8106,-754067.1071,-767977.0387,-134.4765,-134.4793,1.7500,2546.383,103.35,102.03
504819,289231,1080778.6764,252643.8344,-757208.1071,-771176.1365,-134.4765,-134.4793,1.7500,2557.091,108.23,106.85
506914,290431,1085263.1667,253692.1330,-760355.3214,-774370.7805,-134.4769,-134.4793,1.7500,2567.789,107.93,106.52
509008,291631,1089746.4811,254740.1568,-763496.3214,-777569.8783,-134.4769,-134.4793,1.7500,2578.573,108.25,106.87
511103,292831,1094231.9573,255788.6859,-766634.1071,-780775.1621,-134.4765,-134.4793,1.7500,2590.275,119.31,117.85
513197,294031,1098715.2717,256836.7097,-769775.1071,-783974.2599,-134.4765,-134.4793,1.7500,2601.563,105.14,103.81
515291,295231,1103198.5861,257884.7335,-772916.1071,-787173.3578,-134.4765,-134.4793,1.7500,2613.016,120.84,119.43
517386,296431,1107683.0764,258933.0321,-776063.3214,-790368.0018,-134.4769,-134.4793,1.7500,2625.003,118.62,117.24
519480,297631,1112166.3908,259981.0559,-779204.3214,-793567.0996,-134.4769,-134.4793,1.7500,2636.983,120.35,118.92
521575,298831,1116651.8670,261029.5850,-782342.1071,-796772.3833,-134.4765,-134.4793,1.7500,2648.956,119.87,118.44
523669,300031,1121135.1814,262077.6088,-785483.1071,-799971.4812,-134.4765,-134.4793,1.7500,2660.928,117.23,115.92
525763,301231,1125618.4958,263125.6325,-788624.1071,-803170.5790,-134.4765,-134.4793,1.6667,2672.889,120.55,119.22
527858,302431,1130102.9861,264173.9312,-791771.3214,-806365.2230,-134.4769,-134.4793,1.7500,2684.893,116.26,114.97
529952,303631,1134586.8100,265222.0740,-794913.6786,-809563.7023,-134.4769,-134.4793,1.7500,2696.867,121.04,119.68
532047,304831,1139071.7768,266270.4841,-798050.1071,-812769.6046,-134.4765,-134.4793,1.7500,2708.832,120.01,118.62
534141,306031,1143555.0912,267318.5078,-801191.1071,-815968.7024,-134.4765,-134.4793,1.7500,2720.838,119.67,118.24
536236,307231,1148039.5814,268366.8065,-804338.3214,-819163.3464,-134.4769,-134.4793,1.7500,2732.829,120.50,119.10
538330,308431,1152522.8958,269414.8303,-807479.3214,-822362.4443,-134.4769,-134.4793,1.7500,2744.846,116.73,115.28
540424,309631,1157006.7197,270462.9731,-810621.6786,-825560.9235,-134.4770,-135.0203,1.7500,2756.867,122.16,120.70
542519,310831,1161491.6865,271511.3832,-813758.1071,-828766.8258,-134.4766,-134.4793,1.7500,2768.865,116.94,115.53
544613,312031,1165975.0009,272559.4069,-816899.1071,-831965.9237,-134.4765,-134.4793,1.7500,2780.879,120.72,119.34
546708,313231,1170459.4912,273607.7056,-820046.3214,-835160.5677,-134.4769,-134.4793,1.7500,2792.920,120.60,119.21
548802,314431,1174942.8056,274655.7293,-823187.3214,-838359.6655,-134.4769,-134.4793,1.7500,2804.923,121.06,119.67
550897,315631,1179428.2818,275704.2585,-826325.1071,-841564.9493,-134.4766,-134.4793,1.7500,2816.937,118.73,117.41
552991,316831,1183911.5962,276752.2822,-829466.1071,-844764.0471,-134.4766,-134.4793,1.7500,2828.945,118.09,116.73
555085,318031,1188394.9106,277800.3060,-832607.1071,-847963.1450,-134.4766,-134.4793,1.6667,2840.967,120.44,119.09
557180,319231,1192879.4009,278848.6046,-835754.3214,-851157.7889,-134.4769,-134.4793,1.7500,2853.001,120.03,118.64
559274,320431,1197363.2247,279896.7475,-838896.6786,-854356.2682,-134.4770,-134.4793,1.7500,2865.025,121.14,119.73
561369,321631,1201848.1915,280945.1575,-842033.1071,-857562.1705,-134.4766,-134.4793,1.7500,2877.030,118.29,116.91
563463,322831,1206331.5059,281993.1813,-845174.1071,-860761.2684,-134.4766,-134.4793,1.7500,2889.061,119.84,118.43
565558,324031,1210817.0072,283041.7163,-848322.0714,-863956.5928,-134.4769,-134.4833,1.7500,2901.089,121.41,120.02
567652,325231,1215299.3106,284089.5037,-851462.3214,-867155.0102,-134.4769,-134.4793,1.7500,2913.136,120.83,119.43
569746,326431,1219783.1345,285137.6466,-854604.6786,-870353.4895,-134.4770,-135.0203,1.7500,2925.152,121.46,120.09
571841,327631,1224268.1013,286186.0566,-857741.1071,-873559.3918,-134.4766,-134.4793,1.7500,2937.134,119.65,118.21
573935,328831,1228751.4157,287234.0804,-860882.1071,-876758.4896,-134.4766,-134.4793,1.7500,2949.110,120.22,118.85
576030,330031,1233235.9059,288282.3790,-864029.3214,-879953.1336,-134.4769,-134.4793,1.7500,2961.086,116.92,115.61
578124,331231,1237719.2203,289330.4028,-867170.3214,-883152.2315,-134.4769,-134.4793,1.7500,2973.091,117.37,116.03
580219,332431,1242204.6966,290378.9319,-870308.1071,-886357.5152,-134.4766,-134.4793,1.7500,2985.060,114.51,113.24
582313,333631,1246688.0110,291426.9557,-873449.1071,-889556.6130,-134.4766,-134.4793,1.7500,2997.042,119.61,118.22
584407,334831,1251171.3254,292474.9794,-876590.1071,-892755.7109,-134.4766,-134.4793,1.6667,3009.051,118.77,117.46
586502,336031,1255655.8157,293523.2781,-879737.3214,-895950.3549,-134.4769,-134.4793,1.7500,3021.004,119.49,118.12
588596,337231,1260139.1300,294571.3018,-882878.3214,-899149.4527,-134.4769,-134.3850,1.7500,3032.960,120.87,119.54
590691,338431,1264624.6063,295619.8310,-886016.1071,-902354.7365,-134.4766,-134.4793,1.7500,3044.952,119.58,118.14
592785,339631,1269107.9207,296667.8547,-889157.1071,-905553.8343,-134.4766,-134.4793,1.7500,3056.938,121.02,119.65
594880,340831,1273593.4220,297716.3897,-892305.0714,-908749.1587,-134.4770,-134.4833,1.7500,3068.924,120.42,119.04
596974,342031,1278075.7254,298764.1771,-895445.3214,-911947.5761,-134.4770,-134.4793,1.7500,3080.880,120.80,119.41
599068,343231,1282559.5492,299812.3200,-898587.6786,-915146.0554,-134.4770,-135.0203,1.7500,3092.853,121.96,120.58
601163,344431,1287044.5160,300860.7300,-901724.1071,-918351.9577,-134.4766,-134.4793,1.7500,3104.833,119.54,118.16
603257,345631,1291527.8304,301908.7538,-904865.1071,-921551.0556,-134.4766,-134.4793,1.7500,3116.791,117.83,116.50
605352,346831,1296012.3207,302957.0524,-908012.3214,-924745.6996,-134.4770,-134.4793,1.7500,3128.795,119.18,117.82
607446,348031,1300495.6351,304005.0762,-911153.3214,-927944.7974,-134.4770,-134.4793,1.7500,3140.784,120.21,118.83
609541,349231,1304981.1113,305053.6053,-914291.1071,-931150.0811,-134.4767,-134.4793,1.7500,3152.763,119.59,118.15
611635,350431,1309464.4257,306101.6291,-917432.1071,-934349.1790,-134.4767,-134.4793,1.7500,3164.753,119.73,118.37
613729,351631,1313947.7401,307149.6529,-920573.1071,-937548.2768,-134.4767,-134.4793,1.7500,3176.737,120.92,119.52
615824,352831,1318432.2304,308197.9515,-923720.3214,-940742.9208,-134.4770,-134.4793,1.7500,3188.726,120.40,119.03
617918,354031,1322915.5448,309245.9753,-926861.3214,-943942.0187,-134.4770,-134.3850,1.7500,3200.676,121.30,119.90
620013,355231,1327401.0211,310294.5044,-929999.1071,-947147.3024,-134.4767,-134.4793,1.7500,3212.641,116.85,115.50
622107,356431,1331884.3355,311342.5282,-933140.1071,-950346.4002,-134.4767,-134.4793,1.7500,3224.610,121.07,119.69
624202,357631,1336369.8367,312391.0631,-936288.0714,-953541.7247,-134.4770,-134.4833,1.7500,3236.563,120.35,119.01
626296,358831,1340852.1401,313438.8506,-939428.3214,-956740.1421,-134.4770,-134.4793,1.7500,3248.546,119.55,118.20
628390,360031,1345335.9640,314486.9934,-942570.6786,-959938.6213,-134.4770,-134.4793,1.7500,3260.522,122.44,121.03
630485,361231,1349820.9308,315535.4035,-945707.1071,-963144.5237,-134.4767,-134.4793,1.7500,3272.482,118.22,116.84
632579,362431,1354304.2452,316583.4272,-948848.1071,-966343.6215,-134.4767,-134.4793,1.7500,3284.434,120.58,119.21
634674,363631,1358788.7355,317631.7259,-951995.3214,-969538.2655,-134.4770,-134.4793,1.7500,3296.389,119.56,118.18
636768,364831,1363272.0499,318679.7497,-955136.3214,-972737.3633,-134.4770,-134.4793,1.7500,3308.332,121.23,119.86
638863,366031,1367757.5261,319728.2788,-958274.1071,-975942.6471,-134.4767,-134.4793,1.7500,3320.285,117.50,116.12
640957,367231,1372240.8405,320776.3025,-961415.1071,-979141.7449,-134.4767,-134.4793,1.7500,3332.248,127.11,125.70
643051,368431,1376724.1549,321824.3263,-964556.1071,-982340.8428,-134.4767,-134.4793,1.7500,3344.229,120.15,118.79
645146,369631,1381208.6452,322872.6250,-967703.3214,-985535.4868,-134.4770,-134.4793,1.7500,3356.194,120.21,118.84
647240,370831,1385691.9596,323920.6487,-970844.3214,-988734.5846,-134.4770,-134.3850,1.7500,3368.130,120.79,119.37
649335,372031,1390177.4358,324969.1778,-973982.1071,-991939.8683,-134.4767,-134.4793,1.7500,3380.126,118.91,117.56
651429,373231,1394660.7502,326017.2016,-977123.1071,-995138.9662,-134.4767,-134.4793,1.7500,3392.093,121.22,119.83
653523,374431,1399144.0646,327065.2254,-980264.1071,-998338.0640,-134.4767,-133.9661,1.6667,3404.059,120.97,119.64
655618,375631,1403628.5549,328113.5240,-983411.3214,-1001532.7080,-134.4770,-134.4793,1.7500,3416.024,120.36,118.99
657712,376831,1408112.3788,329161.6669,-986553.6786,-1004731.1873,-134.4771,-134.4793,1.7500,3427.994,121.45,120.09
659807,378031,1412597.3456,330210.0769,-989690.1071,-1007937.0896,-134.4767,-134.4793,1.7500,3439.957,119.82,118.44
661901,379231,1417080.6600,331258.1007,-992831.1071,-1011136.1874,-134.4767,-134.4793,1.7500,3451.903,115.97,114.67
663996,380431,1421565.1502,332306.3993,-995978.3214,-1014330.8314,-134.4770,-134.4793,1.7500,3463.897,120.71,119.34
666090,381631,1426048.4646,333354.4231,-999119.3214,-1017529.9293,-134.4770,-134.4793,1.7500,3475.822,120.79,119.38
668185,382831,1430533.9409,334402.9522,-1002257.1071,-1020735.2130,-134.4767,-134.4793,1.7500,3487.780,119.30,117.92
670279,384031,1435017.2553,335450.9760,-1005398.1071,-1023934.3108,-134.4767,-134.4793,1.7500,3499.736,119.61,118.22
672373,385231,1439500.5697,336498.9997,-1008539.1071,-1027133.4087,-134.4767,-134.4793,1.7500,3511.702,121.33,119.93
674468,386431,1443985.0600,337547.2984,-1011686.3214,-1030328.0527,-134.4770,-134.4793,1.7500,3523.656,120.55,119.17
676562,387631,1448468.3744,338595.3222,-1014827.3214,-1033527.1505,-134.4770,-134.4793,1.7500,3535.612,120.85,119.47
678657,388831,1452953.8506,339643.8513,-1017965.1071,-1036732.4343,-134.4767,-134.4793,1.7500,3547.616,119.94,118.56
680751,390031,1457437.1650,340691.8751,-1021106.1071,-1039931.5321,-134.4767,-134.4793,1.7500,3559.601,120.85,119.47
682845,391231,1461920.4794,341739.8988,-1024247.1071,-1043130.6299,-134.4767,-133.9661,1.6667,3571.529,120.40,119.07
684940,392431,1466404.9697,342788.1975,-1027394.3214,-1046325.2739,-134.4770,-134.4793,1.7500,3583.520,121.35,119.94
687034,393631,1470888.7936,343836.3403,-1030536.6786,-1049523.7532,-134.4771,-134.4793,1.7500,3595.493,120.88,119.50
689129,394831,1475373.7603,344884.7504,-1033673.1071,-1052729.6555,-134.4768,-134.4793,1.7500,3607.449,119.34,117.95
691223,396031,1479857.0747,345932.7741,-1036814.1071,-1055928.7534,-134.4768,-134.4793,1.7500,3619.422,119.27,117.93
693318,397231,1484341.5650,346981.0728,-1039961.3214,-1059123.3974,-134.4770,-134.4793,1.7500,3631.419,116.78,115.41
695412,398431,1488824.8794,348029.0965,-1043102.3214,-1062322.4952,-134.4770,-134.4793,1.7500,3643.368,120.83,119.43
697507,399631,1493310.3557,349077.6257,-1046240.1071,-1065527.7789,-134.4768,-134.4793,1.7500,3655.357,119.69,118.30
699601,400831,1497793.6700,350125.6494,-1049381.1071,-1068726.8768,-134.4768,-134.4793,1.7500,3667.351,119.92,118.53
701695,402031,1502276.9844,351173.6732,-1052522.1071,-1071925.9746,-134.4768,-134.4793,1.7500,3679.308,121.14,119.75
703790,403231,1506761.4747,352221.9718,-1055669.3214,-1075120.6186,-134.4770,-134.4793,1.7500,3691.273,118.74,117.32
705884,404431,1511244.7891,353269.9956,-1058810.3214,-1078319.7165,-134.4770,-134.4793,1.7500,3703.248,119.06,117.69
707979,405631,1515730.2654,354318.5247,-1061948.1071,-1081525.0002,-134.4768,-134.4793,1.7500,3715.228,119.78,118.41
710073,406831,1520213.5798,355366.5485,-1065089.1071,-1084724.0980,-134.4768,-134.4793,1.7500,3727.201,117.70,116.37
712167,408031,1524696.8942,356414.5723,-1068230.1071,-1087923.1959,-134.4768,-133.9661,1.6667,3739.173,120.77,119.42
714262,409231,1529181.3845,357462.8709,-1071377.3214,-1091117.8399,-134.4770,-134.4793,1.7500,3751.134,120.38,119.04
716356,410431,1533665.2083,358511.0138,-1074519.6786,-1094316.3191,-134.4771,-134.4793,1.7500,3763.109,120.74,119.38
718451,411631,1538150.1751,359559.4238,-1077656.1071,-1097522.2215,-134.4768,-134.4793,1.7500,3775.104,114.57,113.29
720545,412831,1542633.4895,360607.4476,-1080797.1071,-1100721.3193,-134.4768,-134.4793,1.7500,3787.052,120.94,119.54
722640,414031,1547117.9798,361655.7462,-1083944.3214,-1103915.9633,-134.4771,-134.4793,1.7500,3799.062,120.53,119.10
724734,415231,1551601.2942,362703.7700,-1087085.3214,-1107115.0611,-134.4771,-134.4793,1.7500,3811.037,120.59,119.21
726829,416431,1556086.7704,363752.2991,-1090223.1071,-1110320.3449,-134.4768,-134.4793,1.7500,3823.000,115.51,114.22
728923,417631,1560570.0848,364800.3229,-1093364.1071,-1113519.4427,-134.4768,-134.4793,1.7500,3834.961,118.03,116.69
731017,418831,1565053.3992,365848.3466,-1096505.1071,-1116718.5406,-134.4768,-134.4793,1.7500,3846.909,118.15,116.77
733112,420031,1569537.8895,366896.6453,-1099652.3214,-1119913.1846,-134.4771,-134.4793,1.7500,3858.828,120.18,118.81
735206,421231,1574021.2039,367944.6690,-1102793.3214,-1123112.2824,-134.4771,-134.4793,1.7500,3870.811,120.33,118.98
737301,422431,1578506.6801,368993.1982,-1105931.1071,-1126317.5661,-134.4768,-134.4793,1.7500,3882.805,119.82,118.43
739395,423631,1582989.9945,370041.2219,-1109072.1071,-1129516.6640,-134.4768,-134.4793,1.7500,3894.805,121.15,119.79
741489,424831,1587473.3089,371089.2457,-1112213.1071,-1132715.7618,-134.4768,-134.4793,1.6667,3906.783,120.93,119.55
743584,426031,1591957.7992,372137.5443,-1115360.3214,-1135910.4058,-134.4771,-134.4793,1.7500,3918.814,120.83,119.48
745678,427231,1596441.6231,373185.6872,-1118502.6786,-1139108.8851,-134.4771,-134.4793,1.7500,3930.816,120.07,118.68
747773,428431,1600926.5899,374234.0972,-1121639.1071,-1142314.7874,-134.4768,-134.4793,1.7500,3942.806,116.63,115.26
749867,429631,1605409.9043,375282.1210,-1124780.1071,-1145513.8852,-134.4768,-134.4793,1.7500,3954.802,120.98,119.62
751962,430831,1609894.3946,376330.4196,-1127927.3214,-1148708.5292,-134.4771,-134.4793,1.7500,3966.857,123.72,122.34
754056,432031,1614377.7090,377378.4434,-1131068.3214,-1151907.6271,-134.4771,-134.4793,1.7500,3979.141,123.53,122.15
756150,433231,1618861.5328,378426.5863,-1134210.6786,-1155106.1063,-134.4771,-135.0203,1.7500,3991.263,121.20,119.81
758245,434431,1623346.4996,379474.9963,-1137347.1071,-1158312.0087,-134.4768,-134.4793,1.7500,4003.470,121.98,120.61
760339,435631,1627829.8140,380523.0201,-1140488.1071,-1161511.1065,-134.4768,-134.4793,1.7500,4015.745,124.75,123.29
762434,436831,1632314.3043,381571.3187,-1143635.3214,-1164705.7505,-134.4771,-134.4793,1.7500,4028.106,121.37,119.96
764528,438031,1636797.6187,382619.3425,-1146776.3214,-1167904.8483,-134.4771,-134.4793,1.7500,4040.417,124.30,122.90
766623,439231,1641283.0949,383667.8716,-1149914.1071,-1171110.1321,-134.4768,-134.4793,1.7500,4052.739,122.85,121.48
768717,440431,1645766.4093,384715.8954,-1153055.1071,-1174309.2299,-134.4768,-134.4793,1.7500,4065.079,123.16,121.77
770811,441631,1650249.7237,385763.9191,-1156196.1071,-1177508.3278,-134.4768,-134.4793,1.6667,4077.404,121.83,120.51
772906,442831,1654734.2140,386812.2178,-1159343.3214,-1180702.9717,-134.4771,-134.4793,1.7500,4089.718,122.30,120.93
775000,444031,1659218.0379,387860.3606,-1162485.6786,-1183901.4510,-134.4771,-134.4793,1.7500,4102.028,124.55,123.14
777095,445231,1663703.0046,388908.7707,-1165622.1071,-1187107.3533,-134.4768,-134.4793,1.7500,4114.323,123.46,122.06
779189,446431,1668186.3190,389956.7944,-1168763.1071,-1190306.4512,-134.4768,-134.4793,1.7500,4126.597,124.59,123.14
781284,447631,1672671.8203,391005.3294,-1171911.0714,-1193501.7756,-134.4771,-134.4833,1.7500,4138.901,124.99,123.59
783378,448831,1677154.1237,392053.1169,-1175051.3214,-1196700.1930,-134.4771,-134.4793,1.7500,4151.236,121.89,120.52
785472,450031,1681637.9476,393101.2597,-1178193.6786,-1199898.6723,-134.4771,-135.0203,1.7500,4163.542,124.32,122.90
787567,451231,1686122.9144,394149.6697,-1181330.1071,-1203104.5746,-134.4769,-134.4793,1.7500,4175.862,123.36,121.96
789661,452431,1690606.2288,395197.6935,-1184471.1071,-1206303.6724,-134.4768,-134.4793,1.7500,4188.193,123.08,121.68
791756,453631,1695090.7191,396245.9922,-1187618.3214,-1209498.3164,-134.4771,-134.4793,1.7500,4200.523,123.98,122.59
793850,454831,1699574.0335,397294.0159,-1190759.3214,-1212697.4143,-134.4771,-134.4793,1.7500,4212.815,120.87,119.48
795945,456031,1704059.5097,398342.5450,-1193897.1071,-1215902.6980,-134.4769,-134.4793,1.7500,4225.080,121.79,120.40
798039,457231,1708542.8241,399390.5688,-1197038.1071,-1219101.7958,-134.4769,-134.4793,1.7500,4237.403,123.40,121.96
800133,458431,1713026.1385,400438.5926,-1200179.1071,-1222300.8937,-134.4769,-134.4793,1.6667,4249.717,122.38,121.02
802228,459631,1717510.6288,401486.8912,-1203326.3214,-1225495.5377,-134.4771,-134.4793,1.7500,4262.013,124.23,122.85
804322,460831,1721993.9432,402534.9150,-1206467.3214,-1228694.6355,-134.4771,-134.3850,1.7500,4274.308,123.93,122.56
806417,462031,1726479.4194,403583.4441,-1209605.1071,-1231899.9193,-134.4769,-134.4793,1.7500,4286.638,122.81,121.41
808511,463231,1730962.7338,404631.4679,-1212746.1071,-1235099.0171,-134.4769,-134.4793,1.7500,4298.955,121.54,120.09
810606,464431,1735448.2351,405680.0029,-1215894.0714,-1238294.3415,-134.4771,-134.4833,1.7500,4311.053,121.08,119.74
812700,465631,1739930.5385,406727.7903,-1219034.3214,-1241492.7589,-134.4771,-134.4793,1.7500,4323.126,124.20,122.81
814794,466831,1744414.3624,407775.9332,-1222176.6786,-1244691.2382,-134.4771,-135.0203,1.7500,4335.327,120.43,119.09
816889,468031,1748899.3291,408824.3432,-1225313.1071,-1247897.1405,-134.4769,-134.4793,1.7500,4347.311,117.10,115.71
818983,469231,1753382.6435,409872.3670,-1228454.1071,-1251096.2384,-134.4769,-134.4793,1.7500,4359.266,116.11,114.77
821078,470431,1757867.1338,410920.6656,-1231601.3214,-1254290.8824,-134.4771,-134.4793,1.7500,4371.233,119.80,118.43
823172,471631,1762350.4482,411968.6894,-1234742.3214,-1257489.9802,-134.4771,-134.4793,1.7500,4383.217,121.00,119.63
825267,472831,1766835.9245,413017.2185,-1237880.1071,-1260695.2639,-134.4769,-134.4793,1.7500,4395.204,118.98,117.60
827361,474031,1771319.2389,414065.2423,-1241021.1071,-1263894.3618,-134.4769,-134.4793,1.7500,4407.206,119.81,118.44
829455,475231,1775802.5532,415113.2660,-1244162.1071,-1267093.4596,-134.4769,-134.4793,1.7500,4419.478,124.42,123.03
831550,476431,1780287.0436,416161.5647,-1247309.3214,-1270288.1036,-134.4771,-134.4793,1.7500,4431.680,119.70,118.39
833644,477631,1784770.3580,417209.5884,-1250450.3214,-1273487.2015,-134.4771,-134.3850,1.7500,4443.677,121.35,119.99
835739,478831,1789255.8342,418258.1176,-1253588.1071,-1276692.4852,-134.4769,-134.4793,1.7500,4455.945,123.20,121.76
837833,480031,1793739.1486,419306.1413,-1256729.1071,-1279891.5830,-134.4769,-134.4793,1.7500,4467.957,120.94,119.57
839928,481231,1798224.6499,420354.6763,-1259877.0714,-1283086.9075,-134.4771,-134.4833,1.7500,4479.930,118.66,117.33
842022,482431,1802706.9533,421402.4637,-1263017.3214,-1286285.3249,-134.4771,-134.4793,1.7500,4491.921,120.83,119.46
844116,483631,1807190.7771,422450.6066,-1266159.6786,-1289483.8041,-134.4772,-134.4793,1.7500,4503.891,122.28,120.90
846211,484831,1811675.7439,423499.0166,-1269296.1071,-1292689.7065,-134.4769,-134.4793,1.7500,4515.894,119.46,118.10
848305,486031,1816159.0583,424547.0404,-1272437.1071,-1295888.8043,-134.4769,-134.4793,1.7500,4528.022,124.45,123.04
850400,487231,1820643.5486,425595.3390,-1275584.3214,-1299083.4483,-134.4771,-134.4793,1.7500,4540.202,120.03,118.68
852494,488431,1825126.8630,426643.3628,-1278725.3214,-1302282.5461,-134.4771,-134.4793,1.7500,4552.139,120.16,118.77
854589,489631,1829612.3392,427691.8919,-1281863.1071,-1305487.8299,-134.4769,-134.4793,1.7500,4564.105,119.52,118.04
856683,490831,1834095.6536,428739.9157,-1285004.1071,-1308686.9277,-134.4769,-134.4793,1.7500,4576.082,118.66,117.30
858777,492031,1838578.9680,429787.9395,-1288145.1071,-1311886.0256,-134.4769,-134.4793,1.7500,4588.078,119.89,118.50
860872,493231,1843063.4583,430836.2381,-1291292.3214,-1315080.6696,-134.4771,-134.4793,1.7500,4600.060,120.47,119.09
862966,494431,1847546.7727,431884.2619,-1294433.3214,-1318279.7674,-134.4771,-134.3850,1.7500,4612.209,120.88,119.51
865061,495631,1852032.2490,432932.7910,-1297571.1071,-1321485.0511,-134.4769,-134.4793,1.7500,4624.158,119.15,117.80
867155,496831,1856515.5633,433980.8148,-1300712.1071,-1324684.1490,-134.4769,-134.4793,1.7500,4636.288,124.42,123.03
869249,498031,1860998.8777,435028.8385,-1303853.1071,-1327883.2468,-134.4769,-133.9661,1.6667,4648.516,123.99,122.67
871344,499231,1865483.3681,436077.1372,-1307000.3214,-1331077.8908,-134.4771,-134.4793,1.7500,4660.464,119.26,117.93
873438,500431,1869967.1919,437125.2800,-1310142.6786,-1334276.3701,-134.4772,-134.4793,1.7500,4672.711,125.57,124.11
875533,501631,1874452.1587,438173.6901,-1313279.1071,-1337482.2724,-134.4769,-134.4793,1.7500,4684.991,120.28,118.92
877627,502831,1878935.4731,439221.7138,-1316420.1071,-1340681.3702,-134.4769,-134.4793,1.7500,4697.306,124.15,122.77
879722,504031,1883419.9634,440270.0125,-1319567.3214,-1343876.0142,-134.4771,-134.4793,1.7500,4709.617,124.30,122.89
881816,505231,1887903.2778,441318.0363,-1322708.3214,-1347075.1121,-134.4771,-134.4793,1.7500,4721.941,122.10,120.73
883911,506431,1892388.7540,442366.5654,-1325846.1071,-1350280.3958,-134.4769,-134.4793,1.7500,4734.262,122.68,121.28
886005,507631,1896872.0684,443414.5891,-1328987.1071,-1353479.4936,-134.4769,-134.4793,1.7500,4746.531,123.07,121.66
888099,508831,1901355.3828,444462.6129,-1332128.1071,-1356678.5915,-134.4769,-134.4793,1.7500,4758.845,120.23,118.91
890194,510031,1905839.8731,445510.9116,-1335275.3214,-1359873.2355,-134.4771,-134.4793,1.7500,4771.153,122.63,121.25
892288,511231,1910323.1875,446558.9353,-1338416.3214,-1363072.3333,-134.4771,-134.4793,1.7500,4783.446,124.56,123.12
894383,512431,1914808.6637,447607.4644,-1341554.1071,-1366277.6171,-134.4769,-134.4793,1.7500,4795.725,123.00,121.62
896477,513631,1919291.9781,448655.4882,-1344695.1071,-1369476.7149,-134.4769,-134.4793,1.7500,4807.999,124.43,123.00
898571,514831,1923775.2925,449703.5120,-1347836.1071,-1372675.8127,-134.4769,-133.9661,1.6667,4820.292,122.92,121.58
900666,516031,1928259.7828,450751.8106,-1350983.3214,-1375870.4567,-134.4771,-134.4793,1.7500,4832.637,124.11,122.71
902760,517231,1932743.6067,451799.9535,-1354125.6786,-1379068.9360,-134.4772,-134.4793,1.7500,4844.772,124.44,123.05
904855,518431,1937228.5734,452848.3635,-1357262.1071,-1382274.8383,-134.4769,-134.4793,1.7500,4856.795,122.60,121.23
906949,519631,1941711.8878,453896.3873,-1360403.1071,-1385473.9362,-134.4769,-134.4793,1.7500,4869.101,121.33,119.96
909044,520831,1946196.3782,454944.6859,-1363550.3214,-1388668.5802,-134.4772,-134.4793,1.7500,4881.071,120.17,118.81
911138,522031,1950679.6925,455992.7097,-1366691.3214,-1391867.6780,-134.4771,-134.4793,1.7500,4893.041,115.73,114.40
913233,523231,1955165.1688,457041.2388,-1369829.1071,-1395072.9617,-134.4769,-134.4793,1.7500,4905.009,119.49,118.12
915327,524431,1959648.4832,458089.2626,-1372970.1071,-1398272.0596,-134.4769,-134.4793,1.7500,4917.012,120.20,118.82
917421,525631,1964131.7976,459137.2863,-1376111.1071,-1401471.1574,-134.4769,-134.4793,1.7500,4928.962,119.63,118.27
919516,526831,1968616.2879,460185.5850,-1379258.3214,-1404665.8014,-134.4772,-134.4793,1.7500,4940.913,120.33,118.94
921610,528031,1973099.6023,461233.6088,-1382399.3214,-1407864.8993,-134.4771,-134.4793,1.7500,4952.885,117.93,116.59
923705,529231,1977585.0785,462282.1379,-1385537.1071,-1411070.1830,-134.4770,-134.4793,1.7500,4964.833,119.87,118.49
925799,530431,1982068.3929,463330.1616,-1388678.1071,-1414269.2808,-134.4769,-134.4793,1.7500,4976.834,120.88,119.49
927893,531631,1986551.7073,464378.1854,-1391819.1071,-1417468.3787,-134.4769,-133.9661,1.6667,4988.792,120.03,118.69
929988,532831,1991036.1976,465426.4841,-1394966.3214,-1420663.0227,-134.4772,-134.4793,1.7500,5000.761,120.57,119.17
932082,534031,1995520.0215,466474.6269,-1398108.6786,-1423861.5019,-134.4772,-134.4793,1.7500,5012.763,121.02,119.64
934177,535231,2000004.9882,467523.0370,-1401245.1071,-1427067.4043,-134.4770,-134.4793,1.7500,5024.749,119.82,118.43
936271,536431,2004488.3026,468571.0607,-1404386.1071,-1430266.5021,-134.4770,-134.4793,1.7500,5036.704,121.05,119.66
938366,537631,2008972.7929,469619.3594,-1407533.3214,-1433461.1461,-134.4772,-134.4793,1.7500,5048.687,120.48,119.10
940460,538831,2013456.1073,470667.3831,-1410674.3214,-1436660.2439,-134.4772,-134.4793,1.7500,5060.625,120.36,119.01
942555,540031,2017941.5835,471715.9123,-1413812.1071,-1439865.5277,-134.4770,-134.4793,1.7500,5072.605,119.51,118.11
944649,541231,2022424.8979,472763.9360,-1416953.1071,-1443064.6255,-134.4770,-134.4793,1.7500,5084.477,116.17,114.87
946743,542431,2026908.2123,473811.9598,-1420094.1071,-1446263.7234,-134.4770,-134.4793,1.7500,5096.448,120.69,119.33
948838,543631,2031392.7027,474860.2584,-1423241.3214,-1449458.3674,-134.4772,-134.4793,1.7500,5108.410,118.83,117.43
950932,544831,2035876.0170,475908.2822,-1426382.3214,-1452657.4652,-134.4772,-134.4793,1.7500,5120.399,121.07,119.70
953027,546031,2040361.4933,476956.8113,-1429520.1071,-1455862.7489,-134.4770,-134.4793,1.7500,5132.348,118.12,116.73
955121,547231,2044844.8077,478004.8351,-1432661.1071,-1459061.8468,-134.4770,-134.4793,1.7500,5144.324,121.40,120.01
957215,548431,2049328.1221,479052.8589,-1435802.1071,-1462260.9446,-134.4770,-134.4793,1.6667,5156.311,119.32,118.01
959310,549631,2053812.6124,480101.1575,-1438949.3214,-1465455.5886,-134.4772,-134.4793,1.7500,5168.267,119.36,118.02
961404,550831,2058296.4362,481149.3004,-1442091.6786,-1468654.0679,-134.4772,-134.4793,1.7500,5180.231,121.24,119.85
963499,552031,2062781.4030,482197.7104,-1445228.1071,-1471859.9702,-134.4770,-134.4793,1.7500,5192.210,114.61,113.32
965593,553231,2067264.7174,483245.7342,-1448369.1071,-1475059.0680,-134.4770,-134.4793,1.7500,5204.181,115.83,114.54
967688,554431,2071749.2077,484294.0328,-1451516.3214,-1478253.7120,-134.4772,-134.4793,1.7500,5216.106,120.35,118.92
969782,555631,2076232.5221,485342.0566,-1454657.3214,-1481452.8099,-134.4772,-134.4793,1.7500,5228.086,120.56,119.17
971876,556831,2080716.3460,486390.1994,-1457799.6786,-1484651.2891,-134.4772,-135.0203,1.7500,5240.065,121.34,119.95
973971,558031,2085201.3127,487438.6095,-1460936.1071,-1487857.1915,-134.4770,-134.4793,1.7500,5252.038,119.18,117.82
976065,559231,2089684.6271,488486.6332,-1464077.1071,-1491056.2893,-134.4770,-134.4793,1.7500,5264.004,120.96,119.57
978160,560431,2094169.1174,489534.9319,-1467224.3214,-1494250.9333,-134.4772,-134.4793,1.7500,5275.936,116.04,114.69
980254,561631,2098652.4318,490582.9556,-1470365.3214,-1497450.0311,-134.4772,-134.4793,1.7500,5287.890,119.80,118.46
982349,562831,2103137.9080,491631.4848,-1473503.1071,-1500655.3149,-134.4770,-134.4793,1.7500,5299.850,120.06,118.65
984443,564031,2107621.2224,492679.5085,-1476644.1071,-1503854.4127,-134.4770,-134.4793,1.7500,5311.843,120.67,119.31
986537,565231,2112104.5368,493727.5323,-1479785.1071,-1507053.5106,-134.4770,-134.4793,1.6667,5323.829,120.60,119.22
988632,566431,2116589.0271,494775.8310,-1482932.3214,-1510248.1545,-134.4772,-134.4793,1.7500,5335.800,120.82,119.44
990726,567631,2121072.8510,495823.9738,-1486074.6786,-1513446.6338,-134.4772,-134.4793,1.7500,5347.764,120.89,119.51
992821,568831,2125557.8178,496872.3838,-1489211.1071,-1516652.5361,-134.4770,-134.4793,1.7500,5359.727,119.85,118.46
994915,570031,2130041.1322,497920.4076,-1492352.1071,-1519851.6340,-134.4770,-134.4793,1.7500,5371.703,115.77,114.49
997010,571231,2134526.6335,498968.9426,-1495500.0714,-1523046.9584,-134.4772,-134.4833,1.7500,5383.665,119.35,117.98
999104,572431,2139008.9369,500016.7300,-1498640.3214,-1526245.3758,-134.4772,-134.4793,1.7500,5395.651,119.06,117.71
1001198,573631,2143492.7607,501064.8729,-1501782.6786,-1529443.8551,-134.4772,-135.0203,1.7500,5407.596,121.03,119.64
1003293,574831,2147977.7275,502113.2829,-1504919.1071,-1532649.7574,-134.4770,-134.4793,1.7500,5419.529,120.05,118.65
1005387,576031,2152461.0419,503161.3067,-1508060.1071,-1535848.8552,-134.4770,-134.4793,1.7500,5431.502,115.52,114.20
1007482,577231,2156945.5322,504209.6053,-1511207.3214,-1539043.4992,-134.4772,-134.4793,1.7500,5443.462,120.25,118.89
1009576,578431,2161428.8466,505257.6291,-1514348.3214,-1542242.5971,-134.4772,-134.4793,1.7500,5455.413,120.53,119.19
1011671,579631,2165914.3228,506306.1582,-1517486.1071,-1545447.8808,-134.4770,-134.4793,1.7500,5467.360,115.34,113.92
1013765,580831,2170397.6372,507354.1820,-1520627.1071,-1548646.9786,-134.4770,-134.4793,1.7500,5479.338,119.80,118.43
1015859,582031,2174880.9516,508402.2057,-1523768.1071,-1551846.0765,-134.4770,-134.4793,1.6667,5491.294,120.33,118.99
1017954,583231,2179365.4419,509450.5044,-1526915.3214,-1555040.7205,-134.4772,-134.4793,1.7500,5503.258,120.54,119.17
1020048,584431,2183848.7563,510498.5282,-1530056.3214,-1558239.8183,-134.4772,-134.3850,1.7500,5515.263,120.29,118.94
1022143,585631,2188334.2325,511547.0573,-1533194.1071,-1561445.1021,-134.4770,-134.4793,1.7500,5527.231,118.82,117.42
1024237,586831,2192817.5469,512595.0810,-1536335.1071,-1564644.1999,-134.4770,-134.4793,1.7500,5539.206,120.89,119.48
1026332,588031,2197303.0482,513643.6160,-1539483.0714,-1567839.5243,-134.4772,-134.4833,1.7500,5551.202,120.69,119.35
1028426,589231,2201785.3516,514691.4035,-1542623.3214,-1571037.9417,-134.4772,-134.4793,1.7500,5563.160,120.50,119.13
1030520,590431,2206269.1755,515739.5463,-1545765.6786,-1574236.4210,-134.4772,-135.0203,1.7500,5575.108,120.28,118.94
1032615,591631,2210754.1423,516787.9563,-1548902.1071,-1577442.3233,-134.4770,-134.4793,1.7500,5587.127,118.85,117.46
1034709,592831,2215237.4567,517835.9801,-1552043.1071,-1580641.4212,-134.4770,-134.4793,1.7500,5599.107,120.53,119.14
1036804,594031,2219721.9470,518884.2788,-1555190.3214,-1583836.0652,-134.4772,-134.4793,1.7500,5611.090,120.39,119.03
1038898,595231,2224205.2614,519932.3025,-1558331.3214,-1587035.1630,-134.4772,-134.4793,1.7500,5623.031,120.95,119.59
1040993,596431,2228690.7376,520980.8316,-1561469.1071,-1590240.4467,-134.4770,-134.4793,1.7500,5635.016,118.02,116.67
1043087,597631,2233174.0520,522028.8554,-1564610.1071,-1593439.5446,-134.4770,-134.4793,1.7500,5646.978,119.65,118.25
1045181,598831,2237657.3664,523076.8792,-1567751.1071,-1596638.6424,-134.4770,-134.4793,1.7500,5658.947,120.72,119.34
1047276,600031,2242141.8567,524125.1778,-1570898.3214,-1599833.2864,-134.4772,-134.4793,1.7500,5670.917,118.05,116.71
1049370,601231,2246625.1711,525173.2016,-1574039.3214,-1603032.3843,-134.4772,-134.3850,1.7500,5682.922,121.27,119.88
1051465,602431,2251110.6473,526221.7307,-1577177.1071,-1606237.6680,-134.4770,-134.4793,1.7500,5694.922,119.44,118.07
1053559,603631,2255593.9617,527269.7545,-1580318.1071,-1609436.7658,-134.4770,-134.4793,1.7500,5706.925,121.20,119.81
1055654,604831,2260079.4630,528318.2895,-1583466.0714,-1612632.0903,-134.4772,-134.4833,1.7500,5718.895,121.47,120.07
1057748,606031,2264561.7664,529366.0769,-1586606.3214,-1615830.5077,-134.4772,-134.4793,1.7500,5730.873,120.66,119.28
1059842,607231,2269045.5903,530414.2198,-1589748.6786,-1619028.9869,-134.4772,-134.4793,1.7500,5742.791,121.27,119.90
1061937,608431,2273530.5570,531462.6298,-1592885.1071,-1622234.8893,-134.4770,-134.4793,1.7500,5754.751,114.35,113.03
1064031,609631,2278013.8714,532510.6536,-1596026.1071,-1625433.9871,-134.4770,-134.4793,1.7500,5766.719,120.49,119.10
1066126,610831,2282498.3617,533558.9522,-1599173.3214,-1628628.6311,-134.4772,-134.4793,1.7500,5778.663,118.63,117.26
1068220,612031,2286981.6761,534606.9760,-1602314.3214,-1631827.7289,-134.4772,-134.4793,1.7500,5790.641,120.20,118.84
1070315,613231,2291467.1524,535655.5051,-1605452.1071,-1635033.0127,-134.4770,-134.4793,1.7500,5802.626,119.81,118.42
1072409,614431,2295950.4668,536703.5289,-1608593.1071,-1638232.1105,-134.4770,-134.4793,1.7500,5814.886,123.58,122.19
1074503,615631,2300433.7811,537751.5526,-1611734.1071,-1641431.2084,-134.4770,-134.4793,1.7500,5827.072,120.80,119.41
1076598,616831,2304918.2715,538799.8513,-1614881.3214,-1644625.8524,-134.4772,-134.4793,1.7500,5839.102,120.61,119.27
1078692,618031,2309401.5859,539847.8750,-1618022.3214,-1647824.9502,-134.4772,-134.3850,1.7500,5851.377,123.89,122.49
1080787,619231,2313887.0621,540896.4042,-1621160.1071,-1651030.2339,-134.4770,-134.4793,1.7500,5863.359,119.86,118.46
1082881,620431,2318370.3765,541944.4279,-1624301.1071,-1654229.3318,-134.4770,-134.4793,1.7500,5875.335,120.03,118.69
1084975,621631,2322853.6909,542992.4517,-1627442.1071,-1657428.4296,-134.4770,-133.9661,1.6667,5887.265,121.05,119.70
1087070,622831,2327338.1812,544040.7503,-1630589.3214,-1660623.0736,-134.4772,-134.4793,1.7500,5899.217,120.07,118.69
1089164,624031,2331822.0051,545088.8932,-1633731.6786,-1663821.5529,-134.4772,-134.4793,1.7500,5911.237,123.01,121.63
1091259,625231,2336306.9718,546137.3032,-1636868.1071,-1667027.4552,-134.4770,-134.4793,1.7500,5923.344,123.27,121.88
1093353,626431,2340790.2862,547185.3270,-1640009.1071,-1670226.5530,-134.4770,-134.4793,1.7500,5935.516,120.23,118.87
1095448,627631,2345274.7765,548233.6256,-1643156.3214,-1673421.1970,-134.4772,-134.4793,1.7500,5947.462,115.45,114.15
1097542,628831,2349758.0909,549281.6494,-1646297.3214,-1676620.2949,-134.4772,-134.4793,1.7500,5959.406,120.11,118.76
1099637,630031,2354243.5671,550330.1785,-1649435.1071,-1679825.5786,-134.4770,-134.4793,1.7500,5971.356,119.25,117.84
1101731,631231,2358726.8815,551378.2023,-1652576.1071,-1683024.6764,-134.4770,-134.4793,1.7500,5983.296,119.55,118.19
1103825,632431,2363210.1959,552426.2261,-1655717.1071,-1686223.7743,-134.4770,-134.4793,1.7500,5995.275,120.08,118.71
1105920,633631,2367694.6862,553474.5247,-1658864.3214,-1689418.4183,-134.4772,-134.4793,1.7500,6007.238,119.43,118.09
1108014,634831,2372178.0006,554522.5485,-1662005.3214,-1692617.5161,-134.4772,-134.4793,1.7500,6019.185,116.68,115.34
1110109,636031,2376663.4769,555571.0776,-1665143.1071,-1695822.7999,-134.4770,-134.4793,1.7500,6031.299,117.72,116.38
1112203,637231,2381146.7912,556619.1014,-1668284.1071,-1699021.8977,-134.4770,-134.4793,1.7500,6043.560,119.40,118.06
1114297,638431,2385630.1056,557667.1251,-1671425.1071,-1702220.9955,-134.4770,-133.9661,1.6667,6055.535,122.93,121.58
1116392,639631,2390114.5960,558715.4238,-1674572.3214,-1705415.6395,-134.4772,-134.4793,1.7500,6067.809,120.78,119.39
1118486,640831,2394598.4198,559763.5666,-1677714.6786,-1708614.1188,-134.4772,-134.4793,1.7500,6080.112,121.57,120.17
1120581,642031,2399083.3866,560811.9767,-1680851.1071,-1711820.0211,-134.4770,-134.4793,1.7500,6092.380,123.12,121.72
1122675,643231,2403566.7010,561860.0004,-1683992.1071,-1715019.1190,-134.4770,-134.4793,1.7500,6104.728,124.59,123.19
1124770,644431,2408051.1913,562908.2991,-1687139.3214,-1718213.7630,-134.4772,-134.4793,1.7500,6117.030,123.50,122.13
1126864,645631,2412534.5057,563956.3229,-1690280.3214,-1721412.8608,-134.4772,-134.4793,1.7500,6129.320,124.24,122.85
1128959,646831,2417019.9819,565004.8520,-1693418.1071,-1724618.1445,-134.4771,-134.4793,1.7500,6141.622,122.71,121.30
1131053,648031,2421503.2963,566052.8757,-1696559.1071,-1727817.2424,-134.4771,-134.4793,1.7500,6153.950,123.16,121.74
1133147,649231,2425986.6107,567100.8995,-1699700.1071,-1731016.3402,-134.4770,-134.4793,1.7500,6166.278,122.05,120.68
1135242,650431,2430471.1010,568149.1982,-1702847.3214,-1734210.9842,-134.4772,-134.4793,1.7500,6178.583,123.88,122.48
1137336,651631,2434954.4154,569197.2219,-1705988.3214,-1737410.0821,-134.4772,-134.4793,1.7500,6190.880,124.38,122.96
1139431,652831,2439439.8916,570245.7510,-1709126.1071,-1740615.3658,-134.4771,-134.4793,1.7500,6203.208,123.45,122.05
1141525,654031,2443923.2060,571293.7748,-1712267.1071,-1743814.4636,-134.4771,-134.4793,1.7500,6215.506,124.42,123.03
1143619,655231,2448406.5204,572341.7986,-1715408.1071,-1747013.5615,-134.4770,-133.9661,1.6667,6227.814,124.25,122.91
1145714,656431,2452891.0107,573390.0972,-1718555.3214,-1750208.2055,-134.4772,-134.4793,1.7500,6239.948,119.71,118.35
1147808,657631,2457374.8346,574438.2401,-1721697.6786,-1753406.6847,-134.4773,-134.4793,1.7500,6251.986,120.30,118.96
1149903,658831,2461859.8013,575486.6501,-1724834.1071,-1756612.5871,-134.4771,-134.4793,1.7500,6264.224,119.53,118.18
1151997,660031,2466343.1157,576534.6739,-1727975.1071,-1759811.6849,-134.4771,-134.4793,1.7500,6276.166,120.83,119.45
1154092,661231,2470827.6061,577582.9725,-1731122.3214,-1763006.3289,-134.4772,-134.4793,1.7500,6288.146,116.95,115.61
1156186,662431,2475310.9205,578630.9963,-1734263.3214,-1766205.4267,-134.4772,-134.4793,1.7500,6300.090,116.97,115.60
1158281,663631,2479796.3967,579679.5254,-1737401.1071,-1769410.7105,-134.4771,-134.4793,1.7500,6312.041,118.83,117.46
1160375,664831,2484279.7111,580727.5492,-1740542.1071,-1772609.8083,-134.4771,-134.4793,1.7500,6324.025,119.68,118.32
1162469,666031,2488763.0255,581775.5729,-1743683.1071,-1775808.9062,-134.4771,-134.4793,1.7500,6335.979,119.03,117.67
1164564,667231,2493247.5158,582823.8716,-1746830.3214,-1779003.5502,-134.4772,-134.4793,1.7500,6347.933,120.22,118.84
1166658,668431,2497730.8302,583871.8954,-1749971.3214,-1782202.6480,-134.4772,-134.4793,1.7500,6359.911,120.78,119.39
1168753,669631,2502216.3064,584920.4245,-1753109.1071,-1785407.9317,-134.4771,-134.4793,1.7500,6371.865,114.38,113.11
1170847,670831,2506699.6208,585968.4483,-1756250.1071,-1788607.0296,-134.4771,-134.4793,1.7500,6383.798,121.08,119.68
1172941,672031,2511182.9352,587016.4720,-1759391.1071,-1791806.1274,-134.4771,-134.4793,1.6667,6395.779,120.76,119.42
1175036,673231,2515667.4255,588064.7707,-1762538.3214,-1795000.7714,-134.4772,-134.4793,1.7500,6407.755,120.66,119.25
1177130,674431,2520151.2494,589112.9135,-1765680.6786,-1798199.2507,-134.4773,-134.4793,1.7500,6419.733,120.94,119.55
1179225,675631,2524636.2161,590161.3236,-1768817.1071,-1801405.1530,-134.4771,-134.4793,1.7500,6431.716,116.93,115.53
1181319,676831,2529119.5305,591209.3473,-1771958.1071,-1804604.2508,-134.4771,-134.4793,1.7500,6443.655,120.83,119.44
1183414,678031,2533604.0208,592257.6460,-1775105.3214,-1807798.8948,-134.4772,-134.4793,1.7500,6455.591,117.66,116.30
1185508,679231,2538087.3352,593305.6697,-1778246.3214,-1810997.9927,-134.4772,-134.4793,1.7500,6467.529,119.98,118.61
1187602,680431,2542571.1591,594353.8126,-1781388.6786,-1814196.4719,-134.4773,-135.0203,1.7500,6479.547,121.83,120.39
1189697,681631,2547056.1258,595402.2226,-1784525.1071,-1817402.3743,-134.4771,-134.4793,1.7500,6491.546,119.94,118.55
1191791,682831,2551539.4402,596450.2464,-1787666.1071,-1820601.4721,-134.4771,-134.4793,1.7500,6503.524,119.47,118.09
1193886,684031,2556023.9306,597498.5450,-1790813.3214,-1823796.1161,-134.4772,-134.4793,1.7500,6515.482,119.61,118.19
1195980,685231,2560507.2450,598546.5688,-1793954.3214,-1826995.2139,-134.4772,-134.4793,1.7500,6527.400,120.64,119.27
1198075,686431,2564992.7212,599595.0979,-1797092.1071,-1830200.4977,-134.4771,-134.4793,1.7500,6539.357,119.95,118.55
1200169,687631,2569476.0356,600643.1217,-1800233.1071,-1833399.5955,-134.4771,-134.4793,1.7500,6551.323,120.99,119.60
1202263,688831,2573959.3500,601691.1455,-1803374.1071,-1836598.6934,-134.4771,-134.4793,1.6667,6563.261,119.23,117.90
1204358,690031,2578443.8403,602739.4441,-1806521.3214,-1839793.3373,-134.4772,-134.4793,1.7500,6575.238,120.36,119.00
1206452,691231,2582927.6642,603787.5870,-1809663.6786,-1842991.8166,-134.4773,-134.4793,1.7500,6587.207,120.75,119.37
1208547,692431,2587412.6309,604835.9970,-1812800.1071,-1846197.7189,-134.4771,-134.4793,1.7500,6599.176,117.30,115.95
1210641,693631,2591895.9453,605884.0208,-1815941.1071,-1849396.8168,-134.4771,-134.4793,1.7500,6611.134,120.82,119.45
1212736,694831,2596381.4466,606932.5557,-1819089.0714,-1852592.1412,-134.4772,-134.4833,1.7500,6623.068,119.72,118.33
1214830,696031,2600863.7500,607980.3432,-1822229.3214,-1855790.5586,-134.4772,-134.4793,1.7500,6635.036,120.43,119.06
1216924,697231,2605347.5739,609028.4860,-1825371.6786,-1858989.0379,-134.4773,-135.0203,1.7500,6647.020,121.48,120.10
1219019,698431,2609832.5406,610076.8961,-1828508.1071,-1862194.9402,-134.4771,-134.4793,1.7500,6658.985,117.07,115.72
1221113,699631,2614315.8550,611124.9198,-1831649.1071,-1865394.0380,-134.4771,-134.4793,1.7500,6670.961,119.76,118.33
1223208,700831,2618800.3453,612173.2185,-1834796.3214,-1868588.6820,-134.4772,-134.4793,1.7500,6682.924,115.11,113.84
1225302,702031,2623283.6597,613221.2423,-1837937.3214,-1871787.7799,-134.4772,-134.4793,1.7500,6694.912,120.87,119.50
1227397,703231,2627769.1359,614269.7714,-1841075.1071,-1874993.0636,-134.4771,-134.4793,1.7500,6706.894,116.15,114.73
1229491,704431,2632252.4503,615317.7951,-1844216.1071,-1878192.1614,-134.4771,-134.4793,1.7500,6718.868,119.67,118.29
1231585,705631,2636735.7647,616365.8189,-1847357.1071,-1881391.2593,-134.4771,-134.4793,1.6667,6730.822,118.01,116.68
1233680,706831,2641220.2551,617414.1176,-1850504.3214,-1884585.9033,-134.4772,-134.4793,1.7500,6742.828,120.57,119.20
1235774,708031,2645703.5695,618462.1413,-1853645.3214,-1887785.0011,-134.4772,-134.3850,1.7500,6754.788,121.35,119.95
1237869,709231,2650189.0457,619510.6704,-1856783.1071,-1890990.2849,-134.4771,-134.4793,1.7500,6766.747,119.11,117.72
1239963,710431,2654672.3601,620558.6942,-1859924.1071,-1894189.3827,-134.4771,-134.4793,1.7500,6778.735,120.98,119.60
1242058,711631,2659157.8614,621607.2292,-1863072.0714,-1897384.7071,-134.4772,-134.4833,1.7500,6790.701,120.95,119.59
1244152,712831,2663640.1648,622655.0166,-1866212.3214,-1900583.1245,-134.4772,-134.4793,1.7500,6802.633,120.42,119.05
1246246,714031,2668123.9887,623703.1595,-1869354.6786,-1903781.6038,-134.4773,-135.0203,1.7500,6814.621,122.17,120.78
1248341,715231,2672608.9554,624751.5695,-1872491.1071,-1906987.5061,-134.4771,-134.4793,1.7500,6826.636,119.69,118.30
1250435,716431,2677092.2698,625799.5933,-1875632.1071,-1910186.6040,-134.4771,-134.4793,1.7500,6838.590,120.68,119.27
1252530,717631,2681576.7601,626847.8919,-1878779.3214,-1913381.2480,-134.4772,-134.4793,1.7500,6850.578,118.37,117.07
1254624,718831,2686060.0745,627895.9157,-1881920.3214,-1916580.3458,-134.4772,-134.4793,1.7500,6862.604,117.08,115.73
1256719,720031,2690545.5507,628944.4448,-1885058.1071,-1919785.6295,-134.4771,-134.4793,1.7500,6874.541,119.72,118.35
1258813,721231,2695028.8651,629992.4686,-1888199.1071,-1922984.7274,-134.4771,-134.4793,1.7500,6886.506,119.74,118.35
1260907,722431,2699512.1795,631040.4923,-1891340.1071,-1926183.8252,-134.4771,-134.4793,1.7500,6898.464,120.71,119.34
1263002,723631,2703996.6698,632088.7910,-1894487.3214,-1929378.4692,-134.4773,-134.4793,1.7500,6910.423,118.24,116.90
1265096,724831,2708479.9842,633136.8148,-1897628.3214,-1932577.5671,-134.4772,-134.3850,1.7500,6922.389,121.35,119.96
1267191,726031,2712965.4604,634185.3439,-1900766.1071,-1935782.8508,-134.4771,-134.4793,1.7500,6934.365,119.42,118.04
1269285,727231,2717448.7748,635233.3676,-1903907.1071,-1938981.9486,-134.4771,-134.4793,1.7500,6946.312,119.97,118.52
1271380,728431,2721934.2762,636281.9026,-1907055.0714,-1942177.2731,-134.4773,-134.4833,1.7500,6958.264,120.84,119.47
1273474,729631,2726416.5796,637329.6901,-1910195.3214,-1945375.6905,-134.4773,-134.4793,1.7500,6970.261,120.44,119.09
1275568,730831,2730900.4034,638377.8329,-1913337.6786,-1948574.1697,-134.4773,-134.4793,1.7500,6982.239,120.81,119.46
1277663,732031,2735385.3702,639426.2429,-1916474.1071,-1951780.0721,-134.4771,-134.4793,1.7500,6994.194,116.73,115.37
1279757,733231,2739868.6846,640474.2667,-1919615.1071,-1954979.1699,-134.4771,-134.4793,1.7500,7006.159,120.02,118.65
1281852,734431,2744353.1749,641522.5654,-1922762.3214,-1958173.8139,-134.4773,-134.4793,1.7500,7018.118,120.34,118.96
1283946,735631,2748836.4893,642570.5891,-1925903.3214,-1961372.9117,-134.4773,-134.4793,1.7500,7030.068,118.82,117.44
1286041,736831,2753321.9655,643619.1182,-1929041.1071,-1964578.1955,-134.4771,-134.4793,1.7500,7042.033,119.53,118.15
1288135,738031,2757805.2799,644667.1420,-1932182.1071,-1967777.2933,-134.4771,-134.4793,1.7500,7053.984,118.58,117.19
1290229,739231,2762288.5943,645715.1658,-1935323.1071,-1970976.3912,-134.4771,-134.4793,1.7500,7065.968,120.98,119.60
1292324,740431,2766773.0846,646763.4644,-1938470.3214,-1974171.0352,-134.4773,-134.4793,1.7500,7077.937,120.29,118.92
1294418,741631,2771256.3990,647811.4882,-1941611.3214,-1977370.1330,-134.4773,-134.3850,1.7500,7089.879,117.88,116.54
1296513,742831,2775741.8752,648860.0173,-1944749.1071,-1980575.4167,-134.4771,-134.4793,1.7500,7101.861,119.65,118.28
1298607,744031,2780225.1896,649908.0411,-1947890.1071,-1983774.5146,-134.4771,-134.4793,1.7500,7113.862,121.26,119.88
1300701,745231,2784708.5040,650956.0649,-1951031.1071,-1986973.6124,-134.4771,-133.9661,1.6667,7125.812,115.55,114.31
1302796,746431,2789192.9943,652004.3635,-1954178.3214,-1990168.2564,-134.4773,-134.4793,1.7500,7137.763,118.67,117.26
1304890,747631,2793676.8182,653052.5064,-1957320.6786,-1993366.7357,-134.4773,-134.4793,1.7500,7149.730,118.73,117.38
1306985,748831,2798161.7849,654100.9164,-1960457.1071,-1996572.6380,-134.4771,-134.4793,1.7500,7161.704,116.12,114.76
1309079,750031,2802645.0993,655148.9402,-1963598.1071,-1999771.7358,-134.4771,-134.4793,1.7500,7173.680,120.94,119.55
1311174,751231,2807129.5897,656197.2388,-1966745.3214,-2002966.3798,-134.4773,-134.4793,1.7500,7185.627,120.32,118.93
1313268,752431,2811612.9041,657245.2626,-1969886.3214,-2006165.4777,-134.4773,-134.4793,1.7500,7197.584,117.23,115.90
1315363,753631,2816098.3803,658293.7917,-1973024.1071,-2009370.7614,-134.4771,-134.4793,1.7500,7209.567,119.30,117.92
1317457,754831,2820581.6947,659341.8155,-1976165.1071,-2012569.8592,-134.4771,-134.4793,1.7500,7221.534,118.75,117.39
1319551,756031,2825065.0091,660389.8392,-1979306.1071,-2015768.9571,-134.4771,-134.4793,1.7500,7233.510,121.07,119.69
1321646,757231,2829549.4994,661438.1379,-1982453.3214,-2018963.6011,-134.4773,-134.4793,1.7500,7245.500,120.57,119.20
1323740,758431,2834032.8138,662486.1616,-1985594.3214,-2022162.6989,-134.4773,-134.4793,1.7500,7257.461,119.43,118.07
1325835,759631,2838518.2900,663534.6908,-1988732.1071,-2025367.9827,-134.4771,-134.4793,1.7500,7269.435,119.89,118.49
1327929,760831,2843001.6044,664582.7145,-1991873.1071,-2028567.0805,-134.4771,-134.4793,1.7500,7281.431,120.88,119.51
1330023,762031,2847484.9188,665630.7383,-1995014.1071,-2031766.1783,-134.4771,-133.9661,1.6667,7293.398,120.73,119.39
1332118,763231,2851969.4091,666679.0370,-1998161.3214,-2034960.8223,-134.4773,-134.4793,1.7500,7305.345,120.72,119.36
1334212,764431,2856453.2330,667727.1798,-2001303.6786,-2038159.3016,-134.4773,-134.4793,1.7500,7317.337,120.99,119.59
1336307,765631,2860938.1997,668775.5898,-2004440.1071,-2041365.2039,-134.4771,-134.4793,1.7500,7329.305,119.76,118.38
1338401,766831,2865421.5141,669823.6136,-2007581.1071,-2044564.3018,-134.4771,-134.4793,1.7500,7341.255,119.86,118.49
1340496,768031,2869906.0044,670871.9123,-2010728.3214,-2047758.9458,-134.4773,-134.4793,1.7500,7353.243,116.63,115.32
1342590,769231,2874389.3188,671919.9360,-2013869.3214,-2050958.0436,-134.4773,-134.4793,1.7500,7365.215,119.98,118.60
1344685,770431,2878874.7950,672968.4651,-2017007.1071,-2054163.3273,-134.4771,-134.4793,1.7500,7377.187,119.55,118.12
1346779,771631,2883358.1094,674016.4889,-2020148.1071,-2057362.4252,-134.4771,-134.4793,1.7500,7389.162,118.49,117.12
1348873,772831,2887841.4238,675064.5127,-2023289.1071,-2060561.5230,-134.4771,-134.4793,1.7500,7401.125,121.06,119.66
1350968,774031,2892325.9142,676112.8113,-2026436.3214,-2063756.1670,-134.4773,-134.4793,1.7500,7413.077,119.48,118.15
1353062,775231,2896809.2286,677160.8351,-2029577.3214,-2066955.2649,-134.4773,-134.4793,1.7500,7425.045,121.37,120.01
1355157,776431,2901294.7048,678209.3642,-2032715.1071,-2070160.5486,-134.4771,-134.4793,1.7500,7437.026,119.54,118.17
1357251,777631,2905778.0192,679257.3880,-2035856.1071,-2073359.6464,-134.4771,-134.4793,1.7500,7448.968,120.73,119.39
1359345,778831,2910261.3336,680305.4117,-2038997.1071,-2076558.7443,-134.4771,-133.9661,1.6667,7460.916,120.06,118.74
1361440,780031,2914745.8239,681353.7104,-2042144.3214,-2079753.3883,-134.4773,-134.4793,1.7500,7472.885,120.79,119.42
1363534,781231,2919229.6477,682401.8533,-2045286.6786,-2082951.8675,-134.4773,-134.4793,1.7500,7484.858,120.79,119.38
1365629,782431,2923714.6145,683450.2633,-2048423.1071,-2086157.7699,-134.4771,-134.4793,1.7500,7496.826,119.34,117.96
1367723,783631,2928197.9289,684498.2870,-2051564.1071,-2089356.8677,-134.4771,-134.4793,1.7500,7508.783,115.84,114.55
1369818,784831,2932682.4192,685546.5857,-2054711.3214,-2092551.5117,-134.4773,-134.4793,1.7500,7520.733,120.62,119.23
1371912,786031,2937165.7336,686594.6095,-2057852.3214,-2095750.6095,-134.4773,-134.4793,1.7500,7532.730,120.59,119.21
1374007,787231,2941651.2098,687643.1386,-2060990.1071,-2098955.8933,-134.4771,-134.4793,1.7500,7544.699,119.43,118.04
1376101,788431,2946134.5242,688691.1623,-2064131.1071,-2102154.9911,-134.4771,-134.4793,1.7500,7556.660,118.44,117.08
1378195,789631,2950617.8386,689739.1861,-2067272.1071,-2105354.0890,-134.4771,-134.4793,1.7500,7568.618,120.08,118.71
1380290,790831,2955102.3289,690787.4848,-2070419.3214,-2108548.7330,-134.4773,-134.4793,1.7500,7580.594,119.64,118.25
1382384,792031,2959585.6433,691835.5085,-2073560.3214,-2111747.8308,-134.4773,-134.4793,1.7500,7592.551,120.73,119.34
1384479,793231,2964071.1195,692884.0376,-2076698.1071,-2114953.1145,-134.4771,-134.4793,1.7500,7604.560,117.91,116.52
1386573,794431,2968554.4339,693932.0614,-2079839.1071,-2118152.2124,-134.4771,-134.4793,1.7500,7616.524,118.84,117.46
1388667,795631,2973037.7483,694980.0852,-2082980.1071,-2121351.3102,-134.4771,-134.4793,1.6667,7628.493,115.76,114.52
1390762,796831,2977522.2387,696028.3838,-2086127.3214,-2124545.9542,-134.4773,-134.4793,1.7500,7640.465,120.01,118.66
1392856,798031,2982006.0625,697076.5267,-2089269.6786,-2127744.4335,-134.4773,-134.4793,1.7500,7652.409,121.17,119.78
1394951,799231,2986491.0293,698124.9367,-2092406.1071,-2130950.3358,-134.4771,-134.4793,1.7500,7664.392,119.80,118.41
1397045,800431,2990974.3437,699172.9605,-2095547.1071,-2134149.4336,-134.4771,-134.4793,1.7500,7676.352,121.31,119.94
1399140,801631,2995458.8340,700221.2591,-2098694.3214,-2137344.0776,-134.4773,-134.4793,1.7500,7688.305,119.56,118.17
1401234,802831,2999942.1484,701269.2829,-2101835.3214,-2140543.1755,-134.4773,-134.4793,1.7500,7700.278,120.45,119.04
1403328,804031,3004425.9722,702317.4258,-2104977.6786,-2143741.6547,-134.4773,-135.0203,1.7500,7712.262,121.03,119.68
1405423,805231,3008910.9390,703365.8358,-2108114.1071,-2146947.5571,-134.4771,-134.4793,1.7500,7724.237,118.70,117.33
1407517,806431,3013394.2534,704413.8596,-2111255.1071,-2150146.6549,-134.4771,-134.4793,1.7500,7736.189,121.88,120.48
1409612,807631,3017878.7437,705462.1582,-2114402.3214,-2153341.2989,-134.4773,-134.4793,1.7500,7748.169,120.22,118.84
1411706,808831,3022362.0581,706510.1820,-2117543.3214,-2156540.3967,-134.4773,-134.4793,1.7500,7760.125,118.62,117.24
1413801,810031,3026847.5343,707558.7111,-2120681.1071,-2159745.6805,-134.4771,-134.4793,1.7500,7772.123,119.49,118.12
1415895,811231,3031330.8487,708606.7349,-2123822.1071,-2162944.7783,-134.4771,-134.4793,1.7500,7784.071,120.55,119.18
1417989,812431,3035814.1631,709654.7586,-2126963.1071,-2166143.8762,-134.4771,-134.4793,1.6667,7796.035,119.55,118.25
1420084,813631,3040298.6534,710703.0573,-2130110.3214,-2169338.5201,-134.4773,-134.4793,1.7500,7808.024,120.68,119.28
1422178,814831,3044782.4773,711751.2001,-2133252.6786,-2172536.9994,-134.4773,-134.4793,1.7500,7819.995,121.10,119.71
1424273,816031,3049267.4440,712799.6102,-2136389.1071,-2175742.9017,-134.4771,-134.4793,1.7500,7831.933,116.42,115.07
1426367,817231,3053750.7584,713847.6339,-2139530.1071,-2178941.9996,-134.4771,-134.4793,1.7500,7843.913,115.68,114.36
1428462,818431,3058236.2597,714896.1689,-2142678.0714,-2182137.3240,-134.4773,-134.4833,1.7500,7855.868,121.24,119.85
1430556,819631,3062718.5632,715943.9563,-2145818.3214,-2185335.7414,-134.4773,-134.4793,1.7500,7867.800,120.53,119.13
1432650,820831,3067202.3870,716992.0992,-2148960.6786,-2188534.2207,-134.4773,-135.0203,1.7500,7879.728,121.09,119.73
1434745,822031,3071687.3538,718040.5092,-2152097.1071,-2191740.1230,-134.4771,-134.4793,1.7500,7891.720,119.93,118.53
1436839,823231,3076170.6681,719088.5330,-2155238.1071,-2194939.2208,-134.4771,-134.4793,1.7500,7903.708,119.04,117.66
1438934,824431,3080655.1585,720136.8316,-2158385.3214,-2198133.8648,-134.4773,-134.4793,1.7500,7915.658,119.30,117.88
1441028,825631,3085138.4729,721184.8554,-2161526.3214,-2201332.9627,-134.4773,-134.4793,1.7500,7927.606,115.48,114.21
1443123,826831,3089623.9491,722233.3845,-2164664.1071,-2204538.2464,-134.4772,-134.4793,1.7500,7939.562,119.34,117.98
1445217,828031,3094107.2635,723281.4083,-2167805.1071,-2207737.3442,-134.4772,-134.4793,1.7500,7951.593,121.52,120.20
1447311,829231,3098590.5779,724329.4321,-2170946.1071,-2210936.4421,-134.4771,-134.4793,1.6667,7963.808,119.00,117.73
1449406,830431,3103075.0682,725377.7307,-2174093.3214,-2214131.0861,-134.4773,-134.4793,1.7500,7975.826,118.91,117.59
1451500,831631,3107558.3826,726425.7545,-2177234.3214,-2217330.1839,-134.4773,-134.3850,1.7500,7988.078,124.59,123.19
1453595,832831,3112043.8588,727474.2836,-2180372.1071,-2220535.4677,-134.4772,-134.4793,1.7500,8000.379,122.96,121.57
1455689,834031,3116527.1732,728522.3074,-2183513.1071,-2223734.5655,-134.4772,-134.4793,1.7500,8012.702,123.06,121.66
1457784,835231,3121012.6745,729570.8424,-2186661.0714,-2226929.8899,-134.4773,-134.4833,1.7500,8025.003,123.25,121.85
1459878,836431,3125494.9779,730618.6298,-2189801.3214,-2230128.3073,-134.4773,-134.4793,1.7500,8037.289,123.75,122.34
1461972,837631,3129978.8018,731666.7726,-2192943.6786,-2233326.7866,-134.4773,-135.0203,1.7500,8049.616,125.59,124.18
1464067,838831,3134463.7685,732715.1827,-2196080.1071,-2236532.6889,-134.4772,-134.4793,1.7500,8061.851,119.67,118.30
1466161,840031,3138947.0829,733763.2064,-2199221.1071,-2239731.7868,-134.4772,-134.4793,1.7500,8073.861,120.91,119.51
1468256,841231,3143431.5733,734811.5051,-2202368.3214,-2242926.4308,-134.4773,-134.4793,1.7500,8086.045,122.83,121.45
1470350,842431,3147914.8877,735859.5289,-2205509.3214,-2246125.5286,-134.4773,-134.4793,1.7500,8098.193,118.92,117.59
1472445,843631,3152400.3639,736908.0580,-2208647.1071,-2249330.8123,-134.4772,-134.4793,1.7500,8110.304,123.14,121.76
1474539,844831,3156883.6782,737956.0817,-2211788.1071,-2252529.9102,-134.4772,-134.4793,1.7500,8122.616,123.38,121.94
1476633,846031,3161366.9926,739004.1055,-2214929.1071,-2255729.0080,-134.4772,-134.4793,1.7500,8134.955,123.91,122.51
1478728,847231,3165851.4830,740052.4042,-2218076.3214,-2258923.6520,-134.4773,-134.4793,1.7500,8147.300,121.18,119.79
1480822,848431,3170334.7974,741100.4279,-2221217.3214,-2262122.7499,-134.4773,-134.3850,1.7500,8159.602,120.97,119.62
1482917,849631,3174820.2736,742148.9570,-2224355.1071,-2265328.0336,-134.4772,-134.4793,1.7500,8171.848,121.84,120.47
1485011,850831,3179303.5880,743196.9808,-2227496.1071,-2268527.1314,-134.4772,-134.4793,1.7500,8183.865,120.97,119.59
1487106,852031,3183789.0893,744245.5158,-2230644.0714,-2271722.4559,-134.4773,-134.4833,1.7500,8196.255,123.70,122.35
1489200,853231,3188271.3927,745293.3032,-2233784.3214,-2274920.8733,-134.4773,-134.4793,1.7500,8208.739,124.15,122.76
1491294,854431,3192755.2166,746341.4461,-2236926.6786,-2278119.3525,-134.4773,-134.4793,1.7500,8221.028,122.53,121.19
1493389,855631,3197240.1833,747389.8561,-2240063.1071,-2281325.2549,-134.4772,-134.4793,1.7500,8233.325,123.09,121.69
1495483,856831,3201723.4977,748437.8799,-2243204.1071,-2284524.3527,-134.4772,-134.4793,1.7500,8245.658,124.17,122.70
1497578,858031,3206207.9880,749486.1785,-2246351.3214,-2287718.9967,-134.4773,-134.4793,1.7500,8257.937,123.85,122.46
1499672,859231,3210691.3024,750534.2023,-2249492.3214,-2290918.0945,-134.4773,-134.4793,1.7500,8270.239,124.22,122.82
1501767,860431,3215176.7786,751582.7314,-2252630.1071,-2294123.3783,-134.4772,-134.4793,1.7500,8282.518,122.44,121.04
1503861,861631,3219660.0930,752630.7552,-2255771.1071,-2297322.4761,-134.4772,-134.4793,1.7500,8294.544,118.95,117.62
1505955,862831,3224143.4074,753678.7789,-2258912.1071,-2300521.5740,-134.4772,-134.4793,1.7500,8306.677,124.74,123.33
1508050,864031,3228627.8978,754727.0776,-2262059.3214,-2303716.2180,-134.4773,-134.4793,1.7500,8318.793,115.63,114.37
1510144,865231,3233111.2122,755775.1014,-2265200.3214,-2306915.3158,-134.4773,-134.3850,1.7500,8330.755,121.01,119.65
1512239,866431,3237596.6884,756823.6305,-2268338.1071,-2310120.5995,-134.4772,-134.4793,1.7500,8342.719,119.95,118.57
1514333,867631,3242080.0027,757871.6542,-2271479.1071,-2313319.6974,-134.4772,-134.4793,1.7500,8354.703,120.88,119.46
1516427,868831,3246563.3171,758919.6780,-2274620.1071,-2316518.7952,-134.4772,-133.9661,1.6667,8366.643,116.70,115.45
1518522,870031,3251047.8075,759967.9767,-2277767.3214,-2319713.4392,-134.4773,-134.4793,1.7500,8378.586,116.53,115.20
1520616,871231,3255531.6313,761016.1195,-2280909.6786,-2322911.9185,-134.4773,-134.4793,1.7500,8390.559,119.85,118.50
1522711,872431,3260016.5981,762064.5296,-2284046.1071,-2326117.8208,-134.4772,-134.4793,1.7500,8402.539,119.79,118.42
1524805,873631,3264499.9125,763112.5533,-2287187.1071,-2329316.9186,-134.4772,-134.4793,1.7500,8414.473,121.46,120.07
1526900,874831,3268984.4028,764160.8520,-2290334.3214,-2332511.5626,-134.4773,-134.4793,1.7500,8426.445,120.98,119.59
1528994,876031,3273467.7172,765208.8757,-2293475.3214,-2335710.6605,-134.4773,-134.4793,1.7500,8438.409,120.85,119.48
1531089,877231,3277953.1934,766257.4049,-2296613.1071,-2338915.9442,-134.4772,-134.4793,1.7500,8450.348,119.57,118.18
1533183,878431,3282436.5078,767305.4286,-2299754.1071,-2342115.0420,-134.4772,-134.4793,1.7500,8462.351,119.45,118.01
1535277,879631,3286919.8222,768353.4524,-2302895.1071,-2345314.1399,-134.4772,-134.4793,1.7500,8474.291,119.20,117.80
1537372,880831,3291404.3125,769401.7510,-2306042.3214,-2348508.7839,-134.4773,-134.4793,1.7500,8486.313,121.15,119.81
1539466,882031,3295887.6269,770449.7748,-2309183.3214,-2351707.8817,-134.4773,-134.4793,1.7500,8498.549,121.82,120.46
1541561,883231,3300373.1031,771498.3039,-2312321.1071,-2354913.1655,-134.4772,-134.4793,1.7500,8510.671,119.54,118.18
1543655,884431,3304856.4175,772546.3277,-2315462.1071,-2358112.2633,-134.4772,-134.4793,1.7500,8522.781,124.44,123.05
1545749,885631,3309339.7319,773594.3515,-2318603.1071,-2361311.3611,-134.4772,-133.9661,1.6667,8535.103,121.86,120.54
1547844,886831,3313824.2223,774642.6501,-2321750.3214,-2364506.0051,-134.4773,-134.4793,1.7500,8547.388,124.28,122.89
1549938,888031,3318308.0461,775690.7930,-2324892.6786,-2367704.4844,-134.4773,-134.4793,1.7500,8559.706,119.24,117.91
1552033,889231,3322793.0128,776739.2030,-2328029.1071,-2370910.3867,-134.4772,-134.4793,1.7500,8571.974,121.45,120.03
1554127,890431,3327276.3272,777787.2268,-2331170.1071,-2374109.4846,-134.4772,-134.4793,1.7500,8584.284,124.62,123.22
1556222,891631,3331760.8176,778835.5254,-2334317.3214,-2377304.1286,-134.4773,-134.4793,1.7500,8596.571,124.02,122.62
1558316,892831,3336244.1320,779883.5492,-2337458.3214,-2380503.2264,-134.4773,-134.4793,1.7500,8608.886,123.96,122.56
1560411,894031,3340729.6082,780932.0783,-2340596.1071,-2383708.5101,-134.4772,-134.4793,1.7500,8621.178,122.89,121.49
1562505,895231,3345212.9226,781980.1021,-2343737.1071,-2386907.6080,-134.4772,-134.4793,1.7500,8633.489,121.11,119.74
1564599,896431,3349696.2370,783028.1258,-2346878.1071,-2390106.7058,-134.4772,-134.4793,1.7500,8645.786,123.54,122.12
1566694,897631,3354180.7273,784076.4245,-2350025.3214,-2393301.3498,-134.4773,-134.4793,1.7500,8658.137,123.86,122.46
1568788,898831,3358664.0417,785124.4483,-2353166.3214,-2396500.4477,-134.4773,-134.4793,1.7500,8670.416,123.58,122.19
1570883,900031,3363149.5179,786172.9774,-2356304.1071,-2399705.7314,-134.4772,-134.4793,1.7500,8682.756,123.15,121.71
1572977,901231,3367632.8323,787221.0011,-2359445.1071,-2402904.8292,-134.4772,-134.4793,1.7500,8695.076,123.81,122.38
1575071,902431,3372116.1467,788269.0249,-2362586.1071,-2406103.9271,-134.4772,-133.9661,1.6667,8707.387,124.34,122.98
1577166,903631,3376600.6370,789317.3236,-2365733.3214,-2409298.5711,-134.4773,-134.4793,1.7500,8719.691,124.07,122.66
1579260,904831,3381084.4609,790365.4664,-2368875.6786,-2412497.0503,-134.4773,-134.4793,1.7500,8731.976,124.67,123.27
1581355,906031,3385569.4276,791413.8764,-2372012.1071,-2415702.9527,-134.4772,-134.4793,1.7500,8744.303,118.09,116.76
1583449,907231,3390052.7420,792461.9002,-2375153.1071,-2418902.0505,-134.4772,-134.4793,1.7500,8756.606,124.49,123.08
1585544,908431,3394537.2324,793510.1989,-2378300.3214,-2422096.6945,-134.4773,-134.4793,1.7500,8768.936,123.75,122.36
1587638,909631,3399020.5468,794558.2226,-2381441.3214,-2425295.7923,-134.4773,-134.4793,1.7500,8781.252,124.11,122.73
1589733,910831,3403506.0229,795606.7517,-2384579.1071,-2428501.0761,-134.4772,-134.4793,1.7500,8793.560,122.30,120.84
1591827,912031,3407989.3373,796654.7755,-2387720.1071,-2431700.1739,-134.4772,-134.4793,1.7500,8805.880,123.08,121.66
1593921,913231,3412472.6517,797702.7993,-2390861.1071,-2434899.2718,-134.4772,-134.4793,1.7500,8818.162,118.92,117.60
1596016,914431,3416957.1421,798751.0979,-2394008.3214,-2438093.9158,-134.4773,-134.4793,1.7500,8830.481,118.66,117.35
1598110,915631,3421440.4565,799799.1217,-2397149.3214,-2441293.0136,-134.4773,-134.4793,1.7500,8842.745,124.25,122.85
1600205,916831,3425925.9327,800847.6508,-2400287.1071,-2444498.2973,-134.4772,-134.4793,1.7500,8855.040,122.95,121.53
1602299,918031,3430409.2471,801895.6746,-2403428.1071,-2447697.3952,-134.4772,-134.4793,1.7500,8867.363,124.45,123.03
1604393,919231,3434892.5615,802943.6983,-2406569.1071,-2450896.4930,-134.4772,-134.4793,1.6667,8879.661,124.04,122.68
1606488,920431,3439377.0518,803991.9970,-2409716.3214,-2454091.1370,-134.4773,-134.4793,1.7500,8891.957,124.17,122.76
1608582,921631,3443860.8757,805040.1399,-2412858.6786,-2457289.6163,-134.4773,-134.4793,1.7500,8904.266,124.53,123.08
1610677,922831,3448345.8424,806088.5499,-2415995.1071,-2460495.5186,-134.4772,-134.4793,1.7500,8916.605,122.60,121.18
1612771,924031,3452829.1568,807136.5736,-2419136.1071,-2463694.6164,-134.4772,-134.4793,1.7500,8928.920,123.77,122.36
1614866,925231,3457313.6471,808184.8723,-2422283.3214,-2466889.2604,-134.4773,-134.4793,1.7500,8941.205,123.95,122.56
1616960,926431,3461796.9615,809232.8961,-2425424.3214,-2470088.3583,-134.4773,-134.4793,1.7500,8953.512,123.99,122.61
1619054,927631,3466280.7854,810281.0389,-2428566.6786,-2473286.8375,-134.4773,-135.0203,1.7500,8965.829,125.00,123.61
1621149,928831,3470765.7521,811329.4489,-2431703.1071,-2476492.7399,-134.4772,-134.4793,1.7500,8978.130,123.11,121.68
1623243,930031,3475249.0665,812377.4727,-2434844.1071,-2479691.8377,-134.4772,-134.4793,1.7500,8990.425,124.16,122.74
1625338,931231,3479733.5569,813425.7714,-2437991.3214,-2482886.4817,-134.4773,-134.4793,1.7500,9002.735,119.03,117.66
1627432,932431,3484216.8712,814473.7951,-2441132.3214,-2486085.5795,-134.4773,-134.4793,1.7500,9015.022,124.24,122.81
1629527,933631,3488702.3474,815522.3242,-2444270.1071,-2489290.8633,-134.4772,-134.4793,1.7500,9027.355,123.07,121.68
1631621,934831,3493185.6618,816570.3480,-2447411.1071,-2492489.9611,-134.4772,-134.4793,1.7500,9039.686,124.60,123.18
1633715,936031,3497668.9762,817618.3718,-2450552.1071,-2495689.0590,-134.4772,-134.4793,1.6667,9051.956,123.90,122.52
1635810,937231,3502153.4666,818666.6704,-2453699.3214,-2498883.7029,-134.4773,-134.4793,1.7500,9064.279,124.34,122.90
1637904,938431,3506637.2904,819714.8133,-2456841.6786,-2502082.1822,-134.4773,-134.4793,1.7500,9076.558,123.51,122.10
1639999,939631,3511122.2572,820763.2233,-2459978.1071,-2505288.0845,-134.4772,-134.4793,1.7500,9088.876,123.34,121.93
1642093,940831,3515605.5716,821811.2471,-2463119.1071,-2508487.1824,-134.4772,-134.4793,1.7500,9101.180,124.43,123.01
1644188,942031,3520091.0729,822859.7821,-2466267.0714,-2511682.5068,-134.4773,-134.4833,1.7500,9113.463,124.62,123.23
1646282,943231,3524573.3763,823907.5695,-2469407.3214,-2514880.9242,-134.4773,-134.4793,1.7500,9125.787,124.26,122.83
1648376,944431,3529057.2002,824955.7124,-2472549.6786,-2518079.4035,-134.4773,-135.0203,1.7500,9138.084,125.44,124.03
1650471,945631,3533542.1669,826004.1224,-2475686.1071,-2521285.3058,-134.4772,-134.4793,1.7500,9150.404,122.41,121.00
1652565,946831,3538025.4813,827052.1462,-2478827.1071,-2524484.4036,-134.4772,-134.4793,1.7500,9162.702,120.55,119.17
1654660,948031,3542509.9716,828100.4448,-2481974.3214,-2527679.0476,-134.4773,-134.4793,1.7500,9175.029,123.92,122.51
1656754,949231,3546993.2860,829148.4686,-2485115.3214,-2530878.1455,-134.4773,-134.4793,1.7500,9187.360,124.24,122.82
1658849,950431,3551478.7622,830196.9977,-2488253.1071,-2534083.4292,-134.4772,-134.4793,1.7500,9199.674,123.18,121.77
1660943,951631,3555962.0766,831245.0215,-2491394.1071,-2537282.5270,-134.4772,-134.4793,1.7500,9211.952,122.73,121.32
1663037,952831,3560445.3910,832293.0452,-2494535.1071,-2540481.6249,-134.4772,-134.4793,1.6667,9224.246,124.31,122.96
1665132,954031,3564929.8814,833341.3439,-2497682.3214,-2543676.2689,-134.4773,-134.4793,1.7500,9236.535,124.06,122.64
1667226,955231,3569413.1957,834389.3676,-2500823.3214,-2546875.3667,-134.4773,-134.3850,1.7500,9248.824,122.86,121.49
1669321,956431,3573898.6719,835437.8968,-2503961.1071,-2550080.6505,-134.4772,-134.4793,1.7500,9261.151,123.15,121.74
1671415,957631,3578381.9863,836485.9205,-2507102.1071,-2553279.7483,-134.4772,-134.4793,1.7500,9273.448,123.45,122.02
1673510,958831,3582867.4877,837534.4555,-2510250.0714,-2556475.0727,-134.4773,-134.4833,1.7500,9285.766,124.22,122.74
1675604,960031,3587349.7911,838582.2430,-2513390.3214,-2559673.4901,-134.4773,-134.4793,1.7500,9298.058,124.26,122.87
1677698,961231,3591833.6149,839630.3858,-2516532.6786,-2562871.9694,-134.4773,-135.0203,1.7500,9310.381,125.88,124.47
1679793,962431,3596318.5817,840678.7958,-2519669.1071,-2566077.8717,-134.4772,-134.4793,1.7500,9322.724,123.31,121.88
1681887,963631,3600801.8961,841726.8196,-2522810.1071,-2569276.9696,-134.4772,-134.4793,1.7500,9335.024,124.11,122.71
1683982,964831,3605286.3864,842775.1183,-2525957.3214,-2572471.6136,-134.4773,-134.4793,1.7500,9347.334,122.27,120.88
1686076,966031,3609769.7008,843823.1420,-2529098.3214,-2575670.7114,-134.4773,-134.4793,1.7500,9359.619,124.32,122.93
1688171,967231,3614255.1770,844871.6711,-2532236.1071,-2578875.9951,-134.4772,-134.4793,1.7500,9371.926,123.37,121.94
1690265,968431,3618738.4914,845919.6949,-2535377.1071,-2582075.0930,-134.4772,-134.4793,1.7500,9384.260,123.20,121.77
1692359,969631,3623221.8058,846967.7187,-2538518.1071,-2585274.1908,-134.4772,-134.4793,1.7500,9396.581,124.58,123.16
1694454,970831,3627706.2961,848016.0173,-2541665.3214,-2588468.8348,-134.4773,-134.4793,1.7500,9408.914,118.96,117.64
1696548,972031,3632189.6105,849064.0411,-2544806.3214,-2591667.9327,-134.4773,-134.3850,1.7500,9421.225,124.80,123.42
1698643,973231,3636675.0867,850112.5702,-2547944.1071,-2594873.2164,-134.4772,-134.4793,1.7500,9433.496,123.25,121.84
1700737,974431,3641158.4011,851160.5940,-2551085.1071,-2598072.3142,-134.4772,-134.4793,1.7500,9445.825,123.28,121.88
1702832,975631,3645643.9024,852209.1290,-2554233.0714,-2601267.6387,-134.4773,-134.4833,1.7500,9458.099,124.23,122.81
1704926,976831,3650126.2058,853256.9164,-2557373.3214,-2604466.0561,-134.4773,-134.4793,1.7500,9470.392,118.77,117.46
1707020,978031,3654610.0297,854305.0593,-2560515.6786,-2607664.5353,-134.4773,-134.4793,1.7500,9482.681,121.63,120.26
1709115,979231,3659094.9964,855353.4693,-2563652.1071,-2610870.4377,-134.4772,-134.4793,1.7500,9494.993,123.15,121.75
1711209,980431,3663578.3108,856401.4930,-2566793.1071,-2614069.5355,-134.4772,-134.4793,1.7500,9507.303,120.05,118.65
1713304,981631,3668062.8012,857449.7917,-2569940.3214,-2617264.1795,-134.4773,-134.4793,1.7500,9519.651,123.71,122.30
1715398,982831,3672546.1156,858497.8155,-2573081.3214,-2620463.2773,-134.4773,-134.4793,1.7500,9531.983,124.54,123.10
1717493,984031,3677031.5918,859546.3446,-2576219.1071,-2623668.5611,-134.4772,-134.4793,1.7500,9544.315,119.99,118.60
1719587,985231,3681514.9062,860594.3683,-2579360.1071,-2626867.6589,-134.4772,-134.4793,1.7500,9556.644,124.10,122.69
1721681,986431,3685998.2206,861642.3921,-2582501.1071,-2630066.7568,-134.4772,-134.4793,1.7500,9568.922,121.02,119.64
1723776,987631,3690482.7109,862690.6908,-2585648.3214,-2633261.4008,-134.4773,-134.4793,1.7500,9581.240,123.48,122.06
1725870,988831,3694966.0253,863738.7145,-2588789.3214,-2636460.4986,-134.4773,-134.3850,1.7500,9593.578,124.24,122.83
1727965,990031,3699451.5015,864787.2436,-2591927.1071,-2639665.7823,-134.4772,-134.4793,1.7500,9605.888,122.90,121.47
1730059,991231,3703934.8159,865835.2674,-2595068.1071,-2642864.8802,-134.4772,-134.4793,1.7500,9618.172,119.75,118.36
1732153,992431,3708418.1303,866883.2912,-2598209.1071,-2646063.9780,-134.4772,-133.9661,1.6667,9630.460,123.65,122.29
1734248,993631,3712902.6206,867931.5898,-2601356.3214,-2649258.6220,-134.4773,-134.4793,1.7500,9642.759,123.96,122.56
1736342,994831,3717386.4445,868979.7327,-2604498.6786,-2652457.1013,-134.4773,-134.4793,1.7500,9655.065,123.62,122.18
1738437,996031,3721871.4112,870028.1427,-2607635.1071,-2655663.0036,-134.4772,-134.4793,1.7500,9667.374,123.01,121.56
1740531,997231,3726354.7256,871076.1665,-2610776.1071,-2658862.1014,-134.4772,-134.4793,1.7500,9679.687,124.59,123.09
1742626,998431,3730839.2160,872124.4651,-2613923.3214,-2662056.7454,-134.4773,-134.4793,1.7500,9691.990,122.70,121.32
1744720,999631,3735322.5303,873172.4889,-2617064.3214,-2665255.8433,-134.4773,-134.4793,1.7500,9704.288,122.13,120.73
1745369,1000003,3736712.6171,873497.4369,-2618033.1071,-2666252.7622,-134.4772,-134.4793,1.7500,9708.109,120.89,119.50
