generation,path_length_rings,euclid_distance,effective_rings,global_x,global_y,heading_running,heading_windowed,local_clock,elapsed_s,hop_ms,patch_ms
60,31,97.1487,30.6051,-29.3838,91.2437,106.6244,NaN,1.9355,0.091,91.06,82.66
83,43,132.3667,41.6999,-41.6697,124.3085,107.6255,110.3835,1.9167,0.176,84.67,83.54
104,55,167.6605,52.8187,-50.3588,158.5665,106.9106,107.3048,1.7500,0.259,83.09,82.02
127,68,203.2869,64.0422,-67.4257,190.4866,108.8963,110.9729,1.7692,0.342,83.51,82.38
148,80,235.9443,74.3304,-71.6091,223.4710,107.2632,107.7103,1.7500,0.430,87.24,86.20
170,92,271.8299,85.6355,-84.7610,256.9491,107.8164,108.4791,1.8333,0.517,87.92,86.78
193,104,307.7249,96.9437,-97.8868,290.4253,108.2360,108.9792,1.9167,0.606,88.03,86.89
216,116,343.9102,108.3433,-105.4031,326.0231,107.5694,107.9414,1.9167,0.695,89.40,88.29
239,128,379.1453,119.4435,-117.6890,359.0880,107.8311,108.2468,1.9167,0.783,88.45,87.29
260,140,414.6221,130.6199,-128.5386,392.8651,107.8291,108.1977,1.7500,0.872,88.94,87.84
283,153,450.0513,141.7813,-143.4450,425.2661,108.3727,108.8539,1.7692,0.960,87.69,86.54
304,165,482.7157,152.0717,-147.6284,458.2505,107.6099,107.8582,1.7500,1.050,89.91,88.87
326,177,518.6095,163.3794,-160.7803,491.7285,107.8759,108.1643,1.8333,1.142,92.11,91.02
347,189,551.5927,173.7702,-175.0527,521.7635,108.3292,108.6935,1.7500,1.233,91.18,90.04
367,201,583.7774,183.9095,-182.2660,553.2703,108.0288,108.3091,1.6667,1.326,92.32,91.34
388,213,617.5007,194.5334,-189.5934,586.3408,107.7256,107.9312,1.7500,1.420,94.34,93.29
411,225,653.1343,205.7592,-206.6604,618.2609,108.2992,108.5918,1.9167,1.515,94.71,93.56
432,237,685.7939,216.0481,-210.8437,651.2453,107.7658,107.9541,1.7500,1.613,98.63,97.57
454,249,720.1435,226.8694,-222.6341,683.5359,107.8752,108.0702,1.8333,1.709,96.02,94.87
476,261,755.8700,238.1244,-233.1655,717.6779,107.8406,108.0199,1.8333,1.808,98.32,97.25
499,273,790.3987,249.0021,-248.7995,748.9003,108.2260,108.3468,1.9167,1.906,98.35,97.17
520,285,824.6094,259.7796,-253.0952,783.4746,107.7581,107.9744,1.7500,2.005,99.16,98.04
543,297,860.4700,271.0769,-271.0952,815.3310,108.2526,108.0535,1.9167,2.104,98.82,97.65
564,309,895.3082,282.0521,-276.2454,850.2948,107.8648,108.0801,1.7500,2.203,98.89,97.76
587,321,930.5491,293.1542,-288.5313,883.3597,107.9602,108.0196,1.9167,2.299,96.43,95.25
608,333,965.8197,304.2656,-297.2203,917.6177,107.8239,107.6312,1.7500,2.392,93.16,92.03
631,346,1001.4528,315.4912,-314.2873,949.5378,108.1945,108.5214,1.7692,2.484,91.99,90.85
652,358,1034.1136,325.7805,-318.4707,982.5222,107.8441,107.8515,1.7500,2.578,93.49,92.42
674,370,1070.0137,337.0902,-331.6226,1016.0003,107.9651,108.0511,1.8333,2.673,95.30,94.20
697,382,1105.9083,348.3982,-344.7484,1049.4765,108.0770,107.8741,1.9167,2.770,96.64,95.48
720,394,1142.0879,359.7960,-352.2646,1085.0743,107.8814,108.0801,1.9167,2.867,97.51,96.32
743,406,1177.3290,370.8981,-364.5505,1118.1392,107.9563,108.0196,1.9167,2.962,94.82,93.67
764,418,1212.8057,382.0745,-375.4002,1151.9163,107.9520,107.6373,1.7500,3.057,94.47,93.41
787,431,1248.2307,393.2346,-390.3065,1184.3173,108.1445,108.2461,1.7692,3.151,94.29,93.07
808,443,1280.8932,403.5243,-394.4899,1217.3017,107.8628,107.9905,1.7500,3.248,96.89,95.77
831,455,1316.7558,414.8223,-412.4899,1249.1581,108.1831,108.0689,1.9167,3.345,97.38,96.19
852,467,1351.5943,425.7975,-417.6401,1284.1219,107.9280,108.0951,1.7500,3.440,95.30,94.24
875,479,1387.4871,437.1050,-430.7659,1317.5981,108.0182,108.1725,1.9167,3.536,95.44,94.25
898,491,1425.4098,449.0519,-442.2495,1353.7413,108.0078,108.1965,1.9167,3.630,94.31,93.16
920,503,1459.5856,459.8184,-451.4194,1386.6957,107.9502,107.6244,1.8333,3.724,93.89,92.76
943,515,1495.7191,471.2017,-463.7837,1420.6719,107.9996,108.2964,1.9167,3.818,94.39,93.21
966,527,1531.6600,482.5243,-472.0614,1455.7698,107.8884,107.4216,1.9167,3.913,94.85,93.67
988,539,1566.6440,493.5454,-485.1235,1488.3129,107.9775,108.1277,1.8333,4.007,93.37,92.24
1010,551,1602.1108,504.7187,-495.9470,1522.0882,107.9728,107.9903,1.8333,4.100,93.40,92.28
1033,563,1636.9248,515.6863,-509.5798,1554.2627,108.0792,108.4466,1.9167,4.193,92.73,91.62
1054,575,1670.6398,526.3076,-516.9072,1587.3333,107.9662,107.6244,1.7500,4.283,90.68,89.61
1074,587,1702.8376,536.4510,-524.1205,1618.8400,107.8700,107.9102,1.6667,4.376,92.25,91.28
1095,599,1735.8087,546.8380,-538.3929,1648.8750,108.0142,108.0930,1.7500,4.471,95.25,94.18
1118,611,1773.7314,558.7849,-549.8765,1685.0181,108.0059,107.8881,1.9167,4.565,93.73,92.57
1141,623,1808.9753,569.8879,-562.1624,1718.0830,108.0522,108.3449,1.9167,4.660,95.21,94.05
1163,635,1844.0407,580.9347,-571.4107,1751.9488,107.9994,108.0754,1.8333,4.754,93.85,92.68
1186,647,1879.9810,592.2571,-579.6884,1787.0466,107.9088,107.8303,1.9167,4.848,94.07,92.94
1208,659,1914.9656,603.2784,-592.7504,1819.5898,107.9812,107.6756,1.8333,4.941,93.23,92.10
1230,671,1950.4324,614.4517,-603.5739,1853.3650,107.9774,108.1965,1.8333,5.033,92.31,91.21
1253,683,1985.2461,625.4192,-617.2067,1885.5396,108.0650,107.8324,1.9167,5.126,92.53,91.38
1274,695,2018.9613,636.0406,-624.5341,1918.6101,107.9717,108.0601,1.7500,5.217,90.90,89.84
1294,707,2051.1585,646.1838,-631.7474,1950.1169,107.8918,107.6275,1.6667,5.309,92.21,91.15
1317,720,2087.4556,657.6186,-648.4267,1982.8655,108.0513,108.1450,1.7692,5.401,91.67,90.53
1340,732,2124.4991,669.2885,-658.1374,2018.6610,108.0012,108.1131,1.9167,5.496,94.94,93.79
1363,744,2160.3941,680.5966,-671.2632,2052.1372,108.0579,108.1889,1.9167,5.590,94.71,93.54
1384,756,2193.9507,691.1681,-675.5250,2086.0329,107.8893,107.8913,1.7500,5.683,92.43,91.31
1405,768,2226.9220,701.5552,-689.7974,2116.0679,108.0014,108.0581,1.7500,5.777,94.09,92.94
1426,780,2260.2165,712.0440,-698.9149,2148.1129,107.9701,107.9636,1.7500,5.871,94.37,93.29
1449,792,2296.7353,723.5487,-712.8692,2181.9769,108.0406,107.9449,1.9167,5.965,93.81,92.69
1472,804,2332.9301,734.9513,-720.3707,2217.5964,107.9449,107.8913,1.9167,6.059,93.85,92.70
1494,816,2367.2829,745.7735,-732.1611,2249.8870,107.9756,108.2461,1.8333,6.151,92.25,91.15
1515,828,2399.6139,755.9589,-746.8429,2279.1082,108.0937,108.3017,1.7500,6.246,94.82,93.77
1536,840,2434.4717,766.9403,-751.9784,2314.0938,107.9529,107.8106,1.7500,6.341,95.14,94.01
1558,852,2468.8246,777.7626,-763.7688,2346.3844,107.9822,107.7902,1.8333,6.433,92.31,91.18
1578,864,2501.0209,787.9055,-770.9820,2377.8912,107.9165,107.6840,1.6667,6.528,94.42,93.40
1599,876,2533.9937,798.2930,-785.2544,2407.9262,108.0147,108.3191,1.7500,6.624,95.83,94.73
1622,888,2570.3664,809.7517,-795.3764,2442.8819,107.9883,108.0088,1.9167,6.717,92.89,91.73
1642,900,2601.8475,819.6693,-805.1318,2472.8134,107.9890,108.0240,1.6667,6.810,93.51,92.47
1664,912,2636.9145,830.7166,-814.3801,2506.6792,107.9529,107.6114,1.8333,6.906,95.77,94.63
1687,924,2672.3675,841.8855,-828.8266,2539.2632,108.0322,108.2193,1.9167,6.998,92.21,91.07
1708,936,2707.6335,852.9954,-837.5156,2573.5212,107.9827,108.2666,1.7500,7.092,94.05,92.95
1731,949,2743.0570,864.1550,-852.4220,2605.9222,108.0699,108.1290,1.7692,7.184,91.62,90.45
1752,961,2775.7192,874.4447,-856.6053,2638.9066,107.9408,107.7438,1.7500,7.279,95.53,94.42
1774,973,2811.6215,885.7551,-869.7573,2672.3847,107.9856,107.7459,1.8333,7.374,94.61,93.51
1795,985,2844.5990,896.1441,-884.0297,2702.4196,108.0722,108.6891,1.7500,7.468,94.49,93.40
1816,997,2877.2607,906.4337,-888.2130,2735.4040,107.9477,107.7638,1.7500,7.565,96.58,95.49
1839,1009,2912.4809,917.5292,-905.3993,2766.8510,108.0787,108.4548,1.9167,7.662,96.59,95.37
1860,1021,2947.9634,928.7074,-911.3633,2802.2243,107.9755,107.7459,1.7500,7.760,98.82,97.74
1883,1033,2983.8571,940.0151,-924.4891,2835.7005,108.0169,108.2749,1.9167,7.858,97.91,96.76
1904,1045,3017.1512,950.5039,-933.6066,2867.7455,107.9933,108.0580,1.7500,7.956,97.85,96.69
1925,1057,3050.1153,960.8887,-948.6589,2897.5114,108.0895,108.0741,1.7500,8.052,96.08,94.97
1946,1069,3083.6812,971.4631,-952.1408,2931.6762,107.9539,107.9578,1.7500,8.150,97.33,96.26
1969,1081,3119.5741,982.7705,-965.2666,2965.1524,107.9937,108.0375,1.9167,8.248,98.02,96.87
1991,1093,3153.4776,993.4513,-980.0722,2995.9871,108.0765,108.6897,1.8333,8.346,98.12,96.95
2012,1105,3188.3193,1004.4276,-985.2224,3030.9510,107.9695,107.7947,1.7500,8.444,98.83,97.65
2035,1117,3223.5620,1015.5302,-997.5083,3064.0158,107.9959,108.0261,1.9167,8.542,97.69,96.38
2056,1129,3259.0387,1026.7065,-1008.3579,3097.7929,107.9939,108.0131,1.7500,8.639,96.98,95.86
2079,1142,3294.4624,1037.8662,-1023.2643,3130.1939,108.0664,108.5214,1.7692,8.735,95.66,94.52
2099,1154,3326.6540,1048.0077,-1030.4776,3161.7007,108.0162,107.9508,1.6667,8.831,95.82,94.79
2120,1166,3360.3709,1058.6296,-1037.8050,3194.7712,107.9606,107.8692,1.7500,8.927,95.92,94.85
2143,1178,3396.0044,1069.8553,-1054.8720,3226.6914,108.0685,108.0626,1.9167,9.023,96.54,95.34
2164,1190,3428.6654,1080.1447,-1059.0554,3259.6757,107.9640,108.0626,1.7500,9.121,97.75,96.61
2186,1202,3463.0184,1090.9670,-1070.8457,3291.9664,107.9848,107.9811,1.8333,9.217,96.56,95.44
2208,1214,3498.7439,1102.2218,-1081.3772,3326.1083,107.9762,107.5584,1.8333,9.316,98.67,97.47
2231,1226,3533.2711,1113.0990,-1097.0111,3357.3307,108.0611,108.5583,1.9167,9.415,99.00,97.81
2252,1238,3567.4797,1123.8758,-1101.3068,3391.9050,107.9545,107.4023,1.7500,9.514,98.79,97.67
2275,1250,3603.3409,1135.1733,-1119.3068,3423.7614,108.0706,108.4984,1.9167,9.613,99.22,98.02
2296,1262,3638.1826,1146.1496,-1124.4570,3458.7253,107.9769,107.7947,1.7500,9.712,98.65,97.52
2319,1274,3673.4254,1157.2523,-1136.7429,3491.7901,108.0000,108.0309,1.9167,9.810,97.88,96.68
2340,1286,3708.6924,1168.3626,-1145.4319,3526.0481,107.9642,107.3835,1.7500,9.906,95.98,94.89
2363,1299,3744.3257,1179.5883,-1162.4989,3557.9682,108.0619,108.5661,1.7692,10.002,95.95,94.79
2384,1311,3776.9869,1189.8776,-1166.6823,3590.9526,107.9671,107.8409,1.7500,10.100,98.65,97.50
2406,1323,3812.8900,1201.1883,-1179.8342,3624.4307,107.9999,107.6338,1.8333,10.199,98.85,97.71
2429,1335,3848.7844,1212.4963,-1192.9600,3657.9069,108.0318,108.3323,1.9167,10.299,99.66,98.46
2452,1347,3884.9624,1223.8935,-1200.4763,3693.5047,107.9747,107.8710,1.9167,10.398,99.13,97.99
2475,1359,3920.2052,1234.9962,-1212.7622,3726.5696,107.9963,108.0084,1.9167,10.496,97.89,96.74
2496,1371,3955.6818,1246.1725,-1223.6118,3760.3467,107.9947,107.6373,1.7500,10.592,96.10,95.04
2519,1384,3991.1051,1257.3320,-1238.5182,3792.7477,108.0545,108.2461,1.7692,10.689,96.94,95.77
2540,1396,4023.7668,1267.6216,-1242.7015,3825.7321,107.9656,107.9905,1.7500,10.787,98.35,97.28
2562,1408,4059.6698,1278.9322,-1255.8535,3859.2101,107.9964,107.6275,1.8333,10.886,98.42,97.28
2583,1420,4092.6471,1289.3212,-1270.1258,3889.2451,108.0565,108.5343,1.7500,10.981,95.70,94.59
2603,1432,4124.8390,1299.4627,-1277.3391,3920.7519,108.0161,108.1802,1.6667,11.078,96.52,95.45
2624,1444,4158.5556,1310.0846,-1284.6666,3953.8224,107.9712,107.9449,1.7500,11.173,95.69,94.63
2647,1456,4194.1891,1321.3103,-1301.7335,3985.7425,108.0584,108.0444,1.9167,11.270,96.95,95.77
2668,1468,4226.8501,1331.5996,-1305.9169,4018.7269,107.9738,108.0780,1.7500,11.369,98.90,97.78
2690,1480,4261.2034,1342.4221,-1317.7073,4051.0175,107.9906,107.5521,1.8333,11.466,96.82,95.68
2712,1492,4296.9288,1353.6768,-1328.2387,4085.1595,107.9835,108.0199,1.8333,11.566,100.05,98.95
2735,1504,4331.4559,1364.5540,-1343.8727,4116.3819,108.0527,108.3468,1.9167,11.667,100.79,99.60
2756,1516,4365.6644,1375.3308,-1348.1683,4150.9562,107.9657,107.9744,1.7500,11.770,103.25,102.09
2779,1528,4401.5256,1386.6283,-1366.1683,4182.8126,108.0607,108.0535,1.9167,11.874,103.47,102.26
2800,1540,4436.3674,1397.6046,-1371.3186,4217.7764,107.9839,108.0801,1.7500,11.978,104.28,103.08
2822,1552,4470.7293,1408.4298,-1383.5522,4249.9319,108.0058,108.0398,1.8333,12.083,104.79,103.58
2844,1564,4506.8772,1419.8176,-1392.2935,4285.0993,107.9733,107.6312,1.8333,12.183,100.61,99.42
2867,1577,4542.5105,1431.0433,-1409.3605,4317.0194,108.0538,108.5214,1.7692,12.286,102.18,101.01
2887,1589,4574.7025,1441.1848,-1416.5738,4348.5262,108.0174,108.1437,1.6667,12.387,101.78,100.67
2908,1601,4606.8309,1451.3063,-1425.9196,4379.2715,108.0097,108.1010,1.7500,12.492,104.26,103.11
2930,1613,4642.5379,1462.5552,-1435.9817,4413.5467,107.9970,107.6448,1.8333,12.596,104.72,103.52
2953,1625,4675.5337,1472.9500,-1450.7235,4443.4484,108.0556,108.6114,1.9167,12.700,103.26,102.03
2972,1637,4708.6129,1483.3711,-1456.7659,4476.2689,108.0017,108.0351,1.5833,12.802,102.41,101.34
2994,1649,4744.0797,1494.5443,-1467.5894,4510.0442,108.0000,107.6448,1.8333,12.906,104.06,102.89
3017,1661,4778.8933,1505.5117,-1481.2222,4542.2187,108.0362,108.1630,1.9167,13.008,101.73,100.58
3038,1673,4812.6085,1516.1332,-1488.5496,4575.2893,107.9973,108.1630,1.7500,13.109,101.10,99.95
3058,1685,4844.8033,1526.2756,-1495.7629,4606.7960,107.9633,107.3498,1.6667,13.211,102.04,100.95
3079,1697,4877.7778,1536.6637,-1510.0353,4636.8310,108.0139,108.2749,1.7500,13.316,105.20,104.09
3102,1709,4915.7005,1548.6106,-1521.5189,4672.9741,108.0110,108.1437,1.9167,13.420,103.87,102.59
3125,1721,4950.9441,1559.7135,-1533.8048,4706.0390,108.0279,108.3191,1.9167,13.526,105.81,104.60
3147,1733,4986.0098,1570.7604,-1543.0531,4739.9048,108.0085,107.7157,1.8333,13.629,102.86,101.65
3170,1745,5021.9482,1582.0822,-1551.3308,4775.0026,107.9745,108.0330,1.9167,13.734,105.65,104.39
3192,1757,5056.9345,1593.1041,-1564.3928,4807.5458,108.0015,107.6040,1.8333,13.837,102.37,101.20
3214,1769,5092.4013,1604.2773,-1575.2163,4841.3210,107.9999,108.1076,1.8333,13.941,103.89,102.74
3237,1781,5127.2148,1615.2447,-1588.8491,4873.4956,108.0336,108.2232,1.9167,14.043,102.76,101.56
3258,1793,5160.9301,1625.8662,-1596.1765,4906.5661,107.9973,108.1630,1.7500,14.146,102.29,101.14
3278,1805,5193.1248,1636.0086,-1603.3898,4938.0729,107.9656,107.3498,1.6667,14.247,101.55,100.46
3301,1818,5229.4244,1647.4442,-1620.0691,4970.8215,108.0288,108.1081,1.7692,14.348,101.33,100.14
3324,1830,5266.4682,1659.1142,-1629.7798,5006.6170,108.0087,108.0019,1.9167,14.452,103.92,102.72
3347,1842,5302.3628,1670.4222,-1642.9056,5040.0932,108.0318,108.2764,1.9167,14.558,105.18,103.97
3368,1854,5335.9168,1680.9929,-1647.1674,5073.9889,107.9626,107.3043,1.7500,14.660,102.10,100.97
3389,1866,5368.8911,1691.3809,-1661.4398,5104.0239,108.0087,108.0581,1.7500,14.765,104.94,103.81
3410,1878,5402.1852,1701.8696,-1670.5573,5136.0689,107.9955,107.9636,1.7500,14.870,105.09,103.89
3433,1890,5438.7043,1713.3744,-1684.5116,5169.9329,108.0251,107.9449,1.9167,14.974,104.60,103.36
3456,1902,5474.8983,1724.7767,-1692.0131,5205.5524,107.9844,107.8913,1.9167,15.080,105.28,104.04
3478,1914,5509.2517,1735.5992,-1703.8035,5237.8430,107.9974,108.2461,1.8333,15.182,102.57,101.42
3499,1926,5541.5817,1745.7842,-1718.4853,5267.0642,108.0484,108.3017,1.7500,15.287,104.86,103.73
3520,1938,5576.4400,1756.7657,-1723.6208,5302.0498,107.9872,107.8106,1.7500,15.392,104.54,103.41
3542,1950,5610.7935,1767.5882,-1735.4111,5334.3404,107.9999,107.7902,1.8333,15.494,102.78,101.63
3562,1962,5642.9880,1777.7306,-1742.6244,5365.8472,107.9707,107.6840,1.6667,15.596,101.35,100.25
3583,1974,5675.9628,1788.1188,-1756.8968,5395.8822,108.0142,108.3191,1.7500,15.701,104.97,103.85
3606,1986,5712.3353,1799.5773,-1767.0188,5430.8379,108.0023,108.0088,1.9167,15.803,102.81,101.58
3626,1998,5743.8165,1809.4950,-1776.7742,5460.7694,108.0026,108.0240,1.6667,15.907,103.95,102.84
3648,2010,5778.8829,1820.5420,-1786.0225,5494.6352,107.9860,107.6114,1.8333,16.012,104.53,103.32
3671,2022,5814.3366,1831.7111,-1800.4690,5527.2192,108.0223,108.2193,1.9167,16.115,102.83,101.65
3692,2034,5849.6025,1842.8211,-1809.1580,5561.4772,107.9994,108.2666,1.7500,16.219,104.03,102.90
3715,2047,5885.0254,1853.9805,-1824.0644,5593.8782,108.0399,108.1290,1.7692,16.321,102.72,101.50
3736,2059,5917.6871,1864.2700,-1828.2477,5626.8626,107.9796,107.7438,1.7500,16.426,104.18,103.07
3758,2071,5953.5904,1875.5808,-1841.3997,5660.3407,108.0005,107.7459,1.8333,16.530,104.75,103.54
3779,2083,5986.5674,1885.9696,-1855.6721,5690.3756,108.0416,108.6891,1.7500,16.632,101.53,100.40
3800,2095,6019.2288,1896.2591,-1859.8554,5723.3600,107.9822,107.7638,1.7500,16.737,105.27,104.11
3823,2107,6054.4491,1907.3546,-1877.0417,5754.8070,108.0450,108.4548,1.9167,16.841,103.42,102.23
3844,2119,6089.9322,1918.5330,-1883.0057,5790.1803,107.9953,107.7459,1.7500,16.944,103.39,102.27
3867,2131,6125.8263,1929.8408,-1896.1314,5823.6565,108.0153,108.2749,1.9167,17.050,105.75,104.53
3888,2143,6159.1202,1940.3295,-1905.2490,5855.7015,108.0038,108.0580,1.7500,17.155,104.89,103.69
3909,2155,6192.0831,1950.7140,-1920.3013,5885.4674,108.0511,108.0741,1.7500,17.257,102.75,101.64
3930,2167,6225.6495,1961.2885,-1923.7832,5919.6322,107.9841,107.9578,1.7500,17.362,104.18,103.02
3953,2179,6261.5431,1972.5962,-1936.9090,5953.1084,108.0038,108.0375,1.9167,17.466,103.92,102.72
3975,2191,6295.4457,1983.2767,-1951.7146,5983.9431,108.0452,108.6897,1.8333,17.570,104.74,103.59
3996,2203,6330.2880,1994.2531,-1956.8648,6018.9070,107.9915,107.7947,1.7500,17.676,105.43,104.29
4019,2215,6365.5311,2005.3559,-1969.1507,6051.9718,108.0048,108.0261,1.9167,17.778,102.54,101.32
4040,2227,6401.0077,2016.5322,-1980.0003,6085.7489,108.0037,108.0131,1.7500,17.881,102.74,101.64
4063,2240,6436.4308,2027.6917,-1994.9067,6118.1499,108.0407,108.5214,1.7692,17.983,102.08,100.89
4083,2252,6468.6232,2037.8334,-2002.1200,6149.6567,108.0150,107.9508,1.6667,18.086,102.72,101.62
4104,2264,6502.3393,2048.4551,-2009.4474,6182.7272,107.9863,107.8692,1.7500,18.188,102.64,101.55
4127,2276,6537.9728,2059.6808,-2026.5144,6214.6474,108.0422,108.0626,1.9167,18.291,102.21,101.00
4148,2288,6570.6339,2069.9702,-2030.6978,6247.6317,107.9878,108.0626,1.7500,18.397,105.92,104.76
4170,2300,6604.9874,2080.7927,-2042.4881,6279.9224,107.9986,107.9811,1.8333,18.499,102.12,100.97
4192,2312,6640.7127,2092.0474,-2053.0196,6314.0643,107.9940,107.5584,1.8333,18.603,104.71,103.51
4215,2324,6675.2397,2102.9245,-2068.6535,6345.2867,108.0388,108.5583,1.9167,18.708,105.02,103.80
4236,2336,6709.4480,2113.7013,-2072.9492,6379.8610,107.9823,107.4023,1.7500,18.813,104.84,103.73
4259,2348,6745.3092,2124.9988,-2090.9492,6411.7174,108.0442,108.4984,1.9167,18.917,104.07,102.87
4280,2360,6780.1513,2135.9752,-2096.0994,6446.6813,107.9940,107.7947,1.7500,19.022,104.90,103.76
4303,2372,6815.3945,2147.0780,-2108.3853,6479.7461,108.0064,108.0309,1.9167,19.125,102.43,101.18
4324,2384,6850.6609,2158.1881,-2117.0743,6514.0041,107.9869,107.3835,1.7500,19.226,101.59,100.46
4347,2397,6886.2943,2169.4138,-2134.1413,6545.9242,108.0400,108.5661,1.7692,19.328,101.68,100.48
4368,2409,6918.9555,2179.7032,-2138.3247,6578.9086,107.9883,107.8409,1.7500,19.432,103.86,102.70
4390,2421,6954.8591,2191.0140,-2151.4766,6612.3867,108.0062,107.6338,1.8333,19.536,104.15,102.94
4413,2433,6990.7535,2202.3219,-2164.6024,6645.8629,108.0237,108.3323,1.9167,19.641,105.09,103.88
4436,2445,7026.9311,2213.7191,-2172.1187,6681.4607,107.9922,107.8710,1.9167,19.747,105.67,104.47
4459,2457,7062.1742,2224.8219,-2184.4046,6714.5256,108.0041,108.0084,1.9167,19.849,102.49,101.30
4480,2469,7097.6509,2235.9982,-2195.2542,6748.3027,108.0031,107.6373,1.7500,19.952,103.13,102.00
4503,2482,7133.0738,2247.1576,-2210.1606,6780.7037,108.0366,108.2461,1.7692,20.055,102.88,101.66
4524,2494,7165.7353,2257.4471,-2214.3439,6813.6881,107.9867,107.9905,1.7500,20.159,104.36,103.25
4546,2506,7201.6388,2268.7579,-2227.4959,6847.1661,108.0040,107.6275,1.8333,20.264,104.23,103.05
4567,2518,7234.6158,2279.1467,-2241.7682,6877.2011,108.0380,108.5343,1.7500,20.365,101.55,100.40
4587,2530,7266.8082,2289.2884,-2248.9815,6908.7079,108.0151,108.1802,1.6667,20.468,102.40,101.29
4608,2542,7300.5243,2299.9101,-2256.3090,6941.7784,107.9895,107.9449,1.7500,20.570,102.80,101.64
4631,2554,7336.1577,2311.1359,-2273.3759,6973.6985,108.0393,108.0444,1.9167,20.672,101.87,100.69
4652,2566,7368.8188,2321.4252,-2277.5593,7006.6829,107.9908,108.0780,1.7500,20.777,104.23,103.02
4674,2578,7403.1723,2332.2477,-2289.3497,7038.9735,108.0004,107.5521,1.8333,20.879,102.41,101.23
4696,2590,7438.8977,2343.5024,-2299.8811,7073.1155,107.9963,108.0199,1.8333,20.983,104.23,103.06
4719,2602,7473.4246,2354.3796,-2315.5151,7104.3379,108.0364,108.3468,1.9167,21.084,100.88,99.66
4740,2614,7507.6329,2365.1563,-2319.8107,7138.9122,107.9858,107.9744,1.7500,21.186,102.37,101.21
4763,2626,7543.4941,2376.4538,-2337.8107,7170.7686,108.0412,108.0535,1.9167,21.288,101.45,100.24
4784,2638,7578.3363,2387.4303,-2342.9610,7205.7324,107.9963,108.0801,1.7500,21.389,101.04,99.88
4806,2650,7612.6984,2398.2555,-2355.1946,7237.8879,108.0091,108.0398,1.8333,21.487,98.23,97.05
4828,2662,7648.8458,2409.6431,-2363.9359,7273.0553,107.9899,107.6312,1.8333,21.584,96.52,95.37
4851,2675,7684.4792,2420.8688,-2381.0029,7304.9754,108.0375,108.5214,1.7692,21.680,96.21,95.03
4871,2687,7716.6716,2431.0105,-2388.2162,7336.4822,108.0160,108.1437,1.6667,21.776,96.00,94.96
4892,2699,7748.8001,2441.1321,-2397.5620,7367.2275,108.0114,108.1010,1.7500,21.873,97.33,96.28
4914,2711,7784.5069,2452.3809,-2407.6241,7401.5027,108.0038,107.6448,1.8333,21.971,97.91,96.77
4937,2723,7817.5024,2462.7756,-2422.3659,7431.4044,108.0388,108.6114,1.9167,22.068,97.14,95.99
4956,2735,7850.5820,2473.1968,-2428.4083,7464.2249,108.0066,108.0351,1.5833,22.162,93.99,93.01
4978,2747,7886.0488,2484.3700,-2439.2318,7498.0002,108.0055,107.6448,1.8333,22.260,97.33,96.21
5001,2759,7920.8622,2495.3374,-2452.8646,7530.1747,108.0273,108.1630,1.9167,22.354,94.60,93.48
5022,2771,7954.5776,2505.9589,-2460.1920,7563.2453,108.0038,108.1630,1.7500,22.450,95.56,94.46
5042,2783,7986.7717,2516.1011,-2467.4053,7594.7520,107.9832,107.3498,1.6667,22.546,95.75,94.73
5063,2795,8019.7469,2526.4894,-2481.6777,7624.7870,108.0139,108.2749,1.7500,22.644,98.69,97.59
5086,2807,8057.6697,2538.4363,-2493.1613,7660.9301,108.0121,108.1437,1.9167,22.740,96.04,94.84
5109,2819,8092.9132,2549.5392,-2505.4472,7693.9950,108.0224,108.3191,1.9167,22.837,97.18,96.03
5131,2831,8127.9789,2560.5861,-2514.6955,7727.8608,108.0105,107.7157,1.8333,22.935,97.07,95.97
5154,2843,8163.9169,2571.9078,-2522.9732,7762.9586,107.9896,108.0330,1.9167,23.032,97.68,96.52
5176,2855,8198.9036,2582.9298,-2536.0352,7795.5018,108.0062,107.6040,1.8333,23.126,93.86,92.77
5198,2867,8234.3704,2594.1030,-2546.8587,7829.2770,108.0052,108.1076,1.8333,23.223,96.59,95.48
5221,2879,8269.1838,2605.0704,-2560.4915,7861.4516,108.0261,108.2232,1.9167,23.319,96.32,95.14
5242,2891,8302.8992,2615.6919,-2567.8189,7894.5221,108.0036,108.1630,1.7500,23.415,95.67,94.57
5262,2903,8335.0932,2625.8341,-2575.0322,7926.0289,107.9838,107.3498,1.6667,23.510,95.58,94.55
5285,2916,8371.3935,2637.2699,-2591.7115,7958.7775,108.0232,108.1081,1.7692,23.603,92.99,91.88
5308,2928,8408.4373,2648.9399,-2601.4222,7994.5730,108.0106,108.0019,1.9167,23.699,96.19,95.07
5331,2940,8444.3318,2660.2479,-2614.5480,8028.0492,108.0251,108.2764,1.9167,23.798,98.12,96.98
5352,2952,8477.8852,2670.8183,-2618.8098,8061.9449,107.9816,107.3043,1.7500,23.895,97.51,96.36
5373,2964,8510.8602,2681.2066,-2633.0822,8091.9799,108.0106,108.0581,1.7500,23.996,100.62,99.54
5394,2976,8544.1542,2691.6953,-2642.1997,8124.0249,108.0023,107.9636,1.7500,24.095,99.36,98.27
5417,2988,8580.6734,2703.2001,-2656.1540,8157.8889,108.0210,107.9449,1.9167,24.196,100.82,99.62
5440,3000,8616.8672,2714.6023,-2663.6555,8193.5084,107.9952,107.8913,1.9167,24.299,103.44,102.27
5462,3012,8651.2208,2725.4249,-2675.4459,8225.7990,108.0034,108.2461,1.8333,24.398,99.17,98.04
5483,3024,8683.5504,2735.6098,-2690.1277,8255.0202,108.0359,108.3017,1.7500,24.501,102.48,101.36
5504,3036,8718.4090,2746.5914,-2695.2632,8290.0058,107.9968,107.8106,1.7500,24.606,104.89,103.76
5526,3048,8752.7626,2757.4139,-2707.0535,8322.2964,108.0049,107.7902,1.8333,24.708,102.27,101.08
5546,3060,8784.9566,2767.5561,-2714.2668,8353.8032,107.9861,107.6840,1.6667,24.809,101.29,100.24
5567,3072,8817.9319,2777.9445,-2728.5392,8383.8382,108.0141,108.3191,1.7500,24.914,104.43,103.30
5590,3084,8854.3044,2789.4030,-2738.6612,8418.7939,108.0064,108.0088,1.9167,25.015,100.80,99.52
5610,3096,8885.7856,2799.3207,-2748.4166,8448.7254,108.0066,108.0240,1.6667,25.118,103.37,102.29
5632,3108,8920.8518,2810.3677,-2757.6649,8482.5912,107.9958,107.6114,1.8333,25.223,104.94,103.79
5655,3120,8956.3057,2821.5369,-2772.1114,8515.1752,108.0193,108.2193,1.9167,25.325,102.57,101.37
5676,3132,8991.5715,2832.6468,-2780.8004,8549.4332,108.0044,108.2666,1.7500,25.430,104.67,103.50
5699,3145,9026.9943,2843.8061,-2795.7068,8581.8342,108.0309,108.1290,1.7692,25.542,112.35,111.12
5720,3157,9059.6559,2854.0956,-2799.8901,8614.8186,107.9914,107.7438,1.7500,25.648,105.37,104.25
5742,3169,9095.5595,2865.4065,-2813.0421,8648.2967,108.0051,107.7459,1.8333,25.752,104.55,103.35
5763,3181,9128.5362,2875.7953,-2827.3145,8678.3316,108.0320,108.6891,1.7500,25.854,101.84,100.63
5784,3193,9161.1976,2886.0847,-2831.4978,8711.3160,107.9930,107.7638,1.7500,25.957,102.75,101.62
5807,3205,9196.4179,2897.1803,-2848.6841,8742.7630,108.0344,108.4548,1.9167,26.057,100.09,98.90
5828,3217,9231.9012,2908.3587,-2854.6481,8778.1363,108.0016,107.7459,1.7500,26.157,99.60,98.54
5851,3229,9267.7954,2919.6666,-2867.7738,8811.6125,108.0148,108.2749,1.9167,26.256,99.40,98.23
5872,3241,9301.0893,2930.1553,-2876.8914,8843.6575,108.0072,108.0580,1.7500,26.355,99.23,98.14
5893,3253,9334.0517,2940.5395,-2891.9437,8873.4234,108.0386,108.0741,1.7500,26.453,97.93,96.86
5914,3265,9367.6183,2951.1141,-2895.4256,8907.5882,107.9941,107.9578,1.7500,26.554,101.19,100.11
5937,3277,9403.5122,2962.4219,-2908.5514,8941.0644,108.0072,108.0375,1.9167,26.656,101.76,100.56
5959,3289,9437.4146,2973.1023,-2923.3570,8971.8991,108.0348,108.6897,1.8333,26.758,102.08,100.94
5980,3301,9472.2569,2984.0788,-2928.5072,9006.8630,107.9989,107.7947,1.7500,26.861,102.87,101.71
6003,3313,9507.5002,2995.1816,-2940.7931,9039.9278,108.0078,108.0261,1.9167,26.963,101.41,100.19
6024,3325,9542.9768,3006.3579,-2951.6427,9073.7049,108.0070,108.0131,1.7500,27.063,100.78,99.65
6047,3338,9578.3997,3017.5173,-2966.5491,9106.1059,108.0319,108.5214,1.7692,27.161,97.84,96.65
6067,3350,9610.5923,3027.6591,-2973.7624,9137.6127,108.0146,107.9508,1.6667,27.261,99.83,98.78
6088,3362,9644.3082,3038.2807,-2981.0898,9170.6832,107.9953,107.8692,1.7500,27.359,97.74,96.64
6111,3374,9679.9416,3049.5065,-2998.1568,9202.6034,108.0330,108.0626,1.9167,27.455,96.70,95.55
6132,3386,9712.6028,3059.7958,-3002.3402,9235.5877,107.9962,108.0626,1.7500,27.558,102.33,101.23
6154,3398,9746.9564,3070.6184,-3014.1305,9267.8783,108.0035,107.9811,1.8333,27.659,101.10,99.91
6176,3410,9782.6817,3081.8730,-3024.6620,9302.0203,108.0004,107.5584,1.8333,27.762,103.52,102.33
6199,3422,9817.2086,3092.7502,-3040.2959,9333.2427,108.0308,108.5583,1.9167,27.866,103.83,102.63
6220,3434,9851.4168,3103.5269,-3044.5916,9367.8170,107.9923,107.4023,1.7500,27.972,105.39,104.22
6243,3446,9887.2780,3114.8244,-3062.5916,9399.6734,108.0345,108.4984,1.9167,28.075,103.70,102.52
6264,3458,9922.1203,3125.8009,-3067.7418,9434.6373,108.0003,107.7947,1.7500,28.177,101.77,100.65
6287,3470,9957.3636,3136.9037,-3080.0277,9467.7021,108.0087,108.0309,1.9167,28.277,99.83,98.64
6308,3482,9992.6298,3148.0137,-3088.7167,9501.9601,107.9954,107.3835,1.7500,28.375,98.50,97.41
6331,3495,10028.2632,3159.2394,-3105.7837,9533.8802,108.0318,108.5661,1.7692,28.473,97.15,95.94
6352,3507,10060.9244,3169.5288,-3109.9671,9566.8646,107.9963,107.8409,1.7500,28.576,103.01,101.90
6374,3519,10096.8282,3180.8397,-3123.1190,9600.3427,108.0086,107.6338,1.8333,28.676,100.91,99.76
6397,3531,10132.7226,3192.1476,-3136.2448,9633.8189,108.0206,108.3323,1.9167,28.779,102.15,100.99
6420,3543,10168.9001,3203.5448,-3143.7611,9669.4167,107.9989,107.8710,1.9167,28.877,98.79,97.66
6443,3555,10204.1433,3214.6476,-3156.0469,9702.4816,108.0071,108.0084,1.9167,28.977,99.61,98.44
6464,3567,10239.6200,3225.8239,-3166.8966,9736.2587,108.0064,107.6373,1.7500,29.077,99.92,98.80
6487,3580,10275.0428,3236.9833,-3181.8029,9768.6597,108.0296,108.2461,1.7692,29.176,99.26,98.08
6508,3592,10307.7042,3247.2727,-3185.9863,9801.6441,107.9950,107.9905,1.7500,29.278,101.86,100.74
6531,3604,10343.5657,3258.5703,-3203.9863,9833.5005,108.0353,108.0689,1.9167,29.378,100.20,99.05
6552,3616,10378.4078,3269.5467,-3209.1366,9868.4643,108.0026,108.0951,1.7500,29.480,101.85,100.71
6575,3628,10414.3020,3280.8546,-3222.2623,9901.9405,108.0143,108.1725,1.9167,29.582,101.65,100.48
6598,3640,10452.2247,3292.8015,-3233.7459,9938.0837,108.0129,108.1965,1.9167,29.682,99.87,98.67
6620,3652,10486.3997,3303.5678,-3242.9158,9971.0381,108.0049,107.6244,1.8333,29.783,101.78,100.61
6643,3664,10522.5339,3314.9513,-3255.2802,10005.0143,108.0117,108.2964,1.9167,29.884,100.85,99.69
6666,3676,10558.4717,3326.2729,-3263.5579,10040.1122,107.9956,107.4216,1.9167,29.986,101.97,100.77
6688,3688,10593.4586,3337.2950,-3276.6199,10072.6553,108.0084,108.1277,1.8333,30.085,98.40,97.25
6710,3700,10628.9254,3348.4682,-3287.4434,10106.4306,108.0076,107.9903,1.8333,30.185,100.02,98.88
6733,3712,10663.7388,3359.4356,-3301.0762,10138.6052,108.0238,108.4466,1.9167,30.284,98.91,97.76
6754,3724,10697.4542,3370.0571,-3308.4036,10171.6757,108.0063,107.6244,1.7500,30.382,98.71,97.60
6774,3736,10729.6480,3380.1992,-3315.6169,10203.1824,107.9909,107.9102,1.6667,30.479,97.16,96.10
6795,3748,10762.6235,3390.5876,-3329.8893,10233.2174,108.0138,108.0930,1.7500,30.582,102.66,101.52
6818,3760,10800.5463,3402.5345,-3341.3729,10269.3605,108.0124,107.8881,1.9167,30.681,99.14,97.92
6840,3772,10833.6437,3412.9613,-3347.4006,10302.2027,107.9890,107.8389,1.8333,30.781,99.99,98.79
6861,3784,10866.6115,3423.3473,-3362.1309,10332.0809,108.0143,108.1246,1.7500,30.883,101.56,100.44
6881,3796,10899.8906,3433.8313,-3372.0284,10363.8568,108.0121,108.1001,1.6667,30.982,99.06,97.97
6903,3808,10934.2445,3444.6540,-3383.8188,10396.1474,108.0185,107.8456,1.8333,31.084,102.22,101.06
6926,3820,10970.1721,3455.9723,-3392.0703,10431.2433,108.0028,108.1246,1.9167,31.186,101.68,100.41
6949,3832,11006.3323,3467.3640,-3404.4461,10465.2431,108.0094,107.6049,1.9167,31.288,101.90,100.68
6972,3844,11043.3220,3479.0170,-3415.8545,10500.4296,108.0092,108.1131,1.9167,31.388,100.08,98.91
6994,3857,11077.9696,3489.9322,-3423.2438,10534.4593,107.9912,107.6275,1.6923,31.487,99.54,98.38
7017,3870,11114.2701,3501.3681,-3439.9231,10567.2079,108.0208,108.1450,1.7692,31.587,99.46,98.27
7040,3882,11151.3140,3513.0381,-3449.6338,10603.0034,108.0113,108.1131,1.9167,31.688,101.60,100.41
7063,3894,11187.2084,3524.3461,-3462.7596,10636.4796,108.0223,108.1889,1.9167,31.790,102.07,100.81
7086,3906,11224.0267,3535.9451,-3471.0896,10672.4869,108.0058,108.1687,1.9167,31.890,99.57,98.32
7107,3918,11257.7333,3546.5638,-3483.2893,10703.9638,108.0154,108.1267,1.7500,31.988,97.88,96.73
7128,3930,11289.8617,3556.6853,-3492.6352,10734.7091,108.0122,108.0867,1.7500,32.087,98.97,97.86
7150,3942,11325.5685,3567.9342,-3502.6973,10768.9843,108.0070,107.7364,1.8333,32.187,100.17,99.01
7173,3954,11360.3819,3578.9015,-3516.3300,10801.1589,108.0222,108.2791,1.9167,32.283,96.14,94.99
7194,3966,11394.0973,3589.5230,-3523.6575,10834.2294,108.0058,108.2461,1.7500,32.382,98.71,97.64
7214,3978,11426.2912,3599.6652,-3530.8707,10865.7362,107.9914,107.6275,1.6667,32.480,97.71,96.65
7237,3990,11461.9238,3610.8906,-3547.9377,10897.6563,108.0232,108.1993,1.9167,32.578,98.90,97.72
7258,4002,11495.6392,3621.5121,-3555.2652,10930.7268,108.0070,108.3000,1.7500,32.677,98.91,97.77
7278,4014,11527.8329,3631.6542,-3562.4784,10962.2336,107.9926,107.6373,1.6667,32.777,99.18,98.07
7299,4026,11560.8086,3642.0427,-3576.7508,10992.2686,108.0139,108.0444,1.7500,32.879,102.08,100.97
7322,4038,11598.7313,3653.9896,-3588.2344,11028.4117,108.0127,107.9164,1.9167,32.978,98.84,97.61
7345,4050,11633.9748,3665.0925,-3600.5203,11061.4766,108.0199,108.3017,1.9167,33.076,98.86,97.70
7367,4062,11669.0405,3676.1394,-3609.7686,11095.3424,108.0116,108.0486,1.8333,33.175,98.18,97.04
7390,4074,11704.9783,3687.4610,-3618.0464,11130.4402,107.9970,107.7932,1.9167,33.275,100.25,99.05
7412,4086,11739.9652,3698.4830,-3631.1084,11162.9834,108.0086,108.3000,1.8333,33.375,100.27,99.09
7434,4098,11775.4320,3709.6562,-3641.9319,11196.7586,108.0078,107.7903,1.8333,33.475,99.66,98.47
7457,4110,11810.2454,3720.6236,-3655.5647,11228.9332,108.0225,108.2112,1.9167,33.575,99.86,98.64
7478,4122,11843.9608,3731.2451,-3662.8921,11262.0037,108.0067,107.7417,1.7500,33.673,98.85,97.72
7498,4134,11876.1545,3741.3872,-3670.1054,11293.5105,107.9928,107.7688,1.6667,33.772,98.12,97.05
7521,4147,11912.4551,3752.8231,-3686.7846,11326.2591,108.0205,108.1081,1.7692,33.868,96.28,95.14
7544,4159,11949.4990,3764.4932,-3696.4954,11362.0546,108.0116,108.0019,1.9167,33.968,100.33,99.19
7567,4171,11985.3934,3775.8011,-3709.6211,11395.5308,108.0218,108.2764,1.9167,34.068,99.81,98.64
7590,4183,12022.4778,3787.4840,-3717.2011,11432.0617,108.0023,107.6608,1.9167,34.169,100.59,99.34
7613,4195,12058.6120,3798.8674,-3729.5655,11466.0378,108.0083,108.0509,1.9167,34.269,100.28,99.05
7634,4207,12090.7405,3808.9890,-3738.9113,11496.7832,108.0054,108.2461,1.7500,34.368,99.29,98.15
7656,4219,12126.4658,3820.2437,-3749.4428,11530.9251,108.0028,107.6510,1.8333,34.470,101.92,100.75
7679,4231,12160.9926,3831.1208,-3765.0768,11562.1475,108.0274,108.3809,1.9167,34.572,102.12,100.85
7700,4243,12195.2008,3841.8975,-3769.3724,11596.7218,107.9963,108.0601,1.7500,34.674,102.23,101.05
7723,4255,12231.0620,3853.1950,-3787.3724,11628.5782,108.0304,108.3148,1.9167,34.777,102.28,101.08
7744,4267,12265.9044,3864.1715,-3792.5226,11663.5421,108.0027,107.8303,1.7500,34.879,102.17,101.00
7767,4279,12301.1477,3875.2743,-3804.8085,11696.6070,108.0096,107.8303,1.9167,34.979,100.45,99.23
7788,4291,12336.4138,3886.3843,-3813.4976,11730.8649,107.9988,107.7742,1.7500,35.078,98.73,97.59
7811,4304,12372.0472,3897.6100,-3830.5645,11762.7851,108.0283,108.5764,1.7692,35.177,99.11,97.93
7832,4316,12404.7084,3907.8994,-3834.7479,11795.7694,107.9995,107.8389,1.7500,35.279,102.09,100.92
7854,4328,12440.6123,3919.2104,-3847.8999,11829.2475,108.0094,108.0377,1.8333,35.381,101.92,100.76
7877,4340,12476.5067,3930.5183,-3861.0256,11862.7237,108.0192,107.9616,1.9167,35.482,101.03,99.85
7900,4352,12512.6842,3941.9154,-3868.5419,11898.3215,108.0015,107.9102,1.9167,35.584,101.55,100.33
7923,4364,12547.9274,3953.0182,-3880.8278,11931.3864,108.0082,108.2810,1.9167,35.684,99.92,98.75
7944,4376,12583.4041,3964.1946,-3891.6774,11965.1635,108.0077,107.7807,1.7500,35.783,99.76,98.67
7967,4389,12618.8268,3975.3539,-3906.5838,11997.5645,108.0266,108.2930,1.7692,35.881,97.88,96.68
7988,4401,12651.4882,3985.6433,-3910.7672,12030.5489,107.9983,107.5759,1.7500,35.981,99.75,98.65
8010,4413,12687.3920,3996.9542,-3923.9191,12064.0270,108.0081,108.1131,1.8333,36.082,101.41,100.26
8031,4425,12720.3687,4007.3430,-3938.1915,12094.0619,108.0274,108.3762,1.7500,36.182,99.08,97.93
8051,4437,12752.5614,4017.4848,-3945.4048,12125.5687,108.0144,108.1802,1.6667,36.281,99.31,98.22
8072,4449,12786.2772,4028.1064,-3952.7322,12158.6392,107.9998,107.9449,1.7500,36.380,98.68,97.59
8095,4461,12821.9106,4039.3321,-3969.7992,12190.5594,108.0283,108.0444,1.9167,36.478,97.97,96.79
8116,4473,12854.5718,4049.6215,-3973.9826,12223.5437,108.0005,108.0780,1.7500,36.578,100.89,99.79
8138,4485,12888.9255,4060.4441,-3985.7729,12255.8343,108.0060,107.5521,1.8333,36.676,97.46,96.33
8160,4497,12924.6508,4071.6987,-3996.3044,12289.9763,108.0036,108.0199,1.8333,36.778,101.75,100.63
8183,4509,12959.1776,4082.5758,-4011.9383,12321.1987,108.0267,108.3468,1.9167,36.877,99.39,98.21
8204,4521,12993.3857,4093.3525,-4016.2340,12355.7730,107.9975,107.9744,1.7500,36.977,100.32,99.14
8227,4533,13029.2470,4104.6500,-4034.2340,12387.6294,108.0295,108.0535,1.9167,37.080,102.32,101.10
8248,4545,13064.0894,4115.6266,-4039.3842,12422.5933,108.0035,108.0801,1.7500,37.182,102.31,101.14
8271,4557,13099.3327,4126.7294,-4051.6701,12455.6581,108.0100,108.0196,1.9167,37.283,100.55,99.31
8292,4569,13134.5988,4137.8394,-4060.3591,12489.9161,107.9998,107.6312,1.7500,37.382,99.00,97.84
8315,4582,13170.2322,4149.0651,-4077.4261,12521.8362,108.0275,108.5214,1.7692,37.480,98.90,97.76
8336,4594,13202.8934,4159.3545,-4081.6095,12554.8206,108.0005,107.8515,1.7500,37.582,101.66,100.53
8358,4606,13238.7973,4170.6654,-4094.7614,12588.2987,108.0098,108.0511,1.8333,37.684,101.96,100.79
8381,4618,13274.6917,4181.9733,-4107.8872,12621.7749,108.0190,107.8741,1.9167,37.785,101.48,100.26
8404,4630,13310.8692,4193.3705,-4115.4034,12657.3727,108.0024,108.0801,1.9167,37.887,101.91,100.72
8427,4642,13346.1124,4204.4733,-4127.6893,12690.4376,108.0087,108.0196,1.9167,37.988,100.21,99.00
8448,4654,13381.5891,4215.6496,-4138.5390,12724.2147,108.0082,107.6373,1.7500,38.088,99.98,98.81
8471,4667,13417.0118,4226.8090,-4153.4453,12756.6157,108.0259,108.2461,1.7692,38.187,99.42,98.21
8492,4679,13449.6732,4237.0984,-4157.6287,12789.6001,107.9994,107.9905,1.7500,38.288,101.45,100.32
8515,4691,13485.5346,4248.3960,-4175.6287,12821.4565,108.0303,108.0689,1.9167,38.389,100.15,98.97
8536,4703,13520.3769,4259.3724,-4180.7790,12856.4203,108.0052,108.0951,1.7500,38.488,99.71,98.60
8559,4715,13556.2711,4270.6803,-4193.9047,12889.8965,108.0142,108.1725,1.9167,38.589,100.90,99.72
8582,4727,13594.1938,4282.6272,-4205.3883,12926.0397,108.0131,108.1965,1.9167,38.687,97.66,96.41
8604,4739,13628.3688,4293.3935,-4214.5582,12958.9941,108.0069,107.6244,1.8333,38.786,99.44,98.28
8627,4751,13664.5031,4304.7770,-4226.9226,12992.9703,108.0122,108.2964,1.9167,38.885,99.08,97.89
8650,4763,13700.4407,4316.0986,-4235.2003,13028.0682,107.9997,107.4216,1.9167,38.987,101.91,100.70
8672,4775,13735.4277,4327.1207,-4248.2623,13060.6113,108.0096,108.1277,1.8333,39.086,98.61,97.44
8694,4787,13770.8945,4338.2939,-4259.0858,13094.3866,108.0090,107.9903,1.8333,39.184,98.49,97.32
8717,4799,13805.7079,4349.2613,-4272.7186,13126.5612,108.0215,108.4466,1.9167,39.284,99.16,98.00
8738,4811,13839.4233,4359.8828,-4280.0460,13159.6317,108.0080,107.6244,1.7500,39.381,97.40,96.27
8758,4823,13871.6169,4370.0248,-4287.2593,13191.1384,107.9961,107.9102,1.6667,39.480,98.64,97.55
8779,4835,13904.5927,4380.4133,-4301.5317,13221.1734,108.0138,108.0930,1.7500,39.582,102.05,100.91
8802,4847,13942.5154,4392.3602,-4313.0153,13257.3165,108.0128,107.8881,1.9167,39.682,100.25,99.02
8824,4859,13975.6126,4402.7870,-4319.0430,13290.1587,107.9946,107.8389,1.8333,39.781,99.02,97.86
8845,4871,14008.5806,4413.1730,-4333.7733,13320.0369,108.0142,108.1246,1.7500,39.880,99.51,98.41
8865,4883,14041.8597,4423.6570,-4343.6708,13351.8128,108.0125,108.1001,1.6667,39.976,95.92,94.85
8887,4895,14076.2137,4434.4797,-4355.4612,13384.1034,108.0175,107.8456,1.8333,40.078,101.15,100.00
8910,4907,14112.1412,4445.7980,-4363.7127,13419.1993,108.0053,108.1246,1.9167,40.179,101.99,100.75
8933,4919,14148.3014,4457.1897,-4376.0885,13453.1991,108.0104,107.6049,1.9167,40.282,102.32,101.10
8956,4931,14185.2912,4468.8427,-4387.4969,13488.3856,108.0102,108.1131,1.9167,40.382,100.07,98.87
8978,4944,14219.9385,4479.7578,-4394.8862,13522.4153,107.9962,107.6275,1.6923,40.479,97.60,96.43
9001,4957,14256.2392,4491.1938,-4411.5655,13555.1639,108.0193,108.1450,1.7692,40.579,99.28,98.09
9024,4969,14293.2831,4502.8638,-4421.2762,13590.9594,108.0119,108.1131,1.9167,40.680,101.61,100.43
9047,4981,14329.1775,4514.1718,-4434.4020,13624.4356,108.0204,108.1889,1.9167,40.782,101.90,100.67
9070,4993,14365.9958,4525.7708,-4442.7320,13660.4429,108.0076,108.1687,1.9167,40.884,101.81,100.60
9093,5005,14402.3961,4537.2381,-4454.3463,13694.9427,108.0091,107.9981,1.9167,40.984,100.21,98.98
9114,5017,14434.5246,4547.3596,-4463.6922,13725.6880,108.0066,107.9576,1.7500,41.084,99.75,98.67
9135,5029,14469.0516,4558.2368,-4479.3261,13756.9104,108.0273,108.1474,1.7500,41.184,99.71,98.62
9156,5041,14501.7127,4568.5262,-4483.5095,13789.8948,108.0027,107.8913,1.7500,41.285,101.70,100.56
9178,5053,14536.0664,4579.3487,-4495.2999,13822.1854,108.0075,108.2461,1.8333,41.384,98.94,97.74
9199,5065,14568.3959,4589.5336,-4509.9817,13851.4067,108.0269,108.3017,1.7500,41.483,98.77,97.65
9220,5077,14603.2546,4600.5152,-4515.1172,13886.3922,108.0036,107.8106,1.7500,41.583,99.93,98.83
9242,5089,14637.6083,4611.3378,-4526.9076,13918.6828,108.0084,108.3000,1.8333,41.682,98.56,97.41
9262,5101,14669.8019,4621.4799,-4534.1208,13950.1896,107.9972,107.6373,1.6667,41.780,98.74,97.67
9283,5113,14702.7777,4631.8684,-4548.3932,13980.2246,108.0139,108.0444,1.7500,41.883,102.10,100.95
9306,5125,14739.1501,4643.3269,-4558.5153,14015.1803,108.0093,107.8360,1.9167,41.980,97.79,96.61
9326,5137,14772.2188,4653.7446,-4566.2521,14047.4370,107.9992,107.8690,1.6667,42.078,97.56,96.46
9349,5149,14806.7657,4664.6281,-4580.6349,14079.0880,108.0143,108.0979,1.9167,42.179,101.23,100.07
9371,5161,14840.9199,4675.3878,-4591.0560,14111.6139,108.0137,108.0881,1.8333,42.278,99.27,98.15
9392,5173,14876.4172,4686.5707,-4600.6544,14145.8196,108.0081,108.2666,1.7500,42.380,101.46,100.35
9415,5186,14911.8399,4697.7300,-4615.5608,14178.2206,108.0241,108.1290,1.7692,42.479,99.31,98.12
9436,5198,14944.5013,4708.0194,-4619.7442,14211.2050,108.0002,107.7438,1.7500,42.581,101.55,100.45
9458,5210,14980.4052,4719.3303,-4632.8961,14244.6831,108.0085,107.7459,1.8333,42.679,98.65,97.42
9479,5222,15013.3818,4729.7191,-4647.1685,14274.7180,108.0248,108.4079,1.7500,42.778,99.16,97.99
9500,5234,15046.0432,4740.0085,-4651.3518,14307.7024,108.0011,107.8229,1.7500,42.878,99.47,98.35
9523,5246,15081.2634,4751.1041,-4668.5381,14339.1494,108.0263,108.4651,1.9167,42.978,100.50,99.31
9544,5258,15116.7469,4762.2826,-4674.5021,14374.5227,108.0063,107.5374,1.7500,43.079,100.44,99.34
9567,5270,15152.6411,4773.5904,-4687.6279,14407.9989,108.0144,108.2749,1.9167,43.187,108.23,107.04
9588,5282,15185.9350,4784.0791,-4696.7454,14440.0439,108.0097,108.0580,1.7500,43.288,100.74,99.51
9609,5294,15218.8971,4794.4633,-4711.7977,14469.8098,108.0289,108.0741,1.7500,43.388,99.76,98.62
9630,5306,15252.4639,4805.0380,-4715.2796,14503.9746,108.0017,107.9578,1.7500,43.487,98.96,97.83
9653,5318,15288.3579,4816.3458,-4728.4054,14537.4508,108.0097,108.0375,1.9167,43.588,101.73,100.50
9675,5330,15322.2601,4827.0261,-4743.2110,14568.2855,108.0267,108.6897,1.8333,43.691,102.22,101.04
9696,5342,15357.1026,4838.0027,-4748.3612,14603.2494,108.0046,107.7947,1.7500,43.793,102.39,101.22
9719,5354,15392.3459,4849.1055,-4760.6471,14636.3142,108.0100,108.0261,1.9167,43.892,98.68,97.48
9740,5366,15427.8225,4860.2818,-4771.4967,14670.0913,108.0096,108.2437,1.7500,43.989,97.81,96.69
9763,5379,15463.2453,4871.4412,-4786.4031,14702.4923,108.0250,108.2666,1.7692,44.087,98.04,96.86
9783,5391,15495.4380,4881.5830,-4793.6164,14733.9991,108.0143,108.0279,1.6667,44.187,99.06,97.96
9804,5403,15529.1538,4892.2046,-4800.9438,14767.0696,108.0023,107.8692,1.7500,44.286,99.09,97.97
9827,5415,15564.7872,4903.4303,-4818.0108,14798.9898,108.0257,108.0626,1.9167,44.385,99.31,98.10
9848,5427,15597.4484,4913.7197,-4822.1942,14831.9742,108.0028,108.0626,1.7500,44.484,99.24,98.10
9870,5439,15631.8021,4924.5422,-4833.9845,14864.2648,108.0073,107.9811,1.8333,44.581,97.06,95.89
9892,5451,15667.5274,4935.7969,-4844.5160,14898.4067,108.0054,107.5584,1.8333,44.680,99.22,98.10
9915,5463,15702.0542,4946.6740,-4860.1499,14929.6291,108.0244,108.5583,1.9167,44.782,101.26,100.05
9936,5475,15736.2623,4957.4507,-4864.4456,14964.2034,108.0003,107.4023,1.7500,44.884,102.07,100.92
9959,5487,15772.1235,4968.7482,-4882.4456,14996.0598,108.0267,108.4984,1.9167,44.985,101.26,100.09
9980,5499,15806.9660,4979.7247,-4887.5958,15031.0237,108.0053,107.7947,1.7500,45.086,100.63,99.50
10003,5511,15842.2093,4990.8276,-4899.8817,15064.0885,108.0106,108.0309,1.9167,45.186,100.11,98.89
10024,5523,15877.4754,5001.9376,-4908.5707,15098.3465,108.0022,107.3835,1.7500,45.285,98.93,97.77
10047,5536,15913.1087,5013.1633,-4925.6377,15130.2666,108.0251,108.5661,1.7692,45.384,98.89,97.69
10068,5548,15945.7700,5023.4526,-4929.8211,15163.2510,108.0027,107.8409,1.7500,45.486,101.96,100.80
10090,5560,15981.6739,5034.7636,-4942.9730,15196.7291,108.0105,107.6338,1.8333,45.587,101.85,100.65
10113,5572,16017.5683,5046.0715,-4956.0988,15230.2053,108.0181,108.3323,1.9167,45.689,102.09,100.90
10136,5584,16053.7457,5057.4686,-4963.6151,15265.8031,108.0043,107.8710,1.9167,45.791,101.37,100.17
10159,5596,16088.9890,5068.5715,-4975.9010,15298.8680,108.0095,108.0084,1.9167,45.891,100.09,98.87
10180,5608,16124.4657,5079.7478,-4986.7506,15332.6451,108.0091,107.6373,1.7500,45.991,99.69,98.57
10203,5621,16159.8884,5090.9071,-5001.6570,15365.0461,108.0238,108.2461,1.7692,46.089,98.21,97.00
10224,5633,16192.5497,5101.1966,-5005.8403,15398.0305,108.0018,107.9905,1.7500,46.190,101.59,100.49
10246,5645,16228.4536,5112.5075,-5018.9923,15431.5085,108.0094,107.6275,1.8333,46.289,98.35,97.24
10267,5657,16261.4303,5122.8962,-5033.2647,15461.5435,108.0245,108.5343,1.7500,46.387,97.87,96.72
10287,5669,16293.6230,5133.0380,-5040.4779,15493.0503,108.0144,108.1802,1.6667,46.486,99.21,98.11
10308,5681,16327.3388,5143.6596,-5047.8054,15526.1208,108.0029,107.9449,1.7500,46.585,99.57,98.42
10331,5693,16362.9722,5154.8853,-5064.8724,15558.0409,108.0252,108.0444,1.9167,46.685,99.42,98.25
10352,5705,16395.6334,5165.1747,-5069.0557,15591.0253,108.0034,108.0780,1.7500,46.786,100.81,99.73
10374,5717,16429.9871,5175.9973,-5080.8461,15623.3159,108.0077,107.5521,1.8333,46.883,96.85,95.72
10396,5729,16465.7124,5187.2520,-5091.3775,15657.4579,108.0059,108.0199,1.8333,46.984,101.86,100.75
10419,5741,16500.2392,5198.1291,-5107.0115,15688.6803,108.0240,108.3468,1.9167,47.086,101.40,100.18
10440,5753,16534.4472,5208.9057,-5111.3072,15723.2546,108.0011,107.9744,1.7500,47.187,100.91,99.74
10463,5765,16570.3085,5220.2033,-5129.3072,15755.1110,108.0262,108.0535,1.9167,47.289,102.13,100.95
10484,5777,16605.1510,5231.1798,-5134.4574,15790.0748,108.0058,108.0801,1.7500,47.391,102.07,100.91
10507,5789,16640.3943,5242.2826,-5146.7433,15823.1397,108.0108,108.0196,1.9167,47.489,97.96,96.75
10528,5801,16675.6604,5253.3926,-5155.4323,15857.3977,108.0028,107.6312,1.7500,47.586,97.33,96.22
10551,5814,16711.2937,5264.6183,-5172.4993,15889.3178,108.0246,108.5214,1.7692,47.685,98.45,97.23
10571,5826,16743.4865,5274.7601,-5179.7126,15920.8246,108.0148,108.1437,1.6667,47.783,98.19,97.12
10592,5838,16775.6149,5284.8817,-5189.0584,15951.5699,108.0126,108.1010,1.7500,47.883,100.64,99.51
10614,5850,16811.3217,5296.1305,-5199.1205,15985.8451,108.0091,107.6448,1.8333,47.985,101.31,100.13
10637,5862,16844.3169,5306.5251,-5213.8623,16015.7468,108.0254,108.6114,1.9167,48.085,100.46,99.29
10656,5874,16877.3968,5316.9464,-5219.9047,16048.5673,108.0104,108.0351,1.5833,48.185,99.62,98.56
10678,5886,16912.8636,5328.1196,-5230.7282,16082.3426,108.0099,107.6448,1.8333,48.282,97.30,96.19
10701,5898,16947.6770,5339.0870,-5244.3610,16114.5172,108.0201,108.1630,1.9167,48.378,95.91,94.79
10722,5910,16981.3924,5349.7085,-5251.6884,16147.5877,108.0091,108.1630,1.7500,48.474,95.86,94.80
10742,5922,17013.5859,5359.8505,-5258.9017,16179.0944,107.9994,107.3498,1.6667,48.570,96.42,95.36
10763,5934,17046.5618,5370.2390,-5273.1741,16209.1294,108.0138,108.2749,1.7500,48.673,102.43,101.29
10786,5946,17084.4845,5382.1859,-5284.6577,16245.2725,108.0129,108.1437,1.9167,48.772,99.43,98.16
10808,5958,17117.5816,5392.6126,-5290.6854,16278.1147,107.9981,107.8031,1.8333,48.872,99.44,98.32
10829,5970,17150.5498,5402.9987,-5305.4157,16307.9929,108.0141,107.7635,1.7500,48.972,100.02,98.92
10849,5982,17183.8289,5413.4827,-5315.3132,16339.7688,108.0127,108.3095,1.6667,49.067,95.82,94.78
10871,5994,17218.1828,5424.3054,-5327.1036,16372.0594,108.0168,107.7761,1.8333,49.169,101.27,100.15
10894,6006,17254.1103,5435.6238,-5335.3551,16407.1553,108.0068,108.0333,1.9167,49.270,101.64,100.41
10917,6018,17290.2705,5447.0154,-5347.7309,16441.1551,108.0110,108.0153,1.9167,49.373,102.14,100.92
10940,6030,17327.2603,5458.6685,-5359.1393,16476.3416,108.0109,108.2174,1.9167,49.473,100.20,98.97
10962,6043,17361.9075,5469.5835,-5366.5286,16510.3713,107.9994,107.3498,1.6923,49.572,98.80,97.64
10985,6056,17398.2083,5481.0195,-5383.2079,16543.1199,108.0183,108.1081,1.7692,49.671,99.34,98.19
11008,6068,17435.2522,5492.6895,-5392.9186,16578.9154,108.0122,108.0019,1.9167,49.773,102.12,100.95
11031,6080,17471.1466,5503.9975,-5406.0444,16612.3916,108.0192,108.2764,1.9167,49.873,100.24,99.05
11054,6092,17507.9649,5515.5965,-5414.3744,16648.3989,108.0087,107.5854,1.9167,49.974,101.21,100.03
11077,6104,17544.3652,5527.0638,-5425.9887,16682.8987,108.0099,107.9981,1.9167,50.075,100.14,98.99
11098,6116,17576.4937,5537.1853,-5435.3346,16713.6440,108.0079,107.9576,1.7500,50.171,96.78,95.71
11119,6128,17611.0207,5548.0625,-5450.9685,16744.8664,108.0249,108.1474,1.7500,50.271,99.26,98.19
11140,6140,17643.6818,5558.3519,-5455.1519,16777.8508,108.0047,107.8913,1.7500,50.372,101.44,100.32
11162,6152,17678.0356,5569.1744,-5466.9423,16810.1414,108.0087,108.2461,1.8333,50.471,98.88,97.72
11183,6164,17710.3650,5579.3593,-5481.6241,16839.3627,108.0246,108.3017,1.7500,50.573,101.72,100.63
11204,6176,17745.2236,5590.3409,-5486.7596,16874.3482,108.0054,107.8106,1.7500,50.673,100.10,98.97
11226,6188,17779.5774,5601.1635,-5498.5500,16906.6388,108.0094,108.3000,1.8333,50.771,98.30,97.15
11246,6200,17811.7709,5611.3056,-5505.7632,16938.1456,108.0001,107.6373,1.6667,50.868,96.75,95.69
11267,6212,17844.7468,5621.6941,-5520.0356,16968.1806,108.0139,108.0444,1.7500,50.968,99.93,98.76
11290,6224,17881.1193,5633.1526,-5530.1577,17003.1363,108.0101,107.8360,1.9167,51.067,99.39,98.14
11310,6236,17914.1878,5643.5703,-5537.8945,17035.3930,108.0017,107.8690,1.6667,51.166,98.82,97.76
11333,6248,17948.7348,5654.4538,-5552.2773,17067.0440,108.0142,108.0979,1.9167,51.268,101.66,100.48
11355,6260,17982.8890,5665.2135,-5562.6984,17099.5699,108.0137,108.0881,1.8333,51.366,98.67,97.52
11376,6272,18018.3863,5676.3964,-5572.2968,17133.7756,108.0091,108.2666,1.7500,51.466,99.93,98.87
11399,6285,18053.8090,5687.5557,-5587.2032,17166.1766,108.0223,108.1290,1.7692,51.566,99.32,98.15
11420,6297,18086.4704,5697.8451,-5591.3866,17199.1610,108.0026,107.7438,1.7500,51.668,102.43,101.34
11442,6309,18122.3743,5709.1561,-5604.5385,17232.6391,108.0094,107.7459,1.8333,51.770,102.15,100.97
11463,6321,18155.3509,5719.5448,-5618.8109,17262.6740,108.0229,108.4079,1.7500,51.869,99.08,97.93
11484,6333,18188.0122,5729.8342,-5622.9942,17295.6584,108.0033,107.8229,1.7500,51.971,101.83,100.72
11507,6345,18223.2325,5740.9298,-5640.1805,17327.1054,108.0241,108.4651,1.9167,52.071,100.33,99.16
11528,6357,18258.7160,5752.1083,-5646.1445,17362.4787,108.0076,107.5374,1.7500,52.172,100.80,99.70
11551,6369,18294.6103,5763.4162,-5659.2703,17395.9549,108.0143,108.2749,1.9167,52.274,101.73,100.54
11572,6381,18327.9041,5773.9049,-5668.3878,17427.9999,108.0104,108.0580,1.7500,52.375,100.70,99.57
11593,6393,18360.8662,5784.2890,-5683.4401,17457.7658,108.0264,108.0741,1.7500,52.475,100.32,99.21
11614,6405,18394.4329,5794.8637,-5686.9220,17491.9306,108.0037,107.9578,1.7500,52.576,101.57,100.45
11637,6417,18430.3270,5806.1715,-5700.0478,17525.4068,108.0104,108.0375,1.9167,52.678,101.83,100.63
11659,6429,18464.2291,5816.8518,-5714.8534,17556.2415,108.0245,108.6897,1.8333,52.781,102.35,101.19
11680,6441,18499.0717,5827.8284,-5720.0036,17591.2054,108.0061,107.7947,1.7500,52.881,100.26,99.11
11703,6453,18534.3150,5838.9312,-5732.2895,17624.2702,108.0107,108.0261,1.9167,52.980,99.15,97.95
11724,6465,18569.7916,5850.1075,-5743.1391,17658.0473,108.0103,108.2437,1.7500,53.080,99.91,98.79
11747,6478,18605.2144,5861.2669,-5758.0455,17690.4483,108.0231,108.2666,1.7692,53.179,99.04,97.84
11767,6490,18637.4072,5871.4087,-5765.2588,17721.9551,108.0142,108.0279,1.6667,53.278,99.12,97.99
11788,6502,18671.1229,5882.0303,-5772.5862,17755.0256,108.0042,107.8692,1.7500,53.377,99.22,98.14
11811,6514,18706.7563,5893.2560,-5789.6532,17786.9458,108.0237,108.0626,1.9167,53.477,99.22,98.03
11832,6526,18739.4175,5903.5454,-5793.8366,17819.9301,108.0047,108.0626,1.7500,53.576,99.30,98.21
11854,6538,18773.7712,5914.3679,-5805.6269,17852.2208,108.0084,107.9811,1.8333,53.675,99.31,98.16
11876,6550,18809.4965,5925.6226,-5816.1584,17886.3627,108.0068,107.5584,1.8333,53.777,102.29,101.17
11899,6562,18844.0233,5936.4997,-5831.7923,17917.5851,108.0226,108.5583,1.9167,53.879,101.38,100.16
11920,6574,18878.2313,5947.2764,-5836.0880,17952.1594,108.0026,107.4023,1.7500,53.981,102.01,100.87
11943,6586,18914.0926,5958.5739,-5854.0880,17984.0158,108.0246,108.4984,1.9167,54.083,102.25,101.03
11964,6598,18948.9351,5969.5504,-5859.2382,18018.9797,108.0067,107.7947,1.7500,54.185,102.10,100.95
11987,6610,18984.1784,5980.6533,-5871.5241,18052.0445,108.0111,108.0309,1.9167,54.285,100.12,98.93
12008,6622,19019.4444,5991.7633,-5880.2131,18086.3025,108.0041,107.3835,1.7500,54.383,97.21,96.10
12031,6635,19055.0778,6002.9890,-5897.2801,18118.2226,108.0232,108.5661,1.7692,54.481,97.97,96.76
12052,6647,19087.7391,6013.2783,-5901.4635,18151.2070,108.0045,107.8409,1.7500,54.583,102.27,101.14
12074,6659,19123.6430,6024.5893,-5914.6154,18184.6851,108.0110,107.6338,1.8333,54.685,102.11,100.96
12097,6671,19159.5374,6035.8972,-5927.7412,18218.1613,108.0174,108.3323,1.9167,54.786,100.93,99.75
12120,6683,19195.7148,6047.2943,-5935.2575,18253.7591,108.0059,107.8710,1.9167,54.885,98.74,97.58
12143,6695,19230.9582,6058.3972,-5947.5434,18286.8240,108.0102,108.0084,1.9167,54.984,99.14,97.96
12164,6707,19266.4348,6069.5735,-5958.3930,18320.6011,108.0098,107.6373,1.7500,55.082,98.81,97.70
12187,6720,19301.8575,6080.7328,-5973.2994,18353.0021,108.0222,108.2461,1.7692,55.182,99.17,97.99
12208,6732,19334.5188,6091.0223,-5977.4827,18385.9865,108.0037,107.9905,1.7500,55.283,101.17,100.05
12230,6744,19370.4228,6102.3332,-5990.6347,18419.4645,108.0101,107.6275,1.8333,55.384,101.48,100.33
12251,6756,19403.3994,6112.7219,-6004.9071,18449.4995,108.0228,108.5343,1.7500,55.483,98.86,97.72
12271,6768,19435.5922,6122.8638,-6012.1203,18481.0063,108.0143,108.1802,1.6667,55.583,99.37,98.24
12292,6780,19469.3079,6133.4853,-6019.4478,18514.0768,108.0047,107.9449,1.7500,55.682,99.59,98.46
12315,6792,19504.9413,6144.7110,-6036.5148,18545.9969,108.0234,108.0444,1.9167,55.781,99.29,98.08
12336,6804,19537.6025,6155.0004,-6040.6981,18578.9813,108.0051,108.0780,1.7500,55.883,101.71,100.60
12358,6816,19571.9562,6165.8230,-6052.4885,18611.2719,108.0087,107.5521,1.8333,55.980,96.48,95.34
12380,6828,19607.6815,6177.0777,-6063.0199,18645.4139,108.0071,108.0199,1.8333,56.082,102.07,100.93
12403,6840,19642.2083,6187.9548,-6078.6539,18676.6363,108.0224,108.3468,1.9167,56.183,101.14,99.93
12424,6852,19676.4163,6198.7314,-6082.9496,18711.2106,108.0031,107.9744,1.7500,56.282,98.96,97.83
12447,6864,19712.2776,6210.0289,-6100.9496,18743.0670,108.0242,108.0535,1.9167,56.381,99.11,97.93
12468,6876,19747.1201,6221.0055,-6106.0998,18778.0308,108.0071,108.0801,1.7500,56.480,99.35,98.22
12490,6888,19781.4824,6231.8308,-6118.3334,18810.1863,108.0120,108.0398,1.8333,56.581,100.87,99.73
12512,6900,19817.6294,6243.2183,-6127.0747,18845.3537,108.0046,107.6312,1.8333,56.679,98.24,97.04
12535,6913,19853.2628,6254.4440,-6144.1417,18877.2738,108.0229,108.5214,1.7692,56.778,99.05,97.86
12555,6925,19885.4556,6264.5858,-6151.3550,18908.7806,108.0146,108.1437,1.6667,56.877,98.50,97.42
12576,6937,19917.5841,6274.7074,-6160.7008,18939.5259,108.0128,108.1010,1.7500,56.974,97.33,96.25
12598,6949,19953.2909,6285.9562,-6170.7629,18973.8011,108.0099,107.6448,1.8333,57.075,101.06,99.91
12621,6961,19986.2859,6296.3508,-6185.5047,19003.7028,108.0236,108.6114,1.9167,57.174,98.62,97.46
12640,6973,20019.3660,6306.7721,-6191.5471,19036.5233,108.0109,108.0351,1.5833,57.271,96.81,95.78
12662,6985,20054.8327,6317.9453,-6202.3706,19070.2986,108.0105,107.6448,1.8333,57.370,99.17,98.01
12685,6997,20089.6461,6328.9127,-6216.0034,19102.4732,108.0191,108.1630,1.9167,57.469,99.07,97.90
12706,7009,20123.3615,6339.5342,-6223.3308,19135.5437,108.0098,108.1630,1.7500,57.568,98.76,97.65
12726,7021,20155.5550,6349.6762,-6230.5441,19167.0504,108.0016,107.3498,1.6667,57.667,99.19,98.10
12747,7033,20188.5309,6360.0647,-6244.8165,19197.0854,108.0138,108.2749,1.7500,57.769,101.61,100.49
12770,7045,20226.4537,6372.0117,-6256.3001,19233.2285,108.0131,108.1437,1.9167,57.866,97.92,96.70
12793,7057,20261.6972,6383.1145,-6268.5860,19266.2934,108.0172,108.3191,1.9167,57.968,101.51,100.32
12815,7069,20296.7629,6394.1614,-6277.8343,19300.1592,108.0125,107.7157,1.8333,58.067,98.84,97.66
12838,7081,20332.7004,6405.4830,-6286.1120,19335.2570,108.0041,108.0330,1.9167,58.169,101.90,100.73
12860,7093,20367.6875,6416.5051,-6299.1740,19367.8002,108.0107,107.6040,1.8333,58.269,100.16,98.97
12882,7105,20403.1543,6427.6783,-6309.9975,19401.5754,108.0103,108.1076,1.8333,58.370,100.77,99.62
12905,7117,20436.1494,6438.0729,-6324.7393,19431.4771,108.0237,108.3776,1.9167,58.470,100.25,99.02
12924,7129,20469.2294,6448.4942,-6330.7817,19464.2976,108.0113,108.2174,1.5833,58.570,100.29,99.21
12946,7142,20503.8766,6459.4092,-6338.1710,19498.3273,108.0016,107.3498,1.6923,58.669,99.05,97.89
12969,7155,20540.1774,6470.8452,-6354.8503,19531.0759,108.0176,108.1081,1.7692,58.768,98.84,97.65
12992,7167,20577.2213,6482.5153,-6364.5610,19566.8714,108.0125,108.0019,1.9167,58.869,101.37,100.15
13015,7179,20613.1157,6493.8232,-6377.6868,19600.3476,108.0184,108.2764,1.9167,58.970,100.72,99.49
13036,7191,20646.6684,6504.3934,-6381.9486,19634.2433,108.0005,107.3043,1.7500,59.069,98.82,97.69
13057,7203,20679.6442,6514.7819,-6396.2210,19664.2783,108.0124,108.0581,1.7500,59.171,101.66,100.55
13078,7215,20712.9381,6525.2706,-6405.3385,19696.3233,108.0090,107.9636,1.7500,59.272,101.70,100.51
13101,7227,20749.4574,6536.7754,-6419.2928,19730.1873,108.0167,107.9449,1.9167,59.374,102.14,100.92
13124,7239,20785.6509,6548.1776,-6426.7943,19765.8068,108.0060,107.8913,1.9167,59.476,101.73,100.55
13146,7251,20820.0047,6559.0002,-6438.5847,19798.0974,108.0094,108.2461,1.8333,59.576,99.45,98.28
13167,7263,20852.3341,6569.1850,-6453.2665,19827.3187,108.0230,108.3017,1.7500,59.678,102.11,101.00
13188,7275,20887.1927,6580.1666,-6458.4020,19862.3042,108.0067,107.8106,1.7500,59.779,101.41,100.29
13210,7287,20921.5465,6590.9892,-6470.1924,19894.5948,108.0100,107.7902,1.8333,59.877,97.96,96.79
13230,7299,20953.7400,6601.1313,-6477.4056,19926.1016,108.0022,107.6840,1.6667,59.976,98.93,97.87
13251,7311,20986.7159,6611.5198,-6491.6780,19956.1366,108.0139,108.3191,1.7500,60.078,101.93,100.77
13274,7323,21023.0884,6622.9783,-6501.8001,19991.0923,108.0107,108.0088,1.9167,60.177,99.35,98.16
13294,7335,21054.5696,6632.8960,-6511.5554,20021.0238,108.0107,108.0240,1.6667,60.277,99.99,98.91
13316,7347,21089.6355,6643.9429,-6520.8037,20054.8896,108.0062,107.4585,1.8333,60.379,101.98,100.81
13339,7359,21125.0897,6655.1122,-6535.2502,20087.4737,108.0161,108.1650,1.9167,60.479,99.38,98.21
13360,7371,21160.3555,6666.2221,-6543.9392,20121.7316,108.0098,108.2666,1.7500,60.581,101.83,100.70
13383,7384,21195.7781,6677.3814,-6558.8456,20154.1326,108.0210,108.1290,1.7692,60.680,99.21,98.04
13404,7396,21228.4395,6687.6708,-6563.0289,20187.1170,108.0042,107.7438,1.7500,60.782,102.10,101.00
13426,7408,21264.3434,6698.9818,-6576.1809,20220.5951,108.0101,107.7459,1.8333,60.883,100.68,99.50
13447,7420,21297.3200,6709.3705,-6590.4533,20250.6300,108.0216,108.6891,1.7500,60.981,98.27,97.14
13468,7432,21329.9813,6719.6599,-6594.6366,20283.6144,108.0049,107.7638,1.7500,61.080,99.40,98.27
13491,7444,21365.2016,6730.7555,-6611.8229,20315.0614,108.0226,108.4548,1.9167,61.177,97.21,96.01
13512,7456,21400.6851,6741.9340,-6617.7869,20350.4347,108.0085,107.7459,1.7500,61.276,98.65,97.56
13535,7468,21436.5794,6753.2419,-6630.9127,20383.9109,108.0142,108.2749,1.9167,61.377,100.67,99.50
13556,7480,21469.8733,6763.7306,-6640.0302,20415.9559,108.0109,108.0580,1.7500,61.477,100.59,99.41
13577,7492,21502.8352,6774.1147,-6655.0825,20445.7218,108.0245,108.0741,1.7500,61.578,100.31,99.20
13598,7504,21536.4020,6784.6894,-6658.5644,20479.8866,108.0052,107.9578,1.7500,61.678,100.36,99.23
13621,7516,21572.2962,6795.9972,-6671.6902,20513.3628,108.0109,108.0375,1.9167,61.778,99.72,98.54
13643,7528,21606.1982,6806.6775,-6686.4958,20544.1975,108.0229,108.6897,1.8333,61.879,101.00,99.82
13664,7540,21641.0408,6817.6541,-6691.6460,20579.1614,108.0073,107.7947,1.7500,61.980,101.45,100.30
13687,7552,21676.2841,6828.7569,-6703.9319,20612.2262,108.0111,108.0261,1.9167,62.077,97.18,96.00
13708,7564,21711.7608,6839.9332,-6714.7815,20646.0033,108.0108,108.0131,1.7500,62.175,98.16,97.05
13731,7577,21747.1834,6851.0926,-6729.6879,20678.4043,108.0217,108.5214,1.7692,62.275,99.22,98.03
13751,7589,21779.3763,6861.2344,-6736.9012,20709.9111,108.0141,107.9508,1.6667,62.374,99.13,98.04
13772,7601,21813.0920,6871.8560,-6744.2286,20742.9816,108.0056,107.8692,1.7500,62.472,98.01,96.90
13795,7613,21848.7253,6883.0817,-6761.2956,20774.9018,108.0223,108.0626,1.9167,62.569,97.07,95.88
13816,7625,21881.3866,6893.3711,-6765.4790,20807.8861,108.0060,108.0626,1.7500,62.670,100.73,99.64
13838,7637,21915.7403,6904.1937,-6777.2693,20840.1768,108.0092,107.9811,1.8333,62.767,97.12,95.97
13860,7649,21951.4656,6915.4483,-6787.8008,20874.3187,108.0078,107.5584,1.8333,62.868,101.08,99.92
13883,7661,21985.9924,6926.3254,-6803.4347,20905.5411,108.0214,108.5583,1.9167,62.969,101.62,100.39
13904,7673,22020.2004,6937.1021,-6807.7304,20940.1154,108.0042,107.4023,1.7500,63.068,98.97,97.83
13927,7685,22056.0617,6948.3996,-6825.7304,20971.9718,108.0231,108.4984,1.9167,63.168,99.70,98.53
13948,7697,22090.9042,6959.3762,-6830.8806,21006.9357,108.0077,107.7947,1.7500,63.270,102.25,101.13
13971,7709,22126.1476,6970.4790,-6843.1665,21040.0005,108.0115,108.0309,1.9167,63.370,99.79,98.60
13992,7721,22161.4135,6981.5890,-6851.8555,21074.2585,108.0055,107.3835,1.7500,63.469,99.04,97.86
14015,7734,22197.0469,6992.8147,-6868.9225,21106.1786,108.0219,108.5661,1.7692,63.566,97.19,96.00
14036,7746,22229.7081,7003.1041,-6873.1059,21139.1630,108.0058,107.8409,1.7500,63.667,100.98,99.87
14058,7758,22265.6122,7014.4150,-6886.2578,21172.6411,108.0114,107.6338,1.8333,63.769,101.80,100.59
14081,7770,22301.5065,7025.7230,-6899.3836,21206.1173,108.0169,108.3323,1.9167,63.871,101.95,100.76
14104,7782,22337.6839,7037.1200,-6906.8999,21241.7151,108.0070,107.8710,1.9167,63.972,100.94,99.72
14127,7794,22372.9273,7048.2229,-6919.1858,21274.7800,108.0107,108.0084,1.9167,64.071,98.72,97.52
14148,7806,22408.4039,7059.3992,-6930.0354,21308.5571,108.0104,107.6373,1.7500,64.168,96.93,95.85
14171,7819,22443.8266,7070.5585,-6944.9418,21340.9581,108.0210,108.2461,1.7692,64.265,97.75,96.59
14192,7831,22476.4879,7080.8480,-6949.1251,21373.9425,108.0051,107.9905,1.7500,64.366,100.32,99.25
14214,7843,22512.3919,7092.1589,-6962.2771,21407.4205,108.0106,107.6275,1.8333,64.465,99.14,98.03
14235,7855,22545.3685,7102.5476,-6976.5495,21437.4555,108.0215,108.5343,1.7500,64.565,100.19,99.03
14255,7867,22577.5613,7112.6895,-6983.7627,21468.9623,108.0142,108.1802,1.6667,64.666,100.74,99.63
14276,7879,22611.2770,7123.3110,-6991.0902,21502.0328,108.0059,107.9449,1.7500,64.767,100.66,99.56
14299,7891,22646.9104,7134.5367,-7008.1571,21533.9529,108.0220,108.0444,1.9167,64.868,101.37,100.19
14320,7903,22679.5716,7144.8261,-7012.3405,21566.9373,108.0063,108.0780,1.7500,64.971,103.48,102.35
14342,7915,22713.9253,7155.6487,-7024.1309,21599.2279,108.0094,107.5521,1.8333,65.070,98.51,97.36
14364,7927,22749.6506,7166.9034,-7034.6623,21633.3699,108.0081,108.0199,1.8333,65.171,101.07,99.95
14387,7939,22784.1774,7177.7805,-7050.2963,21664.5923,108.0212,108.3468,1.9167,65.273,101.91,100.69
14408,7951,22818.3854,7188.5571,-7054.5920,21699.1666,108.0046,107.9744,1.7500,65.376,103.23,102.12
14431,7963,22854.2467,7199.8546,-7072.5920,21731.0230,108.0228,108.0535,1.9167,65.478,101.90,100.70
14452,7975,22889.0892,7210.8312,-7077.7422,21765.9868,108.0080,108.0801,1.7500,65.582,104.47,103.29
14474,7987,22923.4515,7221.6565,-7089.9758,21798.1423,108.0122,108.0398,1.8333,65.684,102.02,100.76
14496,7999,22959.5985,7233.0440,-7098.7171,21833.3097,108.0058,107.6312,1.8333,65.787,102.18,100.98
14519,8012,22995.2319,7244.2697,-7115.7841,21865.2298,108.0217,108.5214,1.7692,65.888,101.75,100.53
14539,8024,23027.4248,7254.4116,-7122.9974,21896.7366,108.0145,108.1437,1.6667,65.990,102.07,100.96
14560,8036,23059.5532,7264.5331,-7132.3432,21927.4819,108.0130,108.1010,1.7500,66.093,102.59,101.45
14582,8048,23095.2600,7275.7819,-7142.4053,21961.7571,108.0104,107.6448,1.8333,66.196,103.42,102.23
14605,8060,23128.2550,7286.1765,-7157.1471,21991.6588,108.0222,108.6114,1.9167,66.298,101.85,100.64
14624,8072,23161.3351,7296.5978,-7163.1895,22024.4793,108.0113,108.0351,1.5833,66.400,101.99,100.94
14646,8084,23196.8019,7307.7710,-7174.0130,22058.2546,108.0110,107.6448,1.8333,66.504,103.66,102.49
14669,8096,23231.6152,7318.7384,-7187.6458,22090.4292,108.0184,108.1630,1.9167,66.603,99.53,98.38
14690,8108,23265.3306,7329.3599,-7194.9732,22123.4997,108.0104,108.1630,1.7500,66.704,100.86,99.73
14710,8120,23297.5240,7339.5019,-7202.1865,22155.0064,108.0033,107.3498,1.6667,66.806,102.00,100.87
14731,8132,23330.5001,7349.8904,-7216.4589,22185.0414,108.0138,108.2749,1.7500,66.911,105.03,103.91
14754,8144,23368.4228,7361.8374,-7227.9425,22221.1845,108.0132,108.1437,1.9167,67.015,103.44,102.19
14777,8156,23403.6663,7372.9403,-7240.2284,22254.2494,108.0168,108.3191,1.9167,67.120,105.51,104.28
14799,8168,23438.7320,7383.9871,-7249.4767,22288.1152,108.0126,107.7157,1.8333,67.222,102.11,100.91
14822,8180,23474.6695,7395.3087,-7257.7544,22323.2130,108.0054,108.0330,1.9167,67.327,105.04,103.84
14844,8192,23509.6567,7406.3308,-7270.8164,22355.7562,108.0111,107.6040,1.8333,67.431,103.25,102.03
14866,8204,23545.1234,7417.5040,-7281.6399,22389.5314,108.0108,108.1076,1.8333,67.534,103.45,102.25
14889,8216,23579.9368,7428.4714,-7295.2727,22421.7060,108.0181,108.2232,1.9167,67.636,102.32,101.09
14910,8228,23613.6522,7439.0929,-7302.6001,22454.7765,108.0102,108.1630,1.7500,67.739,102.28,101.12
14930,8240,23645.8456,7449.2349,-7309.8134,22486.2833,108.0032,107.3498,1.6667,67.839,100.43,99.32
14953,8253,23682.1466,7460.6709,-7326.4927,22519.0319,108.0171,108.1081,1.7692,67.940,100.65,99.44
14976,8265,23719.1905,7472.3410,-7336.2034,22554.8274,108.0127,108.0019,1.9167,68.043,102.67,101.50
14999,8277,23755.0849,7483.6489,-7349.3292,22588.3036,108.0178,108.2764,1.9167,68.146,103.27,102.05
15020,8289,23788.6374,7494.2191,-7353.5910,22622.1993,108.0023,107.3043,1.7500,68.245,99.20,98.06
15041,8301,23821.6134,7504.6076,-7367.8634,22652.2343,108.0126,108.0581,1.7500,68.348,102.85,101.75
15062,8313,23854.9073,7515.0963,-7376.9809,22684.2793,108.0096,107.9636,1.7500,68.453,104.69,103.50
15085,8325,23891.4265,7526.6011,-7390.9352,22718.1433,108.0164,107.9449,1.9167,68.558,105.60,104.35
15108,8337,23927.6200,7538.0033,-7398.4367,22753.7628,108.0071,107.8913,1.9167,68.663,104.37,103.18
15130,8349,23961.9738,7548.8259,-7410.2271,22786.0534,108.0100,108.2461,1.8333,68.764,101.88,100.70
15151,8361,23994.3031,7559.0107,-7424.9089,22815.2747,108.0218,108.3017,1.7500,68.867,102.58,101.47
15172,8373,24029.1618,7569.9924,-7430.0444,22850.2602,108.0076,107.8106,1.7500,68.971,104.40,103.23
15194,8385,24063.5157,7580.8150,-7441.8348,22882.5508,108.0105,107.7902,1.8333,69.073,101.84,100.60
15214,8397,24095.7090,7590.9570,-7449.0480,22914.0576,108.0037,107.6840,1.6667,69.174,100.58,99.51
15235,8409,24128.6851,7601.3455,-7463.3204,22944.0926,108.0139,108.3191,1.7500,69.275,101.69,100.58
15258,8421,24165.0575,7612.8040,-7473.4424,22979.0483,108.0111,108.0088,1.9167,69.375,99.41,98.21
15278,8433,24196.5387,7622.7217,-7483.1978,23008.9798,108.0111,108.0240,1.6667,69.475,100.07,98.98
15300,8445,24231.6046,7633.7686,-7492.4461,23042.8456,108.0072,107.6114,1.8333,69.580,105.22,104.07
15323,8457,24267.0588,7644.9379,-7506.8926,23075.4297,108.0158,108.2193,1.9167,69.682,101.34,100.15
15344,8469,24302.3246,7656.0478,-7515.5816,23109.6876,108.0103,108.2666,1.7500,69.785,103.65,102.49
15367,8482,24337.7472,7667.2071,-7530.4880,23142.0886,108.0201,108.1290,1.7692,69.887,101.83,100.58
15388,8494,24370.4086,7677.4965,-7534.6713,23175.0730,108.0055,107.7438,1.7500,69.992,105.28,104.14
15410,8506,24406.3126,7688.8075,-7547.8233,23208.5511,108.0105,107.7459,1.8333,70.096,103.42,102.21
15431,8518,24439.2891,7699.1962,-7562.0957,23238.5860,108.0206,108.6891,1.7500,70.196,99.97,98.83
15452,8530,24471.9504,7709.4856,-7566.2790,23271.5704,108.0060,107.7638,1.7500,70.301,105.04,103.91
15475,8542,24507.1707,7720.5812,-7583.4653,23303.0174,108.0215,108.4548,1.9167,70.403,101.88,100.69
15496,8554,24542.6542,7731.7597,-7589.4293,23338.3907,108.0092,107.7459,1.7500,70.505,102.20,101.11
15519,8566,24578.5485,7743.0676,-7602.5551,23371.8669,108.0142,108.2749,1.9167,70.610,104.93,103.74
15540,8578,24611.8424,7753.5563,-7611.6726,23403.9119,108.0113,108.0580,1.7500,70.714,103.92,102.76
15561,8590,24644.8043,7763.9404,-7626.7249,23433.6778,108.0232,108.0741,1.7500,70.815,100.97,99.85
15582,8602,24678.3711,7774.5151,-7630.2068,23467.8426,108.0063,107.9578,1.7500,70.919,104.02,102.86
15605,8614,24714.2653,7785.8229,-7643.3326,23501.3188,108.0112,108.0375,1.9167,71.024,105.14,103.90
15627,8626,24748.1673,7796.5032,-7658.1382,23532.1535,108.0218,108.6897,1.8333,71.129,105.18,103.98
15648,8638,24783.0099,7807.4798,-7663.2884,23567.1174,108.0081,107.7947,1.7500,71.234,105.03,103.83
15671,8650,24818.2533,7818.5826,-7675.5743,23600.1822,108.0115,108.0261,1.9167,71.337,103.27,101.96
15692,8662,24853.7299,7829.7590,-7686.4239,23633.9593,108.0112,108.0131,1.7500,71.440,103.01,101.88
15715,8675,24889.1525,7840.9183,-7701.3303,23666.3603,108.0207,108.5214,1.7692,71.543,102.23,101.01
15735,8687,24921.3454,7851.0601,-7708.5436,23697.8671,108.0141,107.9508,1.6667,71.645,102.26,101.14
15756,8699,24955.0611,7861.6817,-7715.8710,23730.9376,108.0066,107.8692,1.7500,71.752,106.98,105.84
15779,8711,24990.6944,7872.9074,-7732.9380,23762.8578,108.0212,108.0626,1.9167,71.853,100.96,99.76
15800,8723,25023.3557,7883.1968,-7737.1214,23795.8421,108.0070,108.0626,1.7500,71.956,103.69,102.58
15822,8735,25057.7095,7894.0194,-7748.9117,23828.1328,108.0098,107.9811,1.8333,72.059,102.22,101.03
15844,8747,25093.4347,7905.2740,-7759.4432,23862.2747,108.0085,107.5584,1.8333,72.161,102.79,101.61
15867,8759,25127.9615,7916.1511,-7775.0771,23893.4971,108.0204,108.5583,1.9167,72.263,101.66,100.45
15888,8771,25162.1695,7926.9278,-7779.3728,23928.0714,108.0054,107.4023,1.7500,72.367,103.45,102.29
15911,8783,25198.0308,7938.2253,-7797.3728,23959.9278,108.0219,108.4984,1.9167,72.472,105.34,104.09
15932,8795,25232.8733,7949.2019,-7802.5230,23994.8917,108.0085,107.7947,1.7500,72.578,105.67,104.48
15955,8807,25268.1167,7960.3047,-7814.8089,24027.9565,108.0118,108.0309,1.9167,72.681,103.81,102.55
15976,8819,25303.3826,7971.4147,-7823.4979,24062.2145,108.0065,107.3835,1.7500,72.782,101.16,100.00
15999,8832,25339.0160,7982.6404,-7840.5649,24094.1346,108.0209,108.5661,1.7692,72.883,100.18,98.98
16020,8844,25371.6772,7992.9298,-7844.7483,24127.1190,108.0068,107.8409,1.7500,72.988,105.21,104.08
16042,8856,25407.5813,8004.2407,-7857.9002,24160.5971,108.0117,107.6338,1.8333,73.092,103.88,102.68
16065,8868,25443.4757,8015.5487,-7871.0260,24194.0733,108.0165,108.3323,1.9167,73.197,105.13,103.92
16088,8880,25479.6530,8026.9458,-7878.5423,24229.6711,108.0078,107.8710,1.9167,73.302,105.06,103.86
16111,8892,25514.8964,8038.0486,-7890.8282,24262.7360,108.0111,108.0084,1.9167,73.403,100.87,99.65
16132,8904,25550.3730,8049.2249,-7901.6778,24296.5131,108.0108,107.6373,1.7500,73.505,102.23,101.12
16155,8917,25585.7957,8060.3842,-7916.5842,24328.9141,108.0201,108.2461,1.7692,73.606,101.44,100.22
16176,8929,25618.4570,8070.6737,-7920.7675,24361.8985,108.0062,107.9905,1.7500,73.710,103.68,102.52
16198,8941,25654.3610,8081.9846,-7933.9195,24395.3765,108.0110,107.6275,1.8333,73.815,104.57,103.39
16219,8953,25687.3376,8092.3733,-7948.1918,24425.4115,108.0206,108.5343,1.7500,73.917,102.12,100.96
16239,8965,25719.5304,8102.5152,-7955.4051,24456.9183,108.0142,108.1802,1.6667,74.019,101.79,100.73
16260,8977,25753.2461,8113.1367,-7962.7326,24489.9888,108.0069,107.9449,1.7500,74.121,102.29,101.18
16283,8989,25788.8795,8124.3625,-7979.7995,24521.9089,108.0210,108.0444,1.9167,74.222,100.72,99.50
16304,9001,25821.5407,8134.6518,-7983.9829,24554.8933,108.0072,108.0780,1.7500,74.323,101.84,100.74
16326,9013,25855.8945,8145.4744,-7995.7733,24587.1839,108.0100,107.5521,1.8333,74.423,99.13,98.00
16348,9025,25891.6197,8156.7291,-8006.3047,24621.3259,108.0088,108.0199,1.8333,74.526,103.39,102.27
16371,9037,25926.1465,8167.6062,-8021.9387,24652.5483,108.0203,108.3468,1.9167,74.629,103.37,102.15
16392,9049,25960.3545,8178.3828,-8026.2343,24687.1226,108.0057,107.9744,1.7500,74.734,104.64,103.53
16415,9061,25996.2158,8189.6803,-8044.2343,24718.9790,108.0217,108.0535,1.9167,74.839,104.57,103.36
16436,9073,26031.0583,8200.6569,-8049.3846,24753.9428,108.0087,108.0801,1.7500,74.943,104.26,103.12
16458,9085,26065.4207,8211.4822,-8061.6182,24786.0983,108.0124,108.0398,1.8333,75.045,101.93,100.76
16480,9097,26101.5676,8222.8697,-8070.3595,24821.2657,108.0068,107.6312,1.8333,75.144,99.15,97.99
16503,9110,26137.2010,8234.0954,-8087.4265,24853.1858,108.0207,108.5214,1.7692,75.244,100.53,99.34
16523,9122,26169.3939,8244.2373,-8094.6398,24884.6926,108.0144,108.1437,1.6667,75.346,101.99,100.90
16544,9134,26201.5223,8254.3588,-8103.9856,24915.4379,108.0131,108.1010,1.7500,75.450,103.50,102.33
16566,9146,26237.2291,8265.6076,-8114.0477,24949.7131,108.0108,107.6448,1.8333,75.554,104.14,102.88
16589,9158,26270.2241,8276.0022,-8128.7895,24979.6148,108.0212,108.6114,1.9167,75.658,103.53,102.29
16608,9170,26303.3042,8286.4235,-8134.8319,25012.4353,108.0116,108.0351,1.5833,75.759,101.88,100.79
16630,9182,26338.7710,8297.5967,-8145.6554,25046.2106,108.0113,107.6448,1.8333,75.863,103.52,102.33
16653,9194,26373.5844,8308.5641,-8159.2882,25078.3852,108.0178,108.1630,1.9167,75.965,102.11,100.89
16674,9206,26407.2998,8319.1856,-8166.6156,25111.4557,108.0108,108.1630,1.7500,76.067,101.73,100.57
16694,9218,26439.4931,8329.3276,-8173.8289,25142.9624,108.0045,107.3498,1.6667,76.169,101.92,100.83
16715,9230,26472.4692,8339.7162,-8188.1013,25172.9974,108.0138,108.2749,1.7500,76.274,105.14,104.00
16738,9242,26510.3919,8351.6631,-8199.5849,25209.1405,108.0133,108.1437,1.9167,76.377,102.87,101.64
16761,9254,26545.6354,8362.7660,-8211.8708,25242.2054,108.0164,108.3191,1.9167,76.479,101.86,100.71
16783,9266,26580.7011,8373.8129,-8221.1191,25276.0712,108.0128,107.7157,1.8333,76.581,102.49,101.34
16806,9278,26616.6386,8385.1344,-8229.3968,25311.1690,108.0064,108.0330,1.9167,76.686,104.91,103.72
16828,9290,26651.6258,8396.1565,-8242.4588,25343.7122,108.0114,107.6040,1.8333,76.789,102.84,101.67
16850,9302,26687.0926,8407.3297,-8253.2823,25377.4874,108.0111,108.1076,1.8333,76.892,102.96,101.79
16873,9314,26721.9059,8418.2971,-8266.9151,25409.6620,108.0176,108.2232,1.9167,76.991,99.21,98.03
16894,9326,26755.6213,8428.9186,-8274.2425,25442.7325,108.0106,108.1630,1.7500,77.092,100.54,99.38
16914,9338,26787.8147,8439.0606,-8281.4558,25474.2393,108.0044,107.3498,1.6667,77.193,101.36,100.25
16937,9351,26824.1157,8450.4966,-8298.1351,25506.9879,108.0167,108.1081,1.7692,77.295,102.12,100.90
16960,9363,26861.1596,8462.1667,-8307.8458,25542.7834,108.0128,108.0019,1.9167,77.400,104.79,103.59
16983,9375,26897.0540,8473.4746,-8320.9716,25576.2596,108.0173,108.2764,1.9167,77.505,104.70,103.46
17004,9387,26930.6065,8484.0448,-8325.2334,25610.1553,108.0036,107.3043,1.7500,77.605,100.95,99.78
17025,9399,26963.5825,8494.4333,-8339.5058,25640.1903,108.0128,108.0581,1.7500,77.711,105.11,103.95
17046,9411,26996.8764,8504.9220,-8348.6233,25672.2353,108.0101,107.9636,1.7500,77.815,104.09,102.89
17069,9423,27033.3956,8516.4268,-8362.5776,25706.0993,108.0161,107.9449,1.9167,77.919,104.27,103.06
17092,9435,27069.5891,8527.8290,-8370.0791,25741.7188,108.0078,107.8913,1.9167,78.021,102.26,101.03
17114,9447,27103.9429,8538.6516,-8381.8695,25774.0094,108.0104,108.2461,1.8333,78.123,101.95,100.74
17135,9459,27136.2722,8548.8364,-8396.5513,25803.2307,108.0209,108.3017,1.7500,78.228,104.44,103.29
17156,9471,27171.1310,8559.8181,-8401.6868,25838.2162,108.0083,107.8106,1.7500,78.329,101.44,100.33
17178,9483,27205.4848,8570.6407,-8413.4772,25870.5068,108.0109,107.7902,1.8333,78.431,101.93,100.73
17198,9495,27237.6781,8580.7827,-8420.6904,25902.0136,108.0049,107.6840,1.6667,78.532,101.49,100.40
17219,9507,27270.6542,8591.1712,-8434.9628,25932.0486,108.0139,108.3191,1.7500,78.636,103.11,101.97
17242,9519,27307.0266,8602.6298,-8445.0848,25967.0043,108.0114,108.0088,1.9167,78.737,101.92,100.66
17262,9531,27338.5078,8612.5474,-8454.8402,25996.9358,108.0114,108.0240,1.6667,78.840,102.00,100.89
17284,9543,27373.5737,8623.5943,-8464.0885,26030.8016,108.0079,107.6114,1.8333,78.942,102.65,101.49
17307,9555,27409.0279,8634.7636,-8478.5350,26063.3857,108.0156,108.2193,1.9167,79.043,100.77,99.57
17328,9567,27444.2937,8645.8735,-8487.2240,26097.6436,108.0107,108.2666,1.7500,79.148,104.62,103.46
17351,9580,27479.7163,8657.0328,-8502.1304,26130.0446,108.0194,108.1290,1.7692,79.249,101.69,100.47
17372,9592,27512.3777,8667.3222,-8506.3137,26163.0290,108.0064,107.7438,1.7500,79.351,102.14,100.98
17394,9604,27548.2817,8678.6332,-8519.4657,26196.5071,108.0109,107.7459,1.8333,79.453,101.16,99.99
17415,9616,27581.2582,8689.0219,-8533.7381,26226.5420,108.0198,108.6891,1.7500,79.552,99.41,98.25
17436,9628,27613.9195,8699.3113,-8537.9214,26259.5264,108.0069,107.7638,1.7500,79.655,103.31,102.17
17459,9640,27649.1398,8710.4069,-8555.1077,26290.9734,108.0206,108.4548,1.9167,79.759,103.87,102.63
17480,9652,27684.6234,8721.5854,-8561.0717,26326.3467,108.0097,107.7459,1.7500,79.864,105.08,103.94
17503,9664,27720.5176,8732.8933,-8574.1974,26359.8229,108.0141,108.2749,1.9167,79.969,104.83,103.59
17524,9676,27753.8115,8743.3820,-8583.3150,26391.8679,108.0116,108.0580,1.7500,80.073,103.79,102.63
17545,9688,27786.7734,8753.7661,-8598.3673,26421.6338,108.0221,108.0741,1.7500,80.176,103.50,102.33
17566,9700,27820.3402,8764.3408,-8601.8492,26455.7986,108.0071,107.9578,1.7500,80.281,104.57,103.43
17589,9712,27856.2344,8775.6486,-8614.9750,26489.2748,108.0115,108.0375,1.9167,80.384,102.59,101.38
17611,9724,27890.1364,8786.3289,-8629.7806,26520.1095,108.0209,108.6897,1.8333,80.486,102.36,101.17
17632,9736,27924.9790,8797.3055,-8634.9308,26555.0734,108.0087,107.7947,1.7500,80.591,105.03,103.82
17655,9748,27960.2224,8808.4083,-8647.2167,26588.1382,108.0117,108.0261,1.9167,80.694,102.77,101.53
17676,9760,27995.6990,8819.5847,-8658.0663,26621.9153,108.0115,108.0131,1.7500,80.797,103.23,102.10
17699,9773,28031.1217,8830.7440,-8672.9727,26654.3163,108.0200,108.5214,1.7692,80.899,102.27,101.04
17719,9785,28063.3145,8840.8858,-8680.1860,26685.8231,108.0141,107.9508,1.6667,80.998,99.02,97.94
17740,9797,28097.0302,8851.5074,-8687.5134,26718.8936,108.0074,107.8692,1.7500,81.100,101.49,100.37
17763,9809,28132.6636,8862.7331,-8704.5804,26750.8138,108.0204,108.0626,1.9167,81.199,99.78,98.59
17784,9821,28165.3248,8873.0225,-8708.7638,26783.7981,108.0077,108.0626,1.7500,81.304,104.60,103.47
17806,9833,28199.6786,8883.8451,-8720.5541,26816.0888,108.0102,107.9811,1.8333,81.406,102.25,101.04
17828,9845,28235.4038,8895.0997,-8731.0856,26850.2307,108.0091,107.5584,1.8333,81.511,104.94,103.80
17851,9857,28269.9306,8905.9768,-8746.7195,26881.4531,108.0197,108.5583,1.9167,81.615,104.22,102.93
17872,9869,28304.1386,8916.7535,-8751.0152,26916.0274,108.0063,107.4023,1.7500,81.720,104.86,103.67
17895,9881,28339.9999,8928.0510,-8769.0152,26947.8838,108.0210,108.4984,1.9167,81.826,106.15,104.91
17916,9893,28374.8424,8939.0276,-8774.1654,26982.8477,108.0091,107.7947,1.7500,81.933,106.18,104.99
17939,9905,28410.0858,8950.1304,-8786.4513,27015.9125,108.0120,108.0309,1.9167,82.035,102.65,101.42
17960,9917,28445.3517,8961.2404,-8795.1403,27050.1705,108.0073,107.3835,1.7500,82.137,102.17,100.99
17983,9930,28480.9851,8972.4661,-8812.2073,27082.0906,108.0201,108.5661,1.7692,82.240,102.31,101.09
18004,9942,28513.6464,8982.7555,-8816.3907,27115.0750,108.0076,107.8409,1.7500,82.345,105.18,104.03
18026,9954,28549.5504,8994.0664,-8829.5426,27148.5531,108.0119,107.6338,1.8333,82.448,102.87,101.67
18049,9966,28585.4448,9005.3744,-8842.6684,27182.0293,108.0162,108.3323,1.9167,82.552,103.83,102.64
18072,9978,28621.6222,9016.7715,-8850.1847,27217.6271,108.0085,107.8710,1.9167,82.657,105.40,104.11
18095,9990,28656.8655,9027.8743,-8862.4706,27250.6920,108.0114,108.0084,1.9167,82.760,102.71,101.50
18116,10002,28692.3422,9039.0506,-8873.3202,27284.4691,108.0111,107.6373,1.7500,82.862,101.91,100.80
18139,10015,28727.7648,9050.2100,-8888.2266,27316.8701,108.0194,108.2461,1.7692,82.964,101.91,100.71
18160,10027,28760.4261,9060.4994,-8892.4099,27349.8545,108.0070,107.9905,1.7500,83.068,104.56,103.42
18182,10039,28796.3301,9071.8103,-8905.5619,27383.3325,108.0113,107.6275,1.8333,83.173,104.79,103.56
18203,10051,28829.3067,9082.1991,-8919.8342,27413.3675,108.0199,108.5343,1.7500,83.275,102.14,100.97
18223,10063,28861.4996,9092.3409,-8927.0475,27444.8743,108.0141,108.1802,1.6667,83.377,102.37,101.26
18244,10075,28895.2152,9102.9624,-8934.3750,27477.9448,108.0077,107.9449,1.7500,83.480,102.22,101.06
18267,10087,28930.8486,9114.1882,-8951.4419,27509.8649,108.0203,108.0444,1.9167,83.582,102.44,101.25
18288,10099,28963.5098,9124.4775,-8955.6253,27542.8493,108.0079,108.0780,1.7500,83.687,105.28,104.15
18310,10111,28997.8636,9135.3001,-8967.4157,27575.1399,108.0104,107.5521,1.8333,83.790,102.60,101.38
18332,10123,29033.5888,9146.5548,-8977.9471,27609.2819,108.0093,108.0199,1.8333,83.895,105.24,104.04
18355,10135,29068.1156,9157.4319,-8993.5811,27640.5043,108.0196,108.3468,1.9167,84.000,104.73,103.53
18376,10147,29102.3236,9168.2085,-8997.8767,27675.0786,108.0066,107.9744,1.7500,84.105,105.34,104.19
18399,10159,29138.1849,9179.5061,-9015.8767,27706.9350,108.0209,108.0535,1.9167,84.211,105.22,104.01
18420,10171,29173.0274,9190.4826,-9021.0270,27741.8988,108.0092,108.0801,1.7500,84.313,102.68,101.51
18442,10183,29207.3898,9201.3079,-9033.2606,27774.0543,108.0126,108.0398,1.8333,84.413,100.26,99.09
18464,10195,29243.5367,9212.6954,-9042.0019,27809.2217,108.0075,107.6312,1.8333,84.514,100.82,99.70
18487,10208,29279.1701,9223.9211,-9059.0689,27841.1418,108.0200,108.5214,1.7692,84.616,101.35,100.17
18507,10220,29311.3630,9234.0630,-9066.2822,27872.6486,108.0144,108.1437,1.6667,84.717,101.81,100.73
18528,10232,29343.4914,9244.1845,-9075.6280,27903.3939,108.0131,108.1010,1.7500,84.821,103.34,102.24
18550,10244,29379.1982,9255.4334,-9085.6901,27937.6691,108.0111,107.6448,1.8333,84.925,104.26,103.11
18573,10256,29412.1932,9265.8279,-9100.4319,27967.5708,108.0204,108.6114,1.9167,85.029,103.85,102.56
18592,10268,29445.2733,9276.2492,-9106.4743,28000.3913,108.0119,108.0351,1.5833,85.132,103.00,101.93
18614,10280,29480.7401,9287.4224,-9117.2978,28034.1666,108.0116,107.6448,1.8333,85.235,103.29,102.07
18637,10292,29515.5535,9298.3898,-9130.9306,28066.3411,108.0174,108.1630,1.9167,85.337,101.96,100.77
18658,10304,29549.2689,9309.0113,-9138.2580,28099.4117,108.0111,108.1630,1.7500,85.439,101.69,100.54
18678,10316,29581.4622,9319.1533,-9145.4713,28130.9184,108.0055,107.3498,1.6667,85.541,101.84,100.74
18699,10328,29614.4383,9329.5419,-9159.7437,28160.9534,108.0138,108.2749,1.7500,85.644,103.52,102.39
18722,10340,29652.3610,9341.4888,-9171.2273,28197.0965,108.0133,108.1437,1.9167,85.746,102.27,101.05
18745,10352,29687.6045,9352.5917,-9183.5132,28230.1614,108.0161,108.3191,1.9167,85.852,105.27,104.07
18767,10364,29722.6703,9363.6386,-9192.7615,28264.0272,108.0129,107.7157,1.8333,85.956,103.95,102.74
18790,10376,29758.6077,9374.9601,-9201.0392,28299.1250,108.0072,108.0330,1.9167,86.059,103.29,102.08
18812,10388,29793.5949,9385.9822,-9214.1012,28331.6682,108.0117,107.6040,1.8333,86.159,100.10,98.91
18834,10400,29829.0617,9397.1554,-9224.9247,28365.4434,108.0114,108.1076,1.8333,86.262,102.80,101.62
18857,10412,29863.8750,9408.1228,-9238.5575,28397.6180,108.0172,108.2232,1.9167,86.361,99.28,98.06
18878,10424,29897.5905,9418.7443,-9245.8849,28430.6885,108.0109,108.1630,1.7500,86.463,102.22,101.10
18898,10436,29929.7838,9428.8863,-9253.0982,28462.1953,108.0054,107.3498,1.6667,86.566,102.40,101.31
18921,10449,29966.0848,9440.3223,-9269.7775,28494.9439,108.0164,108.1081,1.7692,86.668,101.99,100.77
18944,10461,30003.1287,9451.9924,-9279.4882,28530.7394,108.0129,108.0019,1.9167,86.773,105.10,103.89
18967,10473,30039.0231,9463.3003,-9292.6140,28564.2156,108.0170,108.2764,1.9167,86.878,104.91,103.68
18988,10485,30072.5756,9473.8705,-9296.8758,28598.1113,108.0047,107.3043,1.7500,86.977,99.60,98.46
19009,10497,30105.5516,9484.2590,-9311.1482,28628.1463,108.0129,108.0581,1.7500,87.082,104.44,103.32
19030,10509,30138.8455,9494.7477,-9320.2657,28660.1913,108.0105,107.9636,1.7500,87.187,104.76,103.59
19053,10521,30175.3647,9506.2525,-9334.2200,28694.0553,108.0158,107.9449,1.9167,87.292,105.39,104.11
19076,10533,30211.5582,9517.6547,-9341.7215,28729.6748,108.0085,107.8913,1.9167,87.396,103.84,102.61
19098,10545,30245.9120,9528.4773,-9353.5119,28761.9654,108.0108,108.2461,1.8333,87.497,101.45,100.26
19119,10557,30278.2414,9538.6621,-9368.1937,28791.1867,108.0201,108.3017,1.7500,87.602,105.00,103.87
19140,10569,30313.1001,9549.6438,-9373.3292,28826.1722,108.0089,107.8106,1.7500,87.707,104.63,103.45
19162,10581,30347.4539,9560.4664,-9385.1195,28858.4628,108.0112,107.7902,1.8333,87.809,102.45,101.25
19182,10593,30379.6472,9570.6084,-9392.3328,28889.9696,108.0058,107.6840,1.6667,87.911,102.02,100.94
19203,10605,30412.6233,9580.9969,-9406.6052,28920.0046,108.0139,108.3191,1.7500,88.016,104.88,103.73
19226,10617,30448.9958,9592.4555,-9416.7272,28954.9603,108.0116,108.0088,1.9167,88.119,102.36,101.12
19246,10629,30480.4770,9602.3731,-9426.4826,28984.8918,108.0117,108.0240,1.6667,88.221,102.41,101.32
19268,10641,30515.5428,9613.4200,-9435.7309,29018.7576,108.0085,107.6114,1.8333,88.325,104.50,103.33
19291,10653,30550.9971,9624.5893,-9450.1774,29051.3417,108.0154,108.2193,1.9167,88.427,101.52,100.31
19312,10665,30586.2628,9635.6992,-9458.8664,29085.5996,108.0110,108.2666,1.7500,88.531,104.28,103.16
19335,10678,30621.6854,9646.8585,-9473.7728,29118.0006,108.0188,108.1290,1.7692,88.634,102.31,101.12
19356,10690,30654.3468,9657.1479,-9477.9561,29150.9850,108.0072,107.7438,1.7500,88.738,104.56,103.42
19378,10702,30690.2508,9668.4589,-9491.1081,29184.4631,108.0112,107.7459,1.8333,88.843,104.51,103.32
19399,10714,30723.2273,9678.8476,-9505.3805,29214.4980,108.0192,108.6891,1.7500,88.942,99.64,98.53
19420,10726,30755.8886,9689.1370,-9509.5638,29247.4824,108.0076,107.7638,1.7500,89.046,103.34,102.24
19443,10738,30791.1089,9700.2326,-9526.7501,29278.9294,108.0199,108.4548,1.9167,89.146,100.07,98.92
19464,10750,30826.5925,9711.4111,-9532.7141,29314.3027,108.0101,107.7459,1.7500,89.249,103.49,102.39
19487,10762,30862.4868,9722.7190,-9545.8398,29347.7789,108.0141,108.2749,1.9167,89.354,104.44,103.23
19508,10774,30895.7806,9733.2077,-9554.9574,29379.8239,108.0118,108.0580,1.7500,89.457,103.80,102.64
19529,10786,30928.7425,9743.5918,-9570.0097,29409.5898,108.0213,108.0741,1.7500,89.561,103.35,102.16
19550,10798,30962.3093,9754.1665,-9573.4916,29443.7546,108.0078,107.9578,1.7500,89.666,104.82,103.66
19573,10810,30998.2035,9765.4744,-9586.6174,29477.2308,108.0118,108.0375,1.9167,89.770,104.86,103.62
19595,10822,31032.1055,9776.1546,-9601.4230,29508.0655,108.0202,108.6897,1.8333,89.875,104.80,103.60
19616,10834,31066.9481,9787.1312,-9606.5732,29543.0294,108.0092,107.7947,1.7500,89.980,104.48,103.29
19639,10846,31102.1915,9798.2341,-9618.8591,29576.0942,108.0119,108.0261,1.9167,90.081,101.55,100.32
19660,10858,31137.6681,9809.4104,-9629.7087,29609.8713,108.0117,108.0131,1.7500,90.184,103.14,102.00
19683,10871,31173.0908,9820.5697,-9644.6151,29642.2723,108.0193,108.5214,1.7692,90.286,101.53,100.32
19703,10883,31205.2837,9830.7115,-9651.8284,29673.7791,108.0140,107.9508,1.6667,90.386,99.82,98.73
19724,10895,31238.9993,9841.3331,-9659.1558,29706.8496,108.0081,107.8692,1.7500,90.485,99.20,98.13
19747,10907,31274.6327,9852.5588,-9676.2228,29738.7698,108.0197,108.0626,1.9167,90.586,100.66,99.47
19768,10919,31307.2939,9862.8482,-9680.4062,29771.7541,108.0083,108.0626,1.7500,90.691,105.16,103.96
19790,10931,31341.6477,9873.6708,-9692.1965,29804.0448,108.0106,107.9811,1.8333,90.793,102.41,101.23
19812,10943,31377.3729,9884.9254,-9702.7280,29838.1867,108.0096,107.5584,1.8333,90.898,105.03,103.86
19835,10955,31411.8997,9895.8025,-9718.3619,29869.4091,108.0191,108.5583,1.9167,91.003,104.67,103.44
19856,10967,31446.1077,9906.5792,-9722.6576,29903.9834,108.0071,107.4023,1.7500,91.108,105.54,104.36
19879,10979,31481.9690,9917.8767,-9740.6576,29935.8398,108.0203,108.4984,1.9167,91.214,105.78,104.51
19900,10991,31516.8116,9928.8533,-9745.8078,29970.8037,108.0095,107.7947,1.7500,91.319,104.39,103.20
19923,11003,31552.0549,9939.9561,-9758.0937,30003.8685,108.0122,108.0309,1.9167,91.421,102.58,101.39
19944,11015,31587.3208,9951.0661,-9766.7827,30038.1265,108.0080,107.3835,1.7500,91.523,102.08,100.90
19967,11028,31622.9542,9962.2918,-9783.8497,30070.0466,108.0195,108.5661,1.7692,91.625,101.91,100.70
19988,11040,31655.6155,9972.5812,-9788.0331,30103.0310,108.0082,107.8409,1.7500,91.731,105.48,104.30
20010,11052,31691.5195,9983.8922,-9801.1850,30136.5091,108.0121,107.6338,1.8333,91.833,102.84,101.60
20033,11064,31727.4139,9995.2001,-9814.3108,30169.9853,108.0160,108.3323,1.9167,91.937,103.27,102.10
20056,11076,31763.5913,10006.5972,-9821.8271,30205.5831,108.0090,107.8710,1.9167,92.039,102.45,101.27
20079,11088,31798.8347,10017.7000,-9834.1129,30238.6480,108.0116,108.0084,1.9167,92.142,103.05,101.82
20100,11100,31834.3113,10028.8764,-9844.9626,30272.4251,108.0114,107.6373,1.7500,92.245,102.29,101.14
20123,11113,31869.7339,10040.0357,-9859.8689,30304.8261,108.0189,108.2461,1.7692,92.346,101.38,100.19
20144,11125,31902.3952,10050.3251,-9864.0523,30337.8105,108.0077,107.9905,1.7500,92.448,101.77,100.66
20166,11137,31938.2993,10061.6361,-9877.2043,30371.2885,108.0116,107.6275,1.8333,92.549,101.35,100.23
20187,11149,31971.2758,10072.0248,-9891.4766,30401.3235,108.0193,108.5343,1.7500,92.651,101.83,100.68
20207,11161,32003.4687,10082.1666,-9898.6899,30432.8303,108.0141,108.1802,1.6667,92.753,102.03,100.96
20228,11173,32037.1843,10092.7882,-9906.0174,30465.9008,108.0083,107.9449,1.7500,92.854,101.35,100.20
20251,11185,32072.8177,10104.0139,-9923.0843,30497.8209,108.0196,108.0444,1.9167,92.956,101.82,100.59
20272,11197,32105.4789,10114.3032,-9927.2677,30530.8053,108.0085,108.0780,1.7500,93.061,105.31,104.20
20294,11209,32139.8327,10125.1259,-9939.0581,30563.0959,108.0107,107.5521,1.8333,93.163,101.58,100.41
20316,11221,32175.5579,10136.3805,-9949.5895,30597.2379,108.0097,108.0199,1.8333,93.267,103.68,102.56
20339,11233,32210.0847,10147.2576,-9965.2235,30628.4603,108.0190,108.3468,1.9167,93.368,101.57,100.40
20360,11245,32244.2927,10158.0343,-9969.5191,30663.0346,108.0073,107.9744,1.7500,93.471,102.51,101.39
20383,11257,32280.1540,10169.3318,-9987.5191,30694.8910,108.0202,108.0535,1.9167,93.576,105.30,104.09
20404,11269,32314.9966,10180.3083,-9992.6694,30729.8548,108.0097,108.0801,1.7500,93.679,103.24,102.08
20426,11281,32349.3589,10191.1336,-10004.9030,30762.0103,108.0127,108.0398,1.8333,93.782,103.16,101.97
20448,11293,32385.5059,10202.5211,-10013.6443,30797.1777,108.0082,107.6312,1.8333,93.884,101.66,100.46
20471,11306,32421.1392,10213.7468,-10030.7113,30829.0978,108.0194,108.5214,1.7692,93.986,101.92,100.73
20491,11318,32453.3321,10223.8887,-10037.9246,30860.6046,108.0143,108.1437,1.6667,94.088,102.06,100.93
20512,11330,32485.4606,10234.0102,-10047.2704,30891.3499,108.0132,108.1010,1.7500,94.192,103.83,102.70
20534,11342,32521.1674,10245.2591,-10057.3325,30925.6251,108.0114,107.6448,1.8333,94.296,104.09,102.89
20557,11354,32554.1623,10255.6536,-10072.0743,30955.5268,108.0198,108.6114,1.9167,94.399,103.38,102.19
20576,11366,32587.2425,10266.0749,-10078.1167,30988.3473,108.0120,108.0351,1.5833,94.502,103.08,101.99
20598,11378,32622.7092,10277.2482,-10088.9402,31022.1226,108.0118,107.6448,1.8333,94.606,103.66,102.45
20621,11390,32657.5226,10288.2155,-10102.5730,31054.2971,108.0171,108.1630,1.9167,94.707,100.75,99.55
20642,11402,32691.2380,10298.8370,-10109.9004,31087.3677,108.0114,108.1630,1.7500,94.808,101.02,99.88
20662,11414,32723.4313,10308.9790,-10117.1137,31118.8744,108.0063,107.3498,1.6667,94.910,102.27,101.16
20683,11426,32756.4074,10319.3676,-10131.3861,31148.9094,108.0138,108.2749,1.7500,95.015,104.59,103.43
20706,11438,32794.3302,10331.3145,-10142.8697,31185.0525,108.0134,108.1437,1.9167,95.120,105.00,103.76
20729,11450,32829.5737,10342.4174,-10155.1556,31218.1174,108.0159,108.3191,1.9167,95.225,105.27,104.05
20751,11462,32864.6394,10353.4643,-10164.4039,31251.9832,108.0130,107.7157,1.8333,95.329,104.03,102.83
20774,11474,32900.5768,10364.7858,-10172.6816,31287.0810,108.0078,108.0330,1.9167,95.434,104.77,103.56
20796,11486,32935.5640,10375.8079,-10185.7436,31319.6242,108.0119,107.6040,1.8333,95.537,103.29,102.09
20818,11498,32971.0308,10386.9811,-10196.5671,31353.3994,108.0116,108.1076,1.8333,95.641,104.03,102.83
20841,11510,33005.8442,10397.9485,-10210.1999,31385.5740,108.0169,108.2232,1.9167,95.743,102.25,101.04
20862,11522,33039.5596,10408.5700,-10217.5273,31418.6445,108.0112,108.1630,1.7500,95.844,100.18,99.07
20882,11534,33071.7529,10418.7120,-10224.7406,31450.1513,108.0062,107.3498,1.6667,95.943,99.58,98.53
20905,11547,33108.0539,10430.1480,-10241.4199,31482.8999,108.0162,108.1081,1.7692,96.043,99.83,98.64
20928,11559,33145.0978,10441.8181,-10251.1306,31518.6954,108.0130,108.0019,1.9167,96.147,104.54,103.37
20951,11571,33180.9922,10453.1260,-10264.2563,31552.1716,108.0167,108.2764,1.9167,96.249,101.96,100.77
20972,11583,33214.5447,10463.6962,-10268.5182,31586.0673,108.0056,107.3043,1.7500,96.351,101.74,100.56
20993,11595,33247.5207,10474.0848,-10282.7906,31616.1023,108.0130,108.0581,1.7500,96.456,104.78,103.62
21014,11607,33280.8146,10484.5734,-10291.9081,31648.1473,108.0108,107.9636,1.7500,96.561,104.83,103.69
21037,11619,33317.3339,10496.0782,-10305.8624,31682.0113,108.0156,107.9449,1.9167,96.666,105.25,104.03
21060,11631,33353.5273,10507.4804,-10313.3639,31717.6308,108.0090,107.8913,1.9167,96.771,104.53,103.33
21082,11643,33387.8812,10518.3030,-10325.1542,31749.9214,108.0111,108.2461,1.8333,96.872,101.71,100.49
21103,11655,33420.2105,10528.4878,-10339.8361,31779.1427,108.0195,108.3017,1.7500,96.976,103.94,102.83
21124,11667,33455.0692,10539.4695,-10344.9716,31814.1282,108.0094,107.8106,1.7500,97.081,104.34,103.20
21146,11679,33489.4230,10550.2921,-10356.7619,31846.4188,108.0115,107.7902,1.8333,97.183,102.17,101.01
21166,11691,33521.6163,10560.4341,-10363.9752,31877.9256,108.0065,107.6840,1.6667,97.285,102.00,100.92
21187,11703,33554.5925,10570.8227,-10378.2476,31907.9606,108.0139,108.3191,1.7500,97.390,105.09,103.96
21210,11715,33590.9649,10582.2812,-10388.3696,31942.9163,108.0118,108.0088,1.9167,97.492,102.31,101.04
21230,11727,33622.4461,10592.1988,-10398.1250,31972.8478,108.0119,108.0240,1.6667,97.595,103.27,102.15
21252,11739,33657.5119,10603.2457,-10407.3733,32006.7136,108.0090,107.6114,1.8333,97.701,105.34,104.14
21275,11751,33692.9662,10614.4150,-10421.8198,32039.2977,108.0153,108.2193,1.9167,97.802,101.57,100.37
21296,11763,33728.2320,10625.5249,-10430.5088,32073.5556,108.0113,108.2666,1.7500,97.907,104.68,103.51
21319,11776,33763.6545,10636.6842,-10445.4152,32105.9566,108.0183,108.1290,1.7692,98.010,102.56,101.38
21340,11788,33796.3159,10646.9736,-10449.5985,32138.9410,108.0078,107.7438,1.7500,98.115,105.24,104.11
21362,11800,33832.2199,10658.2846,-10462.7505,32172.4191,108.0114,107.7459,1.8333,98.221,106.46,105.26
21383,11812,33865.1964,10668.6733,-10477.0229,32202.4540,108.0187,108.6891,1.7500,98.327,106.10,104.92
21404,11824,33897.8577,10678.9627,-10481.2062,32235.4384,108.0082,107.7638,1.7500,98.438,110.91,109.78
21427,11836,33933.0780,10690.0583,-10498.3925,32266.8854,108.0194,108.4548,1.9167,98.553,115.16,113.90
21448,11848,33968.5616,10701.2368,-10504.3565,32302.2587,108.0105,107.7459,1.7500,98.672,118.79,117.55
21471,11860,34004.4559,10712.5447,-10517.4822,32335.7349,108.0141,108.2749,1.9167,98.790,117.78,116.52
21492,11872,34037.7498,10723.0334,-10526.5998,32367.7799,108.0120,108.0580,1.7500,98.907,117.32,116.10
21513,11884,34070.7116,10733.4175,-10541.6521,32397.5458,108.0206,108.0741,1.7500,99.027,119.86,118.66
21534,11896,34104.2784,10743.9922,-10545.1340,32431.7106,108.0084,107.9578,1.7500,99.148,120.82,119.64
21557,11908,34140.1727,10755.3001,-10558.2598,32465.1868,108.0120,108.0375,1.9167,99.265,117.45,116.19
21579,11920,34174.0746,10765.9803,-10573.0654,32496.0215,108.0196,108.6897,1.8333,99.384,118.33,117.09
21600,11932,34208.9172,10776.9569,-10578.2156,32530.9854,108.0097,107.7947,1.7500,99.499,115.35,114.13
21623,11944,34244.1606,10788.0598,-10590.5015,32564.0502,108.0121,108.0261,1.9167,99.611,111.81,110.54
21644,11956,34279.6373,10799.2361,-10601.3511,32597.8273,108.0119,108.0131,1.7500,99.723,111.83,110.67
21667,11969,34315.0599,10810.3954,-10616.2575,32630.2283,108.0188,108.5214,1.7692,99.833,110.45,109.18
21687,11981,34347.2528,10820.5373,-10623.4708,32661.7351,108.0140,107.9508,1.6667,99.948,115.19,114.02
21708,11993,34380.9684,10831.1588,-10630.7982,32694.8056,108.0086,107.8692,1.7500,100.062,113.74,112.53
21731,12005,34416.6018,10842.3845,-10647.8652,32726.7258,108.0192,108.0626,1.9167,100.179,116.33,115.05
21752,12017,34449.2630,10852.6739,-10652.0486,32759.7101,108.0088,108.0626,1.7500,100.298,119.47,118.24
21774,12029,34483.6168,10863.4965,-10663.8389,32792.0008,108.0109,107.9811,1.8333,100.412,113.90,112.67
21796,12041,34519.3420,10874.7511,-10674.3704,32826.1427,108.0100,107.5584,1.8333,100.524,112.30,111.11
21819,12053,34553.8688,10885.6282,-10690.0043,32857.3651,108.0186,108.5583,1.9167,100.632,107.51,106.26
21840,12065,34588.0768,10896.4049,-10694.3000,32891.9394,108.0077,107.4023,1.7500,100.738,105.79,104.62
21863,12077,34623.9381,10907.7024,-10712.3000,32923.7958,108.0197,108.4984,1.9167,100.841,103.05,101.87
21884,12089,34658.7807,10918.6790,-10717.4502,32958.7597,108.0099,107.7947,1.7500,100.947,106.71,105.53
21907,12101,34694.0241,10929.7818,-10729.7361,32991.8245,108.0123,108.0309,1.9167,101.055,107.44,106.20
24112,13310,38186.3334,12029.9765,-11807.3371,36313.7225,108.0087,107.9905,1.7500,112.961,121.99,120.78
26298,14517,41649.5241,13120.9978,-12880.4366,39606.4650,108.0122,107.6448,1.8333,124.918,120.08,118.75
28480,15724,45104.3480,14209.3832,-13948.8824,42891.9226,108.0124,107.6040,1.8333,136.851,120.18,118.87
30661,16932,48558.2739,15297.4858,-15017.5718,46176.3567,108.0132,108.0581,1.7500,148.793,120.27,119.03
32839,18138,52007.3147,16384.0494,-16084.6712,49456.1710,108.0138,108.3191,1.7500,160.723,121.93,120.67
35019,19345,55459.8878,17471.7258,-17155.0889,52738.6204,108.0168,108.6891,1.7500,172.635,118.00,116.75
37199,20551,58910.7351,18558.8585,-18222.7738,56020.1439,108.0171,108.6897,1.8333,184.441,103.96,102.80
39400,21759,62397.9716,19657.4550,-19295.7211,59338.2211,108.0117,108.0199,1.8333,194.884,105.17,104.02
41592,22967,65868.9542,20750.9310,-20368.4725,62639.2701,108.0112,108.0780,1.7500,205.218,105.35,103.96
43775,24175,69326.5837,21840.2003,-21443.5585,65925.5186,108.0164,108.5214,1.7692,216.705,118.55,117.16
45950,25382,72770.8448,22925.2582,-22501.6033,69203.2512,108.0104,107.3498,1.6667,228.402,105.21,104.12
48134,26588,76228.9423,24014.6749,-23573.6593,72490.9773,108.0127,108.1630,1.7500,239.248,103.45,102.22
50316,27795,79684.8792,25103.4110,-24641.1383,75777.9196,108.0118,107.8913,1.9167,250.460,108.09,106.84
52492,29002,83130.8329,26189.0021,-25706.7901,79054.9585,108.0119,107.8427,1.8333,261.053,106.96,105.79
54692,30210,86614.6896,27286.5339,-26783.8731,82368.1367,108.0117,107.8389,1.7500,271.697,108.13,106.93
56895,31418,90104.5121,28385.9450,-27866.1724,85685.8919,108.0139,108.1802,1.6667,282.343,103.92,102.77
59090,32626,93580.4043,29480.9677,-28939.7599,88991.8318,108.0130,107.6275,1.8333,292.971,108.65,107.43
61268,33833,97028.3667,30567.1916,-30003.7171,92271.5338,108.0116,107.9744,1.7500,303.606,108.90,107.72
63449,35040,100480.2055,31654.6367,-31077.9147,95551.9821,108.0157,108.6114,1.9167,314.223,106.02,104.77
65627,36246,103932.6518,32742.2731,-32141.8867,98836.3944,108.0135,107.7157,1.8333,324.833,106.98,105.77
67811,37454,107390.9738,33831.7606,-33213.3815,102124.5388,108.0147,108.2764,1.9167,335.472,107.46,106.19
70001,38661,110859.0971,34924.3358,-34285.6182,105422.7487,108.0145,108.1081,1.7692,346.115,104.80,103.52
72199,39868,114338.9879,36020.6182,-35359.4807,108732.8039,108.0133,108.0261,1.9167,356.757,104.22,102.93
74379,41076,117790.6651,37108.0123,-36430.6259,112014.0748,108.0152,108.5583,1.9167,367.411,108.30,107.01
76561,42283,121248.1486,38197.2356,-37498.2172,115302.6069,108.0144,108.3323,1.9167,378.073,105.41,104.16
78740,43490,124699.8880,39284.6494,-38561.5662,118586.4784,108.0124,107.9449,1.7500,388.718,104.15,102.99
80922,44696,128154.0319,40372.8206,-39632.0942,121870.5439,108.0135,108.0398,1.8333,399.356,104.95,103.71
83101,45903,131604.1646,41459.7282,-40701.4065,125150.7868,108.0146,108.1708,1.9167,410.049,102.53,101.29
85294,47111,135077.3998,42553.9139,-41772.1995,128454.8414,108.0131,108.2461,1.7500,420.713,105.47,104.23
87492,48318,138559.7197,43650.9615,-42849.1964,131766.4317,108.0132,108.2666,1.7500,431.311,108.16,107.00
89672,49526,142011.2067,44738.2957,-43916.9298,135048.6120,108.0133,108.0580,1.7500,441.930,106.54,105.34
91851,50733,145462.6789,45825.6253,-44985.4432,138330.5231,108.0138,107.9508,1.6667,452.551,105.76,104.57
94032,51939,148916.1758,46913.5927,-46051.0650,141615.5037,108.0129,107.7947,1.7500,463.188,105.54,104.34
96216,53146,152375.6447,48003.4415,-47121.8622,144905.0811,108.0133,107.6373,1.7500,473.822,106.54,105.38
98402,54353,155836.4652,49093.7161,-48190.1658,148196.8906,108.0125,107.4216,1.9167,484.455,105.44,104.23
100601,55560,159319.8537,50191.1004,-49270.2788,151508.5912,108.0137,108.1001,1.6667,495.078,102.81,101.61
102790,56769,162785.9588,51283.0398,-50340.9823,154805.1773,108.0132,107.5854,1.9167,505.729,108.14,106.90
104966,57976,166231.7336,52368.5745,-51404.0136,158082.8800,108.0123,107.6840,1.6667,516.353,102.05,100.91
107146,59183,169684.3065,53456.2508,-52474.4313,161365.3295,108.0133,107.7459,1.8333,526.985,107.13,105.84
109325,60389,173134.2284,54543.0920,-53541.5830,164646.0532,108.0134,108.0375,1.9167,537.618,104.85,103.59
111504,61596,176585.2877,55630.2915,-54607.0142,167928.5326,108.0128,108.0626,1.7500,548.232,108.44,107.24
113687,62803,180042.9172,56719.5608,-55682.1001,171214.7811,108.0148,108.5661,1.7692,559.487,114.65,113.37
115892,64011,183535.0313,57819.6939,-56757.0953,174537.3212,108.0132,108.0951,1.7500,571.404,119.62,118.36
118078,65218,186996.0468,58910.0300,-57828.0048,177828.4885,108.0134,108.1630,1.7500,583.337,117.09,115.84
120261,66425,190450.8036,59998.3943,-58901.0557,181112.3780,108.0148,108.3776,1.9167,595.279,117.15,115.85
122441,67633,193906.0810,61086.9226,-59967.2516,184399.0441,108.0141,107.9449,1.9167,607.229,118.69,117.40
124618,68839,197353.1623,62172.8689,-61031.1565,187677.8367,108.0135,108.0240,1.6667,619.176,119.85,118.61
126799,70046,200805.7632,63260.5541,-62103.0665,190959.8302,108.0147,108.4548,1.9167,631.078,116.05,114.75
128979,71252,204258.8151,64348.3813,-63166.8179,194244.9511,108.0135,108.0261,1.9167,643.005,119.70,118.34
131180,72460,207744.7002,65446.5521,-64242.2588,197560.7962,108.0128,107.9744,1.7500,655.036,118.14,116.90
133372,73668,211217.0272,66540.4516,-65317.4023,200862.4811,108.0132,108.0199,1.8333,666.973,121.83,120.57
135552,74876,214668.8991,67627.9071,-66386.7256,204144.5492,108.0137,108.1010,1.7500,678.901,120.02,118.74
137730,76083,218119.7378,68715.0371,-67453.9673,207426.2078,108.0137,108.1437,1.9167,690.836,120.05,118.72
139913,77290,221575.4307,69803.6963,-68524.1598,210712.0111,108.0141,108.1081,1.7692,702.760,118.41,117.03
142095,78496,225029.5562,70891.8618,-69594.2185,213996.2099,108.0146,108.3017,1.7500,714.699,120.57,119.35
144272,79702,228479.5469,71978.7246,-70656.5336,217278.5789,108.0134,108.2666,1.7500,726.642,117.51,116.32
146473,80910,231964.4821,73076.5961,-71736.7588,220591.8693,108.0141,107.9616,1.9167,738.569,121.82,120.52
148664,82118,235433.7452,74169.5304,-72805.5543,223892.3967,108.0130,107.8409,1.7500,750.499,118.19,117.00
150847,83326,238891.3747,75258.7997,-73880.6402,227178.6452,108.0145,108.5343,1.7500,762.424,116.72,115.46
153027,84533,242342.2219,76345.9324,-74948.3251,230460.1686,108.0146,108.0535,1.9167,774.352,121.16,119.85
155204,85740,245791.2797,77432.5014,-76010.5651,233741.5810,108.0136,108.0351,1.5833,786.302,117.43,116.25
157386,86946,249246.5831,78521.0379,-77076.7724,237028.2707,108.0130,108.0330,1.9167,798.249,120.93,119.58
159568,88153,252702.5199,79609.7740,-78144.2514,240315.2130,108.0127,107.3043,1.7500,810.167,115.58,114.32
161760,89360,256174.1350,80703.4492,-79221.9369,243615.3227,108.0137,108.0019,1.9167,822.123,121.76,120.44
163956,90567,259652.4585,81799.2379,-80296.9383,246923.3594,108.0135,108.2437,1.7500,834.089,119.57,118.29
166136,91775,263102.8670,82886.2323,-81361.5296,250205.4275,108.0130,107.4023,1.7500,846.039,122.42,121.11
168320,92983,266562.3198,83976.0761,-82432.3414,253494.9832,108.0132,107.8710,1.9167,857.999,121.92,120.55
170499,94190,270013.5153,85063.3184,-83505.2411,256775.1770,108.0145,108.0444,1.9167,870.629,122.44,121.09
172680,95396,273468.1726,86151.6514,-84567.4435,260062.4897,108.0131,107.6312,1.8333,883.016,123.07,121.75
174858,96603,276915.8740,87237.7931,-85635.3420,263340.6357,108.0135,107.9874,1.7500,895.855,127.04,125.73
177050,97811,280387.5869,88331.4991,-86706.0207,266643.1267,108.0129,107.6275,1.6667,908.705,127.08,125.78
179254,99018,283878.6976,89431.3162,-87788.7243,269962.1051,108.0135,107.7903,1.8333,921.532,129.13,127.78
181450,100226,287355.7292,90526.6978,-88862.0720,273269.3211,108.0131,107.9578,1.7500,934.370,130.04,128.73
183631,101434,290810.0217,91614.9158,-89936.4456,276552.2922,108.0144,108.0626,1.9167,947.171,127.76,126.40
185812,102640,294264.6790,92703.2488,-90998.6479,279839.6050,108.0132,107.3835,1.7500,960.029,127.28,125.99
187996,103848,297721.7225,93792.3335,-92067.5599,283127.2449,108.0131,107.9905,1.7500,972.862,128.23,126.96
190179,105054,301179.3519,94881.6028,-93142.6459,286413.4934,108.0143,108.3254,1.7500,985.704,128.01,126.66
192359,106261,304632.2016,95969.3664,-94208.6771,289697.6603,108.0140,107.8456,1.8333,998.535,130.77,129.43
194570,107470,308132.4816,97072.0720,-95288.5506,293027.2009,108.0134,107.9576,1.7500,1011.366,127.26,125.98
196746,108677,311579.0763,98157.8650,-96355.0160,296304.6491,108.0136,108.0088,1.9167,1024.200,126.21,124.79
198924,109884,315027.9381,99244.3722,-97419.4950,299585.1273,108.0132,107.7638,1.7500,1037.044,127.50,126.19
201104,111090,318480.9669,100332.1922,-98488.1468,302868.6302,108.0133,107.7947,1.7500,1049.871,127.11,125.76
203284,112297,321933.3608,101419.8121,-99555.9439,306151.7436,108.0134,107.5584,1.8333,1062.663,129.97,128.66
205466,113504,325389.4766,102508.6046,-100626.0434,309438.0220,108.0136,107.6338,1.8333,1075.530,131.25,129.89
207651,114712,328848.9196,103598.4452,-101696.8291,312727.5758,108.0138,108.1725,1.9167,1088.398,129.09,127.72
209855,115919,332339.2103,104698.0039,-102776.0985,316046.8087,108.0138,108.0930,1.7500,1101.254,130.46,129.19
212038,117127,335796.5246,105787.1739,-103841.0954,319336.0066,108.0130,107.3498,1.6923,1114.103,127.50,126.15
214222,118334,339254.6222,106876.5907,-104913.1514,322623.7327,108.0135,108.2461,1.8333,1126.981,127.65,126.28
216399,119540,342701.6764,107962.5285,-105981.4594,325901.0649,108.0139,108.2193,1.9167,1139.835,126.23,124.86
218579,120747,346155.1352,109050.4839,-107048.7642,329185.4582,108.0138,108.2749,1.9167,1152.690,129.94,128.57
220759,121954,349607.7082,110138.1602,-108119.1819,332467.9076,108.0143,108.5214,1.7692,1165.550,126.04,124.71
222960,123161,353093.3982,111236.2696,-109192.0170,335784.3949,108.0134,108.0801,1.7500,1178.416,129.96,128.60
225152,124369,356563.7558,112329.5487,-110263.9399,339085.0563,108.0132,107.9744,1.7500,1191.313,130.59,129.29
227333,125577,360015.5946,113416.9937,-111338.1375,342365.5045,108.0143,108.6114,1.9167,1204.160,128.22,126.88
229511,126784,363468.0410,114504.6302,-112402.1095,345649.9169,108.0137,107.7157,1.8333,1217.037,128.89,127.51
231695,127991,366926.3629,115594.1176,-113473.6043,348938.0613,108.0140,108.2764,1.9167,1229.908,130.15,128.69
233874,129197,370376.7629,116681.1094,-114537.7523,352220.2645,108.0136,107.7902,1.8333,1242.773,125.51,124.15
236052,130404,373825.6247,117767.6166,-115602.2313,355500.7427,108.0132,107.7438,1.7500,1255.587,131.28,129.91
238255,131611,377313.8969,118866.5394,-116683.1690,358817.3105,108.0136,108.2810,1.9167,1268.466,126.81,125.46
240445,132819,380783.5377,119959.5927,-117758.4400,362116.1294,108.0140,108.3323,1.9167,1281.316,125.26,123.98
242624,134027,384235.2771,121047.0065,-118821.7889,365400.0009,108.0133,107.9449,1.7500,1294.124,127.46,126.19
244806,135234,387689.4210,122135.1777,-119892.3170,368684.0664,108.0137,108.0398,1.8333,1306.940,128.77,127.38
246985,136441,391139.5538,123222.0853,-120961.6293,371964.3092,108.0141,108.1630,1.9167,1319.771,127.15,125.82
249166,137647,394595.0312,124310.6767,-122027.2659,375251.3675,108.0136,108.1076,1.8333,1332.595,129.43,128.09
251346,138854,398046.7841,125398.0947,-123094.2493,378534.0714,108.0135,107.9636,1.7500,1345.427,130.10,128.81
253542,140061,401525.1076,126493.8833,-124169.2507,381842.1082,108.0134,107.6608,1.9167,1358.227,128.21,126.81
255735,141269,404998.0681,127587.9824,-125245.6660,385144.0456,108.0138,108.0279,1.6667,1371.042,124.63,123.42
257916,142476,408451.5650,128675.9498,-126311.2878,388429.0262,108.0135,107.7947,1.7500,1383.853,131.06,129.72
260100,143684,411911.0339,129765.7986,-127382.0850,391718.6036,108.0136,107.6373,1.7500,1396.682,128.68,127.36
262278,144891,415358.5244,130851.8738,-128447.8228,394997.2304,108.0135,107.5521,1.8333,1409.487,125.81,124.46
264459,146098,418813.9930,131940.4624,-129518.3317,398282.6951,108.0138,108.1437,1.6667,1422.323,123.76,122.54
266635,147304,422259.0375,133025.7670,-130583.4356,401558.9559,108.0138,108.2749,1.7500,1435.129,128.98,127.70
268830,148511,425734.9296,134120.7897,-131657.0231,404864.8957,108.0136,108.3000,1.7500,1447.943,126.88,125.56
271030,149719,429219.6957,135218.6079,-132734.6541,408178.8520,108.0136,107.7459,1.8333,1460.763,130.31,128.92
273209,150926,432669.6175,136305.4491,-133801.8058,411459.5757,108.0136,108.0375,1.9167,1473.571,130.36,129.00
275388,152134,436120.6769,137392.6486,-134867.2369,414742.0551,108.0134,108.0626,1.7500,1486.337,132.23,130.86
277571,153341,439578.3064,138481.9179,-135942.3229,418028.3035,108.0142,108.5661,1.7692,1499.140,127.26,125.92
279754,154548,443035.6206,139571.0879,-137007.3198,421317.5014,108.0136,107.6275,1.8333,1511.981,126.56,125.26
281932,155754,446483.5830,140657.3118,-138071.2771,424597.2035,108.0133,107.9744,1.7500,1524.802,129.92,128.60
284118,156960,449946.1230,141748.1280,-139143.5367,427889.5347,108.0135,108.1246,1.9167,1537.648,130.13,128.73
286327,158169,453445.0023,142850.3924,-140230.7925,431215.2017,108.0142,108.1474,1.7500,1550.452,125.06,123.76
288502,159376,456890.1385,143935.7260,-141289.3609,434493.6843,108.0133,107.8690,1.6667,1563.247,123.62,122.39
290683,160584,460341.1524,145022.9112,-142363.2893,437773.3527,108.0142,108.4548,1.9167,1576.074,128.62,127.21
292863,161790,463794.2043,146110.7384,-143427.0407,441058.4735,108.0137,108.0261,1.9167,1588.362,118.67,117.35
295043,162997,467245.8815,147198.1325,-144498.1859,444339.7444,108.0141,108.5583,1.9167,1600.601,130.34,129.00
297225,164204,470703.3649,148287.3558,-145565.7772,447628.2766,108.0139,108.3323,1.9167,1612.735,121.00,119.63
299410,165412,474164.8363,149377.8355,-146634.9207,450920.4974,108.0138,108.1965,1.9167,1624.617,119.93,118.59
301614,166619,477655.1270,150477.3942,-147714.1901,454239.7303,108.0138,107.8881,1.9167,1636.542,119.72,118.35
303820,167828,481147.8638,151577.7235,-148794.0934,457561.3292,108.0137,108.1131,1.9167,1648.481,121.11,119.80
306000,169035,484599.8042,152665.2005,-149859.5768,460844.7179,108.0135,107.8106,1.7500,1660.391,121.21,119.97
308179,170242,488050.3586,153752.2410,-150931.6627,464124.5023,108.0141,108.1290,1.7692,1672.309,117.97,116.67
310357,171448,491499.3847,154838.7999,-151999.5421,467404.0475,108.0143,108.0741,1.7500,1684.253,117.32,116.10
312536,172655,494951.6107,155926.3670,-153060.3306,470689.2633,108.0134,107.8692,1.7500,1696.130,117.66,116.47
314719,173862,498406.6356,157014.8158,-154130.9109,473974.2383,108.0137,108.0309,1.9167,1708.080,117.31,115.94
316924,175071,501898.9449,158115.0104,-155208.5119,477296.1362,108.0134,107.9905,1.7500,1720.027,121.79,120.55
319110,176278,505362.1357,159206.0317,-156281.6114,480588.8787,108.0137,107.6448,1.8333,1731.993,120.11,118.81
321292,177485,508816.9596,160294.4172,-157350.0572,483874.3363,108.0137,107.6040,1.8333,1743.911,117.89,116.60
323473,178692,512270.8854,161382.5197,-158418.7465,487158.7704,108.0137,108.0581,1.7500,1755.827,121.50,120.26
325651,179898,515719.9263,162469.0833,-159485.8460,490438.5847,108.0138,108.3191,1.7500,1767.780,118.97,117.84
327831,181105,519172.4993,163556.7597,-160556.2636,493721.0342,108.0141,108.6891,1.7500,1779.726,118.30,117.05
330011,182312,522623.3465,164643.8924,-161623.9485,497002.5576,108.0142,108.6897,1.8333,1791.698,122.34,121.05
332212,183520,526110.5832,165742.4889,-162696.8959,500320.6348,108.0135,108.0199,1.8333,1803.684,127.54,126.22
334404,184728,529581.5657,166835.9649,-163769.6473,503621.6839,108.0135,108.0780,1.7500,1816.471,130.18,128.91
336587,185936,533039.1952,167925.2342,-164844.7333,506907.9324,108.0141,108.5214,1.7692,1829.277,123.79,122.47
338762,187142,536483.4563,169010.2921,-165902.7780,510185.6650,108.0133,107.3498,1.6667,1842.079,126.98,125.72
340946,188348,539941.5539,170099.7089,-166974.8341,513473.3911,108.0136,108.1630,1.7500,1854.925,127.03,125.72
343128,189555,543397.4907,171188.4449,-168042.3131,516760.3333,108.0135,107.8913,1.9167,1867.747,130.51,129.15
345322,190762,546871.3644,172282.8317,-169117.5689,520063.6081,108.0136,108.2461,1.7500,1880.560,127.53,126.22
347514,191970,550344.1632,173376.8799,-170190.9319,523366.3682,108.0135,107.5680,1.8333,1893.340,124.52,123.17
349696,193177,553800.0682,174465.6059,-171258.8707,526653.1274,108.0135,107.3835,1.7500,1906.173,122.34,121.06
351880,194386,557257.1116,175554.6906,-172327.7827,529940.7674,108.0134,107.9905,1.7500,1918.972,127.70,126.47
354059,195592,560706.7703,176641.4489,-173400.5963,533219.3732,108.0141,108.3468,1.9167,1931.802,130.42,129.05
356238,196799,564159.8222,177729.2761,-174464.3476,536504.4941,108.0136,107.6448,1.8333,1944.636,126.38,125.05
358417,198005,567610.1976,178816.2601,-175533.8131,539784.9423,108.0139,108.3191,1.9167,1957.382,124.93,123.60
360607,199212,571078.0931,179908.7636,-176605.1168,543083.2159,108.0138,108.0444,1.7500,1969.853,125.63,124.34
362808,200420,574563.3273,181006.7293,-177679.7178,546398.6498,108.0135,107.8229,1.7500,1982.167,125.70,124.41
364988,201627,578016.3560,182094.5492,-178748.3696,549682.1527,108.0135,107.7947,1.7500,1994.466,125.31,123.99
367168,202835,581468.7500,183182.1692,-179816.1667,552965.2660,108.0136,107.5584,1.8333,2006.756,125.60,124.31
369350,204042,584924.8658,184270.9617,-180886.2662,556251.5444,108.0137,107.6338,1.8333,2019.033,123.96,122.59
371531,205249,588378.7841,185359.0618,-181955.4135,559535.8216,108.0138,108.1802,1.6667,2031.341,121.09,119.84
373712,206455,591832.2810,186447.0292,-183021.0353,562820.8022,108.0136,108.0801,1.7500,2044.114,127.28,125.97
375900,207661,595297.2670,187538.6161,-184093.9289,566115.4994,108.0137,108.1131,1.9167,2056.553,123.21,121.87
378106,208870,598790.0114,188638.9478,-185173.3742,569437.2552,108.0136,108.2461,1.8333,2068.845,121.72,120.38
380283,210077,602236.8341,189724.8126,-186240.7727,572714.6397,108.0138,108.0881,1.8333,2081.107,121.71,120.42
382463,211285,605690.5244,190812.8410,-187308.9870,575998.9806,108.0138,108.2749,1.9167,2093.394,125.12,123.78
384643,212492,609143.0974,191900.5173,-188379.4047,579281.4301,108.0141,108.5214,1.7692,2106.014,126.47,125.15
386823,213698,612593.9447,192987.6500,-189447.0896,582562.9535,108.0141,108.4984,1.9167,2118.848,131.26,129.85
389007,214905,616052.7797,194077.2991,-190512.1873,585853.7177,108.0137,108.0084,1.9167,2131.674,128.52,127.14
391191,216112,619513.1395,195167.4286,-191583.0629,589144.2065,108.0137,108.2964,1.9167,2144.302,122.56,121.19
393393,217319,622999.1862,196265.6503,-192661.5561,592459.2290,108.0138,108.1246,1.7500,2156.598,125.20,123.93
395579,218528,626461.7521,197356.4747,-193733.8271,595751.5838,108.0139,108.2764,1.9167,2168.903,125.38,124.03
397758,219735,629912.1520,198443.4665,-194797.9751,599033.7870,108.0137,107.7902,1.8333,2181.207,120.83,119.48
399936,220942,633361.0139,199529.9737,-195862.4541,602314.2652,108.0135,107.7438,1.7500,2193.532,125.58,124.33
402114,222148,636810.9456,200616.8180,-196929.6320,605594.9908,108.0135,107.9578,1.7500,2205.836,125.00,123.68
404295,223355,640265.2381,201705.0360,-198004.0055,608877.9619,108.0141,108.0626,1.9167,2218.119,121.59,120.24
406476,224561,643719.8954,202793.3690,-199066.2079,612165.2747,108.0135,107.3835,1.7500,2230.370,122.04,120.74
408683,225770,647212.8001,203893.7512,-200153.1199,615484.7710,108.0141,108.0689,1.9167,2242.687,122.67,121.36
410890,226977,650708.6584,204995.0639,-201229.1796,618810.9022,108.0137,107.6244,1.7500,2255.006,121.43,120.19
413073,228184,654163.4152,206083.4282,-202302.2305,622094.7917,108.0141,108.3776,1.9167,2267.338,123.54,122.15
415253,229392,657618.6925,207171.9565,-203368.4263,625381.4578,108.0139,107.9449,1.9167,2279.669,123.90,122.58
417430,230598,661065.7739,208257.9028,-204432.3313,628660.2504,108.0137,108.0240,1.6667,2292.000,123.07,121.86
419611,231805,664518.3748,209345.5880,-205504.2413,631942.2440,108.0141,108.4548,1.9167,2304.320,123.34,122.00
421791,233012,667971.4267,210433.4152,-206567.9926,635227.3648,108.0137,108.0261,1.9167,2316.663,123.26,121.90
423992,234220,671457.3118,211531.5860,-207643.4335,638543.2099,108.0135,107.9744,1.7500,2329.002,126.08,124.75
426199,235428,674952.0081,212632.5326,-208726.5313,641865.8305,108.0137,108.0196,1.9167,2341.287,123.30,121.98
428386,236636,678417.2174,213724.1898,-209797.9624,645161.2381,108.0137,107.6448,1.8333,2353.616,124.52,123.23
430565,237843,681867.5928,214811.1739,-210867.4279,648441.6864,108.0139,108.3191,1.9167,2365.906,121.29,119.97
432748,239050,685325.0862,215900.4003,-211935.0453,651730.2204,108.0137,108.0019,1.9167,2378.161,125.40,124.06
434928,240256,688777.0266,216987.8774,-213000.5288,655013.6092,108.0136,107.8106,1.7500,2390.471,124.96,123.68
437107,241464,692227.5810,218074.9178,-214072.6147,658293.3936,108.0140,108.1290,1.7692,2402.799,122.72,121.35
439308,242671,695713.2710,219173.0271,-215145.4498,661609.8809,108.0136,107.9102,1.9167,2415.095,126.03,124.67
441508,243879,699197.1277,220270.5589,-216222.5329,664923.0591,108.0135,108.0780,1.7500,2427.405,123.67,122.36
443700,245087,702669.8947,221364.5971,-217296.3557,668225.6362,108.0135,107.9449,1.7500,2439.707,122.31,121.07
445882,246293,706124.0386,222452.7683,-218366.8838,671509.7017,108.0137,108.0398,1.8333,2452.005,123.07,121.70
448061,247500,709574.1714,223539.6759,-219436.1961,674789.9445,108.0139,108.1630,1.9167,2464.294,116.72,115.49
450242,248706,713029.6488,224628.2672,-220501.8327,678077.0028,108.0137,108.1076,1.8333,2476.580,119.90,118.62
452422,249914,716481.4017,225715.6852,-221568.8161,681359.7067,108.0136,107.9636,1.7500,2488.873,125.31,123.97
454618,251121,719959.7252,226811.4739,-222643.8175,684667.7434,108.0136,107.6608,1.9167,2501.161,123.56,122.21
456811,252329,723432.6857,227905.5730,-223720.2327,687969.6809,108.0138,108.0279,1.6667,2513.450,121.18,119.94
458992,253536,726886.1826,228993.5404,-224785.8546,691254.6614,108.0136,107.7947,1.7500,2525.742,125.47,124.19
461176,254743,730345.6515,230083.3892,-225856.6518,694544.2389,108.0137,107.6373,1.7500,2538.027,122.88,121.55
463354,255950,733793.1420,231169.4644,-226922.3896,697822.8657,108.0136,107.5521,1.8333,2550.330,119.88,118.57
465535,257157,737248.6106,232258.0530,-227992.8985,701108.3304,108.0138,108.1437,1.6667,2562.581,121.76,120.50
467727,258364,740719.1473,233351.3885,-229067.4419,704408.3278,108.0139,108.1889,1.9167,2574.882,125.15,123.78
469926,259571,744201.7403,234448.5221,-230138.8032,707722.0378,108.0135,107.6373,1.6667,2587.152,121.78,120.56
472106,260779,747654.3133,235536.1985,-231209.2208,711004.4873,108.0137,107.7459,1.8333,2599.443,124.18,122.88
474285,261986,751104.2351,236623.0397,-232276.3726,714285.2110,108.0137,108.0375,1.9167,2611.734,125.02,123.67
476464,263193,754555.2945,237710.2392,-233341.8037,717567.6903,108.0136,108.0626,1.7500,2624.072,125.57,124.30
478647,264400,758012.9240,238799.5085,-234416.8897,720853.9388,108.0140,108.5661,1.7692,2636.377,120.47,119.11
480830,265607,761470.2382,239888.6785,-235481.8866,724143.1367,108.0137,107.6275,1.8333,2648.676,122.45,121.13
483017,266813,764932.3382,240979.3562,-236555.4669,727434.5757,108.0139,108.4466,1.9167,2660.984,121.70,120.39
485217,268020,768416.9009,242077.1103,-237630.4793,730749.1697,108.0137,107.6049,1.9167,2673.279,122.34,120.98
487403,269229,771879.6199,243167.9830,-238705.3593,734040.8370,108.0140,108.1474,1.7500,2685.539,120.70,119.50
489578,270436,775323.1691,244252.8166,-239765.9461,737316.9944,108.0137,108.0240,1.6667,2697.830,123.41,122.14
491759,271643,778775.7700,245340.5017,-240837.8561,740598.9880,108.0140,108.4548,1.9167,2710.120,119.96,118.68
493939,272849,782228.8219,246428.3290,-241901.6074,743884.1088,108.0137,108.0261,1.9167,2722.456,123.43,122.03
496119,274056,785680.4991,247515.7231,-242972.7527,747165.3797,108.0140,108.5583,1.9167,2734.759,124.59,123.24
498301,275263,789137.9825,248604.9464,-244040.3440,750453.9119,108.0139,108.3323,1.9167,2747.100,125.38,124.04
500508,276471,792633.6287,249706.1923,-245118.6574,753779.0871,108.0137,107.6244,1.8333,2759.413,125.35,124.04
502690,277678,796089.7446,250794.9848,-246188.7568,757065.3655,108.0138,108.1437,1.9167,2771.667,121.26,119.84
504873,278887,799545.4374,251883.6440,-247258.9494,760351.1689,108.0139,108.1081,1.7692,2783.922,121.36,120.02
507055,280093,802999.5630,252971.8094,-248329.0080,763635.3677,108.0140,108.3017,1.7500,2796.224,125.47,124.21
509232,281299,806449.5537,254058.6723,-249391.3232,766917.7366,108.0137,108.2666,1.7500,2808.529,126.58,125.28
511412,282506,809901.0407,255146.0065,-250459.0566,770199.9169,108.0137,108.0580,1.7500,2820.824,121.95,120.66
513591,283713,813352.5128,256233.3361,-251527.5699,773481.8281,108.0138,107.9508,1.6667,2833.104,121.57,120.32
515795,284920,816841.2532,257332.4064,-252605.4777,776799.8735,108.0137,108.0196,1.9167,2845.413,123.81,122.41
517987,286128,820312.2287,258425.8801,-253683.1147,780099.3264,108.0140,108.0535,1.9167,2857.695,124.73,123.38
520164,287336,823761.2865,259512.4491,-254745.3546,783380.7387,108.0137,108.0351,1.5833,2869.959,119.00,117.83
522346,288543,827216.5898,260600.9856,-255811.5619,786667.4284,108.0135,108.0330,1.9167,2882.220,125.57,124.24
524528,289750,830672.5267,261689.7216,-256879.0409,789954.3707,108.0135,107.3043,1.7500,2894.478,122.08,120.81
526706,290956,834121.5675,262776.2852,-257946.1404,793234.1850,108.0135,107.6840,1.6667,2906.823,121.81,120.60
528886,292163,837574.1405,263863.9616,-259016.5580,796516.6345,108.0137,107.7459,1.8333,2919.071,123.54,122.22
531088,293370,841061.9851,264962.7497,-260095.1934,799833.5013,108.0137,107.7807,1.7500,2931.376,123.16,121.87
533288,294578,844545.2008,266060.0795,-261171.4627,803146.2701,108.0136,108.0199,1.8333,2943.813,123.56,122.27
535480,295786,848016.1833,267153.5555,-262244.2141,806447.3191,108.0136,108.0780,1.7500,2956.094,125.64,124.37
537663,296994,851473.8128,268242.8248,-263319.3000,809733.5676,108.0140,108.5214,1.7692,2968.385,118.67,117.39
539838,298200,854918.0739,269327.8826,-264377.3448,813011.3002,108.0135,107.3498,1.6667,2980.670,121.19,119.94
542022,299406,858376.1715,270417.2994,-265449.4009,816299.0263,108.0137,108.1630,1.7500,2992.976,121.78,120.49
544204,300614,861832.1083,271506.0355,-266516.8799,819585.9686,108.0136,107.8913,1.9167,3005.290,119.62,118.38
546398,301821,865305.9820,272600.4223,-267592.1357,822889.2434,108.0137,108.2461,1.7500,3017.545,120.67,119.37
548602,303029,868797.8230,273700.4694,-268672.7666,826209.6637,108.0137,108.0377,1.8333,3029.842,123.13,121.77
550795,304237,872270.3192,274794.4222,-269750.5045,829510.6829,108.0140,108.5661,1.7692,3042.154,121.84,120.53
552978,305445,875727.6334,275883.5922,-270815.5014,832799.8808,108.0137,107.6275,1.8333,3054.457,123.82,122.52
555156,306651,879175.5958,276969.8161,-271879.4587,836079.5828,108.0135,107.9744,1.7500,3066.736,125.89,124.61
557337,307858,882627.4346,278057.2612,-272953.6562,839360.0310,108.0140,108.6114,1.9167,3079.014,123.10,121.79
559513,309064,886075.6370,279143.5606,-274016.8521,842640.2331,108.0138,107.7784,1.7500,3091.313,125.22,123.90
561706,310272,889550.6334,280238.3011,-275091.1672,845944.9943,108.0138,107.9164,1.9167,3103.591,122.00,120.60
563907,311480,893033.1652,281335.4155,-276171.4709,849255.7320,108.0140,108.4651,1.9167,3115.898,123.50,122.16
566087,312687,896486.2171,282423.2427,-277235.2222,852540.8529,108.0137,108.0261,1.9167,3128.173,121.66,120.33
568267,313894,899937.8943,283510.6368,-278306.3675,855822.1237,108.0140,108.5583,1.9167,3140.451,125.09,123.69
570449,315101,903395.3777,284599.8602,-279373.9588,859110.6559,108.0139,108.3323,1.9167,3152.737,121.09,119.80
572628,316308,906847.1171,285687.2739,-280437.3077,862394.5274,108.0136,107.9449,1.7500,3164.977,118.89,117.65
574815,317514,910309.2170,286777.9516,-281510.8880,865685.9664,108.0138,108.0930,1.7500,3177.264,125.58,124.29
577021,318723,913802.8326,287878.5577,-282592.5642,869007.9129,108.0139,108.1450,1.7692,3189.558,121.71,120.40
579203,319930,917256.9582,288966.7232,-283662.6228,872292.1117,108.0140,108.3017,1.7500,3201.830,123.63,122.42
581380,321137,920706.9489,290053.5860,-284724.9380,875574.4806,108.0137,108.2666,1.7500,3214.114,124.01,122.78
583560,322344,924158.4359,291140.9202,-285792.6714,878856.6610,108.0137,108.0580,1.7500,3226.410,119.82,118.56
585739,323551,927609.9080,292228.2498,-286861.1847,882138.5721,108.0138,107.9508,1.6667,3238.674,117.43,116.21
587920,324757,931063.4050,293316.2172,-287926.8066,885423.5527,108.0136,107.7947,1.7500,3250.958,122.91,121.64
590104,325964,934522.8739,294406.0660,-288997.6037,888713.1301,108.0137,107.6373,1.7500,3263.249,123.22,121.96
592312,327172,938018.6817,295507.3628,-290078.9694,892037.4828,108.0137,108.1277,1.8333,3275.553,123.37,122.02
594489,328379,941467.0829,296593.7249,-291146.0204,895316.6402,108.0138,108.3095,1.6667,3287.843,122.03,120.75
596676,329588,944929.9219,297684.6354,-292212.6557,898611.1147,108.0135,107.3043,1.7500,3300.068,121.81,120.57
598854,330794,948378.9627,298771.1990,-293279.7552,901890.9290,108.0135,107.6840,1.6667,3312.384,116.53,115.39
601034,332001,951831.5357,299858.8753,-294350.1728,905173.3785,108.0137,107.7459,1.8333,3324.698,120.39,119.02
603213,333207,955281.4575,300945.7165,-295417.3246,908454.1022,108.0137,108.0375,1.9167,3336.989,125.23,123.85
605392,334414,958732.5169,302032.9160,-296482.7557,911736.5816,108.0136,108.0626,1.7500,3349.296,123.10,121.84
607596,335622,962222.8076,303132.4747,-297562.0250,915055.8145,108.0136,107.8515,1.7500,3361.629,121.80,120.54
609788,336829,965695.5746,304226.5128,-298635.8478,918358.3915,108.0136,107.6312,1.7500,3373.960,121.89,120.60
611966,338037,969143.2760,305312.6545,-299703.7463,921636.5375,108.0137,108.1630,1.7500,3386.254,121.67,120.37
614149,339244,972599.8513,306401.5917,-300775.6882,924922.6999,108.0139,108.2232,1.9167,3398.562,122.04,120.70
616329,340451,976053.3101,307489.5471,-301842.9931,928207.0931,108.0138,107.9449,1.9167,3410.850,124.05,122.71
618506,341657,979500.3915,308575.4934,-302906.8981,931485.8857,108.0137,108.0240,1.6667,3423.193,123.35,122.09
620687,342864,982952.9924,309663.1786,-303978.8080,934767.8792,108.0140,108.4548,1.9167,3435.491,123.53,122.20
622890,344072,986443.9670,310762.9527,-305054.0430,938089.1432,108.0137,108.1131,1.8333,3447.751,125.17,123.83
625083,345280,989916.4632,311856.9056,-306131.7809,941390.1623,108.0139,108.2461,1.7692,3460.031,117.54,116.20
627260,346487,993364.2564,312943.0761,-307193.1439,944670.5301,108.0137,108.0199,1.8333,3472.298,125.67,124.38
629440,347695,996816.1282,314030.5316,-308262.4672,947952.5982,108.0138,108.1010,1.7500,3484.604,123.29,122.04
631618,348901,1000266.9670,315117.6616,-309329.7088,951234.2568,108.0138,108.1437,1.9167,3496.912,123.72,122.38
633801,350108,1003722.6598,316206.3208,-310399.9014,954520.0601,108.0139,108.1081,1.7692,3509.199,121.58,120.27
635983,351314,1007176.7854,317294.4863,-311469.9600,957804.2589,108.0140,108.3017,1.7500,3521.451,125.35,124.06
638179,352521,1010654.2278,318389.9973,-312544.9091,961111.3862,108.0139,108.3809,1.9167,3533.704,125.11,123.76
640370,353729,1014125.0376,319483.4189,-313613.8169,964413.5034,108.0137,107.9811,1.8333,3546.016,118.64,117.36
642552,354937,1017580.9744,320572.1550,-314681.2958,967700.4457,108.0136,107.8409,1.7500,3558.319,125.63,124.36
644735,356145,1021038.6038,321661.4243,-315756.3818,970986.6942,108.0140,108.5343,1.7500,3570.615,120.20,118.92
646915,357351,1024489.4511,322748.5570,-316824.0667,974268.2176,108.0140,108.0535,1.9167,3582.926,125.64,124.32
649092,358558,1027938.5089,323835.1259,-317886.3066,977549.6300,108.0137,108.0351,1.5833,3595.212,123.23,122.01
651274,359764,1031393.8122,324923.6624,-318952.5139,980836.3197,108.0136,108.0171,1.9167,3607.536,125.46,124.15
653465,360971,1034863.8708,326016.8473,-320030.0611,984134.8376,108.0139,108.3017,1.9167,3619.854,124.96,123.62
655671,362179,1038357.2585,327117.3817,-321110.8043,987456.8479,108.0139,108.2764,1.9167,3632.153,125.20,123.87
657867,363387,1041835.1102,328213.0217,-322187.5862,990763.8094,108.0140,108.2666,1.7692,3644.499,120.87,119.50
660047,364594,1045285.9575,329300.1544,-323255.2711,994045.3329,108.0140,108.4984,1.9167,3656.772,123.55,122.19
662231,365801,1048744.7925,330389.8034,-324320.3689,997336.0971,108.0137,108.0084,1.9167,3669.043,121.84,120.48
664408,367008,1052193.4057,331476.2324,-325385.1661,1000616.2104,108.0136,108.0780,1.7500,3681.340,124.68,123.40
666591,368215,1055651.0352,332565.5017,-326460.2520,1003902.4589,108.0140,108.5214,1.7692,3693.594,117.70,116.40
668780,369423,1059117.8705,333657.6711,-327528.8829,1007200.4869,108.0138,108.1131,1.9167,3705.865,123.69,122.37
670982,370630,1062604.1648,334755.9708,-328606.1567,1010516.1663,108.0137,108.3000,1.7500,3718.142,120.39,119.12
673182,371838,1066088.9309,335853.7891,-329683.7876,1013830.1225,108.0137,107.7459,1.8333,3730.442,124.80,123.43
675361,373045,1069538.8527,336940.6302,-330750.9394,1017110.8463,108.0137,108.0375,1.9167,3742.741,119.88,118.57
677540,374253,1072989.9121,338027.8297,-331816.3705,1020393.3256,108.0136,108.0626,1.7500,3755.054,125.63,124.32
679723,375460,1076447.5415,339117.0991,-332891.4565,1023679.5741,108.0140,108.5661,1.7692,3767.334,119.18,117.89
681907,376667,1079904.8129,340206.2556,-333961.3015,1026967.1503,108.0140,108.0689,1.9167,3779.608,122.76,121.43
684093,377874,1083366.9558,341296.9467,-335030.0337,1030260.2110,108.0139,108.4466,1.9167,3791.900,120.14,118.82
686293,379081,1086851.5185,342394.7009,-336105.0460,1033574.8050,108.0137,107.6049,1.9167,3804.170,124.53,123.19
688479,380290,1090314.2375,343485.5736,-337179.9261,1036866.4723,108.0140,108.1474,1.7500,3816.486,122.31,121.02
690654,381496,1093757.7867,344570.4072,-338240.5129,1040142.6297,108.0137,108.0240,1.6667,3828.789,122.37,121.11
692835,382703,1097210.3876,345658.0923,-339312.4228,1043424.6233,108.0140,108.4548,1.9167,3841.087,123.49,122.16
695015,383909,1100663.4395,346745.9195,-340376.1742,1046709.7441,108.0137,108.0261,1.9167,3853.394,123.44,122.03
697195,385116,1104115.1167,347833.3137,-341447.3195,1049991.0150,108.0139,108.5583,1.9167,3865.676,125.08,123.71
699400,386324,1107608.7774,348933.9341,-342522.4270,1053315.1450,108.0136,108.0801,1.9167,3877.982,125.65,124.27
701588,387532,1111073.5234,350025.4453,-343596.0820,1056609.3422,108.0138,108.1010,1.7500,3890.244,123.67,122.42
703766,388739,1114524.3622,351112.5753,-344663.3236,1059891.0008,108.0138,108.1437,1.9167,3902.544,122.63,121.25
705949,389947,1117980.0550,352201.2346,-345733.5162,1063176.8042,108.0139,108.1081,1.7692,3914.811,121.81,120.45
708131,391153,1121434.1806,353289.4000,-346803.5748,1066461.0029,108.0140,108.3017,1.7500,3927.122,124.58,123.32
710308,392359,1124884.1713,354376.2629,-347865.8899,1069743.3719,108.0137,108.2666,1.7500,3939.399,120.68,119.42
712488,393566,1128335.6583,355463.5971,-348933.6234,1073025.5522,108.0137,108.0580,1.7500,3951.703,118.59,117.40
714688,394774,1131820.8459,356561.5481,-350009.4641,1076340.5339,108.0136,107.9449,1.7500,3963.993,122.28,121.04
716883,395982,1135295.9990,357656.3380,-351089.9966,1079643.4382,108.0139,108.5343,1.7500,3976.316,120.71,119.42
719063,397189,1138746.8463,358743.4707,-352157.6815,1082924.9617,108.0140,108.0535,1.9167,3988.612,121.97,120.59
721240,398397,1142195.9041,359830.0396,-353219.9214,1086206.3740,108.0137,108.0351,1.5833,4000.892,123.51,122.29
723422,399603,1145651.2074,360918.5762,-354286.1287,1089493.0637,108.0136,108.0330,1.9167,4013.213,125.47,124.14
725604,400810,1149107.1442,362007.3122,-355353.6077,1092780.0060,108.0135,107.3043,1.7500,4025.467,122.04,120.76
727782,402016,1152556.1851,363093.8758,-356420.7072,1096059.8203,108.0136,107.6840,1.6667,4037.768,121.82,120.60
729980,403223,1156037.1337,364190.4915,-357498.9630,1099369.5592,108.0137,107.8303,1.7500,4050.041,125.84,124.52
732172,404431,1159507.4914,365283.7706,-358570.8859,1102670.2205,108.0136,107.4023,1.7500,4062.320,125.82,124.50
734356,405639,1162966.9442,366373.6143,-359641.6978,1105959.7762,108.0137,107.8710,1.9167,4074.640,125.38,124.05
736535,406847,1166418.1397,367460.8567,-360714.5975,1109239.9700,108.0139,108.0444,1.9167,4086.952,122.20,120.86
738716,408053,1169872.7970,368549.1897,-361776.7998,1112527.2828,108.0136,107.6312,1.8333,4099.273,121.92,120.63
740894,409260,1173320.4984,369635.3313,-362844.6983,1115805.4287,108.0137,108.1630,1.7500,4111.517,121.71,120.47
743077,410466,1176777.0737,370724.2685,-363916.6402,1119091.5911,108.0139,108.2232,1.9167,4123.817,122.23,120.89
745268,411673,1180247.8552,371817.6812,-364987.2571,1122393.1229,108.0137,108.3000,1.8333,4136.108,121.38,120.12
747465,412881,1183726.7867,372913.6614,-366067.9465,1125699.9493,108.0140,108.0741,1.7500,4148.428,123.48,122.24
749644,414089,1187179.0127,374001.2284,-367128.7349,1128985.1651,108.0136,107.8692,1.7500,4160.727,122.31,121.05
751827,415296,1190634.0376,375089.6772,-368199.3153,1132270.1400,108.0137,108.0309,1.9167,4173.013,122.10,120.72
754011,416504,1194093.6856,376179.5824,-369272.7329,1135559.0536,108.0139,108.2461,1.7692,4185.310,122.36,121.02
756188,417710,1197541.4788,377265.7530,-370334.0959,1138839.4214,108.0137,108.0199,1.8333,4197.645,125.76,124.44
758368,418917,1200993.3506,378353.2084,-371403.4192,1142121.4894,108.0138,108.1010,1.7500,4209.931,122.63,121.35
760562,420124,1204468.5772,379448.0214,-372476.9467,1145426.7488,108.0137,108.1687,1.9167,4222.192,125.39,124.04
762759,421331,1207947.3283,380543.9447,-373554.2504,1148734.4865,108.0138,108.0444,1.7500,4234.464,124.83,123.59
764939,422539,1211399.9012,381631.6211,-374624.6680,1152016.9359,108.0139,108.4079,1.7500,4246.762,121.54,120.22
767119,423746,1214850.7485,382718.7538,-375692.3529,1155298.4594,108.0139,108.6897,1.8333,4259.112,124.06,122.75
769298,424953,1218302.2600,383806.0957,-376754.7688,1158582.3947,108.0137,107.9811,1.8333,4271.366,122.09,120.78
771480,426160,1221758.1968,384894.8318,-377822.2478,1161869.3369,108.0136,107.8409,1.7500,4283.650,124.57,123.33
773664,427367,1225217.6496,385984.6755,-378893.0597,1165158.8927,108.0137,108.0951,1.7500,4295.940,123.19,121.92
775850,428574,1228678.6652,387075.0116,-379963.9691,1168450.0600,108.0137,107.6244,1.7500,4308.232,121.64,120.37
778052,429781,1232166.5022,388173.7973,-381043.0625,1171766.7699,108.0137,108.1131,1.9167,4320.516,118.57,117.32
780258,430990,1235659.2466,389274.1290,-382122.5078,1175088.5257,108.0137,108.2461,1.8333,4332.746,117.57,116.28
782435,432197,1239106.3008,390360.0667,-383190.8157,1178365.8580,108.0138,108.1650,1.9167,4345.051,120.81,119.48
784615,433404,1242559.7596,391448.0221,-384258.1206,1181650.2512,108.0138,108.2749,1.9167,4357.334,121.86,120.58
786795,434611,1246012.3326,392535.6985,-385328.5382,1184932.7006,108.0139,108.5214,1.7692,4369.636,121.39,120.04
788975,435817,1249463.1799,393622.8312,-386396.2231,1188214.2241,108.0139,108.4984,1.9167,4381.917,125.90,124.52
791159,437025,1252922.0149,394712.4803,-387461.3209,1191504.9883,108.0137,108.0084,1.9167,4394.226,121.60,120.27
793366,438233,1256418.3119,395813.9312,-388540.4742,1194830.5749,108.0136,107.4216,1.9167,4406.526,125.66,124.33
795547,439440,1259872.6654,396902.1685,-389611.4658,1198114.7099,108.0138,107.7157,1.8333,4418.790,122.61,121.30
797731,440648,1263330.9873,397991.6559,-390682.9607,1201402.8543,108.0139,108.2764,1.9167,4431.103,124.21,122.86
799910,441855,1266781.3872,399078.6477,-391747.1087,1204685.0575,108.0137,107.7902,1.8333,4443.427,121.75,120.42
802088,443062,1270230.2490,400165.1549,-392811.5877,1207965.5357,108.0136,107.7438,1.7500,4455.750,125.59,124.33
804266,444268,1273680.1808,401251.9992,-393878.7656,1211246.2613,108.0136,107.9578,1.7500,4468.050,124.84,123.58
806447,445476,1277134.4732,402340.2172,-394953.1391,1214529.2325,108.0139,108.0626,1.9167,4480.301,122.31,120.97
808651,446684,1280624.7639,403439.7759,-396032.4084,1217848.4654,108.0139,108.5214,1.7692,4492.586,122.08,120.74
810842,447891,1284094.0454,404532.7160,-397101.6733,1221148.8594,108.0138,108.0398,1.8333,4504.906,122.44,121.15
813021,449099,1287544.1782,405619.6236,-398170.9857,1224429.1023,108.0139,108.1630,1.9167,4517.174,118.71,117.44
815202,450305,1290999.6555,406708.2149,-399236.6222,1227716.1606,108.0137,108.1076,1.8333,4529.460,119.59,118.30
817382,451512,1294451.4085,407795.6329,-400303.6057,1230998.8645,108.0137,107.9636,1.7500,4541.753,125.21,123.92
819562,452718,1297903.5279,408883.1664,-401371.7096,1234281.5894,108.0137,108.0088,1.9167,4554.078,119.66,118.37
821760,453925,1301385.6369,409980.1476,-402446.5459,1237593.6604,108.0136,107.7742,1.7500,4566.329,121.67,120.41
823952,455133,1304856.1893,411073.4881,-403520.6442,1240893.8192,108.0137,107.7947,1.7500,4578.623,125.62,124.34
826136,456341,1308315.6583,412163.3369,-404591.4413,1244183.3966,108.0137,107.6373,1.7500,4590.886,123.23,121.98
828314,457549,1311763.1488,413249.4121,-405657.1792,1247462.0235,108.0137,107.5521,1.8333,4603.189,122.19,120.89
830495,458756,1315218.6174,414338.0006,-406727.6881,1250747.4881,108.0138,108.1437,1.6667,4615.470,121.64,120.44
832671,459962,1318663.6618,415423.3052,-407792.7920,1254023.7489,108.0138,108.2749,1.7500,4627.755,125.51,124.23
834854,461168,1322120.9761,416512.4753,-408857.7889,1257312.9468,108.0136,107.3498,1.6667,4640.067,119.25,118.06
837049,462375,1325596.1293,417607.2651,-409938.3214,1260615.8511,108.0139,108.2112,1.9167,4652.368,118.99,117.71
839245,463583,1329074.2419,418702.9873,-411011.1622,1263924.3687,108.0137,108.0375,1.9167,4664.662,125.12,123.75
841424,464791,1332525.3013,419790.1868,-412076.5933,1267206.8481,108.0137,108.0626,1.7500,4676.957,125.16,123.91
843607,465999,1335982.9307,420879.4561,-413151.6792,1270493.0966,108.0139,108.5661,1.7692,4689.220,119.95,118.64
845790,467206,1339440.2450,421968.6262,-414216.6762,1273782.2945,108.0137,107.6275,1.8333,4701.493,122.64,121.36
847968,468412,1342888.2074,423054.8500,-415280.6335,1277061.9965,108.0136,107.9744,1.7500,4713.795,123.60,122.37
850149,469619,1346340.0462,424142.2951,-416354.8310,1280342.4448,108.0139,108.6114,1.9167,4726.085,121.91,120.63
852340,470826,1349812.4062,425236.2050,-417425.1003,1283645.7494,108.0138,108.0867,1.7500,4738.407,121.28,120.04
854538,472033,1353294.7629,426333.2642,-418498.7172,1286958.4774,108.0136,107.8690,1.6667,4750.645,121.85,120.63
856719,473241,1356745.7768,427420.4494,-419572.6456,1290238.1457,108.0139,108.4651,1.9167,4762.937,123.60,122.23
858899,474448,1360198.8287,428508.2766,-420636.3970,1293523.2666,108.0137,108.0261,1.9167,4775.217,120.67,119.32
861079,475655,1363650.5059,429595.6708,-421707.5423,1296804.5375,108.0139,108.5583,1.9167,4787.520,126.29,124.91
863261,476862,1367107.9893,430684.8941,-422775.1335,1300093.0696,108.0138,108.3323,1.9167,4799.807,123.27,121.97
865440,478069,1370559.7287,431772.3078,-423838.4825,1303376.9411,108.0137,107.9449,1.7500,4812.110,121.97,120.73
867627,479275,1374021.8286,432862.9855,-424912.0628,1306668.3802,108.0138,108.0930,1.7500,4824.376,125.46,124.18
869833,480484,1377515.4442,433963.5916,-425993.7390,1309990.3266,108.0138,108.1450,1.7692,4836.682,121.75,120.45
872015,481691,1380969.5697,435051.7571,-427063.7976,1313274.5254,108.0139,108.3017,1.7500,4848.988,123.46,122.23
874192,482898,1384419.5605,436138.6200,-428126.1127,1316556.8944,108.0137,108.2666,1.7500,4861.276,125.13,123.85
876372,484105,1387871.0474,437225.9542,-429193.8462,1319839.0747,108.0137,108.0580,1.7500,4873.589,124.01,122.69
878551,485312,1391322.5196,438313.2837,-430262.3595,1323120.9859,108.0138,107.9508,1.6667,4885.876,116.90,115.76
880732,486518,1394776.0165,439401.2512,-431327.9813,1326405.9664,108.0137,107.7947,1.7500,4898.187,125.70,124.39
882916,487725,1398235.4855,440491.1000,-432398.7785,1329695.5438,108.0137,107.6373,1.7500,4910.590,128.22,126.91
885124,488933,1401731.2933,441592.3967,-433480.1442,1333019.8965,108.0137,108.1277,1.8333,4923.397,128.77,127.42
887301,490140,1405179.6944,442678.7588,-434547.1951,1336299.0539,108.0138,108.3095,1.6667,4936.201,127.92,126.65
889488,491349,1408642.5334,443769.6693,-435613.8305,1339593.5285,108.0136,107.3043,1.7500,4948.514,121.61,120.31
891666,492555,1412091.5743,444856.2329,-436680.9300,1342873.3428,108.0136,107.6840,1.6667,4961.022,125.74,124.49
893846,493762,1415544.1472,445943.9093,-437751.3476,1346155.7922,108.0137,107.7459,1.8333,4973.761,128.96,127.65
896025,494968,1418994.0691,447030.7504,-438818.4993,1349436.5159,108.0137,108.0375,1.9167,4986.354,130.71,129.32
898204,496176,1422445.1285,448117.9499,-439883.9305,1352718.9953,108.0137,108.0626,1.7500,4999.198,131.62,130.31
900408,497384,1425935.4192,449217.5086,-440963.1998,1356038.2282,108.0137,107.8515,1.7500,5012.037,130.90,129.61
902615,498592,1429430.7663,450318.6603,-442047.1375,1359361.2601,108.0138,108.1725,1.9167,5024.852,130.68,129.31
904798,499799,1432888.0806,451407.8303,-443112.1344,1362650.4580,108.0136,107.3498,1.6667,5037.648,124.89,123.72
906982,501006,1436346.1783,452497.2471,-444184.1904,1365938.1841,108.0137,108.1630,1.7500,5050.488,126.92,125.64
909164,502213,1439802.1151,453585.9832,-445251.6694,1369225.1264,108.0137,107.8913,1.9167,5063.307,130.49,129.13
911340,503419,1443248.0688,454671.5743,-446317.3212,1372502.1652,108.0137,107.6114,1.8333,5076.071,131.17,129.85
913520,504627,1446701.0877,455759.3911,-447385.9468,1375785.6663,108.0137,107.7459,1.7500,5088.901,130.88,129.60
915723,505835,1450189.5550,456858.3753,-448469.4902,1379101.5919,108.0139,108.3762,1.7500,5101.736,125.56,124.31
917916,507043,1453661.7360,457952.2289,-449537.1391,1382405.5604,108.0137,107.9905,1.7500,5114.567,127.29,126.05
920095,508250,1457111.3947,459038.9871,-450609.9526,1385684.1663,108.0139,108.3468,1.9167,5127.427,127.89,126.53
922274,509457,1460564.4466,460126.8144,-451673.7040,1388969.2871,108.0137,107.6448,1.8333,5140.283,130.34,129.03
924453,510663,1464014.8220,461213.7984,-452743.1695,1392249.7354,108.0138,108.3191,1.9167,5153.130,128.12,126.75
926636,511870,1467472.3153,462303.0248,-453810.7869,1395538.2694,108.0138,108.0019,1.9167,5165.998,129.14,127.78
928816,513077,1470924.2557,463390.5019,-454876.2703,1398821.6582,108.0137,107.8106,1.7500,5178.860,130.91,129.60
931012,514284,1474401.0473,464485.8079,-455950.3795,1402128.3742,108.0136,108.0601,1.7500,5191.717,129.73,128.45
933204,515492,1477873.3743,465579.7074,-457025.5231,1405430.0591,108.0137,107.5584,1.8333,5204.601,131.69,130.35
935386,516700,1481329.4902,466668.4999,-458095.6225,1408716.3375,108.0137,107.6338,1.8333,5217.428,129.96,128.60
937567,517907,1484783.4085,467756.6001,-459164.7699,1412000.6147,108.0138,108.1802,1.6667,5230.266,126.70,125.47
939748,519113,1488236.9054,468844.5675,-460230.3917,1415285.5952,108.0137,108.0801,1.7500,5243.066,131.09,129.76
941926,520320,1491686.5872,469931.3331,-461298.3049,1418565.8189,108.0137,107.6448,1.8333,5255.855,128.41,127.14
944121,521527,1495160.9203,471025.8646,-462375.4032,1421868.9777,108.0138,108.2791,1.9167,5268.701,128.06,126.68
946319,522734,1498641.4584,472122.3509,-463450.1291,1425179.4327,108.0138,108.0881,1.8333,5281.567,128.41,127.07
948499,523942,1502095.1488,473210.3792,-464518.3434,1428463.7737,108.0138,108.2749,1.9167,5294.392,130.72,129.36
950679,525150,1505547.7218,474298.0556,-465588.7610,1431746.2231,108.0139,108.5214,1.7692,5307.228,124.58,123.20
952859,526356,1508998.5690,475385.1883,-466656.4459,1435027.7466,108.0139,108.4984,1.9167,5320.050,131.17,129.77
955043,527563,1512457.4040,476474.8374,-467721.5437,1438318.5108,108.0137,108.0084,1.9167,5332.879,128.72,127.35
957220,528770,1515906.0173,477561.2663,-468786.3408,1441598.6241,108.0137,108.0780,1.7500,5345.686,129.45,128.22
959408,529976,1519370.8417,478652.8023,-469856.1821,1444894.1439,108.0136,107.8389,1.8333,5358.467,127.65,126.36
961615,531185,1522866.3765,479754.0130,-470943.1835,1448216.3768,108.0138,108.1889,1.9167,5371.313,130.64,129.23
963794,532392,1526316.7764,480841.0048,-472007.3315,1451498.5800,108.0137,108.3000,1.8333,5384.190,126.90,125.55
965972,533600,1529765.6382,481927.5120,-473071.8105,1454779.0582,108.0137,107.7438,1.7500,5397.042,126.26,124.93
968150,534806,1533215.5700,483014.3562,-474138.9884,1458059.7838,108.0137,107.9578,1.7500,5409.909,130.02,128.71
970331,536013,1536669.8624,484102.5743,-475213.3619,1461342.7549,108.0139,108.0626,1.9167,5422.763,128.16,126.78
972512,537219,1540124.5197,485190.9073,-476275.5642,1464630.0677,108.0137,107.3835,1.7500,5435.570,127.14,125.84
974696,538427,1543581.5632,486279.9920,-477344.4762,1467917.7077,108.0137,107.9905,1.7500,5448.403,126.89,125.62
976905,539634,1547079.5673,487381.9807,-478431.2085,1471242.6247,108.0139,108.4466,1.9167,5461.278,123.48,122.14
979082,540841,1550527.9697,488468.3431,-479493.8450,1474523.2189,108.0137,108.0333,1.9167,5474.142,133.60,132.21
981266,542050,1553986.7976,489557.9900,-480563.8285,1477812.3869,108.0137,107.9636,1.7500,5486.993,124.65,123.42
983446,543256,1557438.9171,490645.5235,-481631.9324,1481095.1118,108.0137,108.0088,1.9167,5499.829,127.62,126.21
985624,544463,1560887.7789,491732.0307,-482696.4114,1484375.5900,108.0137,107.7638,1.7500,5512.685,130.42,129.10
987804,545669,1564340.8076,492819.8506,-483765.0631,1487659.0929,108.0137,107.7947,1.7500,5525.513,131.12,129.77
989984,546876,1567793.2015,493907.4705,-484832.8603,1490942.2063,108.0137,107.5584,1.8333,5538.338,130.84,129.56
992189,548084,1571285.2117,495007.5709,-485916.0855,1494261.9609,108.0138,107.8741,1.9167,5551.179,131.47,130.12
994379,549292,1574754.0066,496100.3577,-486987.9109,1497561.0106,108.0138,108.1437,1.6667,5563.981,126.98,125.72
996555,550499,1578199.0510,497185.6623,-488053.0148,1500837.2714,108.0138,108.2749,1.7500,5576.843,131.01,129.74
998738,551706,1581656.3653,498274.8324,-489118.0117,1504126.4693,108.0136,107.3498,1.6667,5589.669,126.99,125.73
1000922,552913,1585114.4630,499364.2492,-490190.0678,1507414.1954,108.0137,108.2461,1.8333,5602.455,125.11,123.79
1003099,554119,1588561.5171,500450.1869,-491258.3757,1510691.5276,108.0138,108.2193,1.9167,5615.280,127.44,126.06
1005279,555326,1592014.9760,501538.1423,-492325.6806,1513975.9209,108.0138,108.2749,1.9167,5628.110,129.60,128.29
1007479,556534,1595499.7420,502635.9606,-493403.3115,1517289.8771,108.0138,108.1802,1.6667,5640.948,125.45,124.21
1009674,557742,1598975.6342,503730.9833,-494476.8990,1520595.8169,108.0137,107.6275,1.8333,5653.794,130.51,129.19
1011852,558949,1602423.5966,504817.2071,-495540.8563,1523875.5190,108.0137,107.9744,1.7500,5666.577,131.20,129.92
1014033,560157,1605875.4354,505904.6522,-496615.0538,1527155.9672,108.0139,108.6114,1.9167,5679.402,128.93,127.55
1016211,561363,1609327.8817,506992.2886,-497679.0258,1530440.3796,108.0138,107.7157,1.8333,5692.190,126.38,125.08
1018395,562570,1612786.2037,508081.7761,-498750.5207,1533728.5240,108.0138,108.2764,1.9167,5704.963,130.69,129.32
1020574,563777,1616236.6036,509168.7679,-499814.6687,1537010.7272,108.0137,108.3000,1.8333,5717.804,127.10,125.76
1022771,564984,1619714.9026,510264.5488,-500894.9875,1540317.0090,108.0139,108.3148,1.9167,5730.587,131.24,129.85
1024976,566192,1623209.2142,511365.3742,-501970.9349,1543641.5503,108.0137,107.7807,1.7500,5743.381,128.49,127.18
1027168,567400,1626679.5558,512458.6482,-503042.8726,1546942.1899,108.0137,107.8710,1.9167,5756.211,127.04,125.69
1029347,568608,1630130.7512,513545.8906,-504115.7723,1550222.3837,108.0139,108.0444,1.9167,5769.033,127.48,126.12
1031528,569814,1633585.4086,514634.2236,-505177.9746,1553509.6965,108.0137,107.6312,1.8333,5781.838,126.84,125.51
1033706,571021,1637033.1100,515720.3653,-506245.8731,1556787.8425,108.0137,108.1630,1.7500,5794.673,123.94,122.66
1035885,572227,1640483.9572,516807.4980,-507313.5580,1560069.3659,108.0138,107.9333,1.9167,5807.475,130.89,129.50
1038080,573435,1643960.4668,517902.7151,-508388.4319,1563375.5366,108.0137,108.3000,1.8333,5820.287,128.52,127.16
1040277,574643,1647439.3983,518998.6953,-509469.1212,1566682.3630,108.0139,108.0741,1.7500,5833.130,127.08,125.71
1042456,575851,1650891.6242,520086.2623,-510529.9097,1569967.5788,108.0137,107.8692,1.7500,5845.960,128.23,126.97
1044639,577057,1654346.6492,521174.7111,-511600.4900,1573252.5537,108.0138,108.0309,1.9167,5858.826,129.57,128.18
1046823,578265,1657806.2971,522264.6163,-512673.9077,1576541.4673,108.0139,108.2461,1.7692,5871.682,127.64,126.28
1049000,579471,1661254.0904,523350.7869,-513735.2706,1579821.8351,108.0137,108.0199,1.8333,5884.540,131.23,129.97
1051180,580678,1664705.9622,524438.2424,-514804.5939,1583103.9031,108.0138,108.1010,1.7500,5897.359,125.28,123.99
1053374,581886,1668181.1887,525533.0553,-515878.1215,1586409.1625,108.0137,108.1687,1.9167,5910.191,128.94,127.59
1055571,583093,1671659.9398,526628.9787,-516955.4251,1589716.9002,108.0138,108.0444,1.7500,5923.015,129.92,128.61
1057751,584301,1675112.5128,527716.6550,-518025.8428,1592999.3497,108.0139,108.4079,1.7500,5935.825,126.97,125.66
1059931,585507,1678563.3601,528803.7877,-519093.5277,1596280.8731,108.0139,108.6897,1.8333,5948.673,130.92,129.55
1062110,586714,1682014.8715,529891.1297,-520155.9436,1599564.8084,108.0137,107.9811,1.8333,5961.487,127.20,125.81
1064292,587921,1685470.8083,530979.8657,-521223.4226,1602851.7506,108.0137,107.8409,1.7500,5974.326,130.98,129.66
1066476,589128,1688930.2612,532069.7095,-522294.2345,1606141.3064,108.0137,108.0951,1.7500,5987.137,131.07,129.71
1068682,590335,1692423.4698,533170.1874,-523372.3572,1609463.9805,108.0136,107.9102,1.6667,5999.960,125.70,124.46
1070864,591542,1695879.1138,534258.8312,-524444.2372,1612749.1837,108.0138,108.2174,1.9167,6012.798,127.55,126.13
1073048,592751,1699337.5043,535348.3403,-525511.8922,1616038.6488,108.0137,107.8913,1.9167,6025.606,127.05,125.70
1075224,593957,1702783.4580,536433.9313,-526577.5440,1619315.6877,108.0137,107.6114,1.8333,6038.420,129.25,127.90
1077404,595164,1706236.4768,537521.7482,-527646.1696,1622599.1887,108.0137,107.7459,1.7500,6051.296,130.69,129.42
1079584,596370,1709689.5217,538609.5732,-528714.8066,1625882.7134,108.0137,108.0131,1.7500,6064.073,127.07,125.79
1081764,597577,1713139.9301,539696.5676,-529779.3979,1629164.7814,108.0137,107.4023,1.7500,6076.893,130.02,128.69
1083971,598785,1716634.6264,540797.5142,-530862.4957,1632487.4020,108.0137,108.0196,1.9167,6089.749,128.47,127.10
1086158,599993,1720099.8358,541889.1714,-531933.9268,1635782.8096,108.0137,107.6448,1.8333,6102.572,129.98,128.68
1088337,601200,1723550.2112,542976.1555,-533003.3923,1639063.2578,108.0138,108.3191,1.9167,6115.395,130.43,129.03
1090520,602408,1727007.7045,544065.3819,-534071.0097,1642351.7919,108.0138,108.0019,1.9167,6128.215,131.02,129.68
1092700,603614,1730459.6449,545152.8590,-535136.4931,1645635.1807,108.0137,107.8106,1.7500,6141.075,130.87,129.57
1094879,604821,1733910.1994,546239.8994,-536208.5791,1648914.9650,108.0139,108.1290,1.7692,6153.875,127.73,126.31
1097057,606027,1737359.2255,547326.4584,-537276.4584,1652194.5102,108.0139,108.0741,1.7500,6166.715,128.93,127.62
1099259,607235,1740847.0848,548425.2511,-538354.3139,1655511.6462,108.0139,108.0444,1.9167,6179.512,127.45,126.04
1101451,608443,1744318.7976,549518.9572,-539424.9926,1658814.1371,108.0138,108.1802,1.6667,6192.344,126.29,125.04
1103632,609650,1747772.2945,550606.9246,-540490.6145,1662099.1177,108.0137,108.0801,1.7500,6205.148,130.91,129.59
1105810,610858,1751221.9764,551693.6901,-541558.5277,1665379.3414,108.0137,107.6448,1.8333,6217.957,128.22,126.91
1107992,612064,1754676.8003,552782.0756,-542626.9735,1668664.7991,108.0137,107.6040,1.8333,6230.785,126.67,125.35
1110173,613271,1758130.7262,553870.1782,-543695.6629,1671949.2331,108.0138,108.0581,1.7500,6243.626,130.67,129.39
1112351,614477,1761579.7670,554956.7418,-544762.7623,1675229.0474,108.0138,108.3191,1.7500,6256.467,129.43,128.14
1114551,615684,1765062.9828,556054.0716,-545839.0317,1678541.8162,108.0138,107.8303,1.9167,6269.293,128.70,127.33
1116743,616892,1768533.9582,557147.5454,-546916.6687,1681841.2690,108.0139,108.4984,1.9167,6282.113,130.42,129.01
1118927,618100,1771992.7932,558237.1945,-547981.7665,1685132.0332,108.0137,108.0084,1.9167,6294.929,127.27,125.90
1121104,619308,1775441.4065,559323.6234,-549046.5636,1688412.1466,108.0137,108.0780,1.7500,6307.725,129.47,128.20
1123287,620515,1778899.0359,560412.8927,-550121.6496,1691698.3951,108.0139,108.5214,1.7692,6320.566,126.54,125.16
1125462,621721,1782343.2970,561497.9505,-551179.6944,1694976.1277,108.0136,107.3498,1.6667,6333.367,126.07,124.83
1127646,622927,1785801.3947,562587.3673,-552251.7504,1698263.8538,108.0137,108.1630,1.7500,6346.173,126.71,125.45
1129838,624134,1789273.9275,563681.3317,-553325.8634,1701566.0903,108.0137,107.7903,1.8333,6358.995,129.41,128.08
1132034,625342,1792750.9591,564776.7133,-554399.2112,1704873.3063,108.0137,107.9578,1.7500,6371.823,126.78,125.51
1134215,626550,1796205.2516,565864.9314,-555473.5847,1708156.2774,108.0139,108.0626,1.9167,6384.611,126.78,125.43
1136396,627757,1799659.9089,566953.2644,-556535.7870,1711443.5901,108.0137,107.3835,1.7500,6397.418,121.49,120.29
1138580,628965,1803116.9524,568042.3491,-557604.6990,1714731.2301,108.0137,107.9905,1.7500,6410.249,130.65,129.38
1140759,630171,1806566.6111,569129.1073,-558677.5126,1718009.8359,108.0139,108.3468,1.9167,6423.059,130.36,128.99
1142938,631378,1810019.6629,570216.9345,-559741.2640,1721294.9568,108.0137,107.6448,1.8333,6435.884,124.05,122.82
1145131,632586,1813492.8894,571311.1174,-560816.9292,1724597.4178,108.0138,108.1267,1.7500,6448.688,125.85,124.60
1147330,633793,1816975.8565,572408.3690,-561893.5167,1727909.8218,108.0138,107.9164,1.9167,6461.493,129.23,127.82
1149531,635001,1820458.3883,573505.4833,-562973.8204,1731220.5595,108.0139,108.4651,1.9167,6474.306,123.00,121.73
1151711,636208,1823911.4402,574593.3106,-564037.5718,1734505.6803,108.0138,108.0261,1.9167,6487.103,123.34,122.01
1153891,637415,1827363.1174,575680.7047,-565108.7170,1737786.9512,108.0139,108.5583,1.9167,6499.938,130.24,128.87
1156073,638622,1830820.6009,576769.9280,-566176.3083,1741075.4833,108.0138,108.3323,1.9167,6512.733,125.75,124.45
1158258,639829,1834280.5219,577859.9193,-567244.0903,1744366.5167,108.0138,108.1174,1.9167,6525.516,127.63,126.27
1160439,641036,1837734.4402,578948.0194,-568313.2376,1747650.7939,108.0138,108.0930,1.7500,6538.606,131.20,129.86
1162645,642245,1841228.0558,580048.6256,-569394.9138,1750972.7403,108.0138,108.1450,1.7692,6551.417,126.84,125.50
1164827,643452,1844682.1813,581136.7910,-570464.9724,1754256.9391,108.0139,108.3017,1.7500,6564.185,130.87,129.60
1167004,644658,1848132.1721,582223.6539,-571527.2875,1757539.3081,108.0137,108.2666,1.7500,6577.002,127.84,126.57
1169184,645865,1851583.6590,583310.9881,-572595.0209,1760821.4884,108.0138,108.0580,1.7500,6589.823,129.37,128.06
1171363,647072,1855035.1312,584398.3177,-573663.5343,1764103.3996,108.0138,107.9508,1.6667,6602.639,127.25,125.99
1173544,648278,1858488.6281,585486.2851,-574729.1561,1767388.3801,108.0137,107.7947,1.7500,6615.487,130.94,129.60
1175728,649486,1861948.0970,586576.1339,-575799.9533,1770677.9576,108.0137,107.6373,1.7500,6628.291,128.45,127.15
1177936,650694,1865443.9049,587677.4307,-576881.3190,1774002.3102,108.0138,108.1277,1.8333,6641.157,128.65,127.34
1180118,651901,1868899.2082,588765.9672,-577947.5263,1777288.9999,108.0137,108.0330,1.9167,6653.958,128.70,127.36
1182300,653109,1872355.1450,589854.7032,-579015.0053,1780575.9422,108.0136,107.3043,1.7500,6666.724,126.65,125.33
1184478,654315,1875804.1858,590941.2669,-580082.1047,1783855.7565,108.0137,107.6840,1.6667,6679.552,127.02,125.77
1186658,655522,1879256.7588,592028.9432,-581152.5224,1787138.2059,108.0137,107.7459,1.8333,6692.392,130.28,128.92
1188837,656728,1882706.6807,593115.7844,-582219.6741,1790418.9297,108.0138,108.0375,1.9167,6705.186,130.27,128.87
1191038,657936,1886192.0939,594213.8065,-583296.8956,1793733.6996,108.0137,107.5521,1.8333,6718.093,125.91,124.56
1193231,659144,1889666.1404,595308.2477,-584375.9951,1797035.9062,108.0139,108.0444,1.9167,6730.920,127.22,125.90
1195412,660351,1893120.7977,596396.5807,-585438.1974,1800323.2189,108.0137,107.6312,1.8333,6743.801,127.04,125.70
1197590,661559,1896568.4992,597482.7224,-586506.0959,1803601.3649,108.0137,108.1630,1.7500,6756.601,127.10,125.77
1199773,662765,1900025.0744,598571.6596,-587578.0378,1806887.5273,108.0138,108.2232,1.9167,6769.441,128.02,126.61
1201953,663972,1903478.5333,599659.6150,-588645.3427,1810171.9205,108.0138,107.9449,1.9167,6782.270,131.31,129.87
1204130,665178,1906925.6146,600745.5613,-589709.2477,1813450.7131,108.0138,108.0240,1.6667,6795.156,127.75,126.48
1206331,666386,1910411.8759,601843.8506,-590791.3956,1816764.7727,108.0139,108.5764,1.7692,6808.002,127.13,125.79
1208523,667593,1913882.0384,602937.0682,-591860.7128,1820066.0762,108.0138,108.0309,1.9167,6820.821,128.68,127.31
1210707,668802,1917341.6863,604026.9734,-592934.1305,1823354.9898,108.0139,108.2461,1.7692,6833.628,127.64,126.28
1212884,670009,1920789.4795,605113.1440,-593995.4934,1826635.3575,108.0137,108.0199,1.8333,6846.426,131.02,129.74
1215064,671216,1924241.3514,606200.5995,-595064.8167,1829917.4256,108.0138,108.1010,1.7500,6859.276,128.97,127.70
1217242,672422,1927692.1901,607287.7295,-596132.0584,1833199.0842,108.0138,108.1437,1.9167,6872.110,128.32,126.99
1219425,673629,1931147.8830,608376.3887,-597202.2510,1836484.8876,108.0138,108.1081,1.7692,6884.932,126.45,125.12
1221618,674835,1934620.4503,609470.3639,-598273.4316,1839788.1138,108.0137,107.7417,1.7500,6897.758,126.88,125.57
1223815,676043,1938098.7493,610566.1448,-599353.7505,1843094.3956,108.0139,108.6897,1.8333,6910.589,130.59,129.28
1225994,677251,1941550.2607,611653.4868,-600416.1664,1846378.3308,108.0137,107.9811,1.8333,6923.406,127.12,125.80
1228176,678459,1945006.1975,612742.2228,-601483.6454,1849665.2731,108.0137,107.8409,1.7500,6936.234,131.13,129.87
1230359,679666,1948463.8270,613831.4921,-602558.7313,1852951.5216,108.0139,108.5343,1.7500,6949.074,124.38,123.09
1232539,680872,1951914.6742,614918.6248,-603626.4162,1856233.0451,108.0139,108.0535,1.9167,6961.832,129.48,128.15
1234716,682079,1955363.7320,616005.1938,-604688.6562,1859514.4574,108.0138,108.0351,1.5833,6974.622,128.57,127.34
1236910,683286,1958838.7186,617099.9311,-605762.9451,1862819.2168,108.0137,107.7364,1.8333,6987.438,128.27,126.96
1239109,684493,1962319.9158,618196.6251,-606840.8828,1866129.3205,108.0138,108.0979,1.9167,7000.231,130.65,129.30
1241288,685701,1965771.8660,619284.1052,-607906.3924,1869412.7112,108.0137,107.5374,1.7500,7013.028,130.91,129.63
1243468,686908,1969224.9108,620371.9302,-608975.0294,1872696.2358,108.0138,108.0131,1.7500,7025.883,127.83,126.53
1245648,688115,1972675.3193,621458.9247,-610039.6207,1875978.3039,108.0137,107.4023,1.7500,7038.701,131.16,129.84
1247832,689322,1976134.7721,622548.7684,-611110.4325,1879267.8596,108.0137,107.8710,1.9167,7051.497,127.10,125.77
1250011,690529,1979585.9676,623636.0108,-612183.3322,1882548.0534,108.0139,108.0444,1.9167,7064.313,127.23,125.89
1252198,691735,1983050.3569,624727.4097,-613251.3292,1885843.7154,108.0138,107.8881,1.9167,7077.125,128.87,127.49
1254404,692944,1986543.0937,625827.7390,-614331.2325,1889165.3143,108.0138,108.1131,1.9167,7089.926,130.79,129.44
1256584,694151,1989995.0341,626915.2161,-615396.7159,1892448.7031,108.0137,107.8106,1.7500,7102.723,127.88,126.57
1258763,695359,1993445.5885,628002.2565,-616468.8019,1895728.4875,108.0139,108.1290,1.7692,7115.524,127.88,126.49
1260941,696565,1996894.6146,629088.8155,-617536.6812,1899008.0327,108.0139,108.0741,1.7500,7128.327,128.56,127.26
1263120,697772,2000346.8406,630176.3825,-618597.4697,1902293.2485,108.0137,107.8692,1.7500,7141.168,127.38,126.12
1265303,698978,2003801.8656,631264.8313,-619668.0500,1905578.2234,108.0138,108.0309,1.9167,7153.993,128.42,127.02
1267487,700187,2007261.5135,632354.7365,-620741.4676,1908867.1370,108.0139,108.2461,1.7692,7166.838,127.51,126.14
1269694,701394,2010757.3656,633456.0472,-621818.7505,1912192.8639,108.0138,107.9903,1.8333,7179.648,128.93,127.59
1271894,702601,2014240.5813,634553.3771,-622895.0198,1915505.6326,108.0137,108.1246,1.9167,7192.484,130.57,129.20
1274078,703810,2017699.4092,635643.0239,-623965.0032,1918794.8006,108.0137,107.9636,1.7500,7205.277,130.63,129.31
1276258,705016,2021151.5286,636730.5574,-625033.1071,1922077.5256,108.0138,108.0088,1.9167,7218.123,127.68,126.30
1278436,706223,2024600.3904,637817.0646,-626097.5861,1925358.0037,108.0137,107.7638,1.7500,7230.935,125.54,124.31
1280616,707429,2028053.4192,638904.8845,-627166.2379,1928641.5067,108.0137,107.7947,1.7500,7243.727,130.90,129.57
1282796,708637,2031505.8131,639992.5045,-628234.0350,1931924.6200,108.0137,107.5584,1.8333,7256.557,130.80,129.50
1285001,709845,2034997.8233,641092.6049,-629317.2603,1935244.3746,108.0138,107.8741,1.9167,7269.396,129.11,127.77
1287191,711053,2038466.6182,642185.3917,-630389.0857,1938543.4243,108.0138,108.1437,1.6667,7282.185,126.89,125.63
1289367,712260,2041911.6626,643270.6963,-631454.1896,1941819.6851,108.0138,108.2749,1.7500,7294.952,130.92,129.64
1291550,713466,2045368.9769,644359.8663,-632519.1865,1945108.8830,108.0137,107.3498,1.6667,7307.765,127.86,126.61
1293734,714673,2048827.0745,645449.2831,-633591.2425,1948396.6091,108.0137,108.2461,1.8333,7320.545,126.92,125.57
1295911,715879,2052274.1287,646535.2208,-634659.5505,1951673.9414,108.0138,108.2193,1.9167,7333.346,122.03,120.76
1298091,717087,2055727.5876,647623.1763,-635726.8553,1954958.3346,108.0138,108.2749,1.9167,7346.178,130.68,129.33
1300291,718295,2059212.3536,648720.9945,-636804.4862,1958272.2908,108.0138,108.1802,1.6667,7358.990,127.59,126.33
1302486,719503,2062688.2458,649816.0172,-637878.0738,1961578.2307,108.0137,107.6275,1.8333,7371.850,130.03,128.67
1304664,720710,2066136.2081,650902.2410,-638942.0310,1964857.9327,108.0137,107.9744,1.7500,7384.743,131.14,129.83
1306845,721917,2069588.0469,651989.6861,-640016.2286,1968138.3809,108.0139,108.6114,1.9167,7397.487,128.78,127.41
1309023,723123,2073040.4933,653077.3226,-641080.2006,1971422.7933,108.0138,107.7157,1.8333,7410.281,123.83,122.56
1311207,724330,2076498.8152,654166.8100,-642151.6954,1974710.9377,108.0138,108.2764,1.9167,7423.067,130.74,129.37
1313397,725537,2079966.9386,655259.3853,-643223.9321,1978009.1476,108.0138,108.1081,1.7692,7435.871,127.03,125.72
1315595,726744,2083446.8294,656355.6677,-644297.7946,1981319.2028,108.0138,108.0261,1.9167,7448.700,128.60,127.20
1317775,727952,2086898.5066,657443.0618,-645368.9398,1984600.4736,108.0139,108.5583,1.9167,7461.481,128.91,127.51
1319957,729160,2090355.9901,658532.2851,-646436.5311,1987889.0058,108.0138,108.3323,1.9167,7474.283,127.65,126.33
1322136,730367,2093807.7294,659619.6989,-647499.8800,1991172.8773,108.0137,107.9449,1.7500,7487.076,127.45,126.19
1324318,731573,2097261.8734,660707.8701,-648570.4081,1994456.9428,108.0138,108.0398,1.8333,7499.889,128.72,127.36
1326497,732780,2100712.0061,661794.7777,-649639.7204,1997737.1857,108.0138,108.1630,1.9167,7512.735,134.07,132.69
1328690,733987,2104185.2413,662888.9633,-650710.5134,2001041.2403,108.0137,108.2461,1.7500,7526.131,134.84,133.53
1330888,735194,2107667.5612,663986.0110,-651787.5103,2004352.8305,108.0137,108.2666,1.7500,7539.732,136.41,135.06
1333068,736402,2111119.0482,665073.3452,-652855.2437,2007635.0109,108.0138,108.0580,1.7500,7553.365,131.40,130.09
1335247,737610,2114570.5204,666160.6748,-653923.7571,2010916.9220,108.0138,107.9508,1.6667,7566.968,132.45,131.19
1337428,738816,2118024.0173,667248.6422,-654989.3789,2014201.9026,108.0137,107.7947,1.7500,7580.601,139.37,137.94
1339612,740023,2121483.4862,668338.4910,-656060.1761,2017491.4800,108.0137,107.6373,1.7500,7594.257,136.55,135.20
1341790,741230,2124930.9768,669424.5662,-657125.9139,2020770.1069,108.0137,107.5521,1.8333,7607.130,128.05,126.70
1343977,742436,2128394.4161,670515.6658,-658198.6952,2024063.2142,108.0138,108.1246,1.7500,7620.523,135.92,134.64
1346186,743645,2131893.8003,671618.0893,-659279.2962,2027391.5762,108.0137,108.1687,1.9167,7634.156,139.20,137.76
1348362,744852,2135339.5750,672703.6239,-660342.3275,2030669.2789,108.0137,107.6373,1.6667,7647.754,133.79,132.48
1350542,746060,2138792.1480,673791.3003,-661412.7452,2033951.7284,108.0137,107.7459,1.8333,7661.334,132.92,131.55
1352721,747266,2142242.0699,674878.1415,-662479.8969,2037232.4521,108.0138,108.0375,1.9167,7674.488,129.48,128.10
1354900,748473,2145693.1292,675965.3410,-663545.3280,2040514.9315,108.0137,108.0626,1.7500,7687.311,130.96,129.67
1357083,749680,2149150.7587,677054.6103,-664620.4140,2043801.1800,108.0139,108.5661,1.7692,7700.151,125.04,123.68
1359267,750887,2152608.0300,678143.7668,-665690.2590,2047088.7562,108.0139,108.0689,1.9167,7713.176,136.16,134.76
1361474,752094,2156103.8883,679245.0794,-666766.3187,2050414.8874,108.0137,107.6244,1.7500,7726.768,134.65,133.31
1363653,753301,2159554.7356,680332.2121,-667834.0036,2053696.4108,108.0138,108.0153,1.9167,7740.368,137.71,136.30
1365837,754510,2163013.9224,681421.9721,-668905.5654,2056985.4430,108.0138,107.9449,1.9167,7753.982,139.42,138.00
1368014,755716,2166461.0038,682507.9184,-669969.4704,2060264.2356,108.0138,108.0240,1.6667,7767.590,136.45,135.16
1370195,756923,2169913.6047,683595.6035,-671041.3804,2063546.2291,108.0139,108.4548,1.9167,7781.217,134.31,132.92
1372375,758129,2173366.6566,684683.4308,-672105.1318,2066831.3500,108.0138,108.0261,1.9167,7794.875,136.37,134.97
1374555,759336,2176818.3338,685770.8249,-673176.2770,2070112.6209,108.0139,108.5583,1.9167,7808.491,135.36,133.95
1376760,760544,2180311.9945,686871.4453,-674251.3845,2073436.7509,108.0137,108.0801,1.9167,7822.099,139.22,137.81
1378967,761752,2183807.5978,687972.6776,-675334.5460,2076760.3045,108.0138,108.2964,1.9167,7835.726,137.59,136.17
1381149,762959,2187262.8228,689061.1894,-676404.5671,2080045.6716,108.0138,108.3191,1.9167,7849.371,139.38,137.95
1383332,764167,2190720.3161,690150.4158,-677472.1845,2083334.2056,108.0138,108.0019,1.9167,7862.951,136.68,135.23
1385512,765373,2194172.2565,691237.8929,-678537.6679,2086617.5944,108.0137,107.8106,1.7500,7876.556,138.46,137.08
1387691,766580,2197622.8109,692324.9334,-679609.7538,2089897.3788,108.0139,108.1290,1.7692,7890.168,134.25,132.79
1389869,767787,2201071.8370,693411.4923,-680677.6332,2093176.9239,108.0139,108.0741,1.7500,7903.793,136.43,135.04
1392071,768995,2204559.6964,694510.2851,-681755.4887,2096494.0599,108.0139,108.0444,1.9167,7917.393,135.50,134.08
1394275,770203,2208049.9871,695609.8438,-682834.7580,2099813.2928,108.0139,108.5214,1.7692,7931.017,135.28,133.86
1396466,771410,2211519.2686,696702.7839,-683904.0229,2103113.6868,108.0138,108.0398,1.8333,7944.621,136.90,135.46
1398645,772618,2214969.4013,697789.6914,-684973.3352,2106393.9297,108.0138,108.1630,1.9167,7958.286,135.13,133.75
1400826,773824,2218424.8787,698878.2828,-686038.9718,2109680.9880,108.0138,108.1076,1.8333,7971.889,137.50,136.07
1403006,775031,2221876.6316,699965.7008,-687105.9552,2112963.6919,108.0137,107.9636,1.7500,7985.509,136.85,135.50
1405186,776238,2225328.7510,701053.2342,-688174.0591,2116246.4168,108.0138,107.8360,1.9167,7999.166,135.50,134.06
1407384,777445,2228810.8601,702150.2154,-689248.8954,2119558.4879,108.0137,107.7742,1.7500,8012.784,131.29,129.98
1409590,778654,2232303.8078,703250.6112,-690330.9594,2122879.6059,108.0138,108.0377,1.8333,8026.409,138.67,137.28
1411783,779862,2235776.3039,704344.5640,-691408.6972,2126180.6251,108.0139,108.2461,1.7692,8040.024,133.71,132.31
1413960,781068,2239224.0971,705430.7346,-692470.0602,2129460.9928,108.0137,108.0199,1.8333,8053.747,139.26,137.92
1416140,782275,2242675.9690,706518.1900,-693539.3835,2132743.0609,108.0138,108.1010,1.7500,8067.488,136.98,135.63
1418318,783481,2246126.8077,707605.3200,-694606.6251,2136024.7195,108.0138,108.1437,1.9167,8081.232,137.10,135.64
1420501,784689,2249582.5006,708693.9793,-695676.8177,2139310.5228,108.0138,108.1081,1.7692,8094.978,134.93,133.48
1422694,785895,2253055.0679,709787.9545,-696747.9984,2142613.7491,108.0137,107.7417,1.7500,8108.726,135.05,133.71
1424891,787103,2256533.3669,710883.7354,-697828.3172,2145920.0309,108.0139,108.6897,1.8333,8122.490,139.50,138.06
1427070,788311,2259984.8783,711971.0773,-698890.7332,2149203.9661,108.0137,107.9811,1.8333,8136.231,135.11,133.71
1429252,789518,2263440.8151,713059.8134,-699958.2122,2152490.9084,108.0137,107.8409,1.7500,8149.984,139.42,138.08
1431435,790725,2266898.4446,714149.0827,-701033.2981,2155777.1569,108.0139,108.5343,1.7500,8163.727,135.39,134.00
1433615,791931,2270349.2918,715236.2154,-702100.9830,2159058.6803,108.0139,108.0535,1.9167,8177.476,139.15,137.69
1435801,793137,2273812.1308,716327.1259,-703167.6184,2162353.1549,108.0138,107.6049,1.9167,8191.226,139.29,137.82
1438008,794346,2277307.5110,717428.2880,-704246.6818,2165677.8066,108.0137,107.8913,1.7500,8204.970,139.25,137.88
1440185,795553,2280754.5334,718514.2157,-705315.4496,2168954.9558,108.0138,108.0979,1.9167,8218.713,138.97,137.55
1442364,796761,2284206.4836,719601.6958,-706380.9592,2172238.3465,108.0137,107.7459,1.7500,8232.459,139.10,137.73
1444544,797967,2287659.5284,720689.5208,-707449.5962,2175521.8711,108.0138,108.0131,1.7500,8246.204,136.44,135.08
1446724,799174,2291109.9369,721776.5153,-708514.1875,2178803.9392,108.0137,107.4023,1.7500,8259.941,139.40,138.00
1448908,800381,2294569.3897,722866.3590,-709584.9993,2182093.4949,108.0137,107.8710,1.9167,8273.687,139.64,138.09
1451092,801588,2298028.8587,723956.2078,-710655.7965,2185383.0723,108.0137,107.6244,1.8333,8287.440,139.01,137.60
1453296,802795,2301518.0709,725055.4268,-711731.9237,2188702.1929,108.0137,107.8389,1.8333,8301.177,137.26,135.79
1455480,804004,2304977.7113,726145.3296,-712805.7993,2191990.9496,108.0138,108.0019,1.9167,8314.921,139.19,137.78
1457660,805211,2308429.6517,727232.8067,-713871.2827,2195274.3384,108.0137,107.8106,1.7500,8328.704,140.40,139.02
1459839,806418,2311880.2061,728319.8471,-714943.3686,2198554.1228,108.0139,108.1290,1.7692,8342.454,135.65,134.24
1462017,807624,2315329.2322,729406.4061,-716011.2480,2201833.6679,108.0139,108.0741,1.7500,8356.218,136.85,135.45
1464196,808831,2318781.4582,730493.9731,-717072.0365,2205118.8838,108.0137,107.8692,1.7500,8369.969,135.58,134.26
1466379,810037,2322236.4832,731582.4219,-718142.6168,2208403.8587,108.0138,108.0309,1.9167,8383.724,136.54,135.10
1468584,811246,2325728.7924,732682.6165,-719220.2178,2211725.7567,108.0137,107.9905,1.7500,8397.472,139.35,137.96
1470770,812453,2329191.9832,733773.6378,-720293.3173,2215018.4991,108.0138,107.6448,1.8333,8411.218,137.18,135.76
1472952,813660,2332646.8071,734862.0233,-721361.7631,2218303.9568,108.0138,107.6040,1.8333,8424.953,137.26,135.82
1475133,814868,2336100.7330,735950.1258,-722430.4524,2221588.3909,108.0138,108.0581,1.7500,8438.697,138.93,137.61
1477311,816074,2339549.7738,737036.6895,-723497.5519,2224868.2052,108.0138,108.3191,1.7500,8452.448,139.11,137.74
1479491,817281,2343002.3468,738124.3658,-724567.9695,2228150.6546,108.0139,108.6891,1.7500,8466.192,135.20,133.83
1481671,818487,2346453.1941,739211.4985,-725635.6544,2231432.1781,108.0139,108.6897,1.8333,8479.949,139.90,138.49
1483872,819695,2349940.4307,740310.0951,-726708.6018,2234750.2553,108.0137,108.0199,1.8333,8493.686,139.50,138.10
1486064,820903,2353411.4133,741403.5710,-727781.3532,2238051.3043,108.0137,108.0780,1.7500,8507.432,138.64,137.27
1488247,822111,2356869.0427,742492.8404,-728856.4392,2241337.5528,108.0139,108.5214,1.7692,8521.183,135.01,133.63
1490422,823318,2360313.3038,743577.8982,-729914.4839,2244615.2854,108.0137,107.3498,1.6667,8534.928,136.20,134.93
1492606,824524,2363771.4014,744667.3150,-730986.5400,2247903.0115,108.0137,108.1630,1.7500,8548.677,134.41,133.05
1494788,825731,2367227.3382,745756.0510,-732054.0190,2251189.9538,108.0137,107.8913,1.9167,8562.429,138.21,136.74
1496964,826937,2370673.2920,746841.6421,-733119.6707,2254466.9926,108.0137,107.6114,1.8333,8576.172,139.10,137.70
1499164,828145,2374157.1487,747939.1739,-734196.7538,2257780.1708,108.0137,107.8389,1.7500,8589.923,139.41,138.02
1501367,829353,2377646.9712,749038.5851,-735279.0530,2261097.9261,108.0138,108.1802,1.6667,8603.675,135.37,134.05
1503562,830561,2381122.8634,750133.6078,-736352.6405,2264403.8659,108.0138,107.6275,1.8333,8617.430,138.60,137.20
1505740,831768,2384570.8257,751219.8316,-737416.5978,2267683.5680,108.0137,107.9744,1.7500,8631.167,140.15,138.76
1507921,832975,2388022.6645,752307.2767,-738490.7954,2270964.0162,108.0139,108.6114,1.9167,8644.903,136.72,135.32
1510099,834181,2391475.1109,753394.9132,-739554.7673,2274248.4286,108.0138,107.7157,1.8333,8658.648,137.37,135.98
1512283,835389,2394933.4328,754484.4006,-740626.2622,2277536.5730,108.0138,108.2764,1.9167,8672.402,138.80,137.37
1514473,836596,2398401.5562,755576.9759,-741698.4989,2280834.7829,108.0138,108.1081,1.7692,8686.141,135.24,133.82
1516680,837803,2401896.9745,756678.1499,-742775.8793,2284160.0219,108.0137,107.8303,1.7500,8699.908,139.22,137.82
1518872,839011,2405367.3321,757771.4290,-743847.8023,2287460.6832,108.0137,107.4023,1.7500,8713.642,138.44,137.08
1521056,840219,2408826.7849,758861.2728,-744918.6141,2290750.2389,108.0137,107.8710,1.9167,8727.389,139.35,137.93
1523235,841426,2412277.9804,759948.5152,-745991.5138,2294030.4327,108.0139,108.0444,1.9167,8741.124,135.44,134.03
1525416,842632,2415732.6377,761036.8481,-747053.7162,2297317.7455,108.0137,107.6312,1.8333,8754.875,135.55,134.07
1527594,843839,2419180.3391,762122.9898,-748121.6147,2300595.8915,108.0138,107.9874,1.7500,8768.620,134.78,133.51
1529786,845047,2422652.0520,763216.6958,-749192.2934,2303898.3824,108.0137,107.6275,1.6667,8782.369,135.56,134.26
1531987,846255,2426137.6013,764314.7608,-750276.9834,2307210.8668,108.0138,108.1290,1.7692,8796.111,135.65,134.23
1534165,847462,2429586.6274,765401.3198,-751344.8628,2310490.4120,108.0139,108.0741,1.7500,8809.863,137.21,135.85
1536344,848669,2433038.8534,766488.8868,-752405.6513,2313775.6278,108.0137,107.8692,1.7500,8823.614,135.37,134.03
1538527,849875,2436493.8784,767577.3356,-753476.2316,2317060.6027,108.0138,108.0309,1.9167,8837.367,136.50,135.02
1540711,851083,2439953.5263,768667.2408,-754549.6492,2320349.5163,108.0139,108.2461,1.7692,8851.107,135.50,134.02
1542896,852289,2443413.9116,769757.3783,-755616.1086,2323641.4680,108.0138,108.1277,1.8333,8864.870,137.49,136.10
1545095,853496,2446896.6667,770854.5631,-756694.9498,2326952.9160,108.0138,107.8456,1.8333,8878.613,139.72,138.23
1547285,854705,2450364.8183,771947.1472,-757765.4774,2330251.7113,108.0138,107.9981,1.9167,8892.360,136.62,135.22
1549459,855912,2453807.1690,773031.6032,-758831.1667,2333524.9492,108.0138,108.3191,1.7500,8906.101,139.14,137.75
1551639,857119,2457259.7420,774119.2795,-759901.5843,2336807.3987,108.0139,108.6891,1.7500,8919.846,135.84,134.44
1553819,858325,2460710.5893,775206.4122,-760969.2692,2340088.9221,108.0139,108.6897,1.8333,8933.594,139.44,138.03
1555998,859532,2464162.1007,776293.7542,-762031.6852,2343372.8574,108.0137,107.9811,1.8333,8947.344,136.19,134.77
1558180,860739,2467618.0375,777382.4902,-763099.1642,2346659.7996,108.0137,107.8409,1.7500,8961.110,139.35,137.99
1560387,861947,2471113.3847,778483.6419,-764183.1018,2349982.8315,108.0138,108.1725,1.9167,8974.872,139.33,137.86
1562570,863154,2474570.6990,779572.8119,-765248.0987,2353272.0294,108.0137,107.3498,1.6667,8988.625,134.79,133.44
1564752,864361,2478026.3430,780661.4557,-766319.9788,2356557.2327,108.0138,108.2174,1.5833,9002.363,136.42,135.10
1566936,865569,2481484.7334,781750.9648,-767387.6338,2359846.6978,108.0137,107.8913,1.9167,9016.115,138.70,137.27
1569112,866775,2484930.6872,782836.5559,-768453.2855,2363123.7367,108.0137,107.6114,1.8333,9029.855,138.86,137.45
1571292,867982,2488383.7060,783924.3727,-769521.9111,2366407.2377,108.0137,107.7459,1.7500,9043.590,139.13,137.79
1573472,869188,2491836.7508,785012.1977,-770590.5482,2369690.7624,108.0138,108.0131,1.7500,9057.344,136.68,135.32
1575675,870396,2495323.0206,786110.4896,-771673.1394,2373004.6868,108.0139,108.0535,1.9167,9071.089,139.41,137.98
1577867,871604,2498794.0130,787203.9687,-772745.9170,2376305.7377,108.0139,108.3468,1.9167,9084.857,138.79,137.33
1580046,872812,2502247.0649,788291.7960,-773809.6684,2379590.8586,108.0138,107.6448,1.8333,9098.598,138.61,137.19
1582225,874019,2505697.4404,789378.7800,-774879.1338,2382871.3068,108.0138,108.3191,1.9167,9112.342,139.20,137.78
1584408,875226,2509154.9337,790468.0064,-775946.7512,2386159.8409,108.0138,108.0019,1.9167,9126.078,139.04,137.60
1586588,876432,2512606.8741,791555.4835,-777012.2347,2389443.2296,108.0137,107.8106,1.7500,9139.832,138.48,137.05
1588767,877639,2516057.4285,792642.5239,-778084.3206,2392723.0140,108.0138,108.1290,1.7692,9153.571,135.73,134.30
1590968,878846,2519543.1185,793740.6333,-779157.1557,2396039.5014,108.0137,107.9102,1.9167,9167.322,139.04,137.64
1593158,880054,2523012.1085,794833.4815,-780231.5869,2399337.9089,108.0138,107.6338,1.8333,9181.075,138.93,137.50
1595339,881262,2526466.0268,795921.5817,-781300.7342,2402622.1861,108.0138,108.1802,1.6667,9194.816,135.43,134.11
1597520,882469,2529919.5237,797009.5491,-782366.3560,2405907.1667,108.0137,108.0801,1.7500,9208.560,139.11,137.72
1599698,883676,2533369.2056,798096.3147,-783434.2692,2409187.3904,108.0138,107.6448,1.8333,9222.295,137.12,135.71
1601880,884882,2536824.0295,799184.7001,-784502.7151,2412472.8480,108.0138,107.6040,1.8333,9236.032,136.68,135.24
1604061,886089,2540277.9554,800272.8027,-785571.4044,2415757.2821,108.0138,108.0581,1.7500,9249.771,139.67,138.31
1606255,887296,2543752.4884,801367.3972,-786647.9434,2419060.8330,108.0138,108.2764,1.9167,9263.522,139.04,137.62
1608451,888504,2547230.3401,802463.0372,-787724.7254,2422367.7946,108.0139,108.2666,1.7692,9277.287,135.23,133.80
1610631,889711,2550681.1874,803550.1699,-788792.4103,2425649.3180,108.0139,108.4984,1.9167,9291.021,139.47,138.01
1612815,890919,2554140.0224,804639.8190,-789857.5080,2428940.0822,108.0138,108.0084,1.9167,9304.769,138.76,137.29
1614992,892126,2557588.6356,805726.2479,-790922.3052,2432220.1956,108.0137,108.0780,1.7500,9318.524,139.41,138.02
1617175,893333,2561046.2651,806815.5172,-791997.3911,2435506.4441,108.0139,108.5214,1.7692,9332.289,134.95,133.56
1619350,894539,2564490.5262,807900.5750,-793055.4359,2438784.1767,108.0137,107.2945,1.6667,9346.029,135.00,133.68
1621545,895746,2567965.6793,808995.3649,-794135.9684,2442087.0810,108.0138,108.1993,1.9167,9359.778,135.18,133.75
1623749,896953,2571455.9700,810094.9236,-795215.2377,2445406.3138,108.0138,108.2112,1.9167,9373.594,135.56,134.13
1625945,898161,2574934.0827,811190.6458,-796288.0785,2448714.8314,108.0138,108.0375,1.9167,9387.357,139.01,137.57
1628124,899369,2578385.1420,812277.8453,-797353.5096,2451997.3108,108.0137,108.0626,1.7500,9401.103,139.14,137.76
1630307,900576,2581842.7715,813367.1146,-798428.5956,2455283.5593,108.0139,108.5661,1.7692,9414.854,135.04,133.61
1632490,901783,2585300.0858,814456.2846,-799493.5925,2458572.7572,108.0138,107.6275,1.8333,9428.614,139.51,138.14
1634672,902989,2588754.4722,815544.5323,-800559.7099,2461858.5120,108.0137,107.9905,1.7500,9442.379,139.73,138.36
1636854,904196,2592210.5881,816633.3247,-801629.8094,2465144.7904,108.0137,108.1246,1.9167,9456.128,138.84,137.36
1639062,905405,2595707.9538,817735.1123,-802712.0787,2468470.4874,108.0138,107.7364,1.8333,9469.890,137.22,135.83
1641261,906612,2599189.1510,818831.8062,-803790.0164,2471780.5911,108.0138,108.0979,1.9167,9483.632,139.01,137.58
1643440,907820,2602641.1012,819919.2864,-804855.5259,2475063.9817,108.0137,107.7459,1.7500,9497.400,139.73,138.37
1645620,909027,2606094.1460,821007.1114,-805924.1630,2478347.5064,108.0138,108.0131,1.7500,9511.154,136.65,135.27
1647800,910234,2609544.5545,822094.1059,-806988.7542,2481629.5744,108.0137,107.4023,1.7500,9524.894,139.44,138.06
1649984,911441,2613004.0073,823183.9496,-808059.5661,2484919.1302,108.0137,107.8710,1.9167,9538.652,140.04,138.60
1652168,912649,2616463.4763,824273.7984,-809130.3633,2488208.7076,108.0137,107.6244,1.8333,9552.410,138.89,137.46
1654372,913856,2619952.6885,825373.0174,-810206.4904,2491527.8282,108.0137,107.8389,1.8333,9566.147,136.71,135.27
1656556,915065,2623412.3289,826462.9202,-811280.3660,2494816.5849,108.0138,108.0019,1.9167,9579.892,138.76,137.34
1658736,916271,2626864.2693,827550.3972,-812345.8495,2498099.9737,108.0137,107.8106,1.7500,9593.641,138.72,137.31
1660915,917478,2630314.8237,828637.4377,-813417.9354,2501379.7581,108.0138,108.1290,1.7692,9607.387,136.06,134.59
1663093,918684,2633763.8498,829723.9966,-814485.8148,2504659.3032,108.0139,108.0741,1.7500,9621.136,136.88,135.53
1665272,919891,2637216.0758,830811.5637,-815546.6032,2507944.5191,108.0137,107.8692,1.7500,9634.864,135.54,134.22
1667476,921098,2640706.3665,831911.1224,-816625.8726,2511263.7520,108.0137,107.6312,1.7500,9648.597,134.98,133.61
1669668,922306,2644176.9189,833004.4629,-817699.9708,2514563.9107,108.0137,108.0801,1.7500,9662.346,139.20,137.79
1671846,923514,2647626.6008,834091.2284,-818767.8840,2517844.1344,108.0138,107.6448,1.8333,9676.072,137.10,135.66
1674028,924721,2651081.4247,835179.6139,-819836.3299,2521129.5921,108.0138,107.6040,1.8333,9689.803,136.90,135.51
1676209,925928,2654535.3506,836267.7164,-820905.0192,2524414.0262,108.0138,108.0581,1.7500,9703.535,138.78,137.42
1678387,927134,2657984.3914,837354.2800,-821972.1187,2527693.8404,108.0138,108.3191,1.7500,9717.273,138.55,137.17
1680567,928341,2661436.9644,838441.9564,-823042.5363,2530976.2899,108.0138,108.6891,1.7500,9731.006,135.57,134.18
1682771,929549,2664927.2551,839541.5151,-824121.8056,2534295.5228,108.0138,108.2930,1.7692,9744.748,135.30,133.84
1684963,930756,2668397.4176,840634.7327,-825191.1228,2537596.8263,108.0138,108.0084,1.9167,9758.490,136.94,135.47
1687140,931964,2671846.0308,841721.1616,-826255.9200,2540876.9396,108.0137,108.0780,1.7500,9772.218,138.82,137.46
1689323,933172,2675303.6603,842810.4309,-827331.0059,2544163.1881,108.0139,108.5214,1.7692,9785.776,132.71,131.30
1691498,934378,2678747.9214,843895.4888,-828389.0507,2547440.9207,108.0137,107.3498,1.6667,9799.156,130.31,129.08
1693682,935584,2682206.0190,844984.9056,-829461.1068,2550728.6468,108.0138,108.1630,1.7500,9812.489,131.18,129.86
1695864,936791,2685661.9558,846073.6416,-830528.5858,2554015.5891,108.0137,107.8913,1.9167,9825.815,134.56,133.17
1698058,937998,2689135.8295,847168.0284,-831603.8416,2557318.8638,108.0137,108.2461,1.7500,9839.138,132.07,130.73
1700251,939206,2692609.8760,848262.4696,-832682.9410,2560621.0704,108.0139,108.0626,1.9167,9852.479,131.01,129.67
1702432,940413,2696064.5333,849350.8026,-833745.1434,2563908.3832,108.0137,107.3835,1.7500,9865.806,131.11,129.76
1704616,941622,2699521.5767,850439.8873,-834814.0554,2567196.0232,108.0137,107.9905,1.7500,9879.145,134.94,133.60
1706795,942828,2702971.2354,851526.6456,-835886.8690,2570474.6290,108.0138,108.3468,1.9167,9892.471,134.45,133.04
1708974,944035,2706424.2873,852614.4728,-836950.6203,2573759.7498,108.0138,107.6448,1.8333,9905.803,134.68,133.27
1711153,945241,2709874.6628,853701.4568,-838020.0858,2577040.1981,108.0138,108.3191,1.9167,9919.141,135.99,134.59
1713343,946448,2713342.5582,854793.9603,-839091.3895,2580338.4717,108.0138,108.0444,1.7500,9932.479,135.39,134.08
1715544,947656,2716827.7924,855891.9260,-840165.9905,2583653.9055,108.0137,107.8229,1.7500,9945.821,135.16,133.81
1717724,948863,2720280.8211,856979.7460,-841234.6422,2586937.4084,108.0137,107.7947,1.7500,9959.154,135.21,133.85
1719904,950071,2723733.2151,858067.3659,-842302.4394,2590220.5218,108.0137,107.5584,1.8333,9972.478,135.06,133.69
1722086,951278,2727189.3309,859156.1584,-843372.5389,2593506.8002,108.0138,107.6338,1.8333,9985.817,135.93,134.52
1724267,952485,2730643.2492,860244.2585,-844441.6862,2596791.0774,108.0138,108.1802,1.6667,9999.185,130.91,129.61
1726448,953691,2734096.7461,861332.2260,-845507.3080,2600076.0579,108.0137,108.0801,1.7500,10012.551,134.88,133.53
1728636,954897,2737561.7322,862423.8128,-846580.2016,2603370.7551,108.0138,108.1131,1.9167,10025.875,132.25,130.88
1730842,956106,2741054.4765,863524.1445,-847659.6469,2606692.5109,108.0138,108.2461,1.8333,10039.201,131.59,130.21
1733019,957313,2744501.2992,864610.0093,-848727.0454,2609969.8954,108.0138,108.0881,1.8333,10052.512,131.82,130.51
1735199,958521,2747954.9895,865698.0377,-849795.2597,2613254.2364,108.0138,108.2749,1.9167,10065.841,134.40,133.03
1737379,959728,2751407.5625,866785.7140,-850865.6773,2616536.6858,108.0138,108.5214,1.7692,10079.166,131.29,129.92
1739559,960934,2754858.4098,867872.8467,-851933.3622,2619818.2093,108.0139,108.4984,1.9167,10092.485,134.85,133.46
1741743,962141,2758317.2448,868962.4958,-852998.4600,2623108.9735,108.0138,108.0084,1.9167,10105.809,132.25,130.86
1743927,963349,2761777.6046,870052.6253,-854069.3356,2626399.4622,108.0138,108.2964,1.9167,10119.136,133.62,132.23
1746129,964556,2765263.6513,871150.8470,-855147.8288,2629714.4847,108.0138,108.1246,1.7500,10132.455,134.23,132.88
1748338,965765,2768763.0355,872253.2704,-856228.4298,2633042.8468,108.0138,108.1687,1.9167,10145.777,134.91,133.52
1750514,966972,2772208.8102,873338.8051,-857291.4611,2636320.5495,108.0137,107.6840,1.6667,10159.089,130.91,129.62
1752694,968179,2775661.3832,874426.4815,-858361.8787,2639602.9990,108.0138,107.7459,1.8333,10172.422,134.24,132.88
1754873,969385,2779111.3051,875513.3226,-859429.0305,2642883.7227,108.0138,108.0375,1.9167,10185.754,134.08,132.73
1757052,970592,2782562.3644,876600.5221,-860494.4616,2646166.2020,108.0137,108.0626,1.7500,10199.079,135.06,133.75
1759235,971800,2786019.9939,877689.7914,-861569.5476,2649452.4505,108.0138,108.5661,1.7692,10212.410,130.45,129.10
1761440,973008,2789512.1079,878789.9246,-862644.5428,2652774.9906,108.0137,108.0951,1.7500,10225.746,135.42,134.09
1763626,974215,2792973.1235,879880.2606,-863715.4522,2656066.1580,108.0138,108.1630,1.7500,10239.075,131.14,129.84
1765809,975422,2796429.6988,880969.1978,-864787.3941,2659352.3203,108.0138,108.2232,1.9167,10252.396,131.89,130.52
1767989,976630,2799883.1576,882057.1532,-865854.6990,2662636.7136,108.0138,107.9449,1.9167,10265.737,135.03,133.64
1770166,977836,2803330.2390,883143.0996,-866918.6040,2665915.5061,108.0138,108.0240,1.6667,10279.182,132.34,131.03
1772347,979043,2806782.8399,884230.7847,-867990.5139,2669197.4997,108.0139,108.4548,1.9167,10292.508,132.87,131.47
1774527,980250,2810235.8918,885318.6119,-869054.2653,2672482.6205,108.0138,108.0261,1.9167,10305.873,132.86,131.36
1776728,981458,2813721.7769,886416.7827,-870129.7062,2675798.4657,108.0137,107.9744,1.7500,10319.209,135.97,134.62
1778920,982666,2817194.1039,887510.6822,-871204.8498,2679100.1506,108.0137,108.0199,1.8333,10332.537,134.77,133.47
1781100,983874,2820645.9758,888598.1377,-872274.1731,2682382.2186,108.0138,108.1010,1.7500,10345.850,133.00,131.68
1783278,985080,2824096.8145,889685.2677,-873341.4147,2685663.8772,108.0138,108.1437,1.9167,10359.170,132.71,131.32
1785461,986287,2827552.5074,890773.9269,-874411.6073,2688949.6806,108.0138,108.1081,1.7692,10372.500,130.58,129.25
1787643,987493,2831006.6329,891862.0924,-875481.6659,2692233.8794,108.0139,108.3017,1.7500,10385.832,134.98,133.71
1789839,988700,2834484.0754,892957.6035,-876556.6150,2695541.0066,108.0138,108.3809,1.9167,10399.152,134.17,132.75
1792030,989908,2837954.8851,894051.0250,-877625.5228,2698843.1239,108.0137,107.9811,1.7500,10412.494,131.62,130.29
1794212,991116,2841410.8219,895139.7611,-878693.0017,2702130.0661,108.0137,107.8409,1.7500,10425.826,134.74,133.42
1796395,992324,2844868.4513,896229.0304,-879768.0877,2705416.3146,108.0138,108.5343,1.7500,10439.162,131.43,130.09
1798575,993530,2848319.2986,897316.1631,-880835.7726,2708697.8381,108.0139,108.0535,1.9167,10452.496,134.83,133.40
1800752,994737,2851768.3564,898402.7320,-881898.0125,2711979.2504,108.0138,108.0351,1.5833,10465.808,132.64,131.38
1802934,995943,2855223.6598,899491.2685,-882964.2198,2715265.9402,108.0137,108.0330,1.9167,10479.142,136.67,135.28
1805125,997150,2858693.7184,900584.4534,-884041.7670,2718564.4581,108.0138,108.3017,1.9167,10492.465,134.82,133.41
1807324,998358,2862176.4904,901681.6435,-885115.7487,2721877.5042,108.0137,107.5374,1.7500,10505.769,131.93,130.56
1809504,999565,2865629.5352,902769.4685,-886184.3858,2725161.0289,108.0138,108.2437,1.7500,10518.799,129.00,127.70
1810292,1000000,2866877.3728,903162.5792,-886568.3213,2726348.3352,108.0137,107.6312,1.8333,10523.481,126.89,125.61
