generation,path_length_rings,euclid_distance,effective_rings,global_x,global_y,heading_running,heading_windowed,local_clock,elapsed_s,hop_ms,patch_ms
60,31,95.5630,30.1055,92.3387,-19.4426,-10.6118,NaN,1.9355,0.092,91.73,83.59
83,43,131.4746,41.4189,126.8732,-29.8229,-12.2868,-16.7295,1.9167,0.177,85.70,84.58
105,55,166.7280,52.5249,161.6659,-35.6937,-11.7137,-13.1926,1.8333,0.263,85.64,84.55
127,67,202.8806,63.9142,196.4924,-45.7072,-12.4860,-14.1533,1.8333,0.348,85.27,84.16
150,79,238.3277,75.0812,232.2818,-47.7153,-11.0970,-11.4217,1.9167,0.434,85.94,84.84
172,91,273.1551,86.0530,265.8347,-57.5023,-11.7569,-12.3730,1.8333,0.522,87.82,86.77
194,103,306.1779,96.4563,299.0751,-59.6845,-10.8892,-11.0151,1.8333,0.610,88.26,87.20
215,115,340.9806,107.4203,331.9413,-72.7298,-11.9986,-12.5384,1.7500,0.702,91.38,90.29
238,127,377.7704,119.0103,368.3238,-78.4884,-11.7057,-12.0761,1.9167,0.793,90.96,89.82
259,139,411.0601,129.4977,400.6344,-86.6148,-11.9012,-12.2916,1.7500,0.884,91.21,90.14
282,151,446.9624,140.8082,436.1886,-91.9857,-11.6350,-11.9132,1.9167,0.976,91.61,90.44
305,163,483.7726,152.4046,471.5368,-102.7753,-12.0423,-12.3943,1.9167,1.068,92.42,91.26
326,175,517.4809,163.0238,504.8964,-107.9485,-11.8318,-12.1081,1.7500,1.157,88.72,87.62
348,187,552.4836,174.0509,539.5175,-113.3830,-11.6473,-11.8638,1.8333,1.248,91.12,89.98
371,199,588.6515,185.4450,574.1043,-124.6727,-12.0439,-12.3214,1.9167,1.340,91.95,90.81
394,211,624.5474,196.7534,609.6584,-130.0435,-11.8451,-12.0679,1.9167,1.431,91.15,90.06
416,223,658.4754,207.4419,643.7648,-132.6389,-11.4570,-11.6005,1.8333,1.522,91.29,90.18
437,236,693.9899,218.6301,676.7955,-148.1835,-12.1731,-12.4224,1.6154,1.611,88.42,87.37
460,248,728.5353,229.5131,711.3975,-151.5531,-11.8584,-12.0465,1.9167,1.701,90.55,89.47
481,260,762.4530,240.1983,744.4581,-159.1560,-11.9070,-12.0925,1.7500,1.791,89.70,88.68
503,272,798.1850,251.4551,779.1985,-167.5815,-11.9842,-11.9246,1.8333,1.882,91.24,90.18
526,284,832.7416,262.3415,813.8005,-170.9512,-11.7167,-11.7174,1.9167,1.973,90.49,89.43
546,296,865.8016,272.7565,845.6041,-180.3792,-11.9002,-11.7209,1.6667,2.064,91.51,90.53
569,308,902.1730,284.2148,880.9376,-189.0911,-11.9789,-12.2955,1.9167,2.159,94.64,93.53
592,320,938.0700,295.5235,916.4917,-194.4620,-11.8491,-11.8869,1.9167,2.254,94.80,93.65
615,332,974.2460,306.9202,951.0785,-205.7516,-12.0812,-12.6274,1.9167,2.348,94.22,92.99
638,344,1009.8610,318.1401,987.5885,-205.1801,-11.6159,-11.4209,1.9167,2.443,95.47,94.30
657,356,1041.4359,328.0873,1016.5919,-220.6927,-12.1306,-12.3725,1.5833,2.535,91.89,90.87
678,368,1074.4103,338.4753,1049.7391,-223.3499,-11.8977,-11.8955,1.7500,2.630,94.62,93.57
700,380,1108.3282,349.1606,1083.8455,-225.9453,-11.6655,-11.6861,1.8333,2.724,94.03,92.89
719,392,1138.3597,358.6215,1111.1398,-242.0434,-12.1812,-12.2839,1.5833,2.817,93.40,92.37
742,404,1173.9662,369.8387,1147.6645,-241.4501,-11.7768,-11.7334,1.9167,2.912,94.40,93.26
763,416,1209.2449,380.9527,1181.4228,-252.3521,-11.9560,-12.2157,1.7500,3.006,94.86,93.78
784,428,1242.2309,391.3444,1214.5701,-255.0093,-11.7592,-11.5028,1.7500,3.098,92.01,90.85
805,440,1275.7742,401.9117,1246.0555,-268.2663,-12.0539,-12.2541,1.7500,3.193,94.53,93.49
827,452,1310.7869,412.9418,1280.7959,-273.2277,-11.9489,-12.4453,1.8333,3.287,93.63,92.51
850,464,1346.6842,424.2507,1316.3500,-278.5985,-11.8592,-11.5255,1.9167,3.380,93.20,92.05
873,476,1382.8585,435.6468,1350.9368,-289.8882,-12.0225,-12.2053,1.9167,3.473,93.22,92.02
896,488,1419.6599,447.2405,1387.3308,-295.6703,-11.9448,-11.9887,1.9167,3.567,93.53,92.35
918,500,1452.6400,457.6303,1420.5711,-297.8525,-11.7577,-11.4813,1.8333,3.660,93.17,92.06
939,512,1488.3781,468.8891,1454.2657,-311.2855,-11.9996,-12.3589,1.7500,3.754,94.21,93.16
962,524,1524.2735,480.1973,1489.8199,-316.6564,-11.9192,-11.9442,1.9167,3.848,94.57,93.42
983,536,1557.5664,490.6857,1522.1305,-324.7828,-11.9662,-11.9489,1.7500,3.945,96.81,95.72
1006,548,1594.3534,502.2748,1558.5130,-330.5414,-11.8976,-11.9670,1.9167,4.043,97.92,96.76
1029,560,1630.2790,513.5926,1593.0328,-340.9433,-12.0052,-11.8924,1.9167,4.141,98.23,97.04
1050,572,1663.9861,524.2115,1626.3925,-346.1164,-11.9405,-12.4416,1.7500,4.236,94.34,93.25
1073,584,1700.3580,535.6698,1661.7260,-354.8284,-11.9814,-11.7455,1.9167,4.333,97.70,96.60
1096,596,1736.2538,546.9782,1697.2801,-360.1992,-11.9112,-11.9331,1.9167,4.431,97.74,96.55
1119,608,1772.4303,558.3750,1731.8669,-371.4888,-12.0375,-12.6584,1.9167,4.528,96.93,95.75
1142,620,1808.0368,569.5923,1768.3769,-370.9173,-11.7785,-11.0940,1.9167,4.626,97.40,96.17
1161,632,1839.6194,579.5419,1797.3803,-386.4299,-12.0671,-12.5791,1.5833,4.720,94.59,93.53
1182,644,1872.5948,589.9302,1830.5275,-389.0871,-11.9346,-11.8955,1.7500,4.819,98.49,97.42
1204,656,1906.5060,600.6134,1864.6339,-391.6825,-11.7989,-11.8733,1.8333,4.917,98.42,97.27
1223,668,1936.5420,610.0757,1891.9282,-407.7806,-12.1000,-12.1891,1.5833,5.015,97.55,96.48
1246,680,1972.1481,621.2928,1928.4529,-407.1873,-11.8607,-11.6861,1.9167,5.111,96.79,95.64
1267,692,2007.4298,632.4078,1962.2112,-418.0893,-11.9672,-12.1873,1.7500,5.207,96.04,94.97
1288,704,2040.4121,642.7983,1995.3585,-420.7465,-11.8472,-11.4786,1.7500,5.299,91.10,90.03
1309,716,2073.9588,653.3666,2026.8439,-434.0035,-12.0271,-12.2056,1.7500,5.394,95.22,94.18
1331,728,2108.9718,664.3969,2061.5843,-438.9649,-11.9622,-12.4150,1.8333,5.488,94.72,93.59
1354,740,2144.8681,675.7054,2097.1384,-444.3357,-11.9058,-11.6930,1.9167,5.584,95.32,94.18
1377,752,2181.0434,687.1019,2131.7252,-455.6254,-12.0085,-12.2157,1.9167,5.680,96.00,94.79
1400,764,2217.8448,698.6955,2168.1192,-461.4075,-11.9590,-11.9419,1.9167,5.775,95.41,94.25
1422,776,2250.8209,709.0841,2201.3595,-463.5897,-11.8380,-11.6933,1.8333,5.872,96.94,95.86
1443,788,2286.5631,720.3441,2235.0541,-477.0227,-11.9942,-11.9670,1.7500,5.971,98.90,97.82
1466,800,2322.4582,731.6523,2270.6082,-482.3936,-11.9416,-11.9442,1.9167,6.070,98.68,97.48
1487,812,2355.7514,742.1407,2302.9189,-490.5200,-11.9723,-11.9489,1.7500,6.168,97.88,96.82
1510,824,2392.5378,753.7297,2339.3014,-496.2786,-11.9265,-11.9670,1.9167,6.266,98.57,97.41
1533,836,2428.4640,765.0477,2373.8212,-506.6805,-11.9983,-11.8924,1.9167,6.364,97.82,96.66
1555,848,2462.8179,775.8703,2407.6808,-512.6151,-11.9696,-12.4972,1.8333,6.459,95.01,93.90
1577,860,2498.5430,787.1249,2442.5144,-520.5656,-11.9823,-11.7455,1.8333,6.557,97.73,96.67
1600,872,2534.4384,798.4332,2478.0685,-525.9364,-11.9342,-11.9331,1.9167,6.654,97.56,96.40
1623,884,2570.6151,809.8300,2512.6552,-537.2260,-12.0210,-12.6584,1.9167,6.752,97.76,96.63
1646,896,2606.2183,821.0462,2549.1653,-536.6545,-11.8415,-11.0940,1.9167,6.851,98.73,97.56
1665,908,2638.6788,831.2724,2579.0800,-552.0887,-12.0362,-12.5555,1.5833,6.948,96.76,95.67
1688,920,2673.2256,842.1558,2613.6819,-555.4583,-11.9522,-11.9070,1.9167,7.046,98.95,97.81
1709,932,2706.9045,852.7658,2646.6903,-562.1518,-11.9461,-12.2489,1.7500,7.144,97.35,96.21
1731,944,2742.8766,864.0982,2681.4829,-571.4867,-11.9865,-11.8605,1.8333,7.243,98.71,97.59
1754,956,2777.4267,874.9826,2716.0849,-574.8564,-11.9062,-11.7295,1.9167,7.339,96.37,95.18
1774,968,2810.4925,885.3994,2747.8885,-584.2844,-11.9605,-12.1370,1.6667,7.435,96.15,95.12
1797,980,2846.8646,896.8579,2783.2220,-592.9963,-11.9847,-11.9067,1.9167,7.533,98.24,97.08
1820,992,2882.2768,908.0139,2818.8922,-595.4776,-11.8857,-11.6410,1.9167,7.631,97.94,96.74
1840,1004,2914.4878,918.1615,2849.5345,-606.2691,-11.9692,-12.4142,1.6667,7.728,97.24,96.18
1862,1016,2947.7264,928.6327,2882.8533,-609.3626,-11.8937,-11.5462,1.8333,7.826,97.84,96.69
1883,1028,2983.2063,939.8101,2916.4694,-621.8843,-11.9960,-12.1873,1.7500,7.926,99.90,98.82
1906,1040,3019.1010,951.1181,2952.0236,-627.2551,-11.9555,-11.8955,1.9167,8.026,99.37,98.21
1928,1052,3053.0086,961.8002,2986.1300,-629.8505,-11.8705,-11.6677,1.8333,8.124,98.66,97.46
1949,1064,3086.9542,972.4942,3018.1562,-642.4845,-11.9777,-11.9018,1.7500,8.223,98.32,97.16
1971,1076,3122.0202,983.5411,3052.1090,-651.4081,-12.0086,-12.1544,1.8333,8.322,99.87,98.70
1993,1088,3156.3825,994.3664,3086.0733,-656.8912,-11.9777,-11.9602,1.8333,8.419,96.56,95.42
2016,1100,3190.9142,1005.2451,3120.9297,-658.9630,-11.8842,-11.6912,1.9167,8.517,97.60,96.40
2037,1112,3226.6490,1016.5027,3154.6096,-672.4177,-11.9948,-11.8924,1.7500,8.616,99.07,97.85
2058,1124,3260.3559,1027.1215,3187.9692,-677.5909,-11.9619,-12.4416,1.7500,8.711,95.57,94.49
2080,1136,3295.3521,1038.1465,3222.5903,-683.0254,-11.9296,-11.5011,1.8333,8.810,98.83,97.70
2103,1148,3331.5279,1049.5431,3257.1771,-694.3151,-11.9966,-12.1769,1.9167,8.909,98.77,97.60
2126,1160,3367.4225,1060.8511,3292.7312,-699.6859,-11.9603,-12.0181,1.9167,9.007,98.61,97.40
2148,1172,3401.3294,1071.5329,3326.8376,-702.2813,-11.8840,-11.4570,1.8333,9.107,99.24,98.07
2169,1185,3436.8635,1082.7274,3359.8683,-717.8259,-12.0242,-12.5209,1.6154,9.203,96.47,95.28
2192,1197,3471.4105,1093.6108,3394.4703,-721.1955,-11.9596,-11.9556,1.9167,9.302,98.74,97.60
2213,1209,3505.3291,1104.2963,3427.5309,-728.7984,-11.9692,-11.9021,1.7500,9.400,97.83,96.70
2235,1221,3541.0616,1115.5532,3462.2713,-737.2239,-11.9860,-12.4247,1.8333,9.499,99.00,97.81
2258,1233,3575.6111,1126.4375,3496.8733,-740.5936,-11.9236,-11.7227,1.9167,9.594,95.14,93.97
2278,1245,3608.6774,1136.8545,3528.6769,-750.0216,-11.9658,-12.2870,1.6667,9.690,95.74,94.71
2301,1257,3645.0496,1148.3129,3564.0104,-758.7335,-11.9846,-11.9331,1.9167,9.788,98.87,97.75
2324,1269,3680.9446,1159.6211,3599.5645,-764.1044,-11.9514,-11.9331,1.9167,9.888,99.05,97.85
2347,1281,3717.1216,1171.0180,3634.1513,-775.3940,-12.0113,-12.6584,1.9167,9.986,98.70,97.41
2369,1293,3753.6666,1182.5310,3670.4815,-780.2432,-11.9683,-11.9246,1.8333,10.082,96.10,94.97
2391,1305,3786.7643,1192.9578,3701.9376,-791.4441,-12.0354,-12.1611,1.8333,10.179,97.02,95.92
2412,1317,3819.7320,1203.3438,3735.1780,-793.6263,-11.9634,-11.8955,1.7500,10.277,97.75,96.66
2433,1329,3854.9976,1214.4536,3769.1907,-803.2304,-11.9983,-12.5464,1.7500,10.373,95.61,94.43
2455,1341,3889.3832,1225.2862,3802.9790,-809.6547,-11.9874,-11.9511,1.8333,10.472,99.03,97.89
2478,1353,3925.5177,1236.6698,3838.5854,-815.9350,-11.9691,-12.0043,1.9167,10.569,97.49,96.35
2498,1365,3956.9989,1246.5875,3869.3845,-822.4524,-11.9689,-12.1649,1.6667,10.665,96.30,95.26
2521,1377,3993.3712,1258.0459,3904.7181,-831.1643,-11.9861,-11.9331,1.9167,10.764,98.69,97.54
2544,1389,4029.2661,1269.3540,3940.2722,-836.5352,-11.9558,-11.9331,1.9167,10.864,99.32,98.13
2567,1401,4065.4432,1280.7510,3974.8589,-847.8248,-12.0105,-12.6584,1.9167,10.962,98.59,97.41
2589,1413,4101.9882,1292.2639,4011.1892,-852.6739,-11.9711,-11.6971,1.8333,11.058,95.89,94.75
2611,1425,4135.0858,1302.6908,4042.6452,-863.8749,-12.0326,-12.4142,1.8333,11.155,96.55,95.45
2632,1437,4168.0535,1313.0767,4075.8856,-866.0571,-11.9666,-11.9532,1.7500,11.251,96.86,95.78
2654,1449,4202.5852,1323.9554,4110.7420,-868.1289,-11.8957,-11.4128,1.8333,11.350,98.64,97.52
2673,1461,4235.0484,1334.1824,4140.6567,-883.5631,-12.0166,-12.5209,1.5833,11.446,95.91,94.84
2696,1473,4269.5955,1345.0659,4175.2587,-886.9327,-11.9642,-11.9556,1.9167,11.544,98.28,97.11
2717,1485,4303.5141,1355.7513,4208.3193,-894.5356,-11.9720,-11.9021,1.7500,11.641,96.95,95.86
2739,1497,4339.2467,1367.0083,4243.0597,-902.9611,-11.9856,-12.1769,1.8333,11.738,97.12,95.97
2762,1509,4373.7958,1377.8924,4277.6617,-906.3308,-11.9347,-11.5011,1.9167,11.834,95.39,94.21
2782,1521,4406.8624,1388.3095,4309.4653,-915.7588,-11.9691,-11.9739,1.6667,11.930,96.07,95.01
2805,1533,4443.2346,1399.7680,4344.7988,-924.4707,-11.9845,-11.6912,1.9167,12.029,99.00,97.84
2828,1545,4479.1295,1411.0761,4380.3529,-929.8416,-11.9573,-11.9217,1.9167,12.128,99.13,97.95
2851,1557,4515.3065,1422.4731,4414.9397,-941.1312,-12.0065,-12.0545,1.9167,12.226,98.59,97.39
2874,1569,4550.9063,1433.6882,4451.4497,-940.5597,-11.9039,-11.4128,1.9167,12.326,99.07,97.86
2893,1581,4582.4950,1443.6397,4480.4531,-956.0723,-12.0188,-12.3160,1.5833,12.421,95.80,94.77
2914,1593,4615.4709,1454.0282,4513.6003,-958.7295,-11.9654,-11.9442,1.7500,12.519,97.87,96.79
2936,1605,4649.3766,1464.7097,4547.7067,-961.3249,-11.9096,-11.4438,1.8333,12.617,98.09,96.90
2955,1617,4679.4164,1474.1732,4575.0010,-977.4230,-12.0335,-12.5148,1.5833,12.715,97.82,96.72
2978,1629,4715.0219,1485.3901,4611.5257,-976.8297,-11.9339,-11.4545,1.9167,12.813,98.19,96.85
2999,1641,4750.3064,1496.5059,4645.2840,-987.7317,-11.9783,-12.0239,1.7500,12.912,99.19,98.05
3020,1653,4783.2853,1506.8954,4678.4313,-990.3889,-11.9271,-11.2542,1.7500,13.008,95.44,94.34
3041,1665,4816.8351,1517.4647,4709.9167,-1003.6459,-12.0040,-12.2437,1.7500,13.106,98.01,96.90
3063,1677,4851.8483,1528.4950,4744.6571,-1008.6073,-11.9759,-12.4951,1.8333,13.203,97.54,96.37
3086,1689,4887.7435,1539.8032,4780.2112,-1013.9781,-11.9510,-11.5255,1.9167,13.302,98.79,97.62
3109,1701,4923.9199,1551.2000,4814.7980,-1025.2678,-11.9962,-12.2053,1.9167,13.401,98.42,97.21
3132,1713,4960.7213,1562.7937,4851.1920,-1031.0499,-11.9742,-11.9887,1.9167,13.497,96.68,95.50
3154,1725,4993.6934,1573.1810,4884.4323,-1033.2321,-11.9196,-11.4813,1.8333,13.594,96.93,95.79
3175,1737,5029.4397,1584.4423,4918.1269,-1046.6651,-11.9900,-12.3589,1.7500,13.693,98.27,97.18
3198,1749,5065.3344,1595.7503,4953.6811,-1052.0360,-11.9659,-11.9442,1.9167,13.790,97.86,96.63
3219,1761,5098.6279,1606.2389,4985.9917,-1060.1624,-11.9799,-11.9489,1.7500,13.887,96.80,95.67
3242,1773,5135.4138,1617.8277,5022.3742,-1065.9210,-11.9585,-11.9670,1.9167,13.986,98.78,97.61
3265,1785,5171.3406,1629.1458,5056.8940,-1076.3229,-11.9920,-11.8924,1.9167,14.084,97.72,96.54
3287,1797,5205.6945,1639.9685,5090.7537,-1082.2575,-11.9785,-12.4972,1.8333,14.180,96.14,94.98
3309,1809,5241.4196,1651.2231,5125.5872,-1090.2080,-11.9845,-11.7455,1.8333,14.279,99.34,98.19
3332,1821,5277.3145,1662.5312,5161.1413,-1095.5788,-11.9614,-11.9331,1.9167,14.378,98.92,97.74
3355,1833,5313.4915,1673.9281,5195.7281,-1106.8684,-12.0032,-12.6584,1.9167,14.477,98.61,97.42
3378,1845,5349.0906,1685.1431,5232.2381,-1106.2969,-11.9158,-11.0940,1.9167,14.576,98.85,97.66
3397,1857,5381.5549,1695.3704,5262.1528,-1121.7311,-12.0109,-12.5555,1.5833,14.672,96.37,95.33
3420,1869,5416.1020,1706.2539,5296.7547,-1125.1007,-11.9696,-11.9070,1.9167,14.770,97.69,96.52
3441,1881,5451.3676,1717.3637,5330.7675,-1134.7048,-11.9942,-12.4746,1.7500,14.865,95.42,94.31
3463,1893,5485.7532,1728.1964,5364.5557,-1141.1291,-11.9865,-11.8605,1.8333,14.964,99.10,97.97
3486,1905,5521.8877,1739.5799,5400.1621,-1147.4094,-11.9735,-11.9557,1.9167,15.061,96.86,95.66
3506,1917,5553.3689,1749.4976,5430.9613,-1153.9268,-11.9733,-12.1370,1.6667,15.157,96.41,95.35
3529,1929,5589.7412,1760.9561,5466.2948,-1162.6387,-11.9856,-11.9067,1.9167,15.256,98.85,97.71
3552,1941,5624.2704,1771.8339,5501.1512,-1164.7105,-11.9325,-11.6206,1.9167,15.353,96.77,95.57
3572,1953,5657.3644,1782.2596,5532.6073,-1175.9115,-11.9776,-12.4142,1.6667,15.450,97.20,96.14
3594,1965,5691.2427,1792.9324,5566.6875,-1178.5050,-11.9319,-11.4906,1.8333,15.549,98.36,97.24
3615,1977,5726.0829,1803.9083,5599.5423,-1191.5267,-11.9914,-12.1873,1.7500,15.647,98.74,97.64
3638,1989,5761.9774,1815.2163,5635.0964,-1196.8975,-11.9702,-11.8955,1.9167,15.746,98.60,97.44
3660,2001,5795.8823,1825.8974,5669.2028,-1199.4929,-11.9254,-11.6677,1.8333,15.844,97.87,96.76
3679,2013,5825.9227,1835.3612,5696.4970,-1215.5910,-12.0248,-12.2839,1.5833,15.940,96.05,95.02
3700,2025,5859.5118,1845.9429,5731.5479,-1212.2204,-11.9212,-11.4650,1.7500,16.038,98.28,97.08
3721,2037,5894.3669,1856.9234,5764.4140,-1225.2657,-11.9793,-11.9374,1.7500,16.137,98.74,97.58
3744,2049,5928.9160,1867.8075,5799.0160,-1228.6353,-11.9417,-11.7826,1.9167,16.233,96.23,95.06
3765,2061,5963.3417,1878.6527,5831.4127,-1241.8139,-12.0012,-11.9850,1.7500,16.330,96.89,95.84
3787,2073,5998.3549,1889.6831,5866.1531,-1246.7753,-11.9785,-12.4951,1.8333,16.428,98.46,97.34
3810,2085,6033.1398,1900.6415,5901.0733,-1249.7801,-11.9376,-11.3328,1.9167,16.528,99.34,98.16
3831,2097,6067.0895,1911.3368,5933.0995,-1262.4141,-11.9918,-12.1768,1.7500,16.625,96.78,95.67
3853,2109,6102.3428,1922.4428,5967.8922,-1268.2849,-11.9778,-11.8412,1.8333,16.721,96.78,95.66
3875,2121,6138.4898,1933.8303,6002.7187,-1278.2984,-12.0018,-12.1308,1.8333,16.817,95.61,94.49
3898,2133,6173.9169,1944.9910,6038.5081,-1280.3065,-11.9510,-11.7604,1.9167,16.913,96.19,95.01
3920,2145,6208.7698,1955.9708,6072.0611,-1290.0936,-11.9752,-11.9912,1.8333,17.010,96.64,95.53
3941,2157,6242.6884,1966.6563,6105.1217,-1297.6964,-11.9805,-11.9374,1.7500,17.107,97.12,95.96
3963,2169,6275.7860,1977.0832,6136.5777,-1308.8974,-12.0209,-12.7847,1.8333,17.204,97.53,96.39
3986,2181,6311.3915,1988.3001,6173.1024,-1308.3041,-11.9466,-11.6788,1.9167,17.303,98.67,97.48
4007,2193,6346.6764,1999.4161,6206.8608,-1319.2061,-11.9798,-12.3957,1.7500,17.402,99.23,98.09
4030,2205,6381.4612,2010.3744,6241.7809,-1322.2109,-11.9411,-11.5016,1.9167,17.500,97.30,96.12
4051,2217,6415.4111,2021.0698,6273.8072,-1334.8449,-11.9923,-12.1874,1.7500,17.598,98.07,96.90
4073,2229,6450.6644,2032.1758,6308.5999,-1340.7157,-11.9791,-12.4549,1.8333,17.696,98.06,96.87
4095,2241,6486.8114,2043.5633,6343.4264,-1350.7292,-12.0018,-11.7989,1.8333,17.792,96.53,95.36
4118,2253,6522.2383,2054.7239,6379.2158,-1352.7373,-11.9537,-12.2411,1.9167,17.889,97.03,95.83
4140,2265,6557.0913,2065.7038,6412.7687,-1362.5243,-11.9766,-11.9532,1.8333,17.989,100.07,98.96
4162,2277,6590.0627,2076.0909,6446.0091,-1364.7065,-11.9352,-11.8770,1.8333,18.089,99.64,98.49
4183,2289,6624.9189,2087.0718,6478.8753,-1377.7518,-11.9868,-11.8573,1.7500,18.191,102.10,100.98
4206,2301,6661.7044,2098.6604,6515.2578,-1383.5104,-11.9703,-11.8955,1.9167,18.293,102.01,100.76
4227,2313,6694.9980,2109.1490,6547.5684,-1391.6368,-11.9810,-12.3760,1.7500,18.395,102.25,101.10
4248,2325,6727.9761,2119.5383,6580.7157,-1394.2941,-11.9445,-11.5103,1.7500,18.493,97.63,96.50
4269,2337,6761.5267,2130.1078,6612.2011,-1407.5511,-11.9992,-12.1967,1.7500,18.594,100.54,99.44
4291,2349,6796.5399,2141.1381,6646.9415,-1412.5125,-11.9792,-11.7684,1.8333,18.696,102.13,100.91
4314,2361,6832.4348,2152.4462,6682.4956,-1417.8833,-11.9614,-12.0590,1.9167,18.797,101.58,100.33
4337,2373,6869.2525,2164.0450,6717.8438,-1428.6730,-11.9883,-12.1115,1.9167,18.900,102.26,101.01
4358,2385,6902.9593,2174.6638,6751.2035,-1433.8461,-11.9728,-11.8999,1.7500,18.999,99.46,98.30
4379,2397,6936.6748,2185.2853,6783.5071,-1444.0356,-11.9998,-11.7989,1.7500,19.097,98.02,96.92
4402,2409,6972.1018,2196.4460,6819.2965,-1446.0437,-11.9548,-12.0328,1.9167,19.196,98.83,97.68
4424,2421,7006.9548,2207.4259,6852.8495,-1455.8308,-11.9762,-11.9419,1.8333,19.296,99.93,98.79
4445,2433,7040.8735,2218.1114,6885.9101,-1463.4337,-11.9809,-12.3662,1.7500,19.398,101.94,100.83
4468,2445,7076.7683,2229.4195,6921.4642,-1468.8045,-11.9637,-11.6861,1.9167,19.499,101.64,100.42
4491,2457,7112.9451,2240.8164,6956.0510,-1480.0941,-11.9949,-12.1488,1.9167,19.600,101.04,99.90
4513,2469,7147.3075,2251.6417,6990.0152,-1485.5772,-11.9813,-11.7804,1.8333,19.701,100.06,98.95
4536,2481,7182.7174,2262.7970,7025.6853,-1488.0585,-11.9416,-11.8226,1.9167,19.803,101.99,100.84
4557,2493,7217.5740,2273.7780,7058.5515,-1501.1038,-11.9890,-12.1115,1.7500,19.905,102.37,101.22
4578,2505,7251.2809,2284.3968,7091.9111,-1506.2769,-11.9742,-12.3627,1.7500,20.004,99.38,98.26
4599,2517,7284.9964,2295.0183,7124.2148,-1516.4664,-11.9999,-12.1310,1.7500,20.104,99.74,98.62
4622,2529,7320.4232,2306.1790,7160.0042,-1518.4745,-11.9570,-11.8229,1.9167,20.204,100.03,98.80
4644,2541,7355.2763,2317.1589,7193.5571,-1528.2615,-11.9775,-11.9419,1.8333,20.306,101.66,100.53
4666,2553,7388.2474,2327.5459,7226.7975,-1530.4437,-11.9405,-11.8999,1.8333,20.404,98.72,97.62
4685,2565,7419.8385,2337.4981,7255.8009,-1545.9564,-12.0114,-12.1365,1.5833,20.504,99.35,98.32
4708,2577,7455.2399,2348.6508,7291.5686,-1547.9497,-11.9692,-11.8654,1.9167,20.603,99.66,98.49
4729,2589,7490.7369,2359.8335,7325.9908,-1556.7401,-11.9803,-12.1769,1.7500,20.705,101.86,100.74
4752,2602,7526.1610,2370.9933,7361.5041,-1560.0313,-11.9487,-11.5345,1.7692,20.805,99.43,98.26
4773,2614,7559.7117,2381.5629,7392.9895,-1573.2883,-11.9976,-12.2583,1.7500,20.906,101.76,100.66
4795,2626,7594.7249,2392.5932,7427.7299,-1578.2497,-11.9797,-11.7684,1.8333,21.008,101.87,100.71
4818,2638,7630.6198,2403.9013,7463.2840,-1583.6205,-11.9638,-12.0590,1.9167,21.110,101.42,100.18
4841,2650,7666.7965,2415.2982,7497.8708,-1594.9102,-11.9927,-12.1678,1.9167,21.209,99.66,98.43
4864,2662,7703.5979,2426.8918,7534.2648,-1600.6923,-11.9786,-11.9532,1.9167,21.310,100.95,99.73
4886,2674,7736.5688,2437.2788,7567.5051,-1602.8745,-11.9433,-11.7239,1.8333,21.409,98.62,97.47
4907,2686,7772.3164,2448.5405,7601.1997,-1616.3075,-11.9888,-11.9220,1.7500,21.510,101.27,100.16
4930,2698,7808.2109,2459.8485,7636.7539,-1621.6784,-11.9731,-11.8840,1.9167,21.612,101.67,100.49
4951,2710,7841.5046,2470.3371,7669.0645,-1629.8048,-11.9822,-12.4247,1.7500,21.713,100.57,99.41
4974,2722,7878.2902,2481.9258,7705.4470,-1635.5634,-11.9683,-11.7419,1.9167,21.812,99.25,98.11
4997,2734,7914.2172,2493.2440,7739.9668,-1645.9653,-11.9901,-12.1640,1.9167,21.910,98.67,97.47
5019,2746,7948.5711,2504.0666,7773.8265,-1651.8999,-11.9812,-11.7765,1.8333,22.008,97.85,96.67
5041,2758,7984.2963,2515.3213,7808.6600,-1659.8504,-11.9852,-12.2955,1.8333,22.108,99.95,98.84
5064,2770,8020.1909,2526.6293,7844.2141,-1665.2212,-11.9700,-11.8869,1.9167,22.211,102.35,101.11
5087,2782,8056.3680,2538.0263,7878.8009,-1676.5108,-11.9975,-12.6274,1.9167,22.311,100.92,99.73
5110,2794,8091.9659,2549.2408,7915.3109,-1675.9393,-11.9398,-11.1495,1.9167,22.414,102.23,101.01
5129,2806,8123.5563,2559.1928,7944.3143,-1691.4519,-12.0045,-12.3989,1.5833,22.512,97.89,96.84
5150,2818,8156.5324,2569.5814,7977.4615,-1694.1091,-11.9743,-11.9070,1.7500,22.613,101.69,100.60
5172,2830,8190.4364,2580.2623,8011.5679,-1696.7045,-11.9426,-11.8733,1.8333,22.714,100.50,99.34
5191,2842,8220.4773,2589.7262,8038.8622,-1712.8026,-12.0130,-12.1891,1.5833,22.812,97.76,96.71
5214,2854,8256.0827,2600.9431,8075.3869,-1712.2093,-11.9562,-11.6861,1.9167,22.910,98.84,97.66
5235,2866,8291.3680,2612.0592,8109.1452,-1723.1113,-11.9816,-12.1873,1.7500,23.012,101.29,100.17
5256,2878,8324.3459,2622.4483,8142.2925,-1725.7685,-11.9521,-11.4786,1.7500,23.109,97.04,95.94
5277,2890,8357.8967,2633.0179,8173.7779,-1739.0255,-11.9963,-12.2056,1.7500,23.211,101.87,100.73
5299,2902,8392.9099,2644.0483,8208.5183,-1743.9869,-11.9802,-12.4150,1.8333,23.313,102.04,100.82
5322,2914,8428.8047,2655.3563,8244.0724,-1749.3577,-11.9657,-11.6930,1.9167,23.415,101.91,100.71
5345,2926,8464.9815,2666.7532,8278.6592,-1760.6474,-11.9919,-12.2157,1.9167,23.516,101.68,100.46
5368,2938,8501.7829,2678.3469,8315.0531,-1766.4295,-11.9791,-11.9419,1.9167,23.617,100.45,99.24
5390,2950,8534.7537,2688.7338,8348.2935,-1768.6117,-11.9471,-11.6933,1.8333,23.717,100.04,98.88
5411,2962,8570.5014,2699.9955,8381.9881,-1782.0447,-11.9883,-11.9670,1.7500,23.818,101.19,100.07
5434,2974,8606.3959,2711.3035,8417.5422,-1787.4156,-11.9741,-11.8884,1.9167,23.917,98.86,97.66
5455,2986,8639.6896,2721.7921,8449.8529,-1795.5420,-11.9824,-11.9489,1.7500,24.021,104.28,103.12
5478,2998,8676.4752,2733.3808,8486.2354,-1801.3006,-11.9697,-11.9670,1.9167,24.124,102.52,101.35
5501,3010,8712.4022,2744.6991,8520.7552,-1811.7025,-11.9896,-11.8924,1.9167,24.225,101.88,100.66
5523,3022,8746.7561,2755.5217,8554.6148,-1817.6371,-11.9815,-12.4972,1.8333,24.325,99.71,98.53
5545,3034,8782.4813,2766.7763,8589.4484,-1825.5876,-11.9851,-11.7455,1.8333,24.427,102.03,100.89
5568,3046,8818.3759,2778.0843,8625.0025,-1830.9584,-11.9712,-11.9331,1.9167,24.529,101.99,100.76
5591,3058,8854.5530,2789.4814,8659.5892,-1842.2480,-11.9963,-12.6584,1.9167,24.631,101.55,100.32
5614,3070,8890.1507,2800.6958,8696.0993,-1841.6765,-11.9438,-11.0940,1.9167,24.733,102.17,100.96
5633,3082,8922.6163,2810.9236,8726.0140,-1857.1107,-12.0010,-12.5555,1.5833,24.831,98.50,97.44
5656,3094,8957.1635,2821.8071,8760.6159,-1860.4803,-11.9760,-11.9070,1.9167,24.932,100.74,99.54
5677,3106,8990.8423,2832.4170,8793.6243,-1867.1738,-11.9741,-12.2489,1.7500,25.032,100.32,99.16
5699,3118,9026.8149,2843.7496,8828.4169,-1876.5087,-11.9863,-11.8605,1.8333,25.134,101.99,100.78
5722,3130,9061.3631,2854.6334,8863.0189,-1879.8784,-11.9617,-11.7295,1.9167,25.234,99.12,97.91
5742,3142,9094.4305,2865.0508,8894.8225,-1889.3064,-11.9783,-12.1370,1.6667,25.331,97.37,96.32
5765,3154,9130.8029,2876.5093,8930.1560,-1898.0183,-11.9857,-11.9067,1.9167,25.431,100.36,99.20
5788,3166,9166.2120,2887.6644,8965.8262,-1900.4996,-11.9546,-11.6410,1.9167,25.532,100.92,99.70
5808,3178,9198.4260,2897.8129,8996.4685,-1911.2911,-11.9808,-12.4142,1.6667,25.632,99.89,98.77
5830,3190,9231.6620,2908.2833,9029.7873,-1914.3846,-11.9567,-11.5462,1.8333,25.732,100.20,99.06
5851,3202,9267.1445,2919.4615,9063.4034,-1926.9063,-11.9893,-12.1873,1.7500,25.832,100.16,99.06
5874,3214,9303.0390,2930.7695,9098.9576,-1932.2771,-11.9762,-11.8955,1.9167,25.931,98.99,97.82
5896,3226,9336.9427,2941.4503,9133.0640,-1934.8725,-11.9484,-11.6677,1.8333,26.033,101.55,100.36
5917,3238,9370.8925,2952.1456,9165.0902,-1947.5065,-11.9834,-11.9018,1.7500,26.134,101.00,99.82
5939,3250,9405.9583,2963.1925,9199.0430,-1956.4301,-11.9936,-12.1544,1.8333,26.236,101.84,100.66
5961,3262,9440.3207,2974.0178,9233.0073,-1961.9132,-11.9833,-11.9602,1.8333,26.334,97.88,96.72
5984,3274,9474.8491,2984.8954,9267.8637,-1963.9850,-11.9518,-11.6912,1.9167,26.434,100.36,99.17
6005,3286,9510.5872,2996.1541,9301.5436,-1977.4397,-11.9891,-11.8924,1.7500,26.534,99.94,98.82
6026,3298,9544.2940,3006.7729,9334.9032,-1982.6129,-11.9779,-12.4416,1.7500,26.630,95.99,94.88
6048,3310,9579.2893,3017.7976,9369.5243,-1988.0474,-11.9667,-11.5011,1.8333,26.729,98.82,97.69
6071,3322,9615.4661,3029.1945,9404.1111,-1999.3371,-11.9898,-12.1769,1.9167,26.829,100.41,99.25
6094,3334,9651.3605,3040.5025,9439.6652,-2004.7079,-11.9771,-12.0181,1.9167,26.928,98.59,97.41
6116,3346,9685.2641,3051.1832,9473.7716,-2007.3033,-11.9503,-11.4570,1.8333,27.030,101.73,100.54
6137,3359,9720.8013,3062.3786,9506.8023,-2022.8479,-11.9996,-12.5209,1.6154,27.130,100.19,99.01
6160,3371,9755.3485,3073.2622,9541.4043,-2026.2175,-11.9767,-11.9556,1.9167,27.232,102.03,100.79
6181,3383,9789.2672,3083.9477,9574.4649,-2033.8204,-11.9801,-11.9021,1.7500,27.332,100.35,99.22
6203,3395,9824.9999,3095.2047,9609.2053,-2042.2459,-11.9861,-12.4247,1.8333,27.434,101.84,100.63
6226,3407,9859.5480,3106.0885,9643.8073,-2045.6156,-11.9635,-11.7227,1.9167,27.532,97.82,96.64
6246,3419,9892.6155,3116.5059,9675.6109,-2055.0436,-11.9787,-12.2870,1.6667,27.628,96.23,95.18
6269,3431,9928.9879,3127.9644,9710.9444,-2063.7555,-11.9856,-11.9331,1.9167,27.727,98.94,97.83
6292,3443,9964.8825,3139.2724,9746.4985,-2069.1264,-11.9734,-11.9331,1.9167,27.829,101.73,100.49
6315,3455,10001.0596,3150.6694,9781.0853,-2080.4160,-11.9955,-12.6584,1.9167,27.930,101.54,100.33
6337,3467,10037.6048,3162.1824,9817.4155,-2085.2652,-11.9795,-11.9246,1.8333,28.031,101.24,100.06
6359,3479,10070.7016,3172.6090,9848.8716,-2096.4661,-12.0047,-12.1611,1.8333,28.133,101.07,99.91
6380,3491,10103.6701,3182.9951,9882.1120,-2098.6483,-11.9776,-11.8955,1.7500,28.233,100.59,99.49
6401,3503,10138.9358,3194.1050,9916.1247,-2108.2524,-11.9908,-12.5464,1.7500,28.329,96.29,95.21
6423,3515,10173.3215,3204.9377,9949.9130,-2114.6767,-11.9866,-11.9511,1.8333,28.431,101.44,100.31
6446,3527,10209.4559,3216.3212,9985.5194,-2120.9570,-11.9796,-12.0043,1.9167,28.530,99.04,97.79
6466,3539,10240.9371,3226.2389,10016.3185,-2127.4744,-11.9795,-12.1649,1.6667,28.626,96.25,95.22
6489,3551,10277.3094,3237.6974,10051.6521,-2136.1863,-11.9861,-11.9331,1.9167,28.725,98.86,97.71
6512,3563,10313.2040,3249.0054,10087.2062,-2141.5572,-11.9743,-11.9331,1.9167,28.826,100.63,99.49
6535,3575,10349.3812,3260.4024,10121.7929,-2152.8468,-11.9957,-12.6584,1.9167,28.924,98.53,97.39
6557,3587,10385.9264,3271.9153,10158.1232,-2157.6959,-11.9802,-11.6971,1.8333,29.025,100.87,99.72
6579,3599,10419.0232,3282.3420,10189.5792,-2168.8969,-12.0046,-12.4142,1.8333,29.126,100.49,99.32
6600,3611,10451.9916,3292.7281,10222.8196,-2171.0791,-11.9784,-11.9532,1.7500,29.226,100.78,99.69
6622,3623,10486.5204,3303.6058,10257.6760,-2173.1509,-11.9499,-11.4128,1.8333,29.326,99.69,98.57
6641,3635,10518.9863,3313.8337,10287.5907,-2188.5851,-11.9984,-12.5209,1.5833,29.425,98.70,97.66
6664,3647,10553.5335,3324.7172,10322.1927,-2191.9547,-11.9773,-11.9556,1.9167,29.526,101.69,100.51
6685,3659,10587.4522,3335.4027,10355.2533,-2199.5576,-11.9804,-11.9021,1.7500,29.627,100.23,99.09
6707,3671,10623.1849,3346.6597,10389.9937,-2207.9831,-11.9860,-12.1769,1.8333,29.728,101.83,100.65
6730,3683,10657.7330,3357.5435,10424.5957,-2211.3528,-11.9651,-11.5011,1.9167,29.827,98.87,97.71
6750,3695,10690.8006,3367.9609,10456.3993,-2220.7808,-11.9791,-11.9739,1.6667,29.927,99.32,98.26
6773,3707,10727.1729,3379.4194,10491.7328,-2229.4927,-11.9855,-11.6912,1.9167,30.029,102.67,101.52
6796,3719,10763.0675,3390.7274,10527.2869,-2234.8636,-11.9742,-11.9217,1.9167,30.129,99.98,98.80
6819,3731,10799.2446,3402.1245,10561.8737,-2246.1532,-11.9947,-12.0545,1.9167,30.229,99.68,98.47
6842,3743,10834.8418,3413.3388,10598.3837,-2245.5817,-11.9516,-11.4128,1.9167,30.331,101.53,100.32
6861,3755,10866.4328,3423.2910,10627.3871,-2261.0943,-12.0000,-12.3160,1.5833,30.430,99.12,98.07
6882,3767,10899.4090,3433.6796,10660.5343,-2263.7515,-11.9774,-11.9442,1.7500,30.531,100.89,99.78
6904,3779,10933.3125,3444.3603,10694.6407,-2266.3469,-11.9536,-11.4438,1.8333,30.629,98.96,97.83
6923,3791,10963.3537,3453.8243,10721.9350,-2282.4450,-12.0064,-12.5148,1.5833,30.730,100.67,99.58
6946,3803,10998.9591,3465.0412,10758.4597,-2281.8517,-11.9638,-11.4545,1.9167,30.831,100.87,99.62
6967,3815,11034.2446,3476.1573,10792.2180,-2292.7537,-11.9828,-12.0239,1.7500,30.933,102.20,101.04
6988,3827,11067.2221,3486.5464,10825.3653,-2295.4109,-11.9606,-11.2542,1.7500,31.032,98.32,97.17
7009,3839,11100.7733,3497.1161,10856.8507,-2308.6679,-11.9939,-12.2437,1.7500,31.132,100.87,99.76
7031,3851,11135.7865,3508.1464,10891.5911,-2313.6293,-11.9817,-12.4951,1.8333,31.234,101.43,100.20
7054,3863,11171.6812,3519.4545,10927.1452,-2319.0001,-11.9708,-11.5255,1.9167,31.334,100.60,99.38
7077,3875,11207.8581,3530.8514,10961.7320,-2330.2898,-11.9906,-12.2053,1.9167,31.435,100.21,98.99
7100,3887,11244.6595,3542.4451,10998.1260,-2336.0719,-11.9809,-11.9887,1.9167,31.534,98.88,97.69
7122,3899,11277.6298,3552.8318,11031.3663,-2338.2541,-11.9567,-11.4813,1.8333,31.634,100.34,99.19
7143,3911,11313.3780,3564.0937,11065.0609,-2351.6871,-11.9879,-12.3589,1.7500,31.736,102.42,101.30
7166,3923,11349.2725,3575.4017,11100.6150,-2357.0580,-11.9771,-11.9442,1.9167,31.838,101.94,100.71
7187,3935,11382.5662,3585.8903,11132.9257,-2365.1844,-11.9834,-11.9489,1.7500,31.940,101.47,100.30
7210,3947,11419.3517,3597.4790,11169.3082,-2370.9430,-11.9737,-11.9670,1.9167,32.041,101.33,100.17
7233,3959,11455.2788,3608.7972,11203.8280,-2381.3449,-11.9888,-11.8924,1.9167,32.140,98.69,97.52
7255,3971,11489.6327,3619.6199,11237.6877,-2387.2795,-11.9827,-12.4972,1.8333,32.238,98.64,97.49
7277,3983,11525.3579,3630.8745,11272.5212,-2395.2300,-11.9854,-11.7455,1.8333,32.341,102.20,101.09
7300,3995,11561.2525,3642.1825,11308.0753,-2400.6008,-11.9749,-11.9331,1.9167,32.442,101.09,99.91
7323,4007,11597.4296,3653.5795,11342.6620,-2411.8904,-11.9940,-12.6584,1.9167,32.543,101.46,100.25
7346,4019,11633.0267,3664.7938,11379.1721,-2411.3189,-11.9538,-11.0940,1.9167,32.645,102.10,100.88
7365,4031,11665.4929,3675.0217,11409.0868,-2426.7531,-11.9976,-12.5555,1.5833,32.745,99.33,98.28
7388,4043,11700.0401,3685.9053,11443.6887,-2430.1227,-11.9785,-11.9070,1.9167,32.846,101.81,100.62
7409,4055,11735.3058,3697.0151,11477.7015,-2439.7268,-11.9899,-12.4746,1.7500,32.946,99.18,98.07
7431,4067,11769.6915,3707.8478,11511.4897,-2446.1511,-11.9863,-11.8605,1.8333,33.048,102.66,101.49
7454,4079,11805.8259,3719.2313,11547.0961,-2452.4314,-11.9802,-11.9557,1.9167,33.148,100.06,98.83
7474,4091,11837.3071,3729.1490,11577.8953,-2458.9488,-11.9802,-12.1370,1.6667,33.247,98.30,97.23
7497,4103,11873.6795,3740.6075,11613.2288,-2467.6607,-11.9859,-11.9067,1.9167,33.347,100.73,99.56
7520,4115,11908.2074,3751.4849,11648.0852,-2469.7325,-11.9608,-11.6206,1.9167,33.448,100.43,99.21
7540,4127,11941.3026,3761.9111,11679.5413,-2480.9335,-11.9821,-12.4142,1.6667,33.546,98.78,97.68
7562,4139,11975.1796,3772.5835,11713.6215,-2483.5270,-11.9604,-11.4906,1.8333,33.647,100.45,99.28
7583,4151,12010.0211,3783.5597,11746.4762,-2496.5487,-11.9887,-12.1873,1.7500,33.749,102.05,100.94
7606,4163,12045.9156,3794.8676,11782.0304,-2501.9195,-11.9785,-11.8955,1.9167,33.851,102.00,100.82
7628,4175,12079.8188,3805.5483,11816.1368,-2504.5149,-11.9570,-11.6677,1.8333,33.952,100.71,99.59
7647,4187,12109.8603,3815.0124,11843.4310,-2520.6130,-12.0048,-12.2839,1.5833,34.053,101.33,100.24
7668,4199,12143.4481,3825.5937,11878.4819,-2517.2424,-11.9548,-11.4650,1.7500,34.154,100.86,99.64
7689,4211,12178.3051,3836.5748,11911.3480,-2530.2877,-11.9828,-11.9374,1.7500,34.257,102.71,101.44
7712,4223,12212.8533,3847.4586,11945.9500,-2533.6573,-11.9646,-11.7826,1.9167,34.355,98.16,96.99
7733,4235,12247.2798,3858.3041,11978.3467,-2546.8359,-11.9935,-11.9850,1.7500,34.457,102.13,101.05
7755,4247,12282.2931,3869.3345,12013.0871,-2551.7973,-11.9825,-12.4951,1.8333,34.559,102.41,101.23
7778,4259,12317.0770,3880.2926,12048.0073,-2554.8021,-11.9624,-11.3328,1.9167,34.661,101.51,100.31
7799,4271,12351.0277,3890.9882,12080.0335,-2567.4361,-11.9889,-12.1768,1.7500,34.764,103.26,102.14
7821,4283,12386.2811,3902.0942,12114.8262,-2573.3069,-11.9821,-11.8412,1.8333,34.865,101.00,99.88
7843,4295,12422.4279,3913.4817,12149.6527,-2583.3204,-11.9939,-12.1308,1.8333,34.967,101.74,100.62
7866,4307,12457.8545,3924.6422,12185.4421,-2585.3285,-11.9687,-11.7604,1.9167,35.070,102.91,101.70
7888,4319,12492.7080,3935.6222,12218.9951,-2595.1156,-11.9807,-11.9912,1.8333,35.173,103.24,102.09
7909,4331,12526.6267,3946.3078,12252.0557,-2602.7184,-11.9834,-11.9374,1.7500,35.277,103.78,102.62
7931,4343,12559.7236,3956.7344,12283.5117,-2613.9194,-12.0036,-12.7847,1.8333,35.380,103.28,102.10
7954,4355,12595.3290,3967.9513,12320.0364,-2613.3261,-11.9664,-11.6788,1.9167,35.484,104.10,102.90
7975,4367,12630.6147,3979.0675,12353.7948,-2624.2281,-11.9830,-12.3957,1.7500,35.588,104.26,103.11
7998,4379,12665.3985,3990.0255,12388.7149,-2627.2329,-11.9635,-11.5016,1.9167,35.689,101.03,99.79
8019,4391,12699.3493,4000.7212,12420.7412,-2639.8669,-11.9893,-12.1874,1.7500,35.794,104.19,102.85
8041,4403,12734.6026,4011.8272,12455.5339,-2645.7377,-11.9826,-12.4549,1.8333,35.895,101.30,100.11
8063,4415,12770.7495,4023.2147,12490.3604,-2655.7512,-11.9941,-11.7989,1.8333,35.996,100.63,99.52
8086,4427,12806.1761,4034.3752,12526.1498,-2657.7593,-11.9696,-12.2411,1.9167,36.098,102.45,101.27
8108,4439,12841.0295,4045.3552,12559.7027,-2667.5463,-11.9813,-11.9532,1.8333,36.202,103.60,102.48
8130,4451,12873.9997,4055.7419,12592.9431,-2669.7285,-11.9601,-11.8770,1.8333,36.303,101.43,100.28
8151,4463,12908.8571,4066.7232,12625.8093,-2682.7738,-11.9865,-11.8573,1.7500,36.405,102.16,101.02
8174,4475,12945.6425,4078.3118,12662.1918,-2688.5324,-11.9780,-11.8955,1.9167,36.509,103.63,102.39
8195,4487,12978.9362,4088.8005,12694.5024,-2696.6588,-11.9835,-12.3760,1.7500,36.611,101.84,100.72
8216,4499,13011.9135,4099.1894,12727.6497,-2699.3161,-11.9646,-11.5103,1.7500,36.713,101.88,100.74
8237,4511,13045.4648,4109.7592,12759.1351,-2712.5731,-11.9929,-12.1967,1.7500,36.816,103.07,101.95
8259,4523,13080.4781,4120.7896,12793.8755,-2717.5345,-11.9826,-11.7684,1.8333,36.920,104.87,103.70
8282,4535,13116.3728,4132.0976,12829.4296,-2722.9053,-11.9733,-12.0590,1.9167,37.025,104.85,103.62
8305,4547,13153.1907,4143.6965,12864.7778,-2733.6950,-11.9873,-12.1115,1.9167,37.131,105.35,104.13
8326,4559,13186.8975,4154.3152,12898.1375,-2738.8681,-11.9792,-11.8999,1.7500,37.233,102.26,101.12
8347,4571,13220.6129,4164.9367,12930.4411,-2749.0576,-11.9933,-11.7989,1.7500,37.335,102.08,100.95
8370,4583,13256.0395,4176.0973,12966.2305,-2751.0657,-11.9697,-12.0328,1.9167,37.438,102.67,101.49
8392,4595,13290.8930,4187.0773,12999.7834,-2760.8528,-11.9809,-11.9419,1.8333,37.541,103.58,102.41
8413,4607,13324.8117,4197.7628,13032.8441,-2768.4557,-11.9834,-12.3662,1.7500,37.646,105.01,103.85
8436,4619,13360.7063,4209.0708,13068.3982,-2773.8265,-11.9743,-11.6861,1.9167,37.751,105.19,104.00
8459,4631,13396.8834,4220.4678,13102.9850,-2785.1161,-11.9908,-12.1488,1.9167,37.856,104.63,103.46
8481,4643,13431.2458,4231.2931,13136.9492,-2790.5992,-11.9836,-11.7804,1.8333,37.956,100.06,98.91
8504,4655,13466.6547,4242.4481,13172.6193,-2793.0805,-11.9624,-11.8226,1.9167,38.061,104.66,103.47
8525,4667,13501.5123,4253.4295,13205.4855,-2806.1258,-11.9877,-12.1115,1.7500,38.165,104.47,103.33
8546,4679,13535.2190,4264.0482,13238.8451,-2811.2989,-11.9798,-12.3627,1.7500,38.265,100.03,98.92
8567,4691,13568.9345,4274.6697,13271.1488,-2821.4884,-11.9935,-12.1310,1.7500,38.364,99.13,98.07
8590,4703,13604.3611,4285.8303,13306.9382,-2823.4965,-11.9705,-11.8229,1.9167,38.464,99.29,98.12
8612,4715,13639.2145,4296.8103,13340.4911,-2833.2836,-11.9815,-11.9419,1.8333,38.566,102.60,101.45
8634,4727,13672.1846,4307.1970,13373.7315,-2835.4657,-11.9615,-11.8999,1.8333,38.670,103.18,102.06
8653,4739,13703.7764,4317.1494,13402.7349,-2850.9784,-11.9998,-12.1365,1.5833,38.771,101.75,100.69
8676,4751,13739.1780,4328.3021,13438.5026,-2852.9717,-11.9769,-11.8654,1.9167,38.872,100.86,99.70
8697,4763,13774.6751,4339.4849,13472.9248,-2861.7621,-11.9830,-12.1769,1.7500,38.977,104.99,103.87
8720,4776,13810.0985,4350.6445,13508.4381,-2865.0533,-11.9658,-11.5345,1.7692,39.080,102.77,101.58
8741,4788,13843.6499,4361.2143,13539.9235,-2878.3103,-11.9924,-12.2583,1.7500,39.183,103.14,102.00
8763,4800,13878.6631,4372.2446,13574.6639,-2883.2717,-11.9827,-11.7684,1.8333,39.285,102.08,100.91
8786,4812,13914.5578,4383.5526,13610.2180,-2888.6425,-11.9739,-12.0590,1.9167,39.389,103.71,102.50
8809,4824,13950.7348,4394.9496,13644.8048,-2899.9322,-11.9898,-12.1678,1.9167,39.493,104.07,102.83
8832,4836,13987.5361,4406.5433,13681.1988,-2905.7143,-11.9820,-11.9532,1.9167,39.596,102.78,101.57
8854,4848,14020.5061,4416.9299,13714.4391,-2907.8965,-11.9625,-11.7239,1.8333,39.697,101.10,99.96
8875,4860,14056.2546,4428.1919,13748.1337,-2921.3295,-11.9876,-11.9220,1.7500,39.800,103.12,102.02
8898,4872,14092.1491,4439.4999,13783.6879,-2926.7004,-11.9789,-11.8840,1.9167,39.904,104.56,103.34
8919,4884,14125.4428,4449.9885,13815.9985,-2934.8268,-11.9840,-12.4247,1.7500,40.008,103.58,102.42
8942,4896,14162.2283,4461.5772,13852.3810,-2940.5854,-11.9762,-11.7419,1.9167,40.111,102.54,101.31
8965,4908,14198.1554,4472.8954,13886.9008,-2950.9873,-11.9884,-12.1640,1.9167,40.211,100.93,99.71
8987,4920,14232.5094,4483.7181,13920.7605,-2956.9219,-11.9834,-11.7765,1.8333,40.308,96.64,95.49
9009,4932,14268.2345,4494.9727,13955.5940,-2964.8724,-11.9856,-12.2955,1.8333,40.410,101.49,100.32
9032,4944,14304.1290,4506.2807,13991.1481,-2970.2432,-11.9771,-11.8869,1.9167,40.512,102.35,101.14
9055,4956,14340.3062,4517.6777,14025.7349,-2981.5328,-11.9925,-12.6274,1.9167,40.613,101.34,100.14
9078,4968,14375.9030,4528.8919,14062.2449,-2980.9613,-11.9601,-11.1495,1.9167,40.716,102.28,101.07
9097,4980,14407.4943,4538.8442,14091.2483,-2996.4739,-11.9965,-12.3989,1.5833,40.815,99.12,98.08
9118,4992,14440.4706,4549.2328,14124.3955,-2999.1311,-11.9795,-11.9070,1.7500,40.915,99.91,98.85
9140,5004,14474.3737,4559.9134,14158.5019,-3001.7265,-11.9615,-11.8733,1.8333,41.015,100.70,99.55
9159,5016,14504.4152,4569.3775,14185.7962,-3017.8246,-12.0014,-12.1891,1.5833,41.117,101.78,100.66
9182,5028,14540.0205,4580.5944,14222.3209,-3017.2313,-11.9692,-11.6861,1.9167,41.219,102.07,100.88
9203,5040,14575.3063,4591.7106,14256.0792,-3028.1333,-11.9836,-12.1873,1.7500,41.323,103.98,102.84
9224,5052,14608.2835,4602.0995,14289.2265,-3030.7905,-11.9668,-11.4786,1.7500,41.428,104.36,103.23
9245,5064,14641.8349,4612.6693,14320.7119,-3044.0475,-11.9920,-12.2056,1.7500,41.531,103.90,102.80
9267,5076,14676.8481,4623.6997,14355.4523,-3049.0089,-11.9827,-12.4150,1.8333,41.641,110.04,108.86
9290,5088,14712.7428,4635.0077,14391.0064,-3054.3797,-11.9745,-11.6930,1.9167,41.743,102.04,100.88
9313,5100,14748.9198,4646.4047,14425.5932,-3065.6694,-11.9895,-12.2157,1.9167,41.847,103.98,102.76
9336,5112,14785.7211,4657.9983,14461.9871,-3071.4515,-11.9821,-11.9419,1.9167,41.951,103.89,102.69
9358,5124,14818.6911,4668.3850,14495.2275,-3073.6337,-11.9637,-11.6933,1.8333,42.054,103.04,101.89
9379,5136,14854.4396,4679.6470,14528.9221,-3087.0667,-11.9874,-11.9670,1.7500,42.157,102.36,101.24
9402,5148,14890.3341,4690.9549,14564.4762,-3092.4376,-11.9792,-11.8884,1.9167,42.261,104.42,103.19
9423,5160,14923.6278,4701.4436,14596.7869,-3100.5640,-11.9840,-11.9489,1.7500,42.366,104.83,103.71
9446,5172,14960.4133,4713.0322,14633.1694,-3106.3226,-11.9766,-11.9670,1.9167,42.472,105.49,104.31
9469,5184,14996.3405,4724.3505,14667.6892,-3116.7245,-11.9881,-11.8924,1.9167,42.575,103.60,102.38
9491,5196,15030.6944,4735.1731,14701.5488,-3122.6591,-11.9835,-12.4972,1.8333,42.678,102.61,101.37
9513,5208,15066.4195,4746.4278,14736.3824,-3130.6096,-11.9855,-11.7455,1.8333,42.783,105.14,104.00
9536,5220,15102.3141,4757.7357,14771.9365,-3135.9804,-11.9775,-11.9331,1.9167,42.888,105.47,104.28
9559,5232,15138.4912,4769.1328,14806.5232,-3147.2700,-11.9921,-12.6584,1.9167,42.993,104.74,103.52
9582,5244,15174.0879,4780.3469,14843.0333,-3146.6985,-11.9613,-11.0940,1.9167,43.099,105.82,104.58
9601,5256,15206.5545,4790.5750,14872.9480,-3162.1327,-11.9949,-12.5555,1.5833,43.201,101.85,100.79
9624,5268,15241.1017,4801.4585,14907.5499,-3165.5023,-11.9802,-11.9070,1.9167,43.302,101.62,100.44
9645,5280,15274.7805,4812.0684,14940.5583,-3172.1958,-11.9791,-12.2489,1.7500,43.406,103.55,102.39
9667,5292,15310.7531,4823.4010,14975.3509,-3181.5307,-11.9862,-11.8605,1.8333,43.511,105.10,103.92
9690,5304,15345.3010,4834.2848,15009.9529,-3184.9004,-11.9717,-11.7295,1.9167,43.611,99.75,98.59
9710,5316,15378.3687,4844.7022,15041.7565,-3194.3284,-11.9815,-12.1370,1.6667,43.709,97.80,96.74
9733,5328,15414.7411,4856.1607,15077.0900,-3203.0403,-11.9859,-11.9067,1.9167,43.810,101.39,100.26
9756,5340,15450.1497,4867.3156,15112.7602,-3205.5216,-11.9674,-11.6410,1.9167,43.911,101.26,100.05
9776,5352,15482.3642,4877.4643,15143.4025,-3216.3131,-11.9830,-12.4142,1.6667,44.011,100.16,99.06
9798,5364,15515.5998,4887.9346,15176.7213,-3219.4066,-11.9686,-11.5462,1.8333,44.112,100.52,99.36
9819,5376,15551.0828,4899.1129,15210.3374,-3231.9283,-11.9881,-12.1873,1.7500,44.214,102.04,100.93
9842,5388,15586.9772,4910.4209,15245.8916,-3237.2991,-11.9802,-11.8955,1.9167,44.316,101.92,100.73
9864,5400,15620.8801,4921.1014,15279.9980,-3239.8945,-11.9636,-11.6677,1.8333,44.417,100.85,99.69
9885,5412,15654.8307,4931.7970,15312.0242,-3252.5285,-11.9845,-11.9018,1.7500,44.517,99.85,98.68
9907,5424,15689.8965,4942.8439,15345.9770,-3261.4521,-11.9906,-12.1544,1.8333,44.619,102.25,101.10
9929,5436,15724.2589,4953.6692,15379.9413,-3266.9352,-11.9845,-11.9602,1.8333,44.719,100.65,99.52
9952,5448,15758.7867,4964.5466,15414.7977,-3269.0070,-11.9655,-11.6912,1.9167,44.819,99.99,98.81
9973,5460,15794.5255,4975.8056,15448.4776,-3282.4617,-11.9880,-11.8924,1.7500,44.920,100.51,99.43
9994,5472,15828.2322,4986.4243,15481.8372,-3287.6349,-11.9812,-12.4416,1.7500,45.019,98.71,97.59
10016,5484,15863.2274,4997.4490,15516.4583,-3293.0694,-11.9744,-11.5011,1.8333,45.120,100.85,99.77
10039,5496,15899.4043,5008.8459,15551.0451,-3304.3591,-11.9884,-12.1769,1.9167,45.221,101.78,100.65
10062,5508,15935.2988,5020.1539,15586.5992,-3309.7299,-11.9807,-12.0181,1.9167,45.320,98.57,97.42
10084,5520,15969.2016,5030.8344,15620.7056,-3312.3253,-11.9644,-11.4570,1.8333,45.421,101.13,99.97
10105,5533,16004.7395,5042.0300,15653.7363,-3327.8699,-11.9943,-12.5209,1.6154,45.518,97.27,96.18
10128,5545,16039.2867,5052.9136,15688.3383,-3331.2395,-11.9804,-11.9556,1.9167,45.621,102.26,101.07
10149,5557,16073.2054,5063.5991,15721.3989,-3338.8424,-11.9825,-11.9021,1.7500,45.719,98.53,97.38
10171,5569,16108.9381,5074.8561,15756.1393,-3347.2679,-11.9861,-12.4247,1.8333,45.819,100.32,99.22
10194,5581,16143.4860,5085.7398,15790.7413,-3350.6376,-11.9723,-11.7227,1.9167,45.919,99.19,98.00
10214,5593,16176.5538,5096.1573,15822.5449,-3360.0656,-11.9816,-12.2870,1.6667,46.018,99.39,98.32
10237,5605,16212.9261,5107.6158,15857.8784,-3368.7775,-11.9858,-11.9331,1.9167,46.120,102.25,101.09
10260,5617,16248.3347,5118.7707,15893.5485,-3371.2588,-11.9683,-11.6861,1.9167,46.220,99.67,98.48
10280,5629,16280.5493,5128.9194,15924.1908,-3382.0503,-11.9831,-12.4442,1.6667,46.320,99.65,98.59
10302,5641,16313.7848,5139.3897,15957.5097,-3385.1438,-11.9694,-11.6099,1.8333,46.419,99.04,97.89
10323,5653,16349.2678,5150.5680,15991.1258,-3397.6655,-11.9879,-11.9220,1.7500,46.521,101.92,100.82
10346,5665,16385.1622,5161.8759,16026.6799,-3403.0363,-11.9804,-11.8840,1.9167,46.620,99.80,98.61
10368,5677,16419.0651,5172.5565,16060.7863,-3405.6317,-11.9646,-11.9419,1.8333,46.722,101.86,100.70
10387,5689,16449.1067,5182.0206,16088.0806,-3421.7298,-11.9997,-12.2839,1.5833,46.823,100.62,99.50
10410,5701,16484.7120,5193.2375,16124.6053,-3421.1365,-11.9713,-11.7334,1.9167,46.925,102.12,100.93
10431,5713,16519.9979,5204.3537,16158.3636,-3432.0385,-11.9840,-12.2157,1.7500,47.027,101.90,100.74
10452,5725,16552.9750,5214.7426,16191.5109,-3434.6957,-11.9692,-11.5028,1.7500,47.125,97.75,96.67
10473,5737,16586.5265,5225.3124,16222.9963,-3447.9527,-11.9914,-12.2541,1.7500,47.225,100.14,99.08
10495,5749,16621.5397,5236.3428,16257.7367,-3452.9141,-11.9833,-12.4453,1.8333,47.324,99.71,98.59
10518,5761,16657.4343,5247.6508,16293.2908,-3458.2849,-11.9760,-11.5255,1.9167,47.425,100.61,99.44
10541,5773,16693.6114,5259.0478,16327.8776,-3469.5746,-11.9892,-12.2053,1.9167,47.527,101.78,100.56
10564,5785,16730.4127,5270.6414,16364.2716,-3475.3567,-11.9827,-11.9887,1.9167,47.627,100.13,98.94
10586,5797,16763.3825,5281.0280,16397.5120,-3477.5389,-11.9664,-11.4813,1.8333,47.727,100.20,99.05
10607,5809,16799.1312,5292.2901,16431.2065,-3490.9719,-11.9874,-12.3589,1.7500,47.829,102.18,101.08
10630,5821,16835.0257,5303.5980,16466.7607,-3496.3428,-11.9802,-11.9442,1.9167,47.931,101.84,100.60
10651,5833,16868.3194,5314.0867,16499.0713,-3504.4692,-11.9844,-11.9489,1.7500,48.033,101.71,100.62
10674,5845,16905.1048,5325.6753,16535.4538,-3510.2278,-11.9779,-12.2157,1.9167,48.135,102.41,101.21
10697,5857,16941.0321,5336.9936,16569.9736,-3520.6297,-11.9881,-12.1115,1.9167,48.237,102.10,100.91
10718,5869,16974.7388,5347.6124,16603.3333,-3525.8028,-11.9818,-12.2870,1.7500,48.337,99.99,98.87
10741,5881,17011.1111,5359.0709,16638.6668,-3534.5148,-11.9858,-11.9331,1.9167,48.440,102.92,101.74
10764,5893,17047.0056,5370.3788,16674.2209,-3539.8856,-11.9786,-11.9331,1.9167,48.543,103.17,101.95
10787,5905,17083.1828,5381.7759,16708.8077,-3551.1752,-11.9916,-12.6584,1.9167,48.646,102.59,101.37
10810,5917,17118.7793,5392.9900,16745.3177,-3550.6037,-11.9643,-11.0940,1.9167,48.750,103.54,102.31
10829,5929,17150.3709,5402.9424,16774.3211,-3566.1163,-11.9949,-12.5791,1.5833,48.850,100.21,99.15
10850,5941,17183.3472,5413.3310,16807.4683,-3568.7735,-11.9806,-11.8955,1.7500,48.952,102.57,101.46
10872,5953,17217.2501,5424.0115,16841.5747,-3571.3689,-11.9655,-11.8733,1.8333,49.055,102.58,101.42
10891,5965,17247.2917,5433.4757,16868.8690,-3587.4670,-11.9990,-12.1891,1.5833,49.156,101.47,100.34
10914,5977,17282.8970,5444.6925,16905.3937,-3586.8737,-11.9719,-11.6861,1.9167,49.260,103.26,102.06
10935,5989,17318.1829,5455.8088,16939.1520,-3597.7757,-11.9840,-12.1873,1.7500,49.363,103.19,102.08
10956,6001,17351.1600,5466.1977,16972.2993,-3600.4329,-11.9699,-11.4786,1.7500,49.462,98.98,97.88
10977,6013,17384.7115,5476.7675,17003.7847,-3613.6899,-11.9911,-12.2056,1.7500,49.564,102.53,101.42
10999,6025,17419.7248,5487.7979,17038.5251,-3618.6513,-11.9833,-12.4150,1.8333,49.669,104.73,103.58
11022,6037,17455.6193,5499.1059,17074.0792,-3624.0221,-11.9763,-11.6930,1.9167,49.774,104.94,103.74
11045,6049,17491.7964,5510.5029,17108.6660,-3635.3118,-11.9890,-12.2157,1.9167,49.876,101.78,100.62
11068,6061,17528.5977,5522.0965,17145.0600,-3641.0939,-11.9828,-11.9419,1.9167,49.979,102.94,101.76
11090,6073,17561.5675,5532.4831,17178.3003,-3643.2761,-11.9672,-11.6933,1.8333,50.082,103.05,101.88
11111,6085,17597.3162,5543.7451,17211.9949,-3656.7091,-11.9873,-11.9670,1.7500,50.187,105.12,104.02
11134,6097,17633.2107,5555.0531,17247.5490,-3662.0800,-11.9804,-11.9442,1.9167,50.290,102.61,101.38
11155,6109,17666.5044,5565.5418,17279.8597,-3670.2064,-11.9844,-11.9489,1.7500,50.391,101.51,100.42
11178,6121,17703.2898,5577.1304,17316.2422,-3675.9650,-11.9782,-11.9670,1.9167,50.494,103.39,102.25
11201,6133,17739.2171,5588.4487,17350.7620,-3686.3669,-11.9879,-11.8924,1.9167,50.597,102.99,101.79
11223,6145,17773.5710,5599.2713,17384.6217,-3692.3015,-11.9839,-12.4972,1.8333,50.698,100.60,99.43
11245,6157,17809.2962,5610.5259,17419.4552,-3700.2520,-11.9857,-11.7455,1.8333,50.801,102.73,101.61
11268,6169,17845.1907,5621.8339,17455.0093,-3705.6228,-11.9788,-11.9331,1.9167,50.906,105.57,104.36
11291,6181,17881.3679,5633.2309,17489.5960,-3716.9124,-11.9912,-12.6584,1.9167,51.009,102.60,101.39
11314,6193,17916.9643,5644.4450,17526.1061,-3716.3409,-11.9652,-11.0940,1.9167,51.113,103.73,102.52
11333,6205,17949.4311,5654.6731,17556.0208,-3731.7751,-11.9936,-12.5555,1.5833,51.214,101.32,100.20
11356,6217,17983.9783,5665.5567,17590.6227,-3735.1447,-11.9812,-11.9070,1.9167,51.318,104.12,102.87
11377,6229,18019.2440,5676.6666,17624.6355,-3744.7488,-11.9886,-12.4746,1.7500,51.421,102.58,101.38
11399,6241,18053.6298,5687.4992,17658.4237,-3751.1731,-11.9863,-11.8605,1.8333,51.525,104.58,103.42
11422,6253,18089.7642,5698.8828,17694.0301,-3757.4534,-11.9823,-11.9557,1.9167,51.626,100.46,99.26
11442,6265,18121.2454,5708.8004,17724.8293,-3763.9708,-11.9822,-12.1370,1.6667,51.728,102.56,101.48
11465,6277,18157.6177,5720.2589,17760.1628,-3772.6827,-11.9860,-11.9067,1.9167,51.834,105.31,104.13
11488,6289,18192.1452,5731.1362,17795.0192,-3774.7545,-11.9696,-11.6206,1.9167,51.938,104.37,103.18
11508,6301,18225.2409,5741.5625,17826.4753,-3785.9555,-11.9835,-12.4142,1.6667,52.038,100.25,99.18
11530,6313,18259.1175,5752.2347,17860.5555,-3788.5490,-11.9693,-11.4906,1.8333,52.142,103.34,102.19
11551,6325,18293.9594,5763.2111,17893.4102,-3801.5707,-11.9878,-12.1873,1.7500,52.247,105.27,104.15
11574,6337,18329.8538,5774.5191,17928.9644,-3806.9415,-11.9812,-11.8955,1.9167,52.352,105.09,103.84
11596,6349,18363.7566,5785.1996,17963.0708,-3809.5369,-11.9670,-11.6677,1.8333,52.457,104.76,103.58
11615,6361,18393.7983,5794.6637,17990.3650,-3825.6350,-11.9984,-12.2839,1.5833,52.560,103.72,102.59
11636,6373,18427.3858,5805.2449,18025.4159,-3822.2644,-11.9655,-11.4650,1.7500,52.664,103.68,102.51
11657,6385,18462.2434,5816.2262,18058.2820,-3835.3097,-11.9840,-11.9374,1.7500,52.769,104.99,103.82
11680,6397,18496.7913,5827.1100,18092.8840,-3838.6793,-11.9719,-11.7826,1.9167,52.872,102.74,101.47
11701,6409,18531.2181,5837.9556,18125.2807,-3851.8579,-11.9910,-11.9850,1.7500,52.976,104.26,103.14
11723,6421,18566.2313,5848.9859,18160.0211,-3856.8193,-11.9837,-12.4951,1.8333,53.081,104.64,103.45
11746,6433,18601.0149,5859.9439,18194.9413,-3859.8241,-11.9704,-11.3328,1.9167,53.186,105.42,104.20
11767,6445,18634.9660,5870.6396,18226.9675,-3872.4581,-11.9880,-12.1768,1.7500,53.291,105.04,103.88
11789,6457,18670.2193,5881.7456,18261.7602,-3878.3289,-11.9835,-11.8412,1.8333,53.395,103.45,102.25
11811,6469,18706.3661,5893.1331,18296.5867,-3888.3424,-11.9913,-12.1308,1.8333,53.497,101.91,100.73
11834,6481,18741.7926,5904.2936,18332.3761,-3890.3505,-11.9746,-11.7604,1.9167,53.599,102.70,101.50
11856,6493,18776.6462,5915.2737,18365.9291,-3900.1376,-11.9826,-11.9912,1.8333,53.703,103.54,102.33
11877,6505,18810.5649,5925.9592,18398.9897,-3907.7404,-11.9843,-11.9374,1.7500,53.807,103.88,102.76
11899,6517,18843.6617,5936.3858,18430.4457,-3918.9414,-11.9978,-12.7847,1.8333,53.908,101.32,100.17
11922,6529,18879.2670,5947.6027,18466.9704,-3918.3481,-11.9730,-11.6788,1.9167,54.011,103.51,102.34
11943,6541,18914.5529,5958.7189,18500.7288,-3929.2501,-11.9840,-12.3957,1.7500,54.116,104.34,103.20
11966,6553,18949.3364,5969.6769,18535.6489,-3932.2549,-11.9710,-11.5016,1.9167,54.219,103.53,102.33
11987,6565,18983.2875,5980.3726,18567.6752,-3944.8889,-11.9883,-12.1874,1.7500,54.325,105.23,104.06
12009,6577,19018.5409,5991.4786,18602.4679,-3950.7597,-11.9838,-12.4549,1.8333,54.428,103.51,102.30
12031,6589,19054.6877,6002.8661,18637.2944,-3960.7732,-11.9915,-11.7989,1.8333,54.530,102.14,100.97
12054,6601,19090.1142,6014.0266,18673.0838,-3962.7813,-11.9751,-12.2411,1.9167,54.632,102.13,100.93
12076,6613,19124.9678,6025.0066,18706.6367,-3972.5683,-11.9829,-11.9532,1.8333,54.736,103.58,102.45
12098,6625,19157.9375,6035.3932,18739.8771,-3974.7505,-11.9687,-11.8770,1.8333,54.839,103.37,102.13
12119,6637,19192.7954,6046.3746,18772.7433,-3987.7958,-11.9864,-11.8573,1.7500,54.945,105.42,104.28
12142,6649,19229.5807,6057.9632,18809.1258,-3993.5544,-11.9807,-11.8955,1.9167,55.049,104.59,103.33
12163,6661,19262.8745,6068.4519,18841.4364,-4001.6808,-11.9844,-12.3760,1.7500,55.152,102.93,101.78
12184,6673,19295.8515,6078.8408,18874.5837,-4004.3381,-11.9717,-11.5103,1.7500,55.255,102.40,101.24
12205,6685,19329.4031,6089.4106,18906.0691,-4017.5951,-11.9907,-12.1967,1.7500,55.360,104.99,103.88
12227,6697,19364.4164,6100.4410,18940.8095,-4022.5565,-11.9837,-11.7684,1.8333,55.464,104.34,103.19
12250,6709,19399.1998,6111.3990,18975.7296,-4025.5613,-11.9710,-11.8689,1.9167,55.567,103.24,101.99
12271,6721,19433.1510,6122.0947,19007.7559,-4038.1953,-11.9879,-12.1394,1.7500,55.672,105.02,103.85
12293,6733,19468.4043,6133.2007,19042.5486,-4044.0661,-11.9835,-11.9602,1.8333,55.776,103.38,102.21
12315,6745,19504.5512,6144.5881,19077.3751,-4054.0796,-11.9910,-11.7989,1.8333,55.878,101.97,100.79
12338,6757,19539.9776,6155.7487,19113.1645,-4056.0877,-11.9750,-12.0328,1.9167,55.980,102.41,101.18
12360,6769,19574.8312,6166.7287,19146.7174,-4065.8748,-11.9826,-11.9419,1.8333,56.083,103.16,102.01
12381,6781,19608.7499,6177.4143,19179.7781,-4073.4777,-11.9843,-12.3662,1.7500,56.188,105.20,104.08
12404,6793,19644.6445,6188.7222,19215.3322,-4078.8485,-11.9781,-11.6861,1.9167,56.294,105.33,104.10
12427,6805,19680.8216,6200.1193,19249.9189,-4090.1381,-11.9893,-12.1488,1.9167,56.399,105.34,104.13
12449,6817,19715.1840,6210.9446,19283.8832,-4095.6212,-11.9844,-11.7804,1.8333,56.502,103.29,102.12
12472,6829,19750.5925,6222.0994,19319.5533,-4098.1025,-11.9700,-11.8226,1.9167,56.606,103.42,102.23
12493,6841,19785.4505,6233.0809,19352.4195,-4111.1478,-11.9872,-12.1115,1.7500,56.711,105.17,104.02
12514,6853,19819.1573,6243.6996,19385.7791,-4116.3209,-11.9818,-12.3627,1.7500,56.813,102.25,101.08
12535,6865,19852.8727,6254.3211,19418.0828,-4126.5104,-11.9912,-12.1310,1.7500,56.915,102.15,101.03
12558,6877,19888.2992,6265.4816,19453.8722,-4128.5185,-11.9755,-11.8229,1.9167,57.018,102.91,101.70
12580,6889,19923.1528,6276.4617,19487.4251,-4138.3056,-11.9830,-11.9419,1.8333,57.121,102.84,101.62
12602,6901,19956.1225,6286.8483,19520.6655,-4140.4877,-11.9693,-11.8999,1.8333,57.224,103.39,102.20
12621,6913,19987.7145,6296.8008,19549.6689,-4156.0004,-11.9955,-12.1365,1.5833,57.327,102.67,101.60
12644,6925,20023.1162,6307.9536,19585.4366,-4157.9937,-11.9798,-11.8654,1.9167,57.427,100.28,99.12
12665,6937,20058.6134,6319.1363,19619.8588,-4166.7841,-11.9840,-12.3662,1.7500,57.530,102.29,101.16
12688,6950,20094.0365,6330.2958,19655.3721,-4170.0753,-11.9722,-11.5103,1.7692,57.631,100.90,99.69
12709,6962,20127.5881,6340.8657,19686.8575,-4183.3323,-11.9905,-12.1967,1.7500,57.732,101.62,100.55
12731,6974,20162.6014,6351.8960,19721.5979,-4188.2937,-11.9838,-11.7684,1.8333,57.836,103.48,102.33
12754,6986,20198.4959,6363.2040,19757.1520,-4193.6645,-11.9777,-12.0590,1.9167,57.941,105.07,103.83
12777,6998,20234.6730,6374.6010,19791.7388,-4204.9542,-11.9887,-12.1678,1.9167,58.045,104.33,103.08
12800,7010,20271.4743,6386.1947,19828.1328,-4210.7363,-11.9833,-11.9532,1.9167,58.148,103.03,101.82
12822,7022,20304.4440,6396.5812,19861.3731,-4212.9185,-11.9698,-11.7239,1.8333,58.252,103.59,102.39
12843,7034,20340.1929,6407.8433,19895.0677,-4226.3515,-11.9872,-11.9220,1.7500,58.357,105.48,104.37
12866,7046,20376.0873,6419.1513,19930.6219,-4231.7224,-11.9812,-11.8840,1.9167,58.461,104.20,102.98
12887,7058,20409.3811,6429.6399,19962.9325,-4239.8488,-11.9847,-12.4247,1.7500,58.564,102.88,101.72
12910,7070,20446.1664,6441.2286,19999.3150,-4245.6074,-11.9793,-11.7419,1.9167,58.669,105.23,103.99
12933,7082,20482.0937,6452.5469,20033.8348,-4256.0093,-11.9877,-12.1640,1.9167,58.775,105.02,103.78
12955,7094,20516.4476,6463.3695,20067.6945,-4261.9439,-11.9843,-11.7765,1.8333,58.877,102.68,101.49
12977,7106,20552.1728,6474.6241,20102.5280,-4269.8944,-11.9858,-12.2955,1.8333,58.983,105.81,104.66
13000,7118,20588.0672,6485.9321,20138.0821,-4275.2652,-11.9799,-11.8869,1.9167,59.089,105.63,104.38
13023,7130,20624.2445,6497.3291,20172.6689,-4286.5548,-11.9906,-12.6274,1.9167,59.190,101.85,100.68
13046,7142,20659.8408,6508.5431,20209.1789,-4285.9833,-11.9680,-11.1495,1.9167,59.293,102.26,101.06
13065,7154,20692.3077,6518.7713,20239.0936,-4301.4175,-11.9926,-12.3756,1.5833,59.395,101.94,100.83
13088,7166,20726.8549,6529.6549,20273.6955,-4304.7871,-11.9819,-11.9183,1.9167,59.500,104.95,103.71
13109,7178,20762.1206,6540.7647,20307.7083,-4314.3912,-11.9883,-12.4746,1.7500,59.602,102.33,101.17
13131,7190,20796.5064,6551.5974,20341.4965,-4320.8155,-11.9863,-11.8605,1.8333,59.707,104.95,103.77
13154,7202,20832.6408,6562.9809,20377.1029,-4327.0958,-11.9829,-11.9557,1.9167,59.810,103.23,102.04
13174,7214,20864.1220,6572.8986,20407.9021,-4333.6132,-11.9828,-12.1370,1.6667,59.911,101.10,100.00
13197,7226,20900.4943,6584.3571,20443.2356,-4342.3251,-11.9861,-11.9067,1.9167,60.017,105.36,104.17
13220,7238,20935.0217,6595.2344,20478.0920,-4344.3969,-11.9718,-11.6206,1.9167,60.121,104.30,103.09
13240,7250,20968.1175,6605.6607,20509.5481,-4355.5979,-11.9839,-12.4142,1.6667,60.223,102.50,101.36
13262,7262,21001.9940,6616.3329,20543.6283,-4358.1914,-11.9715,-11.4906,1.8333,60.324,100.53,99.35
13283,7274,21036.8360,6627.3093,20576.4831,-4371.2131,-11.9877,-12.1873,1.7500,60.429,105.36,104.22
13306,7286,21072.7304,6638.6172,20612.0372,-4376.5839,-11.9819,-11.8955,1.9167,60.534,105.09,103.81
13328,7298,21106.6330,6649.2977,20646.1436,-4379.1793,-11.9695,-11.6677,1.8333,60.638,103.98,102.81
13349,7310,21140.5840,6659.9934,20678.1699,-4391.8133,-11.9850,-11.9018,1.7500,60.739,101.11,99.93
13371,7322,21175.6498,6671.0403,20712.1226,-4400.7369,-11.9896,-12.1544,1.8333,60.844,104.36,103.19
13393,7334,21210.0122,6681.8656,20746.0869,-4406.2200,-11.9850,-11.9602,1.8333,60.947,102.93,101.72
13416,7346,21244.5396,6692.7429,20780.9433,-4408.2918,-11.9709,-11.6912,1.9167,61.048,101.50,100.32
13437,7358,21280.2787,6704.0019,20814.6232,-4421.7465,-11.9876,-11.8924,1.7500,61.152,103.78,102.63
13459,7370,21314.6326,6714.8246,20848.4828,-4427.6811,-11.9843,-12.4972,1.8333,61.252,100.06,98.82
13480,7382,21346.9625,6725.0096,20881.1301,-4429.5769,-11.9711,-11.2887,1.7500,61.357,105.12,103.99
13501,7394,21381.8206,6735.9910,20913.9963,-4442.6222,-11.9870,-12.1485,1.7500,61.461,104.23,103.06
13522,7406,21415.5273,6746.6098,20947.3559,-4447.7953,-11.9820,-11.7807,1.7500,61.564,102.18,101.02
13543,7418,21449.2428,6757.2313,20979.6595,-4457.9848,-11.9907,-12.1308,1.7500,61.666,102.09,100.91
13566,7430,21484.6692,6768.3918,21015.4489,-4459.9929,-11.9761,-11.7604,1.9167,61.769,102.82,101.61
13588,7442,21519.5228,6779.3718,21049.0019,-4469.7800,-11.9831,-11.9912,1.8333,61.872,103.53,102.39
13609,7454,21553.4415,6790.0574,21082.0625,-4477.3828,-11.9846,-11.9374,1.7500,61.976,103.92,102.79
13631,7466,21586.5383,6800.4840,21113.5185,-4488.5838,-11.9963,-12.7847,1.8333,62.080,104.21,103.03
13654,7478,21622.1436,6811.7008,21150.0433,-4487.9905,-11.9747,-11.6788,1.9167,62.183,103.22,102.01
13675,7490,21657.4295,6822.8171,21183.8016,-4498.8925,-11.9844,-12.3957,1.7500,62.286,102.57,101.45
13698,7502,21692.2129,6833.7750,21218.7217,-4501.8973,-11.9730,-11.5016,1.9167,62.389,102.76,101.57
13719,7514,21726.1642,6844.4708,21250.7480,-4514.5313,-11.9880,-12.1874,1.7500,62.493,103.78,102.63
13741,7526,21761.4175,6855.5768,21285.5407,-4520.4021,-11.9841,-12.4549,1.8333,62.593,100.22,99.07
13763,7538,21797.5643,6866.9642,21320.3672,-4530.4156,-11.9909,-12.1791,1.8333,62.695,101.91,100.76
13786,7550,21832.9907,6878.1248,21356.1566,-4532.4237,-11.9765,-11.5561,1.9167,62.797,102.56,101.31
13808,7562,21867.8444,6889.1048,21389.7095,-4542.2107,-11.9834,-11.9305,1.8333,62.901,103.58,102.41
13830,7574,21900.8140,6899.4914,21422.9499,-4544.3929,-11.9709,-11.9691,1.8333,63.004,103.46,102.29
13851,7586,21935.6720,6910.4728,21455.8161,-4557.4382,-11.9864,-11.9489,1.7500,63.110,105.35,104.22
13874,7598,21972.4573,6922.0614,21492.1986,-4563.1968,-11.9814,-11.8884,1.9167,63.214,104.54,103.36
13895,7610,22005.7511,6932.5501,21524.5092,-4571.3232,-11.9846,-12.4247,1.7500,63.316,101.69,100.55
13918,7622,22041.6456,6943.8580,21560.0634,-4576.6941,-11.9791,-11.7236,1.9167,63.420,104.68,103.49
13941,7634,22078.4637,6955.4570,21595.4116,-4587.4837,-11.9874,-12.1640,1.9167,63.524,103.29,102.10
13962,7646,22112.1704,6966.0757,21628.7712,-4592.6569,-11.9826,-11.7209,1.7500,63.623,99.59,98.45
13984,7658,22147.1655,6977.1004,21663.3923,-4598.0914,-11.9778,-12.0316,1.8333,63.728,104.44,103.33
14007,7670,22183.3426,6988.4973,21697.9791,-4609.3811,-11.9877,-12.1399,1.9167,63.831,103.11,101.93
14030,7682,22219.2370,6999.8053,21733.5332,-4614.7519,-11.9823,-11.9070,1.9167,63.935,104.52,103.27
14052,7694,22253.1396,7010.4857,21767.6396,-4617.3473,-11.9706,-11.1363,1.8333,64.041,105.19,103.98
14073,7707,22288.6777,7021.6814,21800.6703,-4632.8919,-11.9920,-12.5555,1.6154,64.143,102.66,101.53
14096,7719,22323.2250,7032.5650,21835.2723,-4636.2615,-11.9820,-11.9070,1.9167,64.245,101.82,100.65
14117,7731,22357.1437,7043.2505,21868.3329,-4643.8644,-11.9835,-12.3277,1.7500,64.346,100.68,99.55
14139,7743,22392.8764,7054.5075,21903.0733,-4652.2899,-11.9861,-11.9246,1.8333,64.448,102.32,101.15
14162,7755,22427.4241,7065.3912,21937.6753,-4655.6596,-11.9762,-11.7174,1.9167,64.549,100.39,99.21
14182,7767,22460.4920,7075.8087,21969.4789,-4665.0876,-11.9829,-11.7209,1.6667,64.650,101.70,100.61
14205,7779,22496.8644,7087.2672,22004.8124,-4673.7995,-11.9859,-12.2955,1.9167,64.756,105.65,104.45
14228,7791,22532.2727,7098.4220,22040.4825,-4676.2808,-11.9733,-11.6410,1.9167,64.858,102.60,101.37
14248,7803,22564.4875,7108.5708,22071.1248,-4687.0723,-11.9839,-12.4142,1.6667,64.959,100.30,99.22
14270,7815,22597.4571,7118.9573,22104.3652,-4689.2545,-11.9718,-11.4888,1.8333,65.062,103.19,101.96
14291,7827,22633.2060,7130.2194,22138.0598,-4702.6875,-11.9874,-12.1873,1.7500,65.167,104.65,103.50
14314,7839,22669.1004,7141.5274,22173.6139,-4708.0583,-11.9820,-11.8955,1.9167,65.272,104.99,103.78
14336,7851,22703.0030,7152.2078,22207.7203,-4710.6537,-11.9706,-11.6861,1.8333,65.375,103.70,102.55
14355,7863,22733.0449,7161.6720,22235.0146,-4726.7518,-11.9960,-12.2839,1.5833,65.476,101.18,100.10
14378,7875,22768.6501,7172.8889,22271.5393,-4726.1585,-11.9754,-11.7334,1.9167,65.580,103.48,102.27
14399,7887,22803.9361,7184.0051,22305.2976,-4737.0605,-11.9846,-12.2157,1.7500,65.685,105.11,103.95
14420,7899,22836.9130,7194.3940,22338.4449,-4739.7177,-11.9739,-11.5028,1.7500,65.787,102.12,100.98
14441,7911,22870.4647,7204.9639,22369.9303,-4752.9747,-11.9900,-12.2541,1.7500,65.892,104.97,103.86
14463,7923,22905.4780,7215.9942,22404.6707,-4757.9361,-11.9841,-12.4453,1.8333,65.996,104.35,103.17
14486,7935,22941.3725,7227.3022,22440.2248,-4763.3069,-11.9788,-11.5255,1.9167,66.102,105.17,103.92
14509,7947,22977.5496,7238.6992,22474.8116,-4774.5966,-11.9884,-12.2053,1.9167,66.207,105.24,103.96
14532,7959,23014.3510,7250.2929,22511.2056,-4780.3787,-11.9837,-11.9887,1.9167,66.310,103.23,102.02
14554,7971,23047.3205,7260.6794,22544.4460,-4782.5609,-11.9718,-11.4813,1.8333,66.413,102.92,101.74
14575,7983,23083.0695,7271.9415,22578.1405,-4795.9939,-11.9871,-12.3589,1.7500,66.518,104.81,103.67
14598,7995,23118.9639,7283.2495,22613.6947,-4801.3648,-11.9818,-11.9442,1.9167,66.622,104.53,103.35
14619,8007,23152.2577,7293.7381,22646.0053,-4809.4912,-11.9849,-11.9489,1.7500,66.727,104.87,103.75
14642,8019,23189.0430,7305.3267,22682.3878,-4815.2498,-11.9801,-12.2157,1.9167,66.833,105.34,104.14
14665,8031,23224.9703,7316.6450,22716.9076,-4825.6517,-11.9876,-12.1115,1.9167,66.938,104.93,103.72
14686,8043,23258.6770,7327.2638,22750.2673,-4830.8248,-11.9829,-12.3627,1.7500,67.040,102.06,100.89
14709,8055,23295.0494,7338.7223,22785.6008,-4839.5368,-11.9859,-11.9331,1.9167,67.143,103.01,101.85
14732,8067,23330.9439,7350.0303,22821.1549,-4844.9076,-11.9806,-11.9331,1.9167,67.245,102.81,101.58
14755,8079,23367.1211,7361.4273,22855.7417,-4856.1972,-11.9901,-12.6584,1.9167,67.347,101.90,100.63
14778,8091,23402.7173,7372.6413,22892.2517,-4855.6257,-11.9702,-11.0940,1.9167,67.449,102.16,100.95
14797,8103,23434.3091,7382.5938,22921.2551,-4871.1383,-11.9926,-12.5791,1.5833,67.551,101.81,100.75
14818,8115,23467.2855,7392.9824,22954.4023,-4873.7955,-11.9821,-11.8955,1.7500,67.655,103.55,102.43
14840,8127,23501.1880,7403.6629,22988.5087,-4876.3909,-11.9710,-11.8733,1.8333,67.760,104.94,103.73
14859,8139,23531.2299,7413.1271,23015.8030,-4892.4890,-11.9956,-12.1891,1.5833,67.864,103.85,102.73
14882,8151,23566.8351,7424.3439,23052.3277,-4891.8957,-11.9757,-11.6861,1.9167,67.969,105.31,104.04
14903,8163,23602.1211,7435.4602,23086.0860,-4902.7977,-11.9846,-12.1873,1.7500,68.074,105.03,103.88
14924,8175,23635.0980,7445.8490,23119.2333,-4905.4549,-11.9742,-11.4786,1.7500,68.175,101.48,100.34
14945,8187,23668.6497,7456.4189,23150.7187,-4918.7119,-11.9898,-12.2056,1.7500,68.281,105.10,103.98
14967,8199,23703.6630,7467.4493,23185.4591,-4923.6733,-11.9841,-12.4150,1.8333,68.385,104.86,103.65
14990,8211,23739.5575,7478.7573,23221.0132,-4929.0441,-11.9789,-11.6930,1.9167,68.490,105.01,103.72
15013,8223,23775.7346,7490.1543,23255.6000,-4940.3338,-11.9883,-12.2157,1.9167,68.595,104.50,103.26
15036,8235,23812.5360,7501.7479,23291.9940,-4946.1159,-11.9837,-11.9419,1.9167,68.697,102.46,101.26
15058,8247,23845.5055,7512.1344,23325.2343,-4948.2981,-11.9722,-11.6933,1.8333,68.801,103.28,102.12
15079,8259,23881.2545,7523.3966,23358.9289,-4961.7311,-11.9870,-11.9670,1.7500,68.906,105.52,104.39
15102,8271,23917.1489,7534.7045,23394.4830,-4967.1020,-11.9819,-11.9442,1.9167,69.011,104.52,103.31
15123,8283,23950.4427,7545.1932,23426.7937,-4975.2284,-11.9849,-11.9489,1.7500,69.113,102.51,101.38
15146,8295,23987.2281,7556.7818,23463.1762,-4980.9870,-11.9803,-11.9670,1.9167,69.218,104.69,103.45
15169,8307,24023.1553,7568.1001,23497.6960,-4991.3889,-11.9874,-11.8924,1.9167,69.321,103.57,102.32
15191,8319,24057.5092,7578.9227,23531.5557,-4997.3235,-11.9845,-12.4972,1.8333,69.424,102.57,101.41
15213,8331,24093.2344,7590.1774,23566.3892,-5005.2740,-11.9858,-11.7455,1.8333,69.528,104.20,103.09
15236,8343,24129.1289,7601.4853,23601.9433,-5010.6448,-11.9808,-11.9331,1.9167,69.634,105.63,104.42
15259,8355,24165.3061,7612.8824,23636.5300,-5021.9344,-11.9899,-12.6584,1.9167,69.738,104.59,103.39
15282,8367,24200.9023,7624.0963,23673.0401,-5021.3629,-11.9706,-11.0940,1.9167,69.844,105.34,104.10
15301,8379,24233.3693,7634.3245,23702.9548,-5036.7971,-11.9917,-12.5555,1.5833,69.946,102.53,101.45
15324,8391,24267.9166,7645.2081,23737.5567,-5040.1667,-11.9825,-11.9070,1.9167,70.051,104.42,103.19
15345,8403,24301.5953,7655.8180,23770.5651,-5046.8602,-11.9818,-12.2489,1.7500,70.154,103.49,102.32
15367,8415,24337.5680,7667.1506,23805.3577,-5056.1951,-11.9862,-11.8605,1.8333,70.260,105.56,104.30
15390,8427,24372.1157,7678.0343,23839.9597,-5059.5648,-11.9771,-11.7295,1.9167,70.362,102.37,101.13
15410,8439,24405.1836,7688.4518,23871.7633,-5068.9928,-11.9833,-12.1370,1.6667,70.466,103.92,102.78
15433,8451,24441.5560,7699.9103,23907.0968,-5077.7047,-11.9860,-11.9067,1.9167,70.572,106.26,105.08
15456,8463,24476.0833,7710.7876,23941.9532,-5079.7765,-11.9738,-11.6206,1.9167,70.676,104.09,102.88
15476,8475,24509.1791,7721.2139,23973.4093,-5090.9775,-11.9842,-12.4142,1.6667,70.776,99.93,98.83
15498,8487,24543.0555,7731.8861,24007.4895,-5093.5710,-11.9736,-11.4906,1.8333,70.877,100.24,99.08
15519,8499,24577.8976,7742.8625,24040.3442,-5106.5927,-11.9874,-12.1873,1.7500,70.980,103.26,102.14
15542,8511,24613.7920,7754.1705,24075.8984,-5111.9635,-11.9824,-11.8955,1.9167,71.084,103.91,102.66
15564,8523,24647.6946,7764.8509,24110.0048,-5114.5589,-11.9719,-11.6677,1.8333,71.186,102.64,101.48
15583,8535,24677.7364,7774.3151,24137.2990,-5130.6570,-11.9953,-12.2839,1.5833,71.290,103.56,102.48
15604,8547,24711.3237,7784.8962,24172.3499,-5127.2864,-11.9708,-11.4650,1.7500,71.395,104.59,103.42
15625,8559,24746.1816,7795.8776,24205.2160,-5140.3317,-11.9845,-11.9374,1.7500,71.499,104.07,102.92
15648,8571,24780.7294,7806.7613,24239.8180,-5143.7013,-11.9755,-11.7826,1.9167,71.600,101.52,100.34
15669,8583,24815.1563,7817.6070,24272.2147,-5156.8799,-11.9898,-11.9850,1.7500,71.705,104.89,103.76
15691,8595,24850.1696,7828.6373,24306.9551,-5161.8413,-11.9843,-12.4951,1.8333,71.810,105.01,103.76
15714,8607,24886.0641,7839.9453,24342.5092,-5167.2121,-11.9794,-11.5255,1.9167,71.915,105.10,103.85
15737,8619,24922.8822,7851.5443,24377.8574,-5178.0018,-11.9868,-12.1485,1.9167,72.020,104.82,103.57
15758,8631,24956.5889,7862.1630,24411.2171,-5183.1749,-11.9825,-12.0120,1.7500,72.120,100.32,99.16
15779,8643,24990.3044,7872.7845,24443.5207,-5193.3644,-11.9900,-12.1308,1.7500,72.223,102.68,101.52
15802,8655,25025.7308,7883.9450,24479.3101,-5195.3725,-11.9775,-11.9922,1.9167,72.325,102.56,101.36
15824,8667,25060.5844,7894.9251,24512.8631,-5205.1596,-11.9835,-11.9912,1.8333,72.429,103.29,102.12
15845,8679,25094.5032,7905.6106,24545.9237,-5212.7625,-11.9848,-11.9374,1.7500,72.533,104.55,103.40
15868,8691,25130.3977,7916.9186,24581.4778,-5218.1333,-11.9799,-12.2074,1.9167,72.638,104.93,103.72
15891,8703,25166.5748,7928.3156,24616.0646,-5229.4229,-11.9887,-12.1573,1.9167,72.743,105.21,104.01
15913,8715,25200.9373,7939.1409,24650.0288,-5234.9060,-11.9849,-12.4054,1.8333,72.847,103.53,102.33
15936,8727,25236.3456,7950.2957,24685.6989,-5237.3873,-11.9736,-11.4570,1.9167,72.952,105.34,104.10
15957,8739,25271.2038,7961.2772,24718.5651,-5250.4326,-11.9870,-12.1591,1.7500,73.056,103.35,102.18
15978,8751,25304.9105,7971.8960,24751.9248,-5255.6057,-11.9828,-12.3925,1.7500,73.155,99.79,98.65
15999,8763,25338.6260,7982.5175,24784.2284,-5265.7952,-11.9902,-11.7989,1.7500,73.258,102.25,101.10
16022,8775,25374.0523,7993.6780,24820.0178,-5267.8033,-11.9778,-12.2411,1.9167,73.360,102.54,101.32
16044,8787,25408.9060,8004.6581,24853.5707,-5277.5903,-11.9837,-11.9532,1.8333,73.464,103.38,102.21
16066,8799,25441.8755,8015.0446,24886.8111,-5279.7725,-11.9730,-11.8770,1.8333,73.567,103.06,101.89
16085,8811,25473.4677,8024.9972,24915.8145,-5295.2852,-11.9936,-12.1365,1.5833,73.669,102.53,101.44
16108,8823,25508.8695,8036.1499,24951.5822,-5297.2785,-11.9813,-11.8654,1.9167,73.772,102.73,101.51
16129,8835,25544.3666,8047.3327,24986.0044,-5306.0689,-11.9845,-12.1769,1.7500,73.874,102.14,101.04
16152,8848,25579.7896,8058.4921,25021.5177,-5309.3601,-11.9752,-11.5345,1.7692,73.974,100.34,99.14
16173,8860,25613.3413,8069.0620,25053.0031,-5322.6171,-11.9896,-12.2583,1.7500,74.079,104.34,103.14
16195,8872,25648.3546,8080.0924,25087.7435,-5327.5785,-11.9843,-11.7684,1.8333,74.184,104.94,103.76
16218,8884,25684.2491,8091.4004,25123.2976,-5332.9493,-11.9796,-12.0590,1.9167,74.289,105.13,103.88
16241,8896,25720.4262,8102.7974,25157.8844,-5344.2390,-11.9882,-12.1678,1.9167,74.393,104.05,102.80
16264,8908,25757.2276,8114.3910,25194.2784,-5350.0211,-11.9840,-11.9532,1.9167,74.495,101.79,100.58
16286,8920,25790.1971,8124.7775,25227.5188,-5352.2033,-11.9734,-11.7239,1.8333,74.595,100.53,99.37
16307,8932,25825.9461,8136.0397,25261.2134,-5365.6363,-11.9870,-11.9220,1.7500,74.699,103.63,102.53
16330,8944,25861.8405,8147.3476,25296.7675,-5371.0072,-11.9823,-11.8840,1.9167,74.801,102.06,100.86
16351,8956,25895.1343,8157.8363,25329.0781,-5379.1336,-11.9850,-12.4247,1.7500,74.906,104.87,103.73
16374,8968,25931.9196,8169.4249,25365.4606,-5384.8922,-11.9808,-11.7419,1.9167,75.011,105.36,104.15
16397,8980,25967.8469,8180.7432,25399.9804,-5395.2941,-11.9874,-12.1640,1.9167,75.115,103.65,102.42
16418,8992,26001.5536,8191.3620,25433.3401,-5400.4672,-11.9833,-11.7209,1.7500,75.215,100.68,99.51
16441,9004,26037.9260,8202.8205,25468.6736,-5409.1791,-11.9859,-12.2955,1.9167,75.321,105.23,104.01
16464,9016,26073.8205,8214.1284,25504.2277,-5414.5500,-11.9813,-11.8869,1.9167,75.423,102.27,101.05
16487,9028,26109.9977,8225.5255,25538.8145,-5425.8396,-11.9897,-12.6274,1.9167,75.526,102.68,101.44
16510,9040,26145.5938,8236.7394,25575.3245,-5425.2681,-11.9719,-11.1495,1.9167,75.631,104.98,103.73
16529,9052,26177.1857,8246.6920,25604.3279,-5440.7807,-11.9919,-12.3989,1.5833,75.733,102.28,101.19
16550,9064,26210.1621,8257.0806,25637.4751,-5443.4379,-11.9826,-11.9070,1.7500,75.838,104.92,103.79
16572,9076,26244.0646,8267.7610,25671.5815,-5446.0333,-11.9726,-11.8733,1.8333,75.943,104.97,103.73
16591,9088,26274.1064,8277.2252,25698.8758,-5462.1314,-11.9946,-12.1891,1.5833,76.046,102.92,101.80
16614,9100,26309.7117,8288.4421,25735.4005,-5461.5381,-11.9768,-11.6861,1.9167,76.151,105.18,103.94
16635,9112,26344.9977,8299.5584,25769.1588,-5472.4401,-11.9848,-12.1873,1.7500,76.256,104.99,103.81
16656,9124,26377.9746,8309.9472,25802.3061,-5475.0973,-11.9755,-11.4786,1.7500,76.358,101.80,100.69
16677,9136,26411.5263,8320.5171,25833.7915,-5488.3543,-11.9895,-12.2056,1.7500,76.460,101.97,100.82
16699,9148,26446.5396,8331.5475,25868.5319,-5493.3157,-11.9843,-12.4150,1.8333,76.564,103.86,102.66
16722,9160,26482.4341,8342.8554,25904.0860,-5498.6865,-11.9797,-11.6930,1.9167,76.668,104.94,103.72
16745,9172,26518.6113,8354.2525,25938.6728,-5509.9762,-11.9881,-12.2157,1.9167,76.774,105.18,103.92
16768,9184,26555.4126,8365.8461,25975.0668,-5515.7583,-11.9840,-11.9419,1.9167,76.877,103.53,102.29
16790,9196,26588.3821,8376.2326,26008.3071,-5517.9405,-11.9737,-11.6933,1.8333,76.981,103.41,102.21
16811,9208,26624.1311,8387.4948,26042.0017,-5531.3735,-11.9869,-11.9670,1.7500,77.086,105.56,104.42
16834,9220,26660.0255,8398.8027,26077.5559,-5536.7444,-11.9824,-11.9442,1.9167,77.191,105.16,103.93
16855,9232,26693.3193,8409.2914,26109.8665,-5544.8708,-11.9850,-11.9489,1.7500,77.296,104.86,103.73
16878,9244,26730.1047,8420.8800,26146.2490,-5550.6294,-11.9809,-11.9670,1.9167,77.402,105.60,104.41
16901,9256,26766.0320,8432.1983,26180.7688,-5561.0313,-11.9873,-11.8924,1.9167,77.507,105.03,103.82
16923,9268,26800.3859,8443.0209,26214.6285,-5566.9659,-11.9847,-12.4972,1.8333,77.609,102.09,100.87
16945,9280,26836.1110,8454.2755,26249.4620,-5574.9164,-11.9859,-11.7455,1.8333,77.713,103.68,102.51
16968,9292,26872.0055,8465.5835,26285.0161,-5580.2872,-11.9813,-11.9331,1.9167,77.818,105.48,104.23
16991,9304,26908.1827,8476.9805,26319.6029,-5591.5768,-11.9896,-12.6584,1.9167,77.923,104.75,103.52
17014,9316,26943.7788,8488.1945,26356.1129,-5591.0053,-11.9722,-11.0940,1.9167,78.027,104.24,103.02
17033,9328,26976.2459,8498.4227,26386.0276,-5606.4395,-11.9911,-12.5555,1.5833,78.128,101.32,100.25
17056,9340,27010.7932,8509.3063,26420.6295,-5609.8091,-11.9829,-11.9070,1.9167,78.233,104.21,103.02
17077,9352,27046.0589,8520.4162,26454.6423,-5619.4132,-11.9878,-12.4746,1.7500,78.332,99.60,98.43
17099,9364,27080.4446,8531.2488,26488.4305,-5625.8375,-11.9863,-11.8605,1.8333,78.434,102.06,100.92
17122,9376,27116.5790,8542.6324,26524.0369,-5632.1178,-11.9836,-11.9557,1.9167,78.537,102.51,101.32
17142,9388,27148.0602,8552.5500,26554.8361,-5638.6352,-11.9836,-12.1370,1.6667,78.637,99.85,98.76
17165,9400,27184.4326,8564.0085,26590.1696,-5647.3471,-11.9861,-11.9067,1.9167,78.742,105.32,104.08
17188,9412,27218.9598,8574.8858,26625.0260,-5649.4189,-11.9751,-11.6206,1.9167,78.847,105.08,103.84
17208,9424,27252.0557,8585.3121,26656.4821,-5660.6199,-11.9844,-12.4142,1.6667,78.950,103.16,102.03
17230,9436,27285.9321,8595.9843,26690.5623,-5663.2134,-11.9749,-11.4906,1.8333,79.053,103.26,102.05
17251,9448,27320.7743,8606.9607,26723.4171,-5676.2351,-11.9873,-12.1873,1.7500,79.159,105.16,104.03
17274,9460,27356.6687,8618.2687,26758.9712,-5681.6059,-11.9829,-11.8955,1.9167,79.264,105.31,104.10
17296,9472,27390.5711,8628.9491,26793.0776,-5684.2013,-11.9733,-11.6677,1.8333,79.369,105.06,103.84
17317,9484,27424.5222,8639.6448,26825.1039,-5696.8353,-11.9853,-11.9018,1.7500,79.473,104.02,102.82
17339,9496,27459.5880,8650.6917,26859.0566,-5705.7589,-11.9888,-12.1544,1.8333,79.578,104.58,103.40
17361,9508,27493.9504,8661.5170,26893.0209,-5711.2420,-11.9853,-11.9602,1.8333,79.681,103.75,102.54
17384,9520,27528.4777,8672.3943,26927.8773,-5713.3138,-11.9744,-11.6912,1.9167,79.785,103.73,102.54
17405,9532,27564.2170,8683.6533,26961.5572,-5726.7685,-11.9873,-11.8924,1.7500,79.888,102.51,101.35
17427,9544,27598.5709,8694.4760,26995.4168,-5732.7031,-11.9847,-12.4972,1.8333,79.987,99.27,98.10
17448,9556,27630.9006,8704.6609,27028.0641,-5734.5989,-11.9745,-11.2887,1.7500,80.092,104.90,103.78
17469,9568,27665.7588,8715.6424,27060.9303,-5747.6442,-11.9868,-12.1485,1.7500,80.197,105.52,104.34
17490,9580,27699.4656,8726.2612,27094.2899,-5752.8173,-11.9829,-11.7807,1.7500,80.302,104.35,103.21
17511,9592,27733.1810,8736.8827,27126.5935,-5763.0068,-11.9897,-12.1308,1.7500,80.404,102.11,100.97
17534,9604,27768.6074,8748.0432,27162.3829,-5765.0149,-11.9784,-11.7604,1.9167,80.507,102.98,101.80
17556,9616,27803.4611,8759.0233,27195.9359,-5774.8020,-11.9838,-11.9912,1.8333,80.607,100.45,99.34
17577,9628,27837.3798,8769.7088,27228.9965,-5782.4048,-11.9849,-11.9374,1.7500,80.712,104.54,103.43
17599,9640,27870.4765,8780.1354,27260.4525,-5793.6058,-11.9940,-12.7847,1.8333,80.816,104.01,102.82
17622,9652,27906.0817,8791.3522,27296.9773,-5793.0125,-11.9773,-11.6788,1.9167,80.918,102.71,101.46
17643,9664,27941.3678,8802.4685,27330.7356,-5803.9145,-11.9848,-12.3957,1.7500,81.023,104.83,103.66
17666,9676,27976.1510,8813.4264,27365.6557,-5806.9193,-11.9759,-11.5016,1.9167,81.127,104.24,103.00
17687,9688,28010.1024,8824.1222,27397.6820,-5819.5533,-11.9876,-12.1874,1.7500,81.233,105.16,104.00
17709,9700,28045.3558,8835.2282,27432.4747,-5825.4241,-11.9846,-12.4549,1.8333,81.335,102.76,101.58
17731,9712,28081.5026,8846.6157,27467.3012,-5835.4376,-11.9898,-12.1791,1.8333,81.437,101.96,100.78
17754,9724,28116.9289,8857.7762,27503.0906,-5837.4457,-11.9787,-11.5561,1.9167,81.540,102.18,100.96
17776,9736,28151.7826,8868.7562,27536.6435,-5847.2327,-11.9840,-11.9305,1.8333,81.642,102.70,101.56
17798,9748,28184.7521,8879.1427,27569.8839,-5849.4149,-11.9743,-11.9691,1.8333,81.742,100.15,99.00
17819,9760,28219.6103,8890.1242,27602.7501,-5862.4602,-11.9864,-11.9489,1.7500,81.847,104.53,103.40
17842,9772,28256.3956,8901.7128,27639.1326,-5868.2188,-11.9825,-11.8884,1.9167,81.952,104.83,103.62
17863,9784,28289.6893,8912.2015,27671.4432,-5876.3452,-11.9850,-12.4247,1.7500,82.055,103.18,102.01
17886,9796,28325.5838,8923.5095,27706.9974,-5881.7161,-11.9807,-11.7236,1.9167,82.160,105.17,103.94
17909,9808,28362.4020,8935.1084,27742.3456,-5892.5057,-11.9872,-12.1640,1.9167,82.265,104.78,103.57
17930,9820,28396.1087,8945.7272,27775.7052,-5897.6789,-11.9834,-11.7209,1.7500,82.367,101.93,100.76
17952,9832,28431.1038,8956.7518,27810.3263,-5903.1134,-11.9796,-12.0316,1.8333,82.470,103.20,102.03
17975,9844,28467.2809,8968.1488,27844.9131,-5914.4031,-11.9874,-12.1399,1.9167,82.575,105.45,104.25
17998,9856,28503.1752,8979.4567,27880.4672,-5919.7739,-11.9831,-11.9070,1.9167,82.680,104.72,103.50
18020,9868,28537.0776,8990.1371,27914.5736,-5922.3693,-11.9740,-11.1363,1.8333,82.785,105.06,103.85
18041,9881,28572.6159,9001.3329,27947.6043,-5937.9139,-11.9908,-12.5555,1.6154,82.888,102.42,101.28
18064,9893,28607.1632,9012.2164,27982.2063,-5941.2835,-11.9830,-11.9070,1.9167,82.992,104.57,103.31
18085,9905,28641.0819,9022.9020,28015.2669,-5948.8864,-11.9841,-12.3277,1.7500,83.096,104.15,103.01
18107,9917,28676.8147,9034.1590,28050.0073,-5957.3119,-11.9862,-11.9246,1.8333,83.202,105.38,104.14
18130,9929,28711.3623,9045.0426,28084.6093,-5960.6816,-11.9784,-11.7174,1.9167,83.305,102.94,101.71
18150,9941,28744.4303,9055.4601,28116.4129,-5970.1096,-11.9836,-11.7209,1.6667,83.407,102.50,101.43
18173,9953,28780.8026,9066.9187,28151.7464,-5978.8215,-11.9860,-12.2955,1.9167,83.511,104.26,103.06
18196,9965,28816.6971,9078.2266,28187.3005,-5984.1924,-11.9817,-11.8869,1.9167,83.615,103.28,102.02
18219,9977,28852.8743,9089.6237,28221.8873,-5995.4820,-11.9894,-12.6274,1.9167,83.719,104.11,102.92
18242,9989,28888.4703,9100.8376,28258.3973,-5994.9105,-11.9733,-11.4209,1.9167,83.822,103.45,102.21
18261,10001,28920.0624,9110.7901,28287.4007,-6010.4231,-11.9914,-12.3725,1.5833,83.923,100.98,99.91
18282,10013,28953.0387,9121.1788,28320.5479,-6013.0803,-11.9829,-11.8955,1.7500,84.028,105.01,103.89
18304,10025,28986.9411,9131.8592,28354.6543,-6015.6757,-11.9739,-11.6861,1.8333,84.133,105.19,103.98
18323,10037,29016.9830,9141.3234,28381.9486,-6031.7738,-11.9939,-12.2839,1.5833,84.237,103.93,102.81
18346,10049,29052.5883,9152.5403,28418.4733,-6031.1805,-11.9777,-11.7334,1.9167,84.343,105.42,104.14
18367,10061,29087.8744,9163.6566,28452.2316,-6042.0825,-11.9850,-12.2157,1.7500,84.448,105.20,104.02
18388,10073,29120.8512,9174.0454,28485.3789,-6044.7397,-11.9765,-11.5028,1.7500,84.550,102.28,101.14
18409,10085,29154.4029,9184.6153,28516.8643,-6057.9967,-11.9892,-12.2541,1.7500,84.654,103.72,102.63
18431,10097,29189.4162,9195.6457,28551.6047,-6062.9581,-11.9845,-12.4453,1.8333,84.759,104.52,103.33
18454,10109,29225.3107,9206.9536,28587.1588,-6068.3289,-11.9804,-11.5255,1.9167,84.864,105.11,103.88
18477,10121,29261.4879,9218.3506,28621.7456,-6079.6186,-11.9879,-12.2053,1.9167,84.969,105.20,103.88
18500,10133,29298.2892,9229.9443,28658.1396,-6085.4007,-11.9842,-11.9887,1.9167,85.072,102.95,101.71
18522,10145,29331.2586,9240.3308,28691.3800,-6087.5829,-11.9749,-11.4813,1.8333,85.175,103.48,102.28
18543,10157,29367.0077,9251.5929,28725.0745,-6101.0159,-11.9869,-12.3589,1.7500,85.281,105.94,104.81
18566,10169,29402.9021,9262.9009,28760.6287,-6106.3868,-11.9827,-11.9442,1.9167,85.386,105.01,103.80
18587,10181,29436.1959,9273.3895,28792.9393,-6114.5132,-11.9852,-11.9489,1.7500,85.490,104.29,103.09
18610,10193,29472.9813,9284.9782,28829.3218,-6120.2718,-11.9814,-11.9670,1.9167,85.593,102.04,100.88
18633,10205,29508.9086,9296.2965,28863.8416,-6130.6737,-11.9873,-11.8924,1.9167,85.694,101.79,100.58
18654,10217,29542.6153,9306.9152,28897.2013,-6135.8468,-11.9836,-12.4416,1.7500,85.797,102.70,101.55
18677,10229,29578.9877,9318.3737,28932.5348,-6144.5588,-11.9859,-11.7455,1.9167,85.902,105.04,103.84
18700,10241,29614.8821,9329.6817,28968.0889,-6149.9296,-11.9818,-11.9331,1.9167,86.006,103.59,102.36
18723,10253,29651.0593,9341.0787,29002.6757,-6161.2192,-11.9893,-12.6584,1.9167,86.110,104.21,103.00
18746,10265,29686.6553,9352.2927,29039.1857,-6160.6477,-11.9736,-11.0940,1.9167,86.215,104.75,103.50
18765,10277,29718.2474,9362.2452,29068.1891,-6176.1603,-11.9912,-12.5791,1.5833,86.316,101.76,100.69
18786,10289,29751.2237,9372.6339,29101.3363,-6178.8175,-11.9830,-11.8955,1.7500,86.421,104.29,103.19
18808,10301,29785.1261,9383.3143,29135.4427,-6181.4129,-11.9742,-11.8733,1.8333,86.524,103.76,102.59
18827,10313,29815.1680,9392.7785,29162.7370,-6197.5110,-11.9936,-12.1891,1.5833,86.625,100.60,99.51
18850,10325,29850.7733,9403.9953,29199.2617,-6196.9177,-11.9779,-11.6861,1.9167,86.730,104.58,103.37
18871,10337,29886.0594,9415.1116,29233.0200,-6207.8197,-11.9849,-12.1873,1.7500,86.835,105.48,104.30
18892,10349,29919.0362,9425.5004,29266.1673,-6210.4769,-11.9767,-11.4786,1.7500,86.936,101.00,99.87
18913,10361,29952.5880,9436.0704,29297.6527,-6223.7339,-11.9890,-12.2056,1.7500,87.041,104.95,103.82
18935,10373,29987.6013,9447.1007,29332.3931,-6228.6953,-11.9845,-12.4150,1.8333,87.146,105.07,103.85
18958,10385,30023.4957,9458.4087,29367.9472,-6234.0661,-11.9805,-11.6930,1.9167,87.250,103.76,102.54
18981,10397,30059.6729,9469.8057,29402.5340,-6245.3558,-11.9878,-12.2157,1.9167,87.355,104.81,103.55
19004,10409,30096.4742,9481.3994,29438.9280,-6251.1379,-11.9842,-11.9419,1.9167,87.458,103.50,102.27
19026,10421,30129.4436,9491.7858,29472.1683,-6253.3201,-11.9751,-11.6933,1.8333,87.559,101.23,100.09
19047,10433,30165.1928,9503.0480,29505.8629,-6266.7531,-11.9868,-11.9670,1.7500,87.662,102.24,101.15
19070,10445,30201.0872,9514.3559,29541.4170,-6272.1240,-11.9828,-11.9442,1.9167,87.765,103.58,102.37
19091,10457,30234.3809,9524.8446,29573.7277,-6280.2504,-11.9851,-11.9489,1.7500,87.870,104.51,103.36
19114,10469,30271.1663,9536.4332,29610.1102,-6286.0090,-11.9815,-11.9670,1.9167,87.975,105.60,104.41
19137,10481,30307.0936,9547.7515,29644.6300,-6296.4109,-11.9872,-11.8924,1.9167,88.080,104.56,103.31
19159,10493,30341.4475,9558.5742,29678.4897,-6302.3455,-11.9849,-12.4972,1.8333,88.183,102.76,101.57
19181,10505,30377.1727,9569.8288,29713.3232,-6310.2960,-11.9859,-11.7455,1.8333,88.286,103.42,102.29
19204,10517,30413.0671,9581.1367,29748.8773,-6315.6668,-11.9819,-11.9331,1.9167,88.390,103.80,102.59
19227,10529,30449.2443,9592.5338,29783.4640,-6326.9564,-11.9891,-12.6584,1.9167,88.492,102.31,101.12
19250,10541,30484.8403,9603.7477,29819.9741,-6326.3849,-11.9738,-11.0940,1.9167,88.598,105.34,104.11
19269,10553,30517.3075,9613.9760,29849.8888,-6341.8191,-11.9905,-12.5555,1.5833,88.700,102.60,101.53
19292,10565,30551.8548,9624.8595,29884.4907,-6345.1887,-11.9832,-11.9070,1.9167,88.805,104.60,103.41
19313,10577,30585.5336,9635.4695,29917.4991,-6351.8822,-11.9827,-12.2489,1.7500,88.905,100.39,99.23
19335,10589,30621.5063,9646.8021,29952.2917,-6361.2171,-11.9862,-11.8605,1.8333,89.009,104.10,102.95
19358,10601,30656.0539,9657.6857,29986.8937,-6364.5868,-11.9790,-11.7295,1.9167,89.110,100.97,99.76
19378,10613,30689.1219,9668.1033,30018.6973,-6374.0148,-11.9839,-12.1370,1.6667,89.212,101.71,100.66
19401,10625,30725.4942,9679.5618,30054.0308,-6382.7267,-11.9861,-11.9067,1.9167,89.314,102.07,100.95
19424,10637,30760.9024,9690.7165,30089.7010,-6385.2080,-11.9768,-11.6410,1.9167,89.415,100.67,99.50
19444,10649,30793.1174,9700.8653,30120.3433,-6395.9995,-11.9846,-12.4142,1.6667,89.515,99.96,98.90
19466,10661,30826.3526,9711.3355,30153.6621,-6399.0930,-11.9774,-11.5462,1.8333,89.618,103.21,102.04
19487,10673,30861.8359,9722.5140,30187.2782,-6411.6147,-11.9872,-12.1873,1.7500,89.723,105.01,103.89
19510,10685,30897.7303,9733.8219,30222.8324,-6416.9855,-11.9832,-11.8955,1.9167,89.828,105.08,103.90
19532,10697,30931.6327,9744.5023,30256.9388,-6419.5809,-11.9748,-11.6677,1.8333,89.933,105.00,103.78
19553,10709,30965.5839,9755.1981,30288.9650,-6432.2149,-11.9854,-11.9018,1.7500,90.037,103.98,102.75
19575,10721,31000.6496,9766.2450,30322.9178,-6441.1385,-11.9885,-12.1544,1.8333,90.140,103.58,102.41
19597,10733,31035.0121,9777.0703,30356.8821,-6446.6216,-11.9853,-11.9602,1.8333,90.244,103.15,101.98
19620,10745,31069.5393,9787.9475,30391.7385,-6448.6934,-11.9757,-11.6912,1.9167,90.344,100.57,99.43
19641,10757,31105.2786,9799.2066,30425.4184,-6462.1481,-11.9871,-11.8924,1.7500,90.449,104.32,103.21
19662,10769,31138.9853,9809.8253,30458.7780,-6467.3213,-11.9837,-12.4416,1.7500,90.551,102.22,101.04
19684,10781,31173.9804,9820.8499,30493.3991,-6472.7558,-11.9802,-11.5011,1.8333,90.655,104.33,103.20
19707,10793,31210.1575,9832.2470,30527.9859,-6484.0455,-11.9873,-12.1769,1.9167,90.760,105.17,103.98
19730,10805,31246.0519,9843.5549,30563.5400,-6489.4163,-11.9834,-12.0181,1.9167,90.865,104.98,103.72
19752,10817,31279.9542,9854.2353,30597.6464,-6492.0117,-11.9751,-11.4570,1.8333,90.970,105.21,104.01
19773,10830,31315.4925,9865.4310,30630.6771,-6507.5563,-11.9904,-12.5209,1.6154,91.073,102.70,101.54
19796,10842,31350.0398,9876.3146,30665.2791,-6510.9259,-11.9833,-11.9556,1.9167,91.176,102.70,101.50
19817,10854,31383.9586,9887.0001,30698.3397,-6518.5288,-11.9843,-11.9021,1.7500,91.279,102.88,101.68
19839,10866,31419.6913,9898.2571,30733.0801,-6526.9543,-11.9862,-12.4247,1.8333,91.384,105.16,103.99
19862,10878,31454.2389,9909.1408,30767.6821,-6530.3240,-11.9791,-11.7227,1.9167,91.486,102.58,101.36
19882,10890,31487.3069,9919.5583,30799.4857,-6539.7520,-11.9839,-12.2870,1.6667,91.589,102.72,101.63
19905,10902,31523.6793,9931.0168,30834.8192,-6548.4639,-11.9860,-11.9331,1.9167,91.695,105.73,104.55
19928,10914,31559.5737,9942.3248,30870.3733,-6553.8348,-11.9822,-11.9331,1.9167,91.800,105.48,104.21
19951,10926,31595.7509,9953.7218,30904.9601,-6565.1244,-11.9892,-12.6584,1.9167,91.905,104.63,103.43
19973,10938,31632.2961,9965.2348,30941.2903,-6569.9736,-11.9841,-11.9246,1.8333,92.009,103.63,102.42
19995,10950,31665.3927,9975.6613,30972.7464,-6581.1745,-11.9921,-12.1611,1.8333,92.112,103.51,102.32
20016,10962,31698.3614,9986.0476,31005.9868,-6583.3567,-11.9835,-11.8955,1.7500,92.216,104.31,103.15
20037,10974,31733.6271,9997.1575,31039.9995,-6592.9608,-11.9877,-12.5464,1.7500,92.319,102.41,101.23
20059,10986,31768.0129,10007.9901,31073.7878,-6599.3851,-11.9864,-11.9511,1.8333,92.422,103.25,102.08
20082,10998,31804.1472,10019.3737,31109.3942,-6605.6654,-11.9841,-12.0043,1.9167,92.523,100.51,99.32
20102,11010,31835.6284,10029.2913,31140.1934,-6612.1828,-11.9841,-12.1649,1.6667,92.624,101.12,100.04
20125,11022,31872.0008,10040.7498,31175.5269,-6620.8947,-11.9862,-11.9331,1.9167,92.729,105.23,104.06
20148,11034,31907.8952,10052.0578,31211.0810,-6626.2656,-11.9824,-11.9331,1.9167,92.833,103.55,102.31
20171,11046,31944.0725,10063.4548,31245.6677,-6637.5552,-11.9893,-12.6584,1.9167,92.934,101.60,100.41
20193,11058,31980.6177,10074.9678,31281.9980,-6642.4043,-11.9843,-11.6971,1.8333,93.034,100.35,99.19
20215,11070,32013.7143,10085.3943,31313.4540,-6653.6053,-11.9922,-12.4142,1.8333,93.138,103.27,102.08
20236,11082,32046.6830,10095.7806,31346.6944,-6655.7875,-11.9837,-11.9532,1.7500,93.241,103.67,102.54
20258,11094,32081.2103,10106.6578,31381.5508,-6657.8593,-11.9744,-11.4128,1.8333,93.346,104.42,103.23
20277,11106,32113.6775,10116.8861,31411.4655,-6673.2935,-11.9902,-12.5209,1.5833,93.446,100.33,99.21
20300,11118,32148.2248,10127.7697,31446.0675,-6676.6631,-11.9833,-11.9556,1.9167,93.552,105.36,104.15
20321,11130,32182.1436,10138.4552,31479.1281,-6684.2660,-11.9843,-11.9021,1.7500,93.655,103.62,102.44
20343,11142,32217.8763,10149.7122,31513.8685,-6692.6915,-11.9861,-12.1769,1.8333,93.759,103.91,102.75
20366,11154,32252.4239,10160.5959,31548.4705,-6696.0612,-11.9792,-11.5011,1.9167,93.860,100.55,99.34
20386,11166,32285.4919,10171.0134,31580.2741,-6705.4892,-11.9839,-11.9739,1.6667,93.960,100.23,99.18
20409,11178,32321.8643,10182.4719,31615.6076,-6714.2011,-11.9860,-11.6912,1.9167,94.063,103.35,102.23
20432,11190,32357.7587,10193.7799,31651.1617,-6719.5720,-11.9822,-11.9217,1.9167,94.169,105.31,104.12
20455,11202,32393.9359,10205.1769,31685.7485,-6730.8616,-11.9890,-12.0545,1.9167,94.272,103.78,102.52
20478,11214,32429.5319,10216.3908,31722.2585,-6730.2901,-11.9747,-11.4128,1.9167,94.378,105.50,104.26
20497,11226,32461.1240,10226.3434,31751.2619,-6745.8027,-11.9908,-12.3160,1.5833,94.480,102.38,101.30
20518,11238,32494.1003,10236.7320,31784.4091,-6748.4599,-11.9833,-11.9442,1.7500,94.584,103.34,102.13
20540,11250,32528.0027,10247.4124,31818.5155,-6751.0553,-11.9753,-11.4438,1.8333,94.689,105.27,104.06
20559,11262,32558.0446,10256.8766,31845.8098,-6767.1534,-11.9930,-12.5148,1.5833,94.793,103.90,102.78
20582,11274,32593.6499,10268.0935,31882.3345,-6766.5601,-11.9786,-11.4545,1.9167,94.898,105.38,104.15
20603,11286,32628.9360,10279.2098,31916.0928,-6777.4621,-11.9851,-12.0239,1.7500,95.003,105.17,104.00
20624,11298,32661.9128,10289.5986,31949.2401,-6780.1193,-11.9776,-11.2542,1.7500,95.106,102.67,101.52
20645,11310,32695.4646,10300.1685,31980.7255,-6793.3763,-11.9888,-12.2437,1.7500,95.211,104.91,103.73
20667,11322,32730.4779,10311.1989,32015.4659,-6798.3377,-11.9847,-12.4951,1.8333,95.314,103.29,102.10
20690,11334,32766.3723,10322.5069,32051.0200,-6803.7085,-11.9810,-11.5255,1.9167,95.419,104.76,103.55
20713,11346,32802.5495,10333.9039,32085.6068,-6814.9982,-11.9877,-12.2053,1.9167,95.522,103.54,102.28
20736,11358,32839.3508,10345.4975,32122.0008,-6820.7803,-11.9844,-11.9887,1.9167,95.626,103.57,102.33
20758,11370,32872.3202,10355.8840,32155.2411,-6822.9625,-11.9761,-11.4813,1.8333,95.729,103.34,102.16
20779,11382,32908.0694,10367.1462,32188.9357,-6836.3955,-11.9868,-12.3589,1.7500,95.833,103.45,102.32
20802,11394,32943.9638,10378.4541,32224.4899,-6841.7664,-11.9831,-11.9442,1.9167,95.938,105.02,103.78
20823,11406,32977.2576,10388.9428,32256.8005,-6849.8928,-11.9852,-11.9489,1.7500,96.043,104.87,103.70
20846,11418,33014.0429,10400.5314,32293.1830,-6855.6514,-11.9819,-11.9670,1.9167,96.148,105.71,104.49
20869,11430,33049.9702,10411.8497,32327.7028,-6866.0533,-11.9871,-11.8924,1.9167,96.252,103.72,102.48
20891,11442,33084.3241,10422.6723,32361.5625,-6871.9879,-11.9850,-12.4972,1.8333,96.355,102.55,101.37
20913,11454,33120.0493,10433.9270,32396.3960,-6879.9384,-11.9859,-11.7455,1.8333,96.460,105.23,104.04
20936,11466,33155.9437,10445.2349,32431.9501,-6885.3092,-11.9823,-11.9331,1.9167,96.563,103.62,102.38
20959,11478,33192.1210,10456.6320,32466.5369,-6896.5988,-11.9889,-12.6584,1.9167,96.668,104.59,103.38
20982,11490,33227.7169,10467.8459,32503.0469,-6896.0273,-11.9749,-11.0940,1.9167,96.774,105.52,104.28
21001,11502,33260.1841,10478.0741,32532.9616,-6911.4615,-11.9902,-12.5555,1.5833,96.873,99.47,98.41
21024,11514,33294.7314,10488.9577,32567.5635,-6914.8311,-11.9835,-11.9070,1.9167,96.975,102.01,100.83
21045,11526,33329.9972,10500.0676,32601.5763,-6924.4352,-11.9875,-12.4746,1.7500,97.074,99.35,98.25
21067,11538,33364.3829,10510.9003,32635.3645,-6930.8595,-11.9863,-11.8605,1.8333,97.179,104.90,103.74
21090,11550,33400.5173,10522.2838,32670.9709,-6937.1398,-11.9841,-11.9557,1.9167,97.283,103.48,102.29
21110,11562,33431.9985,10532.2014,32701.7701,-6943.6572,-11.9841,-12.1370,1.6667,97.386,102.84,101.74
21133,11574,33468.3709,10543.6600,32737.1036,-6952.3691,-11.9861,-11.9067,1.9167,97.491,105.25,104.07
21156,11586,33502.8980,10554.5372,32771.9600,-6954.4409,-11.9772,-11.6206,1.9167,97.596,104.97,103.74
21176,11598,33535.9940,10564.9635,32803.4161,-6965.6419,-11.9848,-12.4142,1.6667,97.699,103.12,102.03
21198,11610,33569.8702,10575.6357,32837.4963,-6968.2354,-11.9770,-11.4906,1.8333,97.803,103.61,102.40
21219,11622,33604.7125,10586.6122,32870.3511,-6981.2571,-11.9871,-12.1873,1.7500,97.908,105.26,104.13
21242,11634,33640.6069,10597.9201,32905.9052,-6986.6279,-11.9835,-11.8955,1.9167,98.013,104.92,103.72
21264,11646,33674.5092,10608.6005,32940.0116,-6989.2233,-11.9757,-11.6677,1.8333,98.117,103.90,102.70
21283,11658,33704.5512,10618.0647,32967.3058,-7005.3214,-11.9929,-12.2839,1.5833,98.219,102.24,101.15
21304,11670,33738.1383,10628.6458,33002.3567,-7001.9508,-11.9749,-11.4650,1.7500,98.321,102.36,101.21
21325,11682,33772.9965,10639.6272,33035.2228,-7014.9961,-11.9850,-11.9374,1.7500,98.426,104.56,103.38
21348,11694,33807.5441,10650.5109,33069.8248,-7018.3657,-11.9784,-11.7826,1.9167,98.526,100.54,99.34
21369,11706,33841.9712,10661.3566,33102.2215,-7031.5443,-11.9889,-11.9850,1.7500,98.630,103.39,102.28
21391,11718,33876.9845,10672.3870,33136.9619,-7036.5057,-11.9849,-12.4951,1.8333,98.735,105.10,103.91
21414,11730,33911.7677,10683.3448,33171.8821,-7039.5105,-11.9776,-11.3328,1.9167,98.840,105.08,103.84
21435,11742,33945.7191,10694.0407,33203.9083,-7052.1445,-11.9872,-12.1768,1.7500,98.945,105.03,103.86
21457,11754,33980.9724,10705.1467,33238.7010,-7058.0153,-11.9847,-11.8412,1.8333,99.046,100.62,99.45
21479,11766,34017.1192,10716.5341,33273.5275,-7068.0288,-11.9890,-12.1308,1.8333,99.148,102.05,100.85
21502,11778,34052.5456,10727.6946,33309.3169,-7070.0369,-11.9798,-11.7604,1.9167,99.251,103.22,101.97
21524,11790,34087.3993,10738.6747,33342.8699,-7079.8240,-11.9842,-11.9912,1.8333,99.354,102.96,101.76
21545,11802,34121.3181,10749.3602,33375.9305,-7087.4268,-11.9852,-11.9374,1.7500,99.458,104.45,103.28
21567,11814,34154.4147,10759.7868,33407.3865,-7098.6278,-11.9926,-12.7847,1.8333,99.562,103.97,102.75
21590,11826,34190.0199,10771.0036,33443.9113,-7098.0345,-11.9789,-11.6788,1.9167,99.665,103.21,102.00
21611,11838,34225.3060,10782.1199,33477.6696,-7108.9365,-11.9850,-12.3957,1.7500,99.767,101.76,100.58
21634,11850,34260.0892,10793.0778,33512.5897,-7111.9413,-11.9778,-11.5016,1.9167,99.870,103.08,101.88
21655,11862,34294.0407,10803.7737,33544.6160,-7124.5753,-11.9874,-12.1874,1.7500,99.975,105.16,103.98
21677,11874,34329.2940,10814.8796,33579.4087,-7130.4461,-11.9849,-12.4549,1.8333,100.078,103.08,101.88
21699,11886,34365.4408,10826.2671,33614.2352,-7140.4596,-11.9892,-11.7989,1.8333,100.181,102.31,101.15
21722,11898,34400.8671,10837.4276,33650.0246,-7142.4677,-11.9800,-12.2411,1.9167,100.283,102.65,101.43
21744,11910,34435.7209,10848.4077,33683.5775,-7152.2547,-11.9844,-11.9532,1.8333,100.387,103.75,102.58
21766,11922,34468.6902,10858.7941,33716.8179,-7154.4369,-11.9765,-11.8770,1.8333,100.491,103.56,102.37
21787,11934,34503.5485,10869.7757,33749.6841,-7167.4822,-11.9863,-11.8573,1.7500,100.596,105.51,104.38
21810,11946,34540.3338,10881.3643,33786.0666,-7173.2408,-11.9831,-11.8955,1.9167,100.701,104.84,103.63
21831,11958,34573.6276,10891.8529,33818.3772,-7181.3672,-11.9852,-12.3760,1.7500,100.806,104.95,103.80
21852,11970,34606.6043,10902.2417,33851.5245,-7184.0245,-11.9781,-11.5103,1.7500,100.906,99.57,98.45
21873,11982,34640.1562,10912.8117,33883.0099,-7197.2815,-11.9887,-12.1967,1.7500,101.007,101.71,100.60
21895,11994,34675.1695,10923.8420,33917.7503,-7202.2429,-11.9848,-11.7684,1.8333,101.111,103.48,102.29
21918,12006,34711.0639,10935.1500,33953.3044,-7207.6137,-11.9813,-12.0590,1.9167,101.216,104.92,103.69
21941,12018,34747.8821,10946.7489,33988.6526,-7218.4034,-11.9866,-12.1115,1.9167,101.321,104.99,103.73
21962,12030,34781.5888,10957.3677,34022.0123,-7223.5765,-11.9836,-11.8999,1.7500,101.421,100.59,99.43
21983,12042,34815.3043,10967.9892,34054.3159,-7233.7660,-11.9889,-11.7989,1.7500,101.521,99.84,98.68
24183,13244,38297.6525,12065.0457,37460.3880,-7958.6273,-11.9912,-12.4142,1.8333,111.877,103.64,102.46
26367,14445,41757.2928,13154.9485,40845.4727,-8673.0021,-11.9850,-11.7684,1.8333,122.222,105.56,104.36
28560,15647,45229.7892,14248.9014,44243.1081,-9390.1633,-11.9799,-11.4786,1.7500,132.553,99.41,98.28
30758,16849,48711.2704,15345.6848,47647.9118,-10116.8262,-11.9848,-11.9557,1.9167,142.871,103.52,102.29
32949,18050,52180.2249,16438.5219,51041.3739,-10836.5906,-11.9841,-12.2489,1.7500,153.325,104.30,103.16
35138,19251,55647.2369,17530.7470,54433.1917,-11554.7453,-11.9823,-11.7604,1.9167,164.007,104.96,103.74
37334,20452,59124.6815,18626.2588,57834.3488,-12279.1467,-11.9847,-12.0181,1.9167,174.692,108.49,107.21
39522,21653,62588.5822,19717.5037,61223.4793,-12994.9781,-11.9815,-11.8689,1.9167,185.362,106.15,104.88
41713,22855,66059.8474,20811.0688,64617.6799,-13722.3915,-11.9875,-12.2541,1.7500,196.070,106.40,105.26
43905,24055,69531.9344,21904.8927,68014.5424,-14441.2229,-11.9856,-12.3662,1.7500,206.740,108.59,107.38
46090,25257,72991.3774,22994.7333,71398.7725,-15158.6722,-11.9848,-11.9442,1.9167,217.460,108.53,107.22
48282,26458,76460.7952,24087.7164,74793.3849,-15875.2479,-11.9819,-11.6933,1.8333,228.159,104.72,103.51
50475,27659,79936.0644,25182.5428,78191.5677,-16603.1849,-11.9866,-12.1873,1.7500,238.860,107.09,105.94
52668,28860,83408.4075,26276.4474,81588.4939,-17322.9493,-11.9856,-12.4142,1.6667,249.553,106.60,105.44
54858,30061,86875.3792,27368.6598,84980.7403,-18038.8911,-11.9829,-11.5016,1.9167,260.227,107.46,106.20
57054,31263,90353.4671,28464.3742,88382.7667,-18762.2958,-11.9837,-11.7227,1.9167,270.883,102.24,101.04
59241,32463,93818.7315,29556.0488,91771.8035,-19485.1359,-11.9858,-12.3662,1.7500,281.584,108.27,107.09
61426,33665,97278.1745,30645.8894,95156.0335,-20202.5851,-11.9852,-11.9442,1.7500,292.492,118.91,117.70
63622,34866,100754.6672,31741.1013,98557.7441,-20919.7949,-11.9825,-11.0940,1.9167,304.523,122.33,120.98
65812,36067,104223.9561,32834.0437,101950.5085,-21644.4564,-11.9850,-11.9331,1.9167,316.548,122.30,120.96
68003,37268,107693.3982,33927.0344,105343.9821,-22366.5147,-11.9858,-12.4972,1.8333,328.566,118.92,117.63
70192,38469,111159.4946,35018.9711,108735.3172,-23082.5349,-11.9838,-11.7826,1.9167,340.403,114.66,113.29
72387,39670,114636.5386,36114.3566,112135.3443,-23810.3297,-11.9868,-12.1544,1.8333,351.219,120.57,119.32
74578,40871,118104.5788,37206.9057,115529.2443,-24523.6281,-11.9834,-11.8770,1.8333,363.224,116.51,115.24
76764,42073,121567.4176,38297.8161,118915.6606,-25247.1321,-11.9855,-11.9532,1.7500,375.148,104.36,103.20
78950,43274,125029.9836,39388.6406,122303.0590,-25964.6955,-11.9848,-11.5255,1.9167,385.829,108.47,107.23
81141,44475,128500.1375,40481.8555,125696.6257,-26689.7429,-11.9869,-12.2437,1.7500,396.536,107.26,106.09
83335,45676,131974.6706,41576.4500,129095.8542,-27409.2083,-11.9859,-12.1873,1.7500,407.279,107.59,106.42
85531,46877,135452.9941,42672.2387,132498.1988,-28132.2481,-11.9862,-11.8605,1.8333,418.159,107.16,105.95
87724,48079,138924.4042,43765.8494,135894.2589,-28851.5993,-11.9856,-11.9556,1.9167,429.961,121.53,120.25
89911,49280,142389.6687,44857.5239,139283.2957,-29574.4394,-11.9869,-12.1308,1.8333,441.947,118.44,117.10
92099,50482,145853.1461,45948.6356,142671.2681,-30293.6884,-11.9869,-12.2252,1.9167,453.912,121.54,120.21
94289,51683,149322.1361,47041.4838,146064.9884,-31012.4075,-11.9862,-12.2955,1.9167,465.919,119.21,117.92
96482,52884,152793.7572,48135.1610,149461.7125,-31729.6472,-11.9847,-11.5011,1.9167,477.924,114.75,113.47
98671,54085,156261.4676,49227.6061,152853.1153,-32453.1212,-11.9860,-12.4247,1.7500,489.931,121.86,120.57
100863,55286,159733.3411,50321.3628,156249.1118,-33175.0035,-11.9863,-12.3589,1.7500,501.940,118.63,117.44
103058,56487,163208.7552,51416.2349,159649.1540,-33894.8783,-11.9857,-11.8955,1.9167,513.913,120.39,119.05
105250,57689,166679.0799,52509.5036,163044.6064,-34611.8654,-11.9844,-11.4906,1.8333,525.903,119.85,118.54
107436,58892,170141.0118,53600.1283,166430.1828,-35334.9580,-11.9858,-12.0239,1.7500,537.898,118.69,117.43
109622,60092,173603.5777,54690.9528,169817.5812,-36052.5215,-11.9853,-11.7236,1.9167,549.897,122.20,120.84
111818,61294,177082.1412,55786.8170,173219.9780,-36776.4708,-11.9858,-12.0043,1.9167,561.915,119.78,118.45
114006,62494,180544.8688,56877.6924,176608.1901,-37490.9795,-11.9843,-11.8999,1.8333,573.905,119.34,118.06
116201,63696,184023.0561,57973.4381,180008.7797,-38221.6301,-11.9870,-12.3160,1.5833,585.960,117.08,115.88
118395,64897,187496.9298,59067.8249,183407.1275,-38942.0686,-11.9867,-12.6274,1.9167,597.943,119.41,118.05
120585,66099,190965.9198,60160.6732,186800.8478,-39660.7877,-11.9862,-11.7455,1.8333,609.929,120.29,119.05
122773,67301,194430.7182,61252.2010,190189.7462,-40382.0361,-11.9867,-11.9850,1.7500,621.903,121.59,120.35
124955,68502,197885.1307,62340.4568,193568.3782,-41101.6306,-11.9873,-12.7847,1.8333,633.909,117.69,116.40
127152,69704,201364.6943,63436.6361,196973.2047,-41818.9507,-11.9858,-11.9556,1.9167,645.918,122.41,121.01
129339,70904,204829.9587,64528.3107,200362.2415,-42541.7908,-11.9867,-11.7989,1.7500,658.016,118.66,117.40
131539,72106,208312.3069,65625.3672,203768.3137,-43266.6521,-11.9871,-12.4142,1.8333,670.038,120.53,119.20
133723,73307,211771.9472,66715.2700,207153.3983,-43981.0269,-11.9860,-11.7684,1.8333,682.037,122.33,121.02
135916,74509,215244.4435,67809.2229,210551.0337,-44698.1881,-11.9849,-11.4786,1.7500,694.058,119.00,117.68
138114,75711,218725.9249,68906.0064,213955.8374,-45424.8510,-11.9859,-11.9557,1.9167,706.060,120.06,118.67
140305,76912,222194.8794,69998.8434,217349.2995,-46144.6154,-11.9857,-12.2489,1.7500,718.098,120.28,119.00
142494,78113,225661.8913,71091.0685,220741.1174,-46862.7701,-11.9853,-11.7604,1.9167,730.099,115.58,114.22
144690,79314,229139.3360,72186.5803,224142.2745,-47587.1715,-11.9858,-12.0181,1.9167,742.102,121.89,120.51
146878,80515,232604.3480,73278.1754,227532.0389,-48305.3689,-11.9855,-12.0590,1.9167,754.103,120.35,119.04
149069,81717,236074.5019,74371.3903,230925.6056,-49030.4163,-11.9866,-12.2541,1.7500,766.119,121.59,120.35
151261,82917,239546.5889,75465.2142,234322.4680,-49749.2477,-11.9860,-12.3662,1.7500,778.128,119.51,118.28
153446,84119,243006.0319,76555.0548,237706.6981,-50466.6970,-11.9858,-11.9442,1.9167,790.132,121.07,119.74
155638,85320,246475.4495,77648.0378,241101.3106,-51183.2727,-11.9849,-11.6933,1.8333,802.157,119.76,118.46
157831,86521,249950.7189,78742.8643,244499.4933,-51911.2097,-11.9863,-12.1873,1.7500,814.197,122.02,120.75
160024,87722,253423.0620,79836.7689,247896.4195,-52630.9741,-11.9860,-12.4142,1.6667,826.218,115.95,114.77
162214,88923,256890.0336,80928.9813,251288.6660,-53346.9159,-11.9851,-11.5016,1.9167,838.238,120.82,119.49
164410,90125,260368.1216,82024.6957,254690.6923,-54070.3206,-11.9854,-11.7227,1.9167,850.239,118.56,117.23
166597,91325,263833.3860,83116.3703,258079.7291,-54793.1606,-11.9861,-12.3662,1.7500,862.261,122.04,120.72
168782,92527,267292.8289,84206.2109,261463.9592,-55510.6099,-11.9859,-11.9442,1.7500,874.281,121.81,120.58
170978,93728,270769.3216,85301.4228,264865.6697,-56227.8197,-11.9848,-11.0940,1.9167,886.305,119.32,117.90
173168,94929,274238.6106,86394.3652,268258.4341,-56952.4812,-11.9857,-11.9331,1.9167,898.344,122.31,120.98
175359,96130,277708.0527,87487.3559,271651.9077,-57674.5395,-11.9861,-12.4972,1.8333,910.348,119.12,117.84
177548,97331,281174.1490,88579.2926,275043.2428,-58390.5597,-11.9853,-11.7826,1.9167,922.381,118.89,117.58
179743,98532,284651.1930,89674.6781,278443.2699,-59118.3545,-11.9865,-12.1544,1.8333,934.391,118.53,117.23
181934,99733,288119.2332,90767.2272,281837.1700,-59831.6529,-11.9850,-11.8770,1.8333,946.382,119.95,118.63
184120,100935,291582.0721,91858.1376,285223.5863,-60555.1569,-11.9859,-11.9532,1.7500,958.355,120.38,119.13
186306,102136,295044.6380,92948.9621,288610.9847,-61272.7203,-11.9856,-11.5255,1.9167,970.368,120.97,119.62
188497,103337,298514.7920,94042.1770,292004.5514,-61997.7677,-11.9865,-12.2437,1.7500,982.387,121.28,120.08
190691,104538,301989.3251,95136.7716,295403.7799,-62717.2330,-11.9861,-12.1873,1.7500,994.380,120.25,118.98
192887,105739,305467.6486,96232.5602,298806.1244,-63440.2729,-11.9862,-11.8605,1.8333,1006.382,117.82,116.53
195080,106940,308939.0587,97326.1709,302202.1846,-64159.6241,-11.9859,-11.9070,1.9167,1018.407,121.54,120.24
197267,108141,312404.3232,98417.8455,305591.2214,-64882.4642,-11.9865,-12.1308,1.8333,1030.413,118.36,117.05
199455,109343,315867.8006,99508.9571,308979.1937,-65601.7132,-11.9865,-12.2252,1.9167,1042.380,121.49,120.17
201645,110544,319336.7906,100601.8054,312372.9141,-66320.4323,-11.9862,-12.2955,1.9167,1054.397,121.89,120.61
203838,111745,322808.4116,101695.4825,315769.6381,-67037.6720,-11.9855,-11.5011,1.9167,1066.402,117.51,116.17
206027,112946,326276.1221,102787.9277,319161.0409,-67761.1460,-11.9861,-12.4247,1.7500,1078.434,122.37,121.07
208219,114147,329747.9956,103881.6843,322557.0374,-68483.0283,-11.9863,-12.3589,1.7500,1090.481,122.92,121.66
210414,115348,333223.4097,104976.5564,325957.0796,-69202.9031,-11.9859,-11.8955,1.9167,1102.492,121.96,120.63
212606,116550,336693.7343,106069.8251,329352.5320,-69919.8902,-11.9853,-11.4906,1.8333,1114.529,119.69,118.38
214792,117752,340155.6663,107160.4498,332738.1084,-70642.9828,-11.9860,-12.0239,1.7500,1126.569,118.77,117.53
216978,118952,343618.2322,108251.2743,336125.5068,-71360.5463,-11.9858,-11.7236,1.9167,1138.596,120.89,119.55
219174,120154,347096.7957,109347.1385,339527.9036,-72084.4956,-11.9860,-12.0043,1.9167,1150.634,119.34,118.02
221362,121354,350559.5232,110438.0139,342916.1158,-72799.0043,-11.9853,-11.8999,1.8333,1162.657,119.55,118.30
223557,122556,354037.7106,111533.7597,346316.7053,-73529.6549,-11.9866,-12.3160,1.5833,1174.697,118.95,117.76
225751,123757,357511.5843,112628.1464,349715.0531,-74250.0934,-11.9865,-12.6274,1.9167,1186.739,120.42,119.08
227941,124959,360980.5743,113720.9947,353108.7734,-74968.8125,-11.9862,-11.7455,1.8333,1198.785,122.27,121.02
230129,126161,364445.3727,114812.5225,356497.6718,-75690.0609,-11.9865,-11.9850,1.7500,1210.799,119.75,118.54
232311,127362,367899.7852,115900.7783,359876.3038,-76409.6554,-11.9868,-12.7847,1.8333,1222.837,120.71,119.19
234508,128564,371379.3488,116996.9576,363281.1304,-77126.9755,-11.9860,-11.9556,1.9167,1234.905,117.54,116.28
236695,129764,374844.6132,118088.6322,366670.1672,-77849.8156,-11.9865,-11.7989,1.7500,1246.892,117.66,116.43
238895,130966,378326.9613,119185.6887,370076.2393,-78574.6769,-11.9867,-12.4142,1.8333,1258.932,120.59,119.30
241079,132167,381786.6017,120275.5916,373461.3240,-79289.0517,-11.9861,-11.7684,1.8333,1270.885,119.40,118.15
243272,133369,385259.0979,121369.5444,376858.9593,-80006.2129,-11.9855,-11.4786,1.7500,1282.908,117.61,116.37
245470,134571,388740.5794,122466.3279,380263.7630,-80732.8758,-11.9860,-11.9557,1.9167,1294.891,119.65,118.31
247649,135772,392190.4917,123553.1660,383638.2969,-81450.1043,-11.9862,-11.9018,1.7500,1306.856,120.50,119.22
249842,136973,395663.6998,124647.3431,387036.0254,-82170.2545,-11.9860,-11.8955,1.9167,1318.876,121.75,120.45
252031,138174,399131.4103,125739.7883,390427.4283,-82893.7286,-11.9865,-11.7989,1.8333,1330.867,118.55,117.28
254228,139376,402609.4814,126835.4974,393830.5004,-83612.1258,-11.9859,-11.9331,1.9167,1342.947,123.25,121.90
256417,140576,406075.8449,127927.5183,397220.9511,-84333.5986,-11.9861,-11.7804,1.8333,1355.170,119.07,117.83
258610,141779,409549.7038,129021.9004,400619.4557,-85053.2272,-11.9859,-12.2157,1.9167,1367.452,125.27,123.92
260802,142981,413020.6864,130115.3764,404014.6237,-85774.7217,-11.9860,-11.8840,1.9167,1379.796,125.48,124.13
262994,144182,416490.1040,131208.3594,407409.2362,-86491.2975,-11.9854,-11.6933,1.8333,1392.158,122.86,121.56
265187,145383,419965.3734,132303.1858,410807.4189,-87219.2345,-11.9863,-12.1873,1.7500,1404.519,123.34,122.09
267380,146584,423437.7165,133397.0904,414204.3451,-87938.9989,-11.9861,-12.4142,1.6667,1416.888,123.46,122.23
269570,147785,426904.6880,134489.3028,417596.5916,-88654.9407,-11.9855,-11.5016,1.9167,1429.261,124.10,122.77
271766,148987,430382.7761,135585.0173,420998.6180,-89378.3453,-11.9857,-11.7227,1.9167,1441.596,122.14,120.83
273953,150187,433848.0405,136676.6918,424387.6547,-90101.1854,-11.9861,-12.3662,1.7500,1453.983,125.41,124.14
276138,151389,437307.4834,137766.5325,427771.8848,-90818.6347,-11.9860,-11.9442,1.7500,1466.317,124.07,122.85
278334,152590,440783.9761,138861.7443,431173.5954,-91535.8444,-11.9854,-11.0940,1.9167,1478.709,125.03,123.69
280524,153791,444253.2651,139954.6868,434566.3598,-92260.5060,-11.9859,-11.9331,1.9167,1491.108,124.29,122.97
282715,154992,447722.7072,141047.6775,437959.8333,-92982.5643,-11.9861,-12.4972,1.8333,1503.481,121.94,120.64
284904,156193,451188.8035,142139.6141,441351.1685,-93698.5845,-11.9856,-11.7826,1.9167,1515.820,121.02,119.66
287099,157394,454665.8475,143234.9997,444751.1955,-94426.3793,-11.9864,-12.1544,1.8333,1528.207,125.76,124.49
289290,158595,458133.8877,144327.5487,448145.0956,-95139.6777,-11.9855,-11.8770,1.8333,1540.578,123.41,122.12
291476,159797,461596.7266,145418.4592,451531.5119,-95863.1817,-11.9860,-11.9532,1.7500,1552.950,122.94,121.65
293662,160998,465059.2925,146509.2836,454918.9103,-96580.7451,-11.9858,-11.5255,1.9167,1565.307,124.95,123.61
295853,162199,468529.4465,147602.4986,458312.4770,-97305.7925,-11.9864,-12.2437,1.7500,1577.685,124.77,123.58
298047,163400,472003.9796,148697.0931,461711.7055,-98025.2578,-11.9861,-12.1873,1.7500,1590.037,123.37,122.10
300243,164601,475482.3031,149792.8817,465114.0500,-98748.2977,-11.9862,-11.8605,1.8333,1602.421,123.48,122.19
302436,165802,478953.7132,150886.4924,468510.1102,-99467.6489,-11.9860,-11.9070,1.9167,1614.804,125.39,124.07
304623,167003,482418.9776,151978.1670,471899.1470,-100190.4890,-11.9864,-12.1308,1.8333,1627.189,120.40,119.07
306811,168205,485882.4551,153069.2786,475287.1194,-100909.7380,-11.9864,-12.2252,1.9167,1639.522,124.89,123.51
309001,169406,489351.4451,154162.1269,478680.8397,-101628.4571,-11.9862,-12.2955,1.9167,1651.902,125.95,124.65
311194,170607,492823.0661,155255.8040,482077.5638,-102345.6967,-11.9858,-11.5011,1.9167,1664.300,138.40,137.02
313383,171808,496290.7766,156348.2492,485468.9666,-103069.1708,-11.9862,-12.4247,1.7500,1676.650,124.36,123.02
315575,173009,499762.6501,157442.0058,488864.9630,-103791.0531,-11.9863,-12.3589,1.7500,1689.060,126.30,125.03
317768,174210,503234.9932,158535.9104,492261.8892,-104510.8175,-11.9861,-11.9419,1.9167,1701.465,123.57,122.23
319962,175411,506708.3888,159630.1466,495660.4576,-105227.9150,-11.9856,-11.4906,1.8333,1713.833,122.43,121.13
322148,176613,510170.3208,160720.7714,499046.0341,-105951.0076,-11.9861,-12.0239,1.7500,1726.185,123.61,122.33
324334,177813,513632.8867,161811.5958,502433.4325,-106668.5711,-11.9859,-11.7236,1.9167,1738.548,123.26,121.98
326530,179015,517111.4502,162907.4601,505835.8293,-107392.5203,-11.9861,-12.0043,1.9167,1750.946,123.17,121.88
328718,180215,520574.1777,163998.3354,509224.0414,-108107.0291,-11.9856,-11.8999,1.8333,1763.270,122.91,121.65
330913,181417,524052.3651,165094.0812,512624.6310,-108837.6797,-11.9865,-12.3160,1.5833,1775.638,122.02,120.82
333107,182618,527526.2388,166188.4680,516022.9788,-109558.1182,-11.9864,-12.6274,1.9167,1787.995,124.06,122.76
335297,183820,530995.2288,167281.3162,519416.6991,-110276.8373,-11.9862,-11.7455,1.8333,1800.378,125.94,124.65
337485,185021,534460.0272,168372.8440,522805.5974,-110998.0857,-11.9864,-11.9850,1.7500,1812.769,124.20,122.95
339667,186222,537914.4397,169461.0999,526184.2294,-111717.6802,-11.9866,-12.7847,1.8333,1825.118,124.20,122.87
341864,187424,541394.0033,170557.2792,529589.0560,-112435.0003,-11.9860,-11.9556,1.9167,1837.487,124.60,123.28
344051,188624,544859.2677,171648.9537,532978.0928,-113157.8404,-11.9864,-11.7989,1.7500,1849.817,122.08,120.83
346251,189826,548341.6158,172746.0103,536384.1649,-113882.7017,-11.9866,-12.4142,1.8333,1862.164,118.47,117.27
348435,191027,551801.2562,173835.9131,539769.2496,-114597.0765,-11.9861,-11.7684,1.8333,1874.535,124.87,123.52
350628,192229,555273.7524,174929.8659,543166.8850,-115314.2377,-11.9857,-11.4786,1.7500,1886.928,121.76,120.48
352826,193431,558755.2339,176026.6494,546571.6886,-116040.9005,-11.9861,-11.9557,1.9167,1899.309,123.56,122.22
355005,194632,562205.1462,177113.4876,549946.2226,-116758.1290,-11.9862,-11.9018,1.7500,1911.662,124.26,122.95
357198,195833,565678.3542,178207.6646,553343.9511,-117478.2793,-11.9861,-11.8955,1.9167,1924.063,125.59,124.23
359387,197034,569146.0648,179300.1098,556735.3539,-118201.7534,-11.9864,-11.7989,1.8333,1936.424,122.20,120.86
361584,198236,572624.1359,180395.8189,560138.4260,-118920.1505,-11.9860,-11.9331,1.9167,1948.770,124.00,122.65
363773,199436,576090.4994,181487.8398,563528.8767,-119641.6234,-11.9862,-11.7804,1.8333,1961.123,123.64,122.30
365966,200639,579564.3583,182582.2219,566927.3813,-120361.2520,-11.9860,-12.2157,1.9167,1973.487,126.01,124.67
368158,201841,583035.3409,183675.6979,570322.5494,-121082.7465,-11.9860,-11.8840,1.9167,1985.867,123.77,122.46
370341,203042,586493.5303,184765.1436,573704.4881,-121804.9526,-11.9864,-12.5555,1.5833,1998.213,122.69,121.47
372535,204243,589966.5288,185859.2547,577101.9246,-122525.4696,-11.9864,-12.6584,1.9167,2010.596,124.01,122.68
374722,205444,593429.0518,186950.0656,580490.3426,-123238.0237,-11.9857,-11.3328,1.9167,2022.963,124.94,123.55
376917,206645,596906.5014,188045.5789,583890.8129,-123965.6833,-11.9863,-11.8924,1.7500,2035.332,125.50,124.21
379107,207846,600374.8504,189138.2253,587283.7717,-124684.9024,-11.9862,-12.3760,1.7500,2047.689,120.01,118.83
381299,209049,603845.0204,190231.4453,590677.3499,-125409.9734,-11.9866,-12.2839,1.5833,2060.017,124.07,122.82
383492,210250,607319.0669,191325.8865,594076.6944,-126126.5491,-11.9861,-11.9532,1.8333,2072.396,121.43,120.15
385690,211452,610798.6305,192422.0658,597481.5210,-126843.8692,-11.9856,-11.0940,1.9167,2084.775,125.87,124.50
387880,212653,614267.9195,193515.0083,600874.2854,-127568.5308,-11.9860,-11.9331,1.9167,2097.169,123.98,122.62
390071,213854,617737.3616,194607.9990,604267.7590,-128290.5891,-11.9861,-12.4972,1.8333,2109.491,122.43,121.10
392260,215055,621203.4580,195699.9356,607659.0941,-129006.6093,-11.9858,-11.7826,1.9167,2121.847,122.39,121.05
394455,216256,624680.5020,196795.3212,611059.1211,-129734.4041,-11.9863,-12.1544,1.8333,2134.197,124.30,123.04
396646,217457,628148.5422,197887.8702,614453.0212,-130447.7025,-11.9857,-11.8770,1.8333,2146.572,123.34,122.00
398832,218659,631611.3811,198978.7807,617839.4375,-131171.2065,-11.9861,-11.9532,1.7500,2158.945,123.46,122.18
401018,219860,635073.9470,200069.6051,621226.8359,-131888.7699,-11.9859,-11.5255,1.9167,2171.321,120.54,119.20
403209,221061,638544.1010,201162.8201,624620.4026,-132613.8173,-11.9863,-12.2437,1.7500,2183.689,123.24,121.98
405403,222262,642018.6341,202257.4146,628019.6311,-133333.2826,-11.9862,-12.1873,1.7500,2196.052,125.22,123.91
407599,223463,645496.9576,203353.2032,631421.9757,-134056.3225,-11.9862,-11.8605,1.8333,2208.425,125.46,124.14
409792,224664,648968.3677,204446.8139,634818.0358,-134775.6737,-11.9861,-11.9070,1.9167,2220.737,121.42,120.11
411979,225865,652433.6321,205538.4885,638207.0726,-135498.5138,-11.9864,-12.1308,1.8333,2233.130,126.84,125.54
414167,227067,655897.1096,206629.6001,641595.0450,-136217.7628,-11.9864,-12.2252,1.9167,2245.496,125.32,123.98
416357,228268,659366.0996,207722.4484,644988.7653,-136936.4819,-11.9862,-12.2955,1.9167,2257.887,125.26,123.94
418550,229469,662837.7206,208816.1255,648385.4894,-137653.7215,-11.9859,-11.5011,1.9167,2270.300,121.98,120.65
420739,230670,666305.4311,209908.5707,651776.8922,-138377.1956,-11.9862,-12.4247,1.7500,2282.677,122.88,121.57
422931,231871,669777.3046,211002.3274,655172.8887,-139099.0779,-11.9862,-12.3589,1.7500,2295.119,123.83,122.59
425124,233072,673249.6477,212096.2320,658569.8149,-139818.8423,-11.9861,-11.9419,1.9167,2307.535,123.42,122.07
427318,234273,676723.0433,213190.4681,661968.3833,-140535.9398,-11.9858,-11.4906,1.8333,2319.952,123.46,122.16
429504,235475,680184.9752,214281.0929,665353.9597,-141259.0324,-11.9861,-12.0239,1.7500,2332.327,122.80,121.52
431690,236675,683647.5411,215371.9173,668741.3581,-141976.5958,-11.9860,-11.7236,1.9167,2344.733,125.87,124.53
433886,237877,687126.1047,216467.7816,672143.7549,-142700.5451,-11.9861,-12.0043,1.9167,2357.126,123.91,122.56
436074,239077,690588.8322,217558.6570,675531.9670,-143415.0539,-11.9857,-11.8999,1.8333,2369.486,123.65,122.36
438269,240279,694067.0196,218654.4027,678932.5566,-144145.7045,-11.9864,-12.3160,1.5833,2381.854,122.43,121.25
440463,241480,697540.8933,219748.7895,682330.9044,-144866.1430,-11.9863,-12.6274,1.9167,2394.229,125.50,124.12
442653,242681,701009.8833,220841.6377,685724.6247,-145584.8621,-11.9862,-11.7455,1.8333,2406.643,125.76,124.47
444841,243882,704474.6817,221933.1655,689113.5231,-146306.1104,-11.9863,-11.9850,1.7500,2419.002,123.96,122.72
447023,245083,707929.0942,223021.4214,692492.1551,-147025.7050,-11.9865,-12.7847,1.8333,2431.362,123.62,122.33
449220,246285,711408.6578,224117.6007,695896.9816,-147743.0251,-11.9861,-11.9556,1.9167,2443.745,125.30,123.99
451407,247485,714873.9222,225209.2753,699286.0184,-148465.8652,-11.9863,-11.7989,1.7500,2456.107,119.22,117.98
453607,248687,718356.2703,226306.3318,702692.0906,-149190.7265,-11.9865,-12.4142,1.8333,2468.469,123.56,122.28
455791,249888,721815.9107,227396.2346,706077.1752,-149905.1013,-11.9861,-11.7684,1.8333,2480.833,125.23,123.87
457984,251090,725288.4069,228490.1874,709474.8106,-150622.2624,-11.9858,-11.4786,1.7500,2493.236,121.30,120.01
460182,252291,728769.8884,229586.9709,712879.6143,-151348.9253,-11.9861,-11.9557,1.9167,2505.592,119.73,118.42
462361,253492,732219.8007,230673.8091,716254.1482,-152066.1538,-11.9862,-11.9018,1.7500,2517.964,123.27,121.92
464554,254693,735693.0087,231767.9862,719651.8767,-152786.3041,-11.9861,-11.8955,1.9167,2530.332,124.25,122.94
466743,255894,739160.7193,232860.4314,723043.2795,-153509.7781,-11.9864,-11.7989,1.8333,2542.684,122.26,120.93
468940,257096,742638.7904,233956.1405,726446.3517,-154228.1753,-11.9860,-11.9331,1.9167,2555.058,121.83,120.46
471129,258296,746105.1539,235048.1613,729836.8023,-154949.6482,-11.9862,-11.7804,1.8333,2567.428,123.50,122.20
473322,259499,749579.0128,236142.5434,733235.3070,-155669.2768,-11.9860,-12.2157,1.9167,2579.769,125.94,124.60
475514,260701,753049.9953,237236.0194,736630.4750,-156390.7713,-11.9861,-11.8840,1.9167,2592.096,124.66,123.28
477697,261902,756508.1848,238325.4651,740012.4137,-157112.9774,-11.9864,-12.5555,1.5833,2604.471,119.68,118.44
479891,263103,759981.1833,239419.5762,743409.8502,-157833.4944,-11.9863,-12.6584,1.9167,2616.863,122.17,120.86
482078,264304,763443.7063,240510.3872,746798.2682,-158546.0484,-11.9858,-11.3328,1.9167,2629.615,131.12,129.71
484273,265505,766921.1559,241605.9005,750198.7385,-159273.7081,-11.9863,-11.8924,1.7500,2642.511,130.49,129.19
486463,266706,770389.5049,242698.5468,753591.6974,-159992.9272,-11.9862,-12.3760,1.7500,2655.423,128.10,126.84
488655,267909,773859.6749,243791.7668,756985.2755,-160717.9981,-11.9865,-12.2839,1.5833,2668.290,127.88,126.59
490848,269110,777333.7214,244886.2080,760384.6200,-161434.5739,-11.9861,-11.9532,1.8333,2681.164,128.75,127.44
493029,270312,780787.2108,245974.1731,763762.4007,-162153.7335,-11.9863,-12.2053,1.9167,2694.048,129.49,128.10
495219,271513,784256.2008,247067.0213,767156.1210,-162872.4527,-11.9862,-12.4150,1.8333,2706.938,130.63,129.25
497417,272714,787736.9704,248163.5806,770560.8316,-163596.1265,-11.9862,-11.9067,1.9167,2719.859,131.35,129.98
499610,273915,791208.5914,249257.2577,773957.5556,-164313.3661,-11.9859,-11.7295,1.9167,2732.791,127.59,126.21
501797,275116,794673.8558,250348.9323,777346.5924,-165036.2062,-11.9862,-11.9374,1.7500,2745.713,128.94,127.61
503993,276319,798151.9685,251444.6545,780748.2731,-165761.3576,-11.9864,-12.5209,1.6154,2758.588,127.98,126.67
506182,277520,801618.0648,252536.5911,784139.6082,-166477.3779,-11.9861,-11.8999,1.9167,2771.509,127.57,126.20
508374,278722,805088.6015,253629.9267,787534.7616,-167196.7947,-11.9860,-11.5255,1.9167,2784.398,130.87,129.50
510565,279923,808558.7555,254723.1416,790928.3282,-167921.8420,-11.9863,-12.2437,1.7500,2797.253,128.63,127.37
512759,281124,812033.2885,255817.7361,794327.5568,-168641.3074,-11.9862,-12.1873,1.7500,2810.116,125.15,123.95
514955,282325,815511.6121,256913.5248,797729.9013,-169364.3473,-11.9862,-11.8605,1.8333,2822.960,128.50,127.24
517148,283526,818983.0222,258007.1355,801125.9615,-170083.6985,-11.9861,-11.9070,1.9167,2835.847,130.48,129.15
519335,284727,822448.2866,259098.8100,804514.9983,-170806.5386,-11.9863,-12.1308,1.8333,2848.716,126.92,125.62
521523,285929,825911.7641,260189.9217,807902.9706,-171525.7876,-11.9863,-12.2252,1.9167,2861.567,130.61,129.23
523713,287130,829380.7541,261282.7699,811296.6910,-172244.5067,-11.9862,-12.2955,1.9167,2874.462,131.22,129.88
525906,288331,832852.3751,262376.4470,814693.4150,-172961.7463,-11.9859,-11.5011,1.9167,2887.370,126.44,125.13
528095,289532,836320.0856,263468.8922,818084.8178,-173685.2204,-11.9862,-12.4247,1.7500,2900.232,130.67,129.39
530287,290733,839791.9591,264562.6489,821480.8143,-174407.1027,-11.9862,-12.3589,1.7500,2913.089,130.05,128.71
532480,291934,843264.3022,265656.5535,824877.7405,-175126.8671,-11.9861,-11.9419,1.9167,2925.986,129.05,127.65
534674,293135,846737.6978,266750.7897,828276.3089,-175843.9645,-11.9859,-11.4906,1.8333,2939.056,128.12,126.77
536860,294337,850199.6297,267841.4144,831661.8853,-176567.0572,-11.9861,-12.0239,1.7500,2951.950,127.40,126.10
539046,295537,853662.1956,268932.2389,835049.2837,-177284.6206,-11.9860,-11.7236,1.9167,2964.795,130.97,129.62
541242,296739,857140.7592,270028.1031,838451.6805,-178008.5699,-11.9861,-12.0043,1.9167,2977.702,129.11,127.76
543430,297939,860603.4867,271118.9785,841839.8926,-178723.0787,-11.9858,-11.8999,1.8333,2990.597,128.64,127.35
545625,299141,864081.6741,272214.7242,845240.4822,-179453.7293,-11.9864,-12.3160,1.5833,3003.469,126.20,124.99
547819,300342,867555.5477,273309.1110,848638.8300,-180174.1678,-11.9863,-12.6274,1.9167,3016.002,125.26,123.95
550009,301543,871024.5378,274401.9593,852032.5503,-180892.8869,-11.9862,-11.7455,1.8333,3028.722,131.41,130.12
552197,302744,874489.3362,275493.4871,855421.4487,-181614.1352,-11.9863,-11.9850,1.7500,3041.565,129.38,128.14
554379,303945,877943.7487,276581.7429,858800.0807,-182333.7298,-11.9865,-12.7847,1.8333,3054.088,123.78,122.53
556576,305147,881423.3123,277677.9222,862204.9073,-183051.0499,-11.9861,-11.9556,1.9167,3066.483,124.10,122.75
558763,306347,884888.5767,278769.5968,865593.9441,-183773.8900,-11.9863,-11.7989,1.7500,3078.862,121.87,120.66
560963,307549,888370.9248,279866.6533,869000.0162,-184498.7513,-11.9864,-12.4142,1.8333,3091.223,123.69,122.37
563147,308750,891830.5652,280956.5561,872385.1009,-185213.1260,-11.9862,-11.7684,1.8333,3103.562,125.36,124.05
565340,309951,895303.0614,282050.5090,875782.7362,-185930.2872,-11.9859,-11.4786,1.7500,3115.907,121.41,120.17
567538,311152,898784.5429,283147.2924,879187.5399,-186656.9501,-11.9861,-11.9557,1.9167,3128.279,123.52,122.21
569717,312353,902234.4552,284234.1306,882562.0738,-187374.1786,-11.9862,-11.9018,1.7500,3140.944,129.41,128.09
571910,313554,905707.6632,285328.3077,885959.8023,-188094.3289,-11.9861,-11.8955,1.9167,3153.833,131.03,129.67
574099,314755,909175.3738,286420.7529,889351.2051,-188817.8029,-11.9863,-11.7989,1.8333,3166.712,127.55,126.20
576296,315957,912653.4448,287516.4620,892754.2773,-189536.2001,-11.9861,-11.9331,1.9167,3179.572,127.00,125.70
578485,317157,916119.8084,288608.4828,896144.7280,-190257.6730,-11.9862,-11.7804,1.8333,3192.493,128.43,127.11
580678,318360,919593.6673,289702.8650,899543.2326,-190977.3015,-11.9861,-12.2157,1.9167,3205.355,131.30,129.96
582870,319561,923064.6498,290796.3409,902938.4006,-191698.7961,-11.9861,-11.8840,1.9167,3218.194,129.89,128.55
585053,320762,926522.8393,291885.7867,906320.3393,-192421.0022,-11.9864,-12.5555,1.5833,3231.087,127.77,126.54
587247,321963,929995.8378,292979.8977,909717.7758,-193141.5192,-11.9863,-12.6584,1.9167,3243.961,130.46,129.11
589434,323164,933458.3608,294070.7087,913106.1938,-193854.0732,-11.9859,-11.3328,1.9167,3256.847,130.68,129.30
591629,324365,936935.8104,295166.2220,916506.6641,-194581.7329,-11.9862,-11.8924,1.7500,3269.720,130.72,129.39
593819,325566,940404.1594,296258.8683,919899.6230,-195300.9520,-11.9862,-12.3760,1.7500,3282.590,130.74,129.44
596011,326769,943874.3294,297352.0883,923293.2011,-196026.0229,-11.9865,-12.2839,1.5833,3295.503,126.69,125.43
598204,327970,947348.3759,298446.5296,926692.5457,-196742.5987,-11.9861,-11.9532,1.8333,3308.429,126.93,125.64
600385,329172,950801.8653,299534.4946,930070.3263,-197461.7583,-11.9863,-12.2053,1.9167,3321.313,130.73,129.33
602575,330373,954270.8553,300627.3429,933464.0466,-198180.4774,-11.9862,-12.4150,1.8333,3334.227,130.59,129.26
604773,331574,957751.6249,301723.9021,936868.7572,-198904.1513,-11.9862,-11.9067,1.9167,3346.768,123.76,122.45
606966,332775,961223.2459,302817.5792,940265.4813,-199621.3909,-11.9860,-11.7295,1.9167,3359.124,121.09,119.77
609153,333976,964688.5103,303909.2538,943654.5181,-200344.2310,-11.9862,-11.9374,1.7500,3371.450,122.75,121.44
611349,335179,968166.6230,305004.9760,947056.1987,-201069.3824,-11.9863,-12.5209,1.6154,3383.768,117.58,116.34
613538,336380,971632.7193,306096.9127,950447.5339,-201785.4026,-11.9861,-11.8999,1.9167,3396.140,122.36,121.01
615724,337582,975093.7349,307187.2487,953833.2231,-202503.5515,-11.9861,-11.9217,1.9167,3408.482,126.07,124.71
617914,338783,978562.5298,308280.0355,957226.1966,-203224.8484,-11.9861,-12.4416,1.7500,3420.844,118.05,116.77
620106,339984,982033.9573,309373.6517,960622.1784,-203944.6529,-11.9861,-11.9670,1.9167,3433.203,123.77,122.44
622298,341185,985504.9399,310467.1277,964017.3464,-204666.1475,-11.9861,-11.8884,1.9167,3445.571,120.96,119.67
624492,342386,988978.3615,311561.3720,967415.9410,-205383.2468,-11.9859,-11.6677,1.8333,3457.942,125.50,124.21
626683,343588,992449.6269,312654.9372,970810.1416,-206110.6602,-11.9862,-12.1769,1.7500,3470.301,125.69,124.42
628874,344789,995919.5164,313748.0688,974204.7949,-206829.3156,-11.9861,-12.3925,1.7500,3482.643,122.18,120.92
631069,345992,999395.4086,314843.0914,977604.6166,-207552.5315,-11.9862,-12.2955,1.9167,3495.002,125.91,124.58
633262,347193,1002867.0296,315936.7686,981001.3406,-208269.7711,-11.9860,-11.5011,1.9167,3507.370,122.04,120.68
635451,348394,1006334.7401,317029.2138,984392.7435,-208993.2452,-11.9862,-12.4247,1.7500,3519.735,125.33,124.07
637643,349595,1009806.6136,318122.9704,987788.7399,-209715.1275,-11.9862,-12.3589,1.7500,3532.126,122.61,121.40
639836,350796,1013278.9567,319216.8750,991185.6661,-210434.8919,-11.9862,-11.9419,1.9167,3544.471,122.15,120.83
642030,351997,1016752.3523,320311.1112,994584.2345,-211151.9893,-11.9859,-11.4906,1.8333,3556.818,118.59,117.30
644216,353199,1020214.2842,321401.7359,997969.8110,-211875.0820,-11.9861,-12.0239,1.7500,3569.165,123.47,122.20
646402,354399,1023676.8501,322492.5604,1001357.2093,-212592.6454,-11.9861,-11.7236,1.9167,3581.536,125.72,124.38
648598,355601,1027155.4137,323588.4246,1004759.6062,-213316.5947,-11.9862,-12.0043,1.9167,3593.948,121.76,120.46
650786,356801,1030618.1412,324679.3000,1008147.8183,-214031.1035,-11.9859,-11.8999,1.8333,3606.297,123.48,122.17
652981,358003,1034096.3286,325775.0457,1011548.4079,-214761.7540,-11.9864,-12.3160,1.5833,3618.647,122.14,120.96
655175,359204,1037570.2022,326869.4325,1014946.7556,-215482.1926,-11.9863,-12.6274,1.9167,3630.982,123.75,122.46
657365,360405,1041039.1922,327962.2808,1018340.4760,-216200.9117,-11.9862,-11.7455,1.8333,3643.328,122.44,121.17
659553,361606,1044503.9907,329053.8086,1021729.3743,-216922.1600,-11.9863,-11.9850,1.7500,3655.669,125.34,124.14
661735,362807,1047958.4032,330142.0644,1025108.0063,-217641.7545,-11.9864,-12.7847,1.8333,3668.032,123.09,121.83
663932,364009,1051437.9668,331238.2437,1028512.8329,-218359.0747,-11.9861,-11.9556,1.9167,3680.401,124.93,123.63
666119,365209,1054903.2312,332329.9183,1031901.8697,-219081.9148,-11.9863,-11.7989,1.7500,3692.756,121.92,120.69
668319,366411,1058385.5793,333426.9748,1035307.9418,-219806.7760,-11.9864,-12.4142,1.8333,3705.142,123.63,122.34
670503,367612,1061845.2197,334516.8777,1038693.0265,-220521.1508,-11.9862,-11.7684,1.8333,3717.814,127.94,126.62
672696,368813,1065317.7159,335610.8305,1042090.6619,-221238.3120,-11.9859,-11.4786,1.7500,3730.390,122.12,120.87
674894,370014,1068799.1973,336707.6140,1045495.4655,-221964.9749,-11.9862,-11.9557,1.9167,3742.744,123.62,122.28
677073,371215,1072249.1097,337794.4521,1048869.9995,-222682.2034,-11.9862,-11.9018,1.7500,3755.404,129.42,128.09
679266,372416,1075722.3177,338888.6292,1052267.7280,-223402.3537,-11.9861,-11.8955,1.9167,3768.304,130.83,129.49
681455,373617,1079190.0283,339981.0744,1055659.1308,-224125.8277,-11.9863,-11.7989,1.8333,3781.215,127.36,126.02
683652,374819,1082668.0993,341076.7835,1059062.2029,-224844.2249,-11.9861,-11.9331,1.9167,3794.114,130.98,129.61
685841,376019,1086134.4629,342168.8043,1062452.6536,-225565.6978,-11.9862,-11.7804,1.8333,3806.967,127.58,126.22
688034,377222,1089608.3218,343263.1865,1065851.1582,-226285.3263,-11.9861,-12.2157,1.9167,3819.811,130.20,128.85
690226,378423,1093079.3043,344356.6625,1069246.3263,-227006.8209,-11.9861,-11.8840,1.9167,3832.694,129.83,128.44
692409,379624,1096537.4938,345446.1082,1072628.2650,-227729.0270,-11.9863,-12.5555,1.5833,3845.598,127.80,126.52
694603,380825,1100010.4923,346540.2193,1076025.7014,-228449.5440,-11.9863,-12.6584,1.9167,3858.492,130.16,128.73
696790,382026,1103473.0153,347631.0302,1079414.1195,-229162.0980,-11.9859,-11.3328,1.9167,3871.419,129.46,128.10
698985,383227,1106950.4649,348726.5435,1082814.5898,-229889.7577,-11.9862,-11.8924,1.7500,3884.308,130.73,129.47
701175,384428,1110418.8138,349819.1898,1086207.5486,-230608.9768,-11.9862,-12.3760,1.7500,3897.216,130.20,128.89
703367,385631,1113888.9839,350912.4099,1089601.1268,-231334.0477,-11.9864,-12.2839,1.5833,3910.133,127.42,126.15
705560,386831,1117363.0304,352006.8511,1093000.4713,-232050.6235,-11.9862,-11.9419,1.8333,3923.041,125.88,124.53
707741,388033,1120816.5198,353094.8161,1096378.2520,-232769.7831,-11.9863,-12.2053,1.9167,3935.915,130.98,129.58
709931,389234,1124285.5098,354187.6644,1099771.9723,-233488.5022,-11.9862,-12.4150,1.8333,3948.807,130.07,128.75
712129,390435,1127766.2794,355284.2236,1103176.6828,-234212.1761,-11.9862,-11.9067,1.9167,3961.703,131.11,129.77
714322,391636,1131237.9004,356377.9008,1106573.4069,-234929.4157,-11.9860,-11.7295,1.9167,3974.586,125.82,124.50
716509,392837,1134703.1648,357469.5753,1109962.4437,-235652.2558,-11.9862,-11.9374,1.7500,3987.449,131.03,129.75
718705,394040,1138181.2775,358565.2975,1113364.1244,-236377.4072,-11.9863,-12.5209,1.6154,4000.324,124.02,122.73
720894,395241,1141647.3738,359657.2342,1116755.4595,-237093.4274,-11.9861,-11.8999,1.9167,4013.173,125.62,124.24
723080,396443,1145108.3894,360747.5703,1120141.1487,-237811.5763,-11.9861,-11.9217,1.9167,4026.052,129.04,127.64
725270,397644,1148577.1843,361840.3570,1123534.1223,-238532.8732,-11.9861,-12.4416,1.7500,4038.955,125.84,124.53
727462,398845,1152048.6118,362933.9732,1126930.1040,-239252.6777,-11.9861,-11.9670,1.9167,4051.836,129.95,128.58
729654,400046,1155519.5944,364027.4492,1130325.2721,-239974.1723,-11.9861,-11.8884,1.9167,4064.698,130.89,129.49
731848,401247,1158993.0160,365121.6936,1133723.8666,-240691.2716,-11.9859,-11.6677,1.8333,4077.608,130.85,129.52
734039,402449,1162464.2814,366215.2587,1137118.0673,-241418.6850,-11.9862,-12.1769,1.7500,4090.462,130.21,128.90
736230,403650,1165934.1709,367308.3903,1140512.7206,-242137.3404,-11.9861,-12.3925,1.7500,4103.363,127.37,126.05
738416,404853,1169395.1865,368398.7263,1143898.4098,-242855.4893,-11.9861,-11.9217,1.9167,4116.207,130.33,128.97
740603,406054,1172859.1039,369489.9766,1147286.4944,-243576.3282,-11.9862,-12.2157,1.7500,4129.094,128.17,126.83
742795,407255,1176329.2740,370583.1966,1150680.0726,-244301.3991,-11.9864,-12.5148,1.5833,4141.971,129.37,128.10
744990,408456,1179806.3915,371678.6053,1154082.5331,-245018.0853,-11.9861,-11.9070,1.7500,4154.843,128.64,127.33
747186,409657,1183282.8841,372773.8171,1157484.2437,-245735.2950,-11.9859,-11.0940,1.9167,4167.745,131.15,129.73
749376,410859,1186752.1731,373866.7596,1160877.0081,-246459.9565,-11.9861,-11.9217,1.9167,4180.582,131.27,129.91
751563,412060,1190216.0905,374958.0098,1164265.0927,-247180.7954,-11.9862,-12.4951,1.8333,4193.478,130.52,129.16
753758,413262,1193691.5046,376052.8819,1167665.1350,-247900.6702,-11.9861,-11.7236,1.9167,4206.362,128.91,127.55
755954,414464,1197170.0682,377148.7461,1171067.5318,-248624.6195,-11.9862,-12.0043,1.9167,4219.311,129.05,127.72
758142,415664,1200632.7957,378239.6215,1174455.7439,-249339.1283,-11.9859,-11.8999,1.8333,4232.214,128.08,126.76
760337,416866,1204110.9831,379335.3673,1177856.3335,-250069.7788,-11.9863,-12.3160,1.5833,4245.131,127.58,126.36
762531,418067,1207584.8567,380429.7541,1181254.6813,-250790.2174,-11.9863,-12.6274,1.9167,4258.029,130.47,129.08
764721,419268,1211053.8467,381522.6023,1184648.4016,-251508.9365,-11.9862,-11.7455,1.8333,4270.953,129.77,128.48
766909,420469,1214518.6452,382614.1301,1188037.3000,-252230.1848,-11.9863,-11.9850,1.7500,4283.832,130.63,129.34
769091,421670,1217973.0577,383702.3859,1191415.9320,-252949.7793,-11.9864,-12.7847,1.8333,4296.726,125.41,124.11
771288,422872,1221452.6212,384798.5652,1194820.7585,-253667.0995,-11.9861,-11.9556,1.9167,4309.629,130.50,129.12
773475,424072,1224917.8857,385890.2398,1198209.7953,-254389.9395,-11.9863,-11.7989,1.7500,4322.528,126.75,125.50
775675,425274,1228400.2338,386987.2963,1201615.8675,-255114.8008,-11.9864,-12.4142,1.8333,4335.451,128.78,127.46
777859,426475,1231859.8742,388077.1992,1205000.9521,-255829.1756,-11.9862,-11.7684,1.8333,4348.333,130.52,129.21
780052,427676,1235332.3704,389171.1520,1208398.5875,-256546.3368,-11.9860,-11.4786,1.7500,4361.227,127.40,126.11
782250,428877,1238813.8518,390267.9355,1211803.3912,-257272.9997,-11.9862,-11.9557,1.9167,4374.098,128.37,127.01
784429,430078,1242263.7642,391354.7737,1215177.9251,-257990.2282,-11.9862,-11.9018,1.7500,4386.976,125.49,124.17
786622,431279,1245736.9722,392448.9507,1218575.6536,-258710.3785,-11.9861,-11.8955,1.9167,4399.841,130.86,129.48
788811,432480,1249204.6827,393541.3959,1221967.0564,-259433.8525,-11.9863,-11.7989,1.8333,4412.698,127.49,126.17
791008,433682,1252682.7538,394637.1050,1225370.1286,-260152.2497,-11.9861,-11.9331,1.9167,4425.605,131.27,129.91
793197,434882,1256149.1174,395729.1259,1228760.5792,-260873.7226,-11.9862,-11.7804,1.8333,4438.476,123.20,121.93
795390,436084,1259622.9763,396823.5080,1232159.0839,-261593.3511,-11.9861,-12.2157,1.9167,4451.337,131.34,129.95
797582,437285,1263093.9588,397916.9840,1235554.2519,-262314.8457,-11.9861,-11.8840,1.9167,4464.204,129.86,128.49
799765,438486,1266552.1483,399006.4297,1238936.1906,-263037.0518,-11.9863,-12.5555,1.5833,4477.120,127.92,126.68
801959,439687,1270025.1468,400100.5408,1242333.6271,-263757.5688,-11.9863,-12.6584,1.9167,4489.981,126.20,124.88
804146,440888,1273487.6698,401191.3517,1245722.0451,-264470.1228,-11.9860,-11.3328,1.9167,4502.916,129.73,128.38
806341,442089,1276965.1193,402286.8650,1249122.5154,-265197.7825,-11.9862,-11.8924,1.7500,4515.777,130.59,129.30
808531,443290,1280433.4683,403379.5114,1252515.4743,-265917.0016,-11.9862,-12.3760,1.7500,4528.666,130.66,129.30
810723,444493,1283903.6384,404472.7314,1255909.0524,-266642.0725,-11.9864,-12.2839,1.5833,4541.546,128.15,126.88
812916,445693,1287377.6849,405567.1726,1259308.3969,-267358.6483,-11.9862,-11.9419,1.8333,4554.484,128.87,127.56
815097,446895,1290831.1742,406655.1377,1262686.1776,-268077.8079,-11.9863,-12.2053,1.9167,4567.344,130.90,129.51
817287,448096,1294300.1643,407747.9859,1266079.8979,-268796.5270,-11.9862,-12.4150,1.8333,4580.202,125.17,123.89
819485,449297,1297780.9339,408844.5452,1269484.6085,-269520.2009,-11.9862,-11.9067,1.9167,4593.104,130.81,129.47
821678,450498,1301252.5549,409938.2223,1272881.3325,-270237.4405,-11.9860,-11.7295,1.9167,4605.994,127.91,126.54
823865,451699,1304717.8193,411029.8969,1276270.3693,-270960.2806,-11.9862,-11.9374,1.7500,4618.872,130.19,128.91
826061,452902,1308195.9320,412125.6191,1279672.0500,-271685.4320,-11.9863,-12.5209,1.6154,4631.778,127.65,126.36
828250,454103,1311662.0283,413217.5557,1283063.3851,-272401.4522,-11.9861,-11.8999,1.9167,4644.716,128.36,126.97
830436,455305,1315123.0439,414307.8918,1286449.0744,-273119.6011,-11.9861,-11.9217,1.9167,4657.607,128.86,127.45
832626,456506,1318591.8388,415400.6786,1289842.0479,-273840.8980,-11.9862,-12.4416,1.7500,4670.465,124.07,122.75
834818,457707,1322063.2663,416494.2947,1293238.0297,-274560.7025,-11.9861,-11.9670,1.9167,4683.367,131.54,130.18
837010,458908,1325534.2489,417587.7707,1296633.1977,-275282.1971,-11.9861,-11.8884,1.9167,4696.297,131.30,129.91
839204,460109,1329007.6705,418682.0151,1300031.7922,-275999.2964,-11.9860,-11.6677,1.8333,4709.240,128.97,127.66
841395,461311,1332478.9359,419775.5802,1303425.9929,-276726.7098,-11.9862,-12.1769,1.7500,4722.141,131.05,129.73
843586,462512,1335948.8254,420868.7118,1306820.6462,-277445.3652,-11.9862,-12.3925,1.7500,4735.045,127.08,125.79
845772,463715,1339409.8410,421959.0479,1310206.3354,-278163.5141,-11.9861,-11.9217,1.9167,4747.960,128.29,126.98
847959,464916,1342873.7584,423050.2981,1313594.4201,-278884.3530,-11.9862,-12.2157,1.7500,4760.854,126.31,125.04
850151,466117,1346343.9285,424143.5181,1316987.9982,-279609.4239,-11.9864,-12.5148,1.5833,4773.751,124.96,123.73
852346,467318,1349821.0460,425238.9268,1320390.4588,-280326.1101,-11.9861,-11.9070,1.7500,4786.615,127.14,125.91
854542,468519,1353297.5385,426334.1387,1323792.1693,-281043.3198,-11.9859,-11.0940,1.9167,4799.538,130.71,129.37
856732,469721,1356766.8276,427427.0811,1327184.9337,-281767.9813,-11.9861,-11.9217,1.9167,4812.440,131.42,130.00
858919,470922,1360230.7450,428518.3314,1330573.0184,-282488.8202,-11.9862,-12.4951,1.8333,4825.359,130.22,128.85
861114,472124,1363706.1591,429613.2034,1333973.0606,-283208.6950,-11.9861,-11.7236,1.9167,4838.238,131.37,130.01
863310,473326,1367184.7226,430709.0677,1337375.4574,-283932.6443,-11.9862,-12.0043,1.9167,4851.137,127.74,126.39
865498,474526,1370647.4502,431799.9430,1340763.6695,-284647.1531,-11.9860,-11.8999,1.8333,4864.006,128.75,127.43
867693,475728,1374125.6376,432895.6888,1344164.2591,-285377.8036,-11.9863,-12.3160,1.5833,4876.869,127.42,126.20
869887,476929,1377599.5112,433990.0756,1347562.6069,-286098.2422,-11.9863,-12.6274,1.9167,4889.718,124.89,123.60
872077,478130,1381068.5012,435082.9238,1350956.3272,-286816.9613,-11.9862,-11.7455,1.8333,4902.620,131.76,130.45
874265,479331,1384533.2997,436174.4516,1354345.2256,-287538.2096,-11.9863,-11.9850,1.7500,4915.501,130.57,129.28
876447,480532,1387987.7121,437262.7075,1357723.8576,-288257.8041,-11.9864,-12.7847,1.8333,4928.317,128.71,127.42
878644,481734,1391467.2757,438358.8868,1361128.6842,-288975.1242,-11.9861,-11.9556,1.9167,4941.234,130.43,129.13
880831,482934,1394932.5402,439450.5614,1364517.7210,-289697.9643,-11.9863,-11.7989,1.7500,4954.062,127.11,125.86
883031,484136,1398414.8883,440547.6179,1367923.7931,-290422.8256,-11.9864,-12.4142,1.8333,4966.995,124.97,123.66
885215,485337,1401874.5287,441637.5207,1371308.8777,-291137.2004,-11.9862,-11.7684,1.8333,4979.859,130.70,129.29
887408,486538,1405347.0249,442731.4735,1374706.5131,-291854.3616,-11.9860,-11.4786,1.7500,4992.754,127.65,126.38
889606,487739,1408828.5063,443828.2570,1378111.3168,-292581.0245,-11.9862,-11.9557,1.9167,5005.658,126.07,124.79
891785,488940,1412278.4187,444915.0952,1381485.8507,-293298.2530,-11.9862,-11.9018,1.7500,5018.547,126.77,125.45
893978,490141,1415751.6267,446009.2723,1384883.5792,-294018.4032,-11.9862,-11.8955,1.9167,5031.451,130.97,129.62
896167,491342,1419219.3372,447101.7174,1388274.9820,-294741.8773,-11.9863,-11.7989,1.8333,5044.326,127.46,126.11
898364,492544,1422697.4083,448197.4266,1391678.0542,-295460.2745,-11.9861,-11.9331,1.9167,5057.176,131.23,129.87
900553,493744,1426163.7719,449289.4474,1395068.5049,-296181.7474,-11.9862,-11.7804,1.8333,5070.055,129.17,127.79
902746,494946,1429637.6308,450383.8295,1398467.0095,-296901.3759,-11.9861,-12.2157,1.9167,5082.964,131.08,129.75
904938,496147,1433108.6133,451477.3055,1401862.1775,-297622.8705,-11.9861,-11.8840,1.9167,5095.840,130.69,129.34
907121,497348,1436566.8028,452566.7512,1405244.1162,-298345.0766,-11.9863,-12.5555,1.5833,5108.719,127.68,126.45
909315,498549,1440039.8013,453660.8623,1408641.5527,-299065.5936,-11.9863,-12.6584,1.9167,5121.604,130.37,129.02
911502,499750,1443502.3243,454751.6733,1412029.9707,-299778.1476,-11.9860,-11.3328,1.9167,5134.514,130.82,129.43
913697,500951,1446979.7738,455847.1866,1415430.4410,-300505.8072,-11.9862,-11.8924,1.7500,5147.415,129.95,128.67
915887,502152,1450448.1228,456939.8329,1418823.3999,-301225.0264,-11.9862,-12.3760,1.7500,5160.304,128.69,127.42
918079,503354,1453918.2929,458033.0529,1422216.9780,-301950.0973,-11.9864,-12.2839,1.5833,5173.173,129.36,128.10
920272,504554,1457392.3394,459127.4941,1425616.3226,-302666.6731,-11.9862,-11.9419,1.8333,5186.100,127.22,125.90
922453,505756,1460845.8287,460215.4592,1428994.1032,-303385.8327,-11.9862,-12.2053,1.9167,5199.008,130.84,129.43
924643,506957,1464314.8187,461308.3074,1432387.8235,-304104.5518,-11.9862,-12.4150,1.8333,5211.909,129.36,128.03
926841,508158,1467795.5884,462404.8667,1435792.5341,-304828.2256,-11.9862,-11.9067,1.9167,5224.803,131.38,129.99
929034,509359,1471267.2094,463498.5438,1439189.2582,-305545.4653,-11.9861,-11.7295,1.9167,5237.695,127.33,125.96
931221,510560,1474732.4738,464590.2184,1442578.2950,-306268.3054,-11.9862,-11.9374,1.7500,5250.636,130.61,129.30
933417,511763,1478210.5864,465685.9406,1445979.9756,-306993.4568,-11.9863,-12.5209,1.6154,5263.542,122.78,121.48
935605,512963,1481674.2515,466777.1113,1449368.7879,-307709.6530,-11.9862,-11.9602,1.8333,5276.492,125.43,124.12
937792,514165,1485137.6984,467868.2133,1452757.0000,-308427.6259,-11.9861,-11.9217,1.9167,5289.437,131.45,130.05
939982,515366,1488606.4933,468961.0001,1456149.9735,-309148.9228,-11.9862,-12.4416,1.7500,5302.334,126.75,125.45
942174,516567,1492077.9208,470054.6163,1459545.9553,-309868.7273,-11.9861,-11.9670,1.9167,5315.272,129.58,128.19
944366,517768,1495548.9034,471148.0923,1462941.1233,-310590.2219,-11.9861,-11.8884,1.9167,5328.240,130.92,129.55
946560,518969,1499022.3250,472242.3366,1466339.7179,-311307.3212,-11.9860,-11.6677,1.8333,5341.129,130.99,129.62
948751,520171,1502493.5904,473335.9017,1469733.9185,-312034.7346,-11.9862,-12.1769,1.7500,5354.028,129.79,128.49
950942,521372,1505963.4799,474429.0333,1473128.5718,-312753.3900,-11.9862,-12.3925,1.7500,5366.993,127.90,126.60
953128,522575,1509424.4955,475519.3694,1476514.2611,-313471.5389,-11.9861,-11.9217,1.9167,5379.903,131.46,130.09
955315,523776,1512888.4129,476610.6196,1479902.3457,-314192.3778,-11.9862,-12.2157,1.7500,5392.802,129.55,128.23
957507,524977,1516358.5830,477703.8397,1483295.9238,-314917.4487,-11.9864,-12.5148,1.5833,5405.723,127.56,126.33
959702,526178,1519835.7004,478799.2483,1486698.3844,-315634.1349,-11.9862,-11.9070,1.7500,5418.660,131.50,130.19
961898,527379,1523312.1930,479894.4602,1490100.0950,-316351.3446,-11.9860,-11.0940,1.9167,5431.603,131.10,129.64
964088,528581,1526781.4821,480987.4026,1493492.8594,-317076.0061,-11.9861,-11.9217,1.9167,5444.517,129.59,128.21
966275,529782,1530245.3995,482078.6529,1496880.9440,-317796.8450,-11.9862,-12.4951,1.8333,5457.460,131.31,129.92
968462,530985,1533707.4994,483169.3305,1500268.2040,-318512.8167,-11.9861,-11.5443,1.9167,5470.380,126.75,125.40
970653,532186,1537178.2810,484262.7432,1503662.7228,-319236.4011,-11.9862,-12.3277,1.7500,5483.348,127.94,126.63
972845,533387,1540650.8765,485356.7273,1507058.9214,-319960.8082,-11.9863,-12.5209,1.5833,5496.231,126.38,125.14
975036,534588,1544119.4265,486449.4370,1510452.5295,-320677.9374,-11.9862,-11.9532,1.9167,5509.162,128.89,127.51
977226,535789,1547587.5095,487541.9995,1513845.4099,-321396.2452,-11.9861,-11.5255,1.9167,5522.035,125.46,124.14
979424,536990,1551066.9115,488638.1279,1517249.4227,-322116.6200,-11.9860,-11.6206,1.9167,5534.875,130.66,129.31
981614,538192,1554537.0740,489731.3455,1520643.0940,-322841.2159,-11.9862,-12.1370,1.6667,5547.772,127.82,126.52
983803,539394,1558002.3666,490823.0290,1524031.7832,-323565.8289,-11.9864,-12.7847,1.8333,5560.685,130.13,128.80
986000,540596,1561481.9302,491919.2083,1527436.6098,-324283.1490,-11.9862,-11.9556,1.9167,5573.603,129.77,128.42
988187,541796,1564947.1947,493010.8829,1530825.6466,-325005.9891,-11.9863,-11.7989,1.7500,5586.499,126.51,125.22
990387,542998,1568429.5428,494107.9394,1534231.7187,-325730.8504,-11.9863,-12.4142,1.8333,5599.432,128.35,127.01
992571,544199,1571889.1832,495197.8422,1537616.8034,-326445.2252,-11.9862,-11.7684,1.8333,5612.293,130.71,129.36
994764,545400,1575361.6794,496291.7950,1541014.4388,-327162.3864,-11.9860,-11.4786,1.7500,5625.212,127.49,126.22
996962,546601,1578843.1608,497388.5785,1544419.2424,-327889.0493,-11.9862,-11.9557,1.9167,5638.098,125.29,123.98
999141,547802,1582293.0732,498475.4167,1547793.7764,-328606.2778,-11.9862,-11.9018,1.7500,5650.971,129.48,128.14
1001334,549003,1585766.2812,499569.5938,1551191.5049,-329326.4280,-11.9862,-11.8955,1.9167,5663.846,130.47,129.10
1003523,550204,1589233.9917,500662.0390,1554582.9077,-330049.9021,-11.9863,-11.7989,1.8333,5676.715,127.13,125.80
1005720,551406,1592712.0628,501757.7481,1557985.9798,-330768.2993,-11.9861,-11.9331,1.9167,5689.583,131.15,129.74
1007909,552606,1596178.4264,502849.7689,1561376.4305,-331489.7721,-11.9862,-11.7804,1.8333,5702.445,128.82,127.48
1010102,553808,1599652.2853,503944.1511,1564774.9351,-332209.4007,-11.9861,-12.2157,1.9167,5715.317,126.83,125.47
1012294,555009,1603123.2678,505037.6270,1568170.1032,-332930.8953,-11.9862,-11.8840,1.9167,5728.221,129.92,128.58
1014477,556210,1606581.4573,506127.0728,1571552.0419,-333653.1014,-11.9863,-12.5555,1.5833,5741.105,127.19,125.95
1016671,557411,1610054.4558,507221.1838,1574949.4783,-334373.6183,-11.9863,-12.6584,1.9167,5754.001,130.40,128.98
1018858,558612,1613516.9788,508311.9948,1578337.8964,-335086.1724,-11.9860,-11.3328,1.9167,5766.869,130.80,129.39
1021053,559813,1616994.4283,509407.5081,1581738.3667,-335813.8320,-11.9862,-11.8924,1.7500,5779.763,130.56,129.28
1023243,561014,1620462.7773,510500.1544,1585131.3255,-336533.0511,-11.9862,-12.3760,1.7500,5792.658,124.94,123.70
1025435,562216,1623932.9474,511593.3744,1588524.9037,-337258.1221,-11.9864,-12.2839,1.5833,5805.552,128.36,127.14
1027628,563416,1627406.9939,512687.8157,1591924.2482,-337974.6978,-11.9862,-11.9419,1.8333,5818.451,127.34,126.01
1029809,564618,1630860.4832,513775.7807,1595302.0289,-338693.8575,-11.9862,-12.2053,1.9167,5831.303,130.70,129.35
1031999,565819,1634329.4732,514868.6290,1598695.7492,-339412.5766,-11.9862,-12.4150,1.8333,5844.212,128.05,126.71
1034197,567020,1637810.2429,515965.1882,1602100.4597,-340136.2504,-11.9862,-11.9067,1.9167,5857.141,130.96,129.61
1036390,568221,1641281.8639,517058.8653,1605497.1838,-340853.4901,-11.9861,-11.7295,1.9167,5869.977,123.10,121.81
1038577,569422,1644747.1283,518150.5399,1608886.2206,-341576.3301,-11.9862,-11.9374,1.7500,5882.885,126.08,124.82
1040773,570624,1648225.2409,519246.2621,1612287.9012,-342301.4816,-11.9863,-12.5209,1.6154,5895.788,127.77,126.46
1042961,571824,1651688.9060,520337.4328,1615676.7135,-343017.6778,-11.9862,-11.9602,1.8333,5908.689,128.81,127.48
1045148,573026,1655152.3529,521428.5348,1619064.9256,-343735.6507,-11.9861,-11.9217,1.9167,5921.535,131.46,130.06
1047338,574227,1658621.1477,522521.3216,1622457.8992,-344456.9475,-11.9862,-12.4416,1.7500,5934.376,125.86,124.57
1049530,575428,1662092.5753,523614.9378,1625853.8809,-345176.7521,-11.9861,-11.9670,1.9167,5947.237,131.02,129.68
1051722,576629,1665563.5579,524708.4138,1629249.0490,-345898.2467,-11.9862,-11.8884,1.9167,5960.123,131.13,129.73
1053916,577830,1669036.9794,525802.6581,1632647.6435,-346615.3460,-11.9860,-11.6677,1.8333,5973.026,130.94,129.63
1056107,579032,1672508.2449,526896.2232,1636041.8442,-347342.7594,-11.9862,-12.1769,1.7500,5985.892,126.72,125.46
1058297,580233,1675975.7030,527988.5889,1639433.9746,-348061.5908,-11.9862,-12.4549,1.8333,5998.797,124.99,123.65
1060484,581435,1679439.1499,529079.6909,1642822.1867,-348779.5637,-11.9861,-11.9217,1.9167,6011.654,128.66,127.31
1062671,582636,1682903.0674,530170.9412,1646210.2713,-349500.4025,-11.9862,-12.2157,1.7500,6024.564,126.27,124.93
1064863,583837,1686373.2374,531264.1612,1649603.8495,-350225.4735,-11.9863,-12.5148,1.5833,6037.489,128.79,127.51
1067058,585038,1689850.3549,532359.5699,1653006.3100,-350942.1596,-11.9862,-11.9070,1.7500,6050.369,130.44,129.20
1069254,586239,1693326.8475,533454.7817,1656408.0206,-351659.3694,-11.9860,-11.0940,1.9167,6063.283,130.25,128.87
1071444,587441,1696796.1366,534547.7242,1659800.7850,-352384.0309,-11.9861,-11.9217,1.9167,6076.175,132.31,130.89
1073631,588642,1700260.0540,535638.9744,1663188.8696,-353104.8698,-11.9862,-12.4951,1.8333,6089.118,129.33,128.01
1075818,589845,1703722.1539,536729.6521,1666576.1296,-353820.8415,-11.9861,-11.5443,1.9167,6102.021,122.66,121.35
1078009,591046,1707192.9355,537823.0647,1669970.6484,-354544.4259,-11.9862,-12.3277,1.7500,6114.903,129.08,127.79
1080201,592247,1710665.5310,538917.0488,1673366.8470,-355268.8330,-11.9863,-12.5209,1.5833,6127.805,126.46,125.21
1082392,593448,1714134.0810,540009.7585,1676760.4551,-355985.9622,-11.9862,-11.9532,1.9167,6140.719,128.84,127.45
1084582,594649,1717602.1640,541102.3210,1680153.3355,-356704.2700,-11.9861,-11.5255,1.9167,6153.639,125.64,124.28
1086780,595850,1721081.5660,542198.4494,1683557.3484,-357424.6448,-11.9860,-11.6206,1.9167,6166.573,131.46,130.08
1088970,597052,1724551.7285,543291.6671,1686951.0196,-358149.2407,-11.9862,-12.1370,1.6667,6179.528,128.55,127.29
1091157,598255,1728014.5675,544382.5775,1690337.4360,-358872.7447,-11.9863,-12.7336,1.6923,6192.485,126.40,125.11
1093342,599455,1731473.2655,545472.1835,1693722.6072,-359582.1738,-11.9860,-11.9691,1.8333,6205.413,125.01,123.71
1095539,600657,1734953.9066,546568.7022,1697125.4697,-360313.9334,-11.9863,-12.1611,1.8333,6218.331,128.93,127.55
1097726,601857,1738418.4244,547660.1416,1700515.4433,-361028.7662,-11.9862,-12.3627,1.7500,6231.213,127.34,126.05
1099921,603059,1741894.3166,548755.1643,1703915.2649,-361751.9820,-11.9862,-11.6912,1.9167,6244.127,131.46,130.12
1102113,604260,1745365.2991,549848.6403,1707310.4329,-362473.4766,-11.9862,-12.1640,1.9167,6256.998,131.60,130.21
1104303,605462,1748833.6481,550941.2866,1710703.3918,-363192.6957,-11.9862,-11.9489,1.7500,6269.952,130.58,129.29
1106497,606664,1752307.7277,552035.7382,1714101.7020,-363914.3026,-11.9862,-11.9018,1.7500,6282.857,128.20,126.88
1108690,607865,1755780.9357,553129.9153,1717499.4305,-364634.4528,-11.9862,-11.8955,1.9167,6295.781,131.76,130.41
1110879,609066,1759248.6462,554222.3605,1720890.8333,-365357.9269,-11.9863,-11.7989,1.8333,6308.699,122.61,121.32
1113076,610268,1762726.7173,555318.0696,1724293.9054,-366076.3241,-11.9861,-11.9331,1.9167,6321.586,130.93,129.56
1115265,611468,1766193.0809,556410.0904,1727684.3561,-366797.7969,-11.9862,-11.7804,1.8333,6334.526,128.73,127.37
1117458,612670,1769666.9398,557504.4726,1731082.8608,-367517.4255,-11.9861,-12.2157,1.9167,6347.422,130.34,129.01
1119650,613871,1773137.9223,558597.9486,1734478.0288,-368238.9201,-11.9862,-11.8840,1.9167,6360.319,128.44,127.08
1121833,615072,1776596.1118,559687.3943,1737859.9675,-368961.1262,-11.9863,-12.5555,1.5833,6373.229,125.57,124.33
1124027,616273,1780069.1103,560781.5054,1741257.4040,-369681.6431,-11.9863,-12.6584,1.9167,6386.154,125.90,124.53
1126214,617474,1783531.6333,561872.3163,1744645.8220,-370394.1972,-11.9861,-11.3328,1.9167,6399.110,130.81,129.41
1128409,618675,1787009.0828,562967.8296,1748046.2923,-371121.8568,-11.9862,-11.8924,1.7500,6411.986,130.05,128.77
1130599,619876,1790477.4318,564060.4759,1751439.2512,-371841.0759,-11.9862,-12.3760,1.7500,6424.901,129.41,128.07
1132791,621078,1793947.6019,565153.6960,1754832.8293,-372566.1469,-11.9863,-12.2839,1.5833,6437.753,123.53,122.36
1134984,622278,1797421.6484,566248.1372,1758232.1738,-373282.7226,-11.9862,-11.9419,1.8333,6450.655,128.75,127.43
1137165,623480,1800875.1377,567336.1022,1761609.9545,-374001.8823,-11.9862,-12.2053,1.9167,6463.516,125.15,123.83
1139355,624681,1804344.1277,568428.9505,1765003.6748,-374720.6014,-11.9862,-12.4150,1.8333,6476.419,130.61,129.24
1141553,625882,1807824.8973,569525.5097,1768408.3854,-375444.2752,-11.9862,-11.9067,1.9167,6489.339,131.15,129.80
1143746,627083,1811296.5184,570619.1868,1771805.1094,-376161.5149,-11.9861,-11.7295,1.9167,6502.206,128.09,126.73
1145933,628284,1814761.7828,571710.8614,1775194.1462,-376884.3549,-11.9862,-11.9374,1.7500,6515.100,131.45,130.15
1148129,629486,1818239.8954,572806.5836,1778595.8269,-377609.5064,-11.9863,-12.5209,1.6154,6528.147,127.26,125.98
1150317,630686,1821703.5604,573897.7543,1781984.6391,-378325.7026,-11.9862,-11.9602,1.8333,6541.248,128.92,127.55
1152504,631888,1825167.0074,574988.8563,1785372.8512,-379043.6755,-11.9861,-11.9217,1.9167,6554.139,131.34,129.90
1154694,633089,1828635.8022,576081.6431,1788765.8248,-379764.9723,-11.9862,-12.4416,1.7500,6567.073,125.58,124.28
1156886,634290,1832107.2298,577175.2593,1792161.8066,-380484.7769,-11.9861,-11.9670,1.9167,6579.934,129.11,127.82
1159078,635491,1835578.2124,578268.7353,1795556.9746,-381206.2715,-11.9862,-11.8884,1.9167,6592.842,130.73,129.37
1161272,636692,1839051.6339,579362.9797,1798955.5691,-381923.3708,-11.9860,-11.6677,1.8333,6605.728,130.64,129.33
1163463,637893,1842522.8994,580456.5448,1802349.7698,-382650.7842,-11.9862,-12.1873,1.7500,6618.646,130.83,129.59
1165653,639094,1845990.3575,581548.9104,1805741.9002,-383369.6156,-11.9862,-12.4549,1.8333,6631.547,128.85,127.54
1167840,640296,1849453.8044,582640.0124,1809130.1123,-384087.5884,-11.9861,-11.9217,1.9167,6644.375,129.19,127.83
1170027,641497,1852917.7219,583731.2627,1812518.1970,-384808.4273,-11.9862,-12.2157,1.7500,6657.306,130.77,129.46
1172219,642698,1856387.8919,584824.4827,1815911.7751,-385533.4983,-11.9863,-12.5148,1.5833,6670.205,128.44,127.18
1174414,643899,1859865.0094,585919.8914,1819314.2357,-386250.1844,-11.9862,-11.9070,1.7500,6683.073,130.66,129.40
1176610,645100,1863341.5020,587015.1032,1822715.9462,-386967.3942,-11.9860,-11.0940,1.9167,6696.000,131.14,129.79
1178800,646302,1866810.7911,588108.0457,1826108.7106,-387692.0557,-11.9861,-11.9217,1.9167,6708.844,131.42,130.02
1180987,647503,1870274.7085,589199.2959,1829496.7953,-388412.8946,-11.9862,-12.4951,1.8333,6721.746,130.48,129.17
1183174,648705,1873736.8084,590289.9736,1832884.0552,-389128.8663,-11.9861,-11.5443,1.9167,6734.591,128.18,126.81
1185365,649906,1877207.5900,591383.3862,1836278.5741,-389852.4507,-11.9862,-12.3277,1.7500,6747.485,129.23,127.92
1187557,651107,1880680.1855,592477.3704,1839674.7727,-390576.8578,-11.9863,-12.5209,1.5833,6760.392,128.39,127.15
1189748,652308,1884148.7355,593570.0800,1843068.3807,-391293.9870,-11.9862,-11.9532,1.9167,6773.308,128.91,127.54
1191938,653509,1887616.8185,594662.6426,1846461.2611,-392012.2948,-11.9861,-11.5255,1.9167,6786.254,131.14,129.77
1194136,654710,1891096.2205,595758.7709,1849865.2740,-392732.6696,-11.9861,-11.6206,1.9167,6799.127,130.69,129.31
1196326,655912,1894566.3830,596851.9886,1853258.9453,-393457.2655,-11.9862,-12.1370,1.6667,6811.975,127.08,125.81
1198513,657115,1898029.2220,597942.8991,1856645.3616,-394180.7695,-11.9863,-12.7336,1.6923,6824.847,128.58,127.23
1200698,658315,1901487.9200,599032.5050,1860030.5329,-394890.1986,-11.9860,-11.9691,1.8333,6837.720,128.72,127.39
1202895,659517,1904968.5611,600129.0237,1863433.3953,-395621.9582,-11.9863,-12.1611,1.8333,6850.620,123.50,122.28
1205082,660717,1908433.0789,601220.4631,1866823.3689,-396336.7910,-11.9862,-12.3627,1.7500,6863.488,127.24,125.97
1207277,661919,1911908.9711,602315.4858,1870223.1905,-397060.0068,-11.9862,-11.6912,1.9167,6876.368,129.66,128.35
1209469,663120,1915379.9536,603408.9618,1873618.3586,-397781.5014,-11.9862,-12.1640,1.9167,6889.208,130.86,129.46
1211659,664322,1918848.3026,604501.6081,1877011.3174,-398500.7205,-11.9862,-11.9489,1.7500,6902.153,130.82,129.52
1213851,665524,1922318.4727,605594.8281,1880404.8956,-399225.7915,-11.9863,-12.2839,1.5833,6915.043,130.05,128.78
1216031,666725,1925773.0100,606683.1233,1883784.5843,-399941.0099,-11.9863,-12.1308,1.7500,6927.910,125.47,124.24
1218227,667926,1929249.9865,607778.4876,1887185.9767,-400662.0486,-11.9862,-12.1769,1.9167,6940.811,131.48,130.09
1220415,669127,1932714.9985,608870.0827,1890575.7411,-401380.2460,-11.9862,-11.7684,1.8333,6953.671,130.76,129.37
1222613,670329,1936195.7682,609966.6419,1893980.4516,-402103.9198,-11.9862,-11.9331,1.9167,6966.545,131.35,129.99
1224800,671529,1939657.6366,611057.2466,1897367.3022,-402820.7052,-11.9861,-11.8654,1.9167,6979.402,126.56,125.23
1226996,672732,1943135.7077,612152.9557,1900770.3743,-403539.1024,-11.9860,-11.8733,1.8333,6992.302,129.85,128.57
1229189,673934,1946610.7662,613247.7158,1904167.8931,-404269.1510,-11.9863,-12.3756,1.5833,7005.181,127.74,126.50
1231383,675135,1950083.7648,614341.8269,1907565.3296,-404989.6679,-11.9863,-12.6584,1.9167,7018.081,130.53,129.17
1233570,676336,1953546.2877,615432.6378,1910953.7476,-405702.2220,-11.9861,-11.3328,1.9167,7030.957,130.80,129.41
1235765,677537,1957023.7373,616528.1511,1914354.2179,-406429.8816,-11.9862,-11.8924,1.7500,7043.826,131.30,129.99
1237955,678738,1960492.0863,617620.7975,1917747.1768,-407149.1007,-11.9862,-12.3760,1.7500,7056.716,129.05,127.78
1240147,679940,1963962.2564,618714.0175,1921140.7549,-407874.1717,-11.9863,-12.2839,1.5833,7069.557,128.98,127.72
1242340,681140,1967436.3029,619808.4587,1924540.0995,-408590.7474,-11.9862,-11.9419,1.8333,7082.464,123.87,122.61
1244521,682342,1970889.7922,620896.4237,1927917.8801,-409309.9071,-11.9862,-12.2053,1.9167,7095.331,130.93,129.54
1246711,683543,1974358.7822,621989.2720,1931311.6004,-410028.6262,-11.9862,-12.4150,1.8333,7108.213,125.87,124.50
1248909,684744,1977839.5518,623085.8312,1934716.3110,-410752.3000,-11.9862,-11.9067,1.9167,7121.139,130.38,129.07
1251102,685945,1981311.1729,624179.5084,1938113.0351,-411469.5396,-11.9861,-11.7295,1.9167,7133.994,127.44,126.06
1253289,687146,1984776.4373,625271.1830,1941502.0719,-412192.3797,-11.9862,-11.9374,1.7500,7146.835,130.69,129.41
1255485,688348,1988254.5499,626366.9052,1944903.7525,-412917.5312,-11.9863,-12.5209,1.6154,7159.707,127.83,126.51
1257673,689548,1991718.2149,627458.0759,1948292.5648,-413633.7274,-11.9862,-11.9602,1.8333,7172.640,127.30,125.95
1259860,690750,1995181.6619,628549.1779,1951680.7769,-414351.7003,-11.9862,-11.9217,1.9167,7185.463,126.80,125.42
1262050,691951,1998650.4567,629641.9647,1955073.7504,-415072.9971,-11.9862,-12.4416,1.7500,7198.340,127.71,126.43
1264242,693152,2002121.8843,630735.5808,1958469.7322,-415792.8017,-11.9861,-11.9670,1.9167,7211.210,127.91,126.55
1266434,694353,2005592.8669,631829.0568,1961864.9002,-416514.2962,-11.9862,-11.8884,1.9167,7224.086,130.43,129.00
1268628,695554,2009066.2884,632923.3012,1965263.4947,-417231.3956,-11.9860,-11.6677,1.8333,7236.968,129.19,127.80
1270819,696755,2012537.5539,634016.8663,1968657.6954,-417958.8090,-11.9862,-12.1873,1.7500,7249.844,131.22,129.85
1273009,697956,2016005.0120,635109.2320,1972049.8258,-418677.6404,-11.9862,-12.4549,1.8333,7262.755,129.06,127.66
1275196,699158,2019468.4589,636200.3340,1975438.0380,-419395.6132,-11.9862,-11.9217,1.9167,7275.645,131.19,129.78
1277383,700359,2022932.3764,637291.5842,1978826.1226,-420116.4521,-11.9862,-12.2157,1.7500,7288.560,130.02,128.69
1279575,701560,2026402.5464,638384.8042,1982219.7007,-420841.5231,-11.9863,-12.5148,1.5833,7301.465,127.03,125.77
1281770,702761,2029879.6639,639480.2129,1985622.1613,-421558.2092,-11.9862,-11.9070,1.7500,7314.343,130.73,129.48
1283966,703962,2033356.1565,640575.4247,1989023.8719,-422275.4190,-11.9860,-11.0940,1.9167,7327.235,129.85,128.50
1286156,705163,2036825.4455,641668.3672,1992416.6363,-423000.0805,-11.9862,-11.9331,1.9167,7340.147,131.82,130.45
1288343,706364,2040289.3630,642759.6175,1995804.7209,-423720.9194,-11.9862,-12.4951,1.8333,7353.065,127.60,126.30
1290530,707566,2043751.4629,643850.2951,1999191.9809,-424436.8910,-11.9861,-11.5443,1.9167,7365.950,125.78,124.43
1292721,708767,2047222.2445,644943.7078,2002586.4997,-425160.4755,-11.9862,-12.3277,1.7500,7378.826,125.49,124.27
1294913,709968,2050694.8400,646037.6919,2005982.6983,-425884.8826,-11.9863,-12.5209,1.5833,7391.738,128.61,127.37
1297104,711169,2054163.3900,647130.4015,2009376.3063,-426602.0118,-11.9862,-11.9532,1.9167,7404.632,128.81,127.43
1299294,712370,2057631.4730,648222.9641,2012769.1868,-427320.3196,-11.9861,-11.5255,1.9167,7417.544,130.98,129.58
1301492,713571,2061110.8750,649319.0925,2016173.1996,-428040.6944,-11.9861,-11.6206,1.9167,7430.426,130.78,129.42
1303682,714773,2064581.0375,650412.3101,2019566.8709,-428765.2903,-11.9862,-12.1370,1.6667,7443.357,127.15,125.86
1305869,715975,2068043.8765,651503.2206,2022953.2872,-429488.7943,-11.9863,-12.7336,1.6923,7456.264,126.07,124.75
1308054,717175,2071502.5745,652592.8265,2026338.4585,-430198.2234,-11.9861,-11.9691,1.8333,7469.154,123.05,121.82
1310251,718377,2074983.2156,653689.3453,2029741.3210,-430929.9830,-11.9863,-12.1611,1.8333,7482.081,128.88,127.56
1312438,719577,2078447.7334,654780.7847,2033131.2945,-431644.8158,-11.9862,-12.3627,1.7500,7495.029,127.53,126.20
1314633,720779,2081923.6256,655875.8073,2036531.1162,-432368.0316,-11.9862,-11.6912,1.9167,7507.906,128.41,127.09
1316825,721980,2085394.6081,656969.2833,2039926.2842,-433089.5262,-11.9862,-12.1640,1.9167,7520.769,130.82,129.43
1319015,723182,2088862.9571,658061.9296,2043319.2431,-433808.7453,-11.9862,-11.9489,1.7500,7533.650,130.72,129.39
1321207,724384,2092333.1272,659155.1497,2046712.8212,-434533.8163,-11.9863,-12.2839,1.5833,7546.561,130.17,128.89
1323387,725585,2095787.6645,660243.4448,2050092.5099,-435249.0347,-11.9863,-12.1308,1.7500,7559.483,126.01,124.73
1325583,726786,2099264.6410,661338.8091,2053493.9023,-435970.0733,-11.9862,-12.1769,1.9167,7572.390,131.50,130.11
1327771,727987,2102729.6530,662430.4042,2056883.6667,-436688.2708,-11.9862,-11.7684,1.8333,7585.286,130.67,129.31
1329969,729189,2106210.4227,663526.9634,2060288.3773,-437411.9446,-11.9862,-11.9331,1.9167,7598.110,130.99,129.63
1332156,730389,2109672.2911,664617.5682,2063675.2278,-438128.7300,-11.9862,-11.8654,1.9167,7610.977,126.98,125.68
1334352,731592,2113150.3622,665713.2773,2067078.2999,-438847.1272,-11.9860,-11.8733,1.8333,7623.910,128.60,127.25
1336545,732794,2116625.4207,666808.0373,2070475.8188,-439577.1757,-11.9863,-12.3756,1.5833,7636.834,127.77,126.53
1338726,733995,2120077.0756,667895.4245,2073853.8205,-440286.4607,-11.9861,-11.4906,1.8333,7649.693,123.37,122.09
1340920,735196,2123552.0461,668990.1568,2077252.9592,-441008.4552,-11.9861,-11.6410,1.9167,7662.599,129.49,128.14
1343107,736397,2127016.4501,670081.5603,2080640.9278,-441732.1837,-11.9862,-12.3957,1.7500,7675.498,131.78,130.44
1345303,737599,2130494.7736,671177.3489,2084043.2723,-442455.2236,-11.9862,-12.4247,1.8333,7688.421,130.65,129.36
1347492,738799,2133960.6666,672269.2215,2087433.8504,-443173.8304,-11.9862,-11.9419,1.8333,7701.299,128.70,127.37
1349686,740002,2137433.1553,673363.1720,2090831.5790,-443890.5166,-11.9861,-11.4813,1.8333,7714.171,128.63,127.29
1351877,741204,2140904.4467,674456.7453,2094225.8058,-444617.9319,-11.9862,-12.1678,1.9167,7727.019,125.22,123.94
1354067,742405,2144373.4367,675549.5935,2097619.5261,-445336.6510,-11.9862,-12.4150,1.8333,7739.938,130.76,129.40
1356265,743606,2147854.2063,676646.1528,2101024.2366,-446060.3248,-11.9862,-11.9067,1.9167,7752.855,129.02,127.69
1358458,744807,2151325.8274,677739.8299,2104420.9607,-446777.5644,-11.9861,-11.7295,1.9167,7765.763,128.19,126.79
1360645,746008,2154791.0918,678831.5045,2107809.9975,-447500.4045,-11.9862,-11.9374,1.7500,7778.626,129.72,128.43
1362841,747210,2158269.2044,679927.2267,2111211.6781,-448225.5560,-11.9863,-12.5209,1.6154,7791.502,126.58,125.31
1365029,748410,2161732.8694,681018.3974,2114600.4904,-448941.7522,-11.9862,-11.9602,1.8333,7804.387,128.62,127.29
1367216,749612,2165196.3164,682109.4994,2117988.7025,-449659.7250,-11.9862,-11.9217,1.9167,7817.256,130.37,128.99
1369406,750813,2168665.1112,683202.2862,2121381.6761,-450381.0219,-11.9862,-12.4416,1.7500,7830.152,127.71,126.40
1371598,752014,2172136.5388,684295.9024,2124777.6578,-451100.8265,-11.9862,-11.9670,1.9167,7843.049,130.66,129.31
1373790,753215,2175607.5213,685389.3783,2128172.8258,-451822.3210,-11.9862,-11.8884,1.9167,7855.936,131.03,129.64
1375984,754416,2179080.9429,686483.6227,2131571.4204,-452539.4204,-11.9861,-11.6677,1.8333,7868.819,125.20,123.97
1378175,755617,2182552.2084,687577.1878,2134965.6210,-453266.8338,-11.9862,-12.1873,1.7500,7881.660,129.99,128.74
1380365,756818,2186019.6665,688669.5535,2138357.7515,-453985.6652,-11.9862,-12.4549,1.8333,7894.529,128.97,127.61
1382552,758020,2189483.1134,689760.6555,2141745.9636,-454703.6380,-11.9862,-11.9217,1.9167,7907.360,129.25,127.88
1384739,759221,2192947.0309,690851.9057,2145134.0482,-455424.4769,-11.9862,-12.2157,1.7500,7920.249,130.90,129.58
1386931,760422,2196417.2009,691945.1257,2148527.6264,-456149.5479,-11.9863,-12.5148,1.5833,7933.103,129.07,127.81
1389126,761623,2199894.3184,693040.5344,2151930.0869,-456866.2340,-11.9862,-11.9070,1.7500,7945.976,130.15,128.85
1391322,762824,2203370.8110,694135.7463,2155331.7975,-457583.4437,-11.9860,-11.0940,1.9167,7958.869,126.29,124.95
1393512,764025,2206840.1000,695228.6887,2158724.5619,-458308.1053,-11.9862,-11.9331,1.9167,7971.730,131.44,130.04
1395699,765226,2210304.0175,696319.9390,2162112.6465,-459028.9441,-11.9862,-12.4951,1.8333,7984.642,130.63,129.31
1397886,766428,2213766.1174,697410.6166,2165499.9065,-459744.9158,-11.9861,-11.5443,1.9167,7997.516,128.17,126.78
1400077,767629,2217236.8990,698504.0293,2168894.4253,-460468.5003,-11.9862,-12.3277,1.7500,8010.395,125.13,123.86
1402269,768830,2220709.4945,699598.0134,2172290.6239,-461192.9074,-11.9863,-12.5209,1.5833,8023.278,127.75,126.50
1404460,770031,2224178.0445,700690.7231,2175684.2320,-461910.0366,-11.9862,-11.9532,1.9167,8036.132,125.18,123.84
1406650,771232,2227646.1275,701783.2856,2179077.1124,-462628.3444,-11.9861,-11.5255,1.9167,8049.102,130.71,129.34
1408841,772433,2231116.2815,702876.5005,2182470.6791,-463353.3918,-11.9863,-12.2056,1.7500,8062.094,130.97,129.70
1411038,773634,2234595.6920,703972.6316,2185874.7965,-464073.3151,-11.9862,-12.1370,1.6667,8075.111,127.84,126.57
1413225,774836,2238058.5310,705063.5421,2189261.2129,-464796.8190,-11.9863,-12.7336,1.6923,8088.107,128.25,126.91
1415410,776036,2241517.2290,706153.1481,2192646.3841,-465506.2482,-11.9861,-11.9691,1.8333,8101.096,128.62,127.30
1417607,777238,2244997.8701,707249.6668,2196049.2466,-466238.0078,-11.9863,-12.1611,1.8333,8114.112,129.01,127.70
1419794,778438,2248462.3879,708341.1062,2199439.2202,-466952.8405,-11.9862,-12.3627,1.7500,8127.114,127.67,126.38
1421989,779640,2251938.2801,709436.1289,2202839.0418,-467676.0564,-11.9862,-11.6912,1.9167,8140.098,131.47,130.14
1424181,780841,2255409.2626,710529.6048,2206234.2098,-468397.5510,-11.9862,-12.1640,1.9167,8153.098,131.42,130.08
1426371,782043,2258877.6116,711622.2512,2209627.1687,-469116.7701,-11.9862,-11.9489,1.7500,8166.119,130.60,129.24
1428563,783244,2262347.7817,712715.4712,2213020.7468,-469841.8410,-11.9863,-12.2839,1.5833,8179.120,129.20,127.92
1430743,784445,2265802.3190,713803.7664,2216400.4355,-470557.0595,-11.9863,-12.1308,1.7500,8192.111,127.09,125.80
1432939,785646,2269279.2955,714899.1307,2219801.8279,-471278.0981,-11.9862,-12.1769,1.9167,8205.129,131.46,130.10
1435127,786847,2272744.3075,715990.7257,2223191.5923,-471996.2955,-11.9862,-11.7684,1.8333,8218.140,130.66,129.28
1437325,788049,2276225.0771,717087.2850,2226596.3029,-472719.9694,-11.9862,-11.9331,1.9167,8231.143,131.13,129.84
1439512,789249,2279686.9456,718177.8897,2229983.1534,-473436.7548,-11.9862,-11.8654,1.9167,8244.125,127.82,126.46
1441708,790452,2283165.0167,719273.5988,2233386.2256,-474155.1520,-11.9861,-11.8733,1.8333,8257.125,130.85,129.54
1443901,791654,2286640.0752,720368.3589,2236783.7444,-474885.2005,-11.9863,-12.3756,1.5833,8270.127,128.23,126.97
1446082,792855,2290091.7301,721455.7460,2240161.7462,-475594.4854,-11.9861,-11.4906,1.8333,8283.129,128.41,127.06
1448276,794056,2293566.7006,722550.4783,2243560.8848,-476316.4800,-11.9861,-11.6410,1.9167,8296.134,129.58,128.19
1450463,795257,2297031.1046,723641.8818,2246948.8534,-477040.2085,-11.9862,-12.3957,1.7500,8309.134,130.91,129.58
1452659,796459,2300509.4281,724737.6704,2250351.1979,-477763.2484,-11.9862,-12.4247,1.8333,8322.151,131.09,129.76
1454848,797659,2303975.3211,725829.5431,2253741.7761,-478481.8552,-11.9862,-11.9419,1.8333,8335.137,128.94,127.63
1457042,798862,2307447.8098,726923.4935,2257139.5046,-479198.5414,-11.9861,-11.4813,1.8333,8348.125,129.05,127.70
1459233,800064,2310919.1012,728017.0668,2260533.7314,-479925.9566,-11.9862,-12.1678,1.9167,8361.118,130.75,129.35
1461417,801265,2314378.5701,729106.9156,2263917.9876,-480643.4078,-11.9862,-11.7455,1.8333,8374.116,131.40,130.06
1463609,802466,2317849.5527,730200.3916,2267313.1556,-481364.9024,-11.9862,-11.8924,1.9167,8387.128,130.80,129.42
1465797,803667,2321315.4556,731292.2673,2270703.7485,-482083.4875,-11.9862,-11.9374,1.7500,8400.131,130.88,129.52
1467993,804868,2324791.9812,732387.4895,2274104.4247,-482805.7283,-11.9862,-11.9018,1.7500,8413.115,129.93,128.62
1470184,806069,2328262.1182,733480.6992,2277499.0372,-483525.7682,-11.9862,-11.9532,1.8333,8426.113,128.98,127.68
1472378,807272,2331734.8728,734574.7334,2280896.8441,-484243.3657,-11.9861,-11.6099,1.8333,8439.096,129.03,127.69
1474569,808473,2335206.5393,735668.4248,2284291.7539,-484969.3696,-11.9862,-12.1115,1.7500,8452.105,130.90,129.61
1476762,809675,2338679.7657,736762.6077,2287689.6017,-485689.0467,-11.9862,-12.4416,1.7500,8465.098,127.96,126.64
1478954,810876,2342151.1933,737856.2239,2291085.5835,-486408.8513,-11.9862,-11.9670,1.9167,8478.126,131.87,130.54
1481146,812077,2345622.1758,738949.6999,2294480.7515,-487130.3458,-11.9862,-11.8884,1.9167,8491.116,130.91,129.51
1483340,813278,2349095.5974,740043.9442,2297879.3460,-487847.4452,-11.9861,-11.6677,1.8333,8504.123,131.31,129.94
1485531,814479,2352566.8629,741137.5093,2301273.5467,-488574.8586,-11.9862,-12.1873,1.7500,8517.111,131.20,129.87
1487721,815680,2356034.3210,742229.8750,2304665.6771,-489293.6899,-11.9862,-12.4549,1.8333,8530.118,129.22,127.81
1489908,816882,2359497.7679,743320.9770,2308053.8892,-490011.6628,-11.9862,-11.9217,1.9167,8543.090,131.46,130.04
1492095,818083,2362961.6854,744412.2273,2311441.9739,-490732.5017,-11.9862,-12.2157,1.7500,8556.090,130.41,129.05
1494287,819284,2366431.8554,745505.4473,2314835.5520,-491457.5727,-11.9863,-12.5148,1.5833,8569.103,129.49,128.19
1496482,820485,2369908.9729,746600.8560,2318238.0126,-492174.2588,-11.9862,-11.9070,1.7500,8582.088,131.18,129.89
1498678,821686,2373385.4655,747696.0678,2321639.7231,-492891.4685,-11.9861,-11.0940,1.9167,8595.091,131.81,130.42
1500868,822887,2376854.7545,748789.0103,2325032.4875,-493616.1300,-11.9862,-11.9331,1.9167,8608.080,131.28,129.88
1503055,824088,2380318.6720,749880.2605,2328420.5722,-494336.9689,-11.9862,-12.4951,1.8333,8621.089,131.07,129.72
1505242,825290,2383780.7719,750970.9382,2331807.8321,-495052.9406,-11.9861,-11.5443,1.9167,8634.052,127.45,126.07
1507433,826491,2387251.5534,752064.3508,2335202.3510,-495776.5251,-11.9862,-12.3277,1.7500,8647.051,129.29,127.97
1509625,827692,2390724.1490,753158.3349,2338598.5496,-496500.9321,-11.9863,-12.5209,1.5833,8660.053,127.26,125.98
1511816,828893,2394192.6990,754251.0446,2341992.1576,-497218.0614,-11.9862,-11.9532,1.9167,8673.063,128.66,127.32
1514006,830094,2397660.7820,755343.6071,2345385.0380,-497936.3692,-11.9861,-11.5255,1.9167,8686.063,130.91,129.52
1516197,831295,2401130.9360,756436.8221,2348778.6047,-498661.4166,-11.9863,-12.2056,1.7500,8699.057,130.96,129.60
1518394,832496,2404610.3465,757532.9532,2352182.7222,-499381.3399,-11.9862,-12.1370,1.6667,8712.070,127.92,126.64
1520581,833698,2408073.1854,758623.8636,2355569.1385,-500104.8438,-11.9863,-12.7336,1.6923,8725.052,128.02,126.64
1522766,834898,2411531.8835,759713.4696,2358954.3098,-500814.2730,-11.9861,-11.9691,1.8333,8738.039,128.54,127.20
1524963,836100,2415012.5245,760809.9883,2362357.1722,-501546.0326,-11.9863,-12.1611,1.8333,8751.056,129.13,127.77
1527150,837300,2418477.0424,761901.4277,2365747.1458,-502260.8653,-11.9862,-12.3627,1.7500,8764.048,127.42,126.12
1529345,838502,2421952.9346,762996.4504,2369146.9674,-502984.0812,-11.9862,-11.6912,1.9167,8777.042,131.18,129.80
1531537,839703,2425423.9171,764089.9264,2372542.1355,-503705.5758,-11.9862,-12.1640,1.9167,8790.040,130.87,129.52
1533727,840904,2428892.2661,765182.5727,2375935.0943,-504424.7949,-11.9862,-11.9489,1.7500,8803.061,130.50,129.14
1535919,842105,2432362.4362,766275.7927,2379328.6725,-505149.8658,-11.9863,-12.2839,1.5833,8816.080,129.43,128.14
1538099,843306,2435816.9735,767364.0879,2382708.3612,-505865.0843,-11.9863,-12.1308,1.7500,8829.086,127.38,126.01
1540295,844507,2439293.9500,768459.4522,2386109.7536,-506586.1229,-11.9862,-12.1769,1.9167,8842.120,132.43,131.16
1542483,845708,2442758.9620,769551.0472,2389499.5180,-507304.3203,-11.9862,-11.7684,1.8333,8855.122,130.83,129.51
1544681,846910,2446239.7316,770647.6065,2392904.2285,-508027.9942,-11.9862,-11.9331,1.9167,8868.125,131.23,129.91
1546868,848110,2449701.6001,771738.2112,2396291.0790,-508744.7796,-11.9862,-11.8654,1.9167,8881.118,128.21,126.87
1549064,849313,2453179.6712,772833.9203,2399694.1512,-509463.1768,-11.9861,-11.8733,1.8333,8894.129,130.66,129.32
1551257,850514,2456654.7297,773928.6804,2403091.6700,-510193.2253,-11.9863,-12.3756,1.5833,8907.140,127.65,126.43
1553438,851715,2460106.3846,775016.0675,2406469.6718,-510902.5102,-11.9861,-11.4906,1.8333,8920.136,128.84,127.49
1555632,852916,2463581.3551,776110.7998,2409868.8104,-511624.5048,-11.9861,-11.6410,1.9167,8933.154,129.50,128.15
1557819,854117,2467045.7591,777202.2033,2413256.7790,-512348.2333,-11.9862,-12.3957,1.7500,8946.175,131.79,130.44
1560015,855319,2470524.0826,778297.9920,2416659.1236,-513071.2732,-11.9862,-12.4247,1.8333,8959.181,130.71,129.40
1562204,856519,2473989.9756,779389.8646,2420049.7017,-513789.8800,-11.9862,-11.9419,1.8333,8972.179,129.00,127.70
1564398,857722,2477462.4643,780483.8150,2423447.4302,-514506.5662,-11.9861,-11.4813,1.8333,8985.180,128.53,127.17
1566589,858924,2480933.7557,781577.3883,2426841.6570,-515233.9814,-11.9862,-12.1678,1.9167,8998.192,130.80,129.40
1568773,860125,2484393.2246,782667.2371,2430225.9132,-515951.4326,-11.9862,-11.7455,1.8333,9011.202,131.14,129.79
1570965,861326,2487864.2072,783760.7131,2433621.0813,-516672.9272,-11.9862,-11.8924,1.9167,9024.212,131.26,129.87
1573153,862527,2491330.1101,784852.5888,2437011.6741,-517391.5123,-11.9862,-11.9374,1.7500,9037.214,130.82,129.48
1575349,863728,2494806.6357,785947.8111,2440412.3503,-518113.7531,-11.9862,-11.9018,1.7500,9050.203,129.74,128.40
1577540,864929,2498276.7727,787041.0207,2443806.9628,-518833.7930,-11.9862,-11.9532,1.8333,9063.196,128.10,126.82
1579734,866132,2501749.5273,788135.0549,2447204.7697,-519551.3904,-11.9861,-11.6099,1.8333,9076.187,129.63,128.24
1581925,867333,2505221.1938,789228.7464,2450599.6796,-520277.3944,-11.9862,-12.1115,1.7500,9089.195,130.71,129.38
1584104,868535,2508671.7483,790315.7868,2453976.0991,-520988.8329,-11.9861,-11.2542,1.7500,9102.184,127.25,125.94
1586298,869736,2512144.5471,791409.8350,2457373.0547,-521710.6534,-11.9861,-11.6861,1.9167,9115.192,131.09,129.71
1588493,870937,2515623.7712,792505.9073,2460775.3694,-522438.1708,-11.9862,-12.4746,1.7500,9128.187,127.15,125.81
1590685,872138,2519095.0198,793599.4671,2464170.6158,-523160.5767,-11.9863,-12.5555,1.5833,9141.182,127.62,126.37
1592873,873339,2522558.6848,794690.6378,2467559.4281,-523876.7729,-11.9862,-11.8412,1.8333,9154.180,128.74,127.41
1595068,874541,2526035.6308,795785.9925,2470961.0602,-524596.5355,-11.9861,-11.5011,1.8333,9167.151,130.54,129.22
1597257,875743,2529501.8068,796877.9543,2474350.6710,-525321.0611,-11.9863,-12.2583,1.7500,9180.167,130.79,129.49
1599451,876945,2532976.3399,797972.5488,2477749.8995,-526040.5265,-11.9862,-12.2157,1.7500,9193.153,130.72,129.39
1601643,878146,2536446.5099,799065.7688,2481143.4776,-526765.5974,-11.9863,-12.5148,1.5833,9206.169,128.97,127.69
1603838,879347,2539923.6274,800161.1775,2484545.9382,-527482.2836,-11.9862,-11.9070,1.7500,9219.161,131.33,130.04
1606034,880548,2543400.1200,801256.3893,2487947.6487,-528199.4933,-11.9861,-11.0940,1.9167,9232.178,131.70,130.31
1608224,881749,2546869.4090,802349.3318,2491340.4132,-528924.1548,-11.9862,-11.9331,1.9167,9245.169,131.67,130.27
1610411,882950,2550333.3265,803440.5820,2494728.4978,-529644.9937,-11.9862,-12.4951,1.8333,9258.182,130.66,129.32
1612598,884152,2553795.4264,804531.2597,2498115.7578,-530360.9654,-11.9861,-11.5443,1.9167,9271.162,127.65,126.26
1614789,885353,2557266.2079,805624.6723,2501510.2766,-531084.5499,-11.9862,-12.3277,1.7500,9284.163,128.98,127.70
1616981,886554,2560738.8035,806718.6565,2504906.4752,-531808.9569,-11.9863,-12.5209,1.5833,9297.174,127.76,126.51
1619172,887755,2564207.3535,807811.3661,2508300.0832,-532526.0862,-11.9862,-11.9532,1.9167,9310.173,128.75,127.38
1621362,888956,2567675.4365,808903.9286,2511692.9637,-533244.3940,-11.9861,-11.5255,1.9167,9323.181,130.80,129.40
1623553,890157,2571145.5904,809997.1436,2515086.5304,-533969.4413,-11.9862,-12.2056,1.7500,9336.166,130.89,129.62
1625750,891358,2574625.0010,811093.2747,2518490.6478,-534689.3647,-11.9862,-12.1370,1.6667,9349.184,127.69,126.42
1627937,892560,2578087.8399,812184.1852,2521877.0641,-535412.8686,-11.9863,-12.7336,1.6923,9362.180,128.13,126.79
1630122,893760,2581546.5380,813273.7911,2525262.2354,-536122.2978,-11.9861,-11.9691,1.8333,9375.216,128.74,127.42
1632319,894962,2585027.1790,814370.3098,2528665.0979,-536854.0574,-11.9863,-12.1611,1.8333,9388.237,129.07,127.76
1634506,896162,2588491.6969,815461.7492,2532055.0714,-537568.8901,-11.9862,-12.3627,1.7500,9401.221,126.99,125.64
1636701,897364,2591967.5891,816556.7719,2535454.8931,-538292.1060,-11.9862,-11.6912,1.9167,9414.207,131.52,130.21
1638893,898565,2595438.5716,817650.2479,2538850.0611,-539013.6006,-11.9862,-12.1640,1.9167,9427.203,130.44,129.05
1641083,899766,2598906.9206,818742.8942,2542243.0200,-539732.8197,-11.9862,-11.9489,1.7500,9440.224,131.94,130.67
1643275,900967,2602377.0907,819836.1142,2545636.5981,-540457.8906,-11.9863,-12.2839,1.5833,9453.229,129.42,128.15
1645455,902168,2605831.6280,820924.4094,2549016.2868,-541173.1090,-11.9863,-12.1308,1.7500,9466.223,127.38,126.11
1647651,903369,2609308.6045,822019.7737,2552417.6792,-541894.1477,-11.9862,-12.1769,1.9167,9479.229,131.32,129.96
1649839,904570,2612773.6165,823111.3688,2555807.4436,-542612.3451,-11.9862,-11.7684,1.8333,9492.226,130.42,129.08
1652037,905772,2616254.3861,824207.9280,2559212.1541,-543336.0190,-11.9862,-11.9331,1.9167,9505.212,131.40,130.08
1654224,906972,2619716.2546,825298.5327,2562599.0047,-544052.8044,-11.9862,-11.8654,1.9167,9518.212,127.99,126.63
1656420,908175,2623194.3256,826394.2418,2566002.0768,-544771.2016,-11.9861,-11.8733,1.8333,9531.216,130.73,129.40
1658613,909376,2626669.3842,827489.0019,2569399.5957,-545501.2501,-11.9863,-12.3756,1.5833,9544.214,127.77,126.54
1660794,910577,2630121.0391,828576.3890,2572777.5974,-546210.5350,-11.9861,-11.4906,1.8333,9557.207,128.39,126.98
1662988,911778,2633596.0096,829671.1213,2576176.7361,-546932.5296,-11.9861,-11.6410,1.9167,9570.229,129.48,128.09
1665175,912979,2637060.4136,830762.5249,2579564.7047,-547656.2581,-11.9862,-12.3957,1.7500,9583.245,131.66,130.28
1667371,914181,2640538.7371,831858.3135,2582967.0492,-548379.2980,-11.9862,-12.4247,1.8333,9596.255,131.05,129.74
1669560,915381,2644004.6301,832950.1861,2586357.6273,-549097.9048,-11.9862,-11.9419,1.8333,9609.247,129.12,127.80
1671754,916584,2647477.1187,834044.1365,2589755.3558,-549814.5910,-11.9861,-11.4813,1.8333,9622.250,129.66,128.34
1673945,917785,2650948.4102,835137.7098,2593149.5827,-550542.0062,-11.9862,-12.1678,1.9167,9635.238,130.24,128.86
1676129,918986,2654407.8791,836227.5586,2596533.8389,-551259.4574,-11.9862,-11.7455,1.8333,9648.224,132.06,130.71
1678321,920187,2657878.8617,837321.0346,2599929.0069,-551980.9520,-11.9862,-11.8924,1.9167,9661.221,130.77,129.38
1680509,921388,2661344.7646,838412.9104,2603319.5997,-552699.5371,-11.9862,-11.9374,1.7500,9674.219,131.15,129.82
1682705,922589,2664821.2902,839508.1326,2606720.2759,-553421.7779,-11.9862,-11.9018,1.7500,9687.211,129.70,128.36
1684896,923790,2668291.4272,840601.3422,2610114.8884,-554141.8178,-11.9862,-11.9532,1.8333,9700.198,129.52,128.21
1687090,924993,2671764.1818,841695.3764,2613512.6954,-554859.4152,-11.9861,-11.6099,1.8333,9713.167,128.84,127.53
1689281,926194,2675235.8483,842789.0679,2616907.6052,-555585.4192,-11.9862,-12.1115,1.7500,9726.165,130.61,129.29
1691460,927396,2678686.4027,843876.1083,2620284.0248,-556296.8577,-11.9861,-11.2542,1.7500,9739.134,127.46,126.17
1693654,928597,2682159.2016,844970.1565,2623680.9804,-557018.6782,-11.9861,-11.6861,1.9167,9752.134,130.96,129.58
1695849,929798,2685638.4257,846066.2289,2627083.2950,-557746.1956,-11.9862,-12.4746,1.7500,9765.133,127.28,126.01
1698041,930999,2689109.6743,847159.7886,2630478.5415,-558468.6015,-11.9863,-12.5555,1.5833,9778.049,125.73,124.51
1700229,932200,2692573.3393,848250.9594,2633867.3537,-559184.7977,-11.9862,-11.8412,1.8333,9790.775,125.85,124.50
1702424,933402,2696050.2853,849346.3140,2637268.9858,-559904.5603,-11.9861,-11.5011,1.8333,9803.371,126.55,125.27
1704613,934604,2699516.4613,850438.2758,2640658.5966,-560629.0859,-11.9862,-12.2583,1.7500,9815.978,127.30,126.05
1706799,935806,2702979.0272,851529.1002,2644045.9950,-561346.6494,-11.9862,-12.1769,1.8333,9828.587,126.74,125.47
1708990,937007,2706447.9912,852621.9403,2647439.6892,-562065.3666,-11.9862,-11.9442,1.9167,9841.200,127.33,125.94
1711182,938208,2709917.4088,853714.9233,2650834.3016,-562781.9424,-11.9861,-11.4813,1.8333,9853.819,124.79,123.49
1713373,939409,2713388.7002,854808.4966,2654228.5285,-563509.3576,-11.9862,-12.2157,1.9167,9866.414,126.22,124.88
1715568,940610,2716865.0213,855903.6544,2657629.4106,-564229.6437,-11.9862,-12.4142,1.6667,9879.031,124.93,123.69
1717761,941812,2720338.4599,856997.9041,2661026.9593,-564951.7506,-11.9862,-11.9331,1.9167,9891.626,127.13,125.87
1719951,943013,2723806.3553,858090.4075,2664418.9999,-565673.1112,-11.9862,-12.1573,1.9167,9904.242,128.32,126.99
1722145,944216,2727280.8624,859184.9939,2667818.2022,-566392.5746,-11.9862,-12.3277,1.7500,9916.834,125.36,124.10
1724337,945417,2730753.4580,860278.9780,2671214.4008,-567116.9817,-11.9863,-12.5209,1.5833,9929.454,124.08,122.88
1726528,946618,2734222.0080,861371.6876,2674608.0089,-567834.1110,-11.9862,-11.9532,1.9167,9942.060,125.01,123.63
1728718,947819,2737690.0910,862464.2502,2678000.8893,-568552.4188,-11.9862,-11.5255,1.9167,9954.696,126.96,125.63
1730909,949020,2741160.2449,863557.4651,2681394.4560,-569277.4661,-11.9862,-12.2056,1.7500,9967.312,127.09,125.85
1733106,950221,2744639.6555,864653.5962,2684798.5734,-569997.3895,-11.9862,-12.1370,1.6667,9979.953,124.21,122.98
1735293,951423,2748102.4944,865744.5067,2688184.9898,-570720.8934,-11.9863,-12.7336,1.6923,9992.589,123.68,122.38
1737478,952623,2751561.1925,866834.1126,2691570.1610,-571430.3226,-11.9861,-11.9691,1.8333,10005.204,124.81,123.53
1739675,953825,2755041.8335,867930.6314,2694973.0235,-572162.0821,-11.9863,-12.1611,1.8333,10017.837,124.98,123.68
1741862,955025,2758506.3514,869022.0707,2698362.9971,-572876.9149,-11.9862,-12.3627,1.7500,10030.437,123.35,122.10
1744057,956227,2761982.2436,870117.0934,2701762.8187,-573600.1308,-11.9862,-11.6912,1.9167,10043.036,127.77,126.51
1746249,957428,2765453.2261,871210.5694,2705157.9867,-574321.6253,-11.9862,-12.1640,1.9167,10055.640,126.73,125.39
1748439,958629,2768921.5751,872303.2157,2708550.9456,-575040.8445,-11.9862,-11.9489,1.7500,10068.265,126.94,125.61
1750631,959830,2772391.7452,873396.4358,2711944.5237,-575765.9154,-11.9863,-12.2839,1.5833,10080.853,125.33,124.05
1752811,961031,2775846.2825,874484.7309,2715324.2124,-576481.1338,-11.9863,-12.1308,1.7500,10093.453,124.13,122.84
1755007,962232,2779323.2590,875580.0952,2718725.6048,-577202.1725,-11.9862,-12.1769,1.9167,10106.059,127.24,125.94
1757195,963433,2782788.2710,876671.6903,2722115.3692,-577920.3699,-11.9862,-11.7684,1.8333,10118.661,126.42,125.11
1759393,964635,2786269.0406,877768.2495,2725520.0798,-578644.0437,-11.9862,-11.9331,1.9167,10131.260,128.05,126.72
1761580,965835,2789730.9090,878858.8543,2728906.9303,-579360.8292,-11.9862,-11.8654,1.9167,10143.849,124.22,122.94
1763776,967037,2793208.9801,879954.5634,2732310.0025,-580079.2263,-11.9861,-11.8733,1.8333,10156.469,126.77,125.40
1765969,968238,2796684.0387,881049.3234,2735707.5213,-580809.2749,-11.9863,-12.3756,1.5833,10169.078,123.46,122.30
1768150,969439,2800135.6936,882136.7106,2739085.5231,-581518.5598,-11.9861,-11.4906,1.8333,10181.672,125.05,123.76
1770344,970640,2803610.6640,883231.4429,2742484.6617,-582240.5544,-11.9861,-11.6410,1.9167,10194.286,125.38,124.05
1772531,971841,2807075.0681,884322.8464,2745872.6303,-582964.2829,-11.9862,-12.3957,1.7500,10206.891,126.97,125.67
1774727,973043,2810553.3916,885418.6350,2749274.9748,-583687.3227,-11.9862,-12.4247,1.8333,10219.492,127.14,125.81
1776916,974243,2814019.2846,886510.5076,2752665.5530,-584405.9296,-11.9862,-11.9419,1.8333,10232.093,125.30,124.01
1779110,975446,2817491.7732,887604.4581,2756063.2815,-585122.6157,-11.9861,-11.4813,1.8333,10244.684,125.68,124.35
1781301,976647,2820963.0647,888698.0314,2759457.5083,-585850.0310,-11.9862,-12.1678,1.9167,10257.293,127.26,125.90
1783485,977848,2824422.5336,889787.8802,2762841.7645,-586567.4822,-11.9862,-11.7455,1.8333,10269.956,144.18,142.88
1785677,979049,2827893.5162,890881.3562,2766236.9325,-587288.9767,-11.9862,-11.8924,1.9167,10282.631,126.93,125.58
1787865,980250,2831359.4191,891973.2319,2769627.5254,-588007.5619,-11.9862,-11.9374,1.7500,10295.254,126.76,125.50
1790061,981451,2834835.9447,893068.4541,2773028.2016,-588729.8027,-11.9862,-11.9018,1.7500,10307.878,125.65,124.38
1792252,982652,2838306.0817,894161.6637,2776422.8141,-589449.8426,-11.9862,-11.9532,1.8333,10320.488,125.17,123.97
1794446,983855,2841778.8363,895255.6980,2779820.6210,-590167.4400,-11.9861,-11.6099,1.8333,10333.076,125.98,124.66
1796637,985056,2845250.5028,896349.3894,2783215.5308,-590893.4440,-11.9862,-12.1115,1.7500,10345.701,127.66,126.32
1798816,986258,2848701.0572,897436.4299,2786591.9504,-591604.8825,-11.9861,-11.2542,1.7500,10358.300,123.50,122.28
1801010,987459,2852173.8561,898530.4780,2789988.9060,-592326.7030,-11.9861,-11.6861,1.9167,10370.910,127.06,125.76
1803205,988660,2855653.0802,899626.5504,2793391.2206,-593054.2204,-11.9862,-12.4746,1.7500,10383.522,124.25,123.01
1805397,989861,2859124.3288,900720.1102,2796786.4671,-593776.6263,-11.9863,-12.5555,1.5833,10396.128,123.45,122.26
1807585,991062,2862587.9938,901811.2809,2800175.2793,-594492.8225,-11.9862,-11.8412,1.8333,10408.733,125.23,123.98
1809780,992264,2866064.9398,902906.6356,2803576.9115,-595212.5850,-11.9862,-11.5011,1.8333,10421.320,126.69,125.44
1811969,993466,2869531.1158,903998.5973,2806966.5223,-595937.1107,-11.9862,-12.2583,1.7500,10433.945,127.60,126.35
1814155,994668,2872993.6817,905089.4218,2810353.9206,-596654.6741,-11.9862,-12.1769,1.8333,10446.555,127.33,126.07
1816346,995869,2876462.6457,906182.2618,2813747.6148,-597373.3914,-11.9862,-11.9442,1.9167,10459.150,126.60,125.30
1818538,997070,2879932.0633,907275.2448,2817142.2273,-598089.9671,-11.9861,-11.4813,1.8333,10471.771,126.15,124.85
1820729,998271,2883403.3547,908368.8181,2820536.4541,-598817.3824,-11.9862,-12.2157,1.9167,10484.380,127.37,126.01
1822924,999472,2886879.6758,909463.9759,2823937.3362,-599537.6685,-11.9862,-12.4142,1.6667,10496.984,124.98,123.77
1823888,1000000,2888405.0268,909944.5126,2825430.4143,-599849.8155,-11.9861,-11.8226,1.9167,10502.525,127.15,125.82
